report_code,fight_id,recipient_player_name,recipient_type,healer_player_name,healing_received
1aJTBNphf8C4jGbr,12,Demonbläde,DemonHunter,Demonbläde,3395353.0
1aJTBNphf8C4jGbr,12,Spàdes,Warrior,Demonbläde,157120.0
1aJTBNphf8C4jGbr,12,Mannarchy,Paladin,Demonbläde,87912.0
1aJTBNphf8C4jGbr,12,Panes,Paladin,Demonbläde,72632.0
1aJTBNphf8C4jGbr,12,Cryonox,DeathKnight,Demonbläde,55536.0
1aJTBNphf8C4jGbr,12,Mannarchy,Paladin,Esther,3010074.0
1aJTBNphf8C4jGbr,12,Decayed,DeathKnight,Esther,2205797.0
1aJTBNphf8C4jGbr,12,Greyseer,Hunter,Esther,1864625.0
1aJTBNphf8C4jGbr,12,Lìllith,Warlock,Esther,1861374.0
1aJTBNphf8C4jGbr,12,Danzilla,Hunter,Esther,1568420.0
1aJTBNphf8C4jGbr,12,Decayed,DeathKnight,Decayed,11081761.0
1aJTBNphf8C4jGbr,12,Siare,Warlock,Siare,2113139.0
1aJTBNphf8C4jGbr,12,Viserion,Evoker,Viserion,3209222.0
1aJTBNphf8C4jGbr,12,Decayed,DeathKnight,Viserion,1395857.0
1aJTBNphf8C4jGbr,12,Siare,Warlock,Viserion,1207590.0
1aJTBNphf8C4jGbr,12,Greyseer,Hunter,Viserion,1205831.0
1aJTBNphf8C4jGbr,12,Lìllith,Warlock,Viserion,1196413.0
1aJTBNphf8C4jGbr,12,Sinfxl,Mage,Sinfxl,2333153.0
1aJTBNphf8C4jGbr,12,Averlis,Druid,Averlis,1353312.0
1aJTBNphf8C4jGbr,12,Panes,Paladin,Averlis,220488.0
1aJTBNphf8C4jGbr,12,Viserion,Evoker,Averlis,147617.0
1aJTBNphf8C4jGbr,12,Cryonox,DeathKnight,Averlis,146538.0
1aJTBNphf8C4jGbr,12,Danzilla,Hunter,Averlis,131902.0
1aJTBNphf8C4jGbr,12,Mannarchy,Paladin,Chontosh,3612174.0
1aJTBNphf8C4jGbr,12,Decayed,DeathKnight,Chontosh,2983841.0
1aJTBNphf8C4jGbr,12,Monfro,Hunter,Chontosh,2286293.0
1aJTBNphf8C4jGbr,12,Danzilla,Hunter,Chontosh,2186442.0
1aJTBNphf8C4jGbr,12,Esther,Paladin,Chontosh,2100795.0
1aJTBNphf8C4jGbr,12,Decayed,DeathKnight,Primeval,3040948.0
1aJTBNphf8C4jGbr,12,Primeval,Shaman,Primeval,2779619.0
1aJTBNphf8C4jGbr,12,Grapefroot,Hunter,Primeval,2644960.0
1aJTBNphf8C4jGbr,12,Mannarchy,Paladin,Primeval,2593338.0
1aJTBNphf8C4jGbr,12,Esther,Paladin,Primeval,2381609.0
1aJTBNphf8C4jGbr,12,Monfro,Hunter,Monfro,1110261.0
1aJTBNphf8C4jGbr,12,Error,Paladin,Error,1999553.0
1aJTBNphf8C4jGbr,12,Mannarchy,Paladin,Error,49377.0
1aJTBNphf8C4jGbr,12,Primeval,Shaman,Error,48688.0
1aJTBNphf8C4jGbr,12,Panes,Paladin,Error,47847.0
1aJTBNphf8C4jGbr,12,Decayed,DeathKnight,Error,43242.0
1aJTBNphf8C4jGbr,12,Danzilla,Hunter,Danzilla,807195.0
1aJTBNphf8C4jGbr,12,Greyseer,Hunter,Danzilla,19868.0
1aJTBNphf8C4jGbr,12,Siare,Warlock,Danzilla,15573.0
1aJTBNphf8C4jGbr,12,Decayed,DeathKnight,Danzilla,8963.0
1aJTBNphf8C4jGbr,12,Spàdes,Warrior,Spàdes,2008770.0
1aJTBNphf8C4jGbr,12,Cryonox,DeathKnight,Cryonox,1712568.0
1aJTBNphf8C4jGbr,12,Lìllith,Warlock,Lìllith,1392895.0
1aJTBNphf8C4jGbr,12,Panes,Paladin,Panes,1403392.0
1aJTBNphf8C4jGbr,12,Spàdes,Warrior,Panes,69123.0
1aJTBNphf8C4jGbr,12,Averlis,Druid,Panes,61485.0
1aJTBNphf8C4jGbr,12,Grapefroot,Hunter,Panes,55666.0
1aJTBNphf8C4jGbr,12,Chontosh,Paladin,Panes,53075.0
1aJTBNphf8C4jGbr,12,Mannarchy,Paladin,Mannarchy,9416651.0
1aJTBNphf8C4jGbr,12,Decayed,DeathKnight,Mannarchy,1209196.0
1aJTBNphf8C4jGbr,12,Esther,Paladin,Mannarchy,273100.0
1aJTBNphf8C4jGbr,12,Panes,Paladin,Mannarchy,261185.0
1aJTBNphf8C4jGbr,12,Monfro,Hunter,Mannarchy,229837.0
1aJTBNphf8C4jGbr,12,Asharia,DemonHunter,Asharia,3032914.0
1aJTBNphf8C4jGbr,12,Greyseer,Hunter,Greyseer,816268.0
1aJTBNphf8C4jGbr,12,Grapefroot,Hunter,Grapefroot,1230468.0
1aJTBNphf8C4jGbr,15,Demonbläde,DemonHunter,Demonbläde,114457.0
1aJTBNphf8C4jGbr,15,Esther,Paladin,Esther,177116.0
1aJTBNphf8C4jGbr,15,Averlis,Druid,Esther,109229.0
1aJTBNphf8C4jGbr,15,Decayed,DeathKnight,Esther,102214.0
1aJTBNphf8C4jGbr,15,Siare,Warlock,Esther,78714.0
1aJTBNphf8C4jGbr,15,Sinfxl,Mage,Esther,78455.0
1aJTBNphf8C4jGbr,15,Decayed,DeathKnight,Decayed,651121.0
1aJTBNphf8C4jGbr,15,Siare,Warlock,Siare,187124.0
1aJTBNphf8C4jGbr,15,Viserion,Evoker,Viserion,246359.0
1aJTBNphf8C4jGbr,15,Siare,Warlock,Viserion,243552.0
1aJTBNphf8C4jGbr,15,Primeval,Shaman,Viserion,189474.0
1aJTBNphf8C4jGbr,15,Decayed,DeathKnight,Viserion,184415.0
1aJTBNphf8C4jGbr,15,Lìllith,Warlock,Viserion,146876.0
1aJTBNphf8C4jGbr,15,Sinfxl,Mage,Sinfxl,6683.0
1aJTBNphf8C4jGbr,15,Averlis,Druid,Averlis,26878.0
1aJTBNphf8C4jGbr,15,Decayed,DeathKnight,Chontosh,326254.0
1aJTBNphf8C4jGbr,15,Sinfxl,Mage,Chontosh,194792.0
1aJTBNphf8C4jGbr,15,Greyseer,Hunter,Chontosh,155190.0
1aJTBNphf8C4jGbr,15,Monfro,Hunter,Chontosh,140291.0
1aJTBNphf8C4jGbr,15,Mannarchy,Paladin,Chontosh,107248.0
1aJTBNphf8C4jGbr,15,Primeval,Shaman,Primeval,514656.0
1aJTBNphf8C4jGbr,15,Siare,Warlock,Primeval,445754.0
1aJTBNphf8C4jGbr,15,Decayed,DeathKnight,Primeval,218341.0
1aJTBNphf8C4jGbr,15,Mannarchy,Paladin,Primeval,203492.0
1aJTBNphf8C4jGbr,15,Monfro,Hunter,Primeval,150534.0
1aJTBNphf8C4jGbr,15,Monfro,Hunter,Monfro,15246.0
1aJTBNphf8C4jGbr,15,Error,Paladin,Error,70058.0
1aJTBNphf8C4jGbr,15,Mannarchy,Paladin,Error,1819.0
1aJTBNphf8C4jGbr,15,Lìllith,Warlock,Error,1573.0
1aJTBNphf8C4jGbr,15,Averlis,Druid,Error,1326.0
1aJTBNphf8C4jGbr,15,Decayed,DeathKnight,Error,181.0
1aJTBNphf8C4jGbr,15,Danzilla,Hunter,Danzilla,155343.0
1aJTBNphf8C4jGbr,15,Spàdes,Warrior,Spàdes,58495.0
1aJTBNphf8C4jGbr,15,Cryonox,DeathKnight,Cryonox,49477.0
1aJTBNphf8C4jGbr,15,Lìllith,Warlock,Lìllith,132216.0
1aJTBNphf8C4jGbr,15,Panes,Paladin,Panes,272229.0
1aJTBNphf8C4jGbr,15,Monfro,Hunter,Panes,2134.0
1aJTBNphf8C4jGbr,15,Chontosh,Paladin,Panes,1657.0
1aJTBNphf8C4jGbr,15,Cryonox,DeathKnight,Panes,1518.0
1aJTBNphf8C4jGbr,15,Sinfxl,Mage,Panes,1347.0
1aJTBNphf8C4jGbr,15,Mannarchy,Paladin,Mannarchy,29919.0
1aJTBNphf8C4jGbr,15,Asharia,DemonHunter,Asharia,161358.0
1aJTBNphf8C4jGbr,15,Greyseer,Hunter,Greyseer,3642.0
1aJTBNphf8C4jGbr,15,Grapefroot,Hunter,Grapefroot,24593.0
1aJTBNphf8C4jGbr,16,Demonbläde,DemonHunter,Demonbläde,2875206.0
1aJTBNphf8C4jGbr,16,Cryonox,DeathKnight,Demonbläde,234802.0
1aJTBNphf8C4jGbr,16,Decayed,DeathKnight,Demonbläde,196459.0
1aJTBNphf8C4jGbr,16,Esther,Paladin,Demonbläde,188854.0
1aJTBNphf8C4jGbr,16,Mannarchy,Paladin,Demonbläde,182770.0
1aJTBNphf8C4jGbr,16,Esther,Paladin,Esther,1333093.0
1aJTBNphf8C4jGbr,16,Decayed,DeathKnight,Esther,952609.0
1aJTBNphf8C4jGbr,16,Averlis,Druid,Esther,883859.0
1aJTBNphf8C4jGbr,16,Chontosh,Paladin,Esther,727723.0
1aJTBNphf8C4jGbr,16,Mannarchy,Paladin,Esther,714415.0
1aJTBNphf8C4jGbr,16,Decayed,DeathKnight,Decayed,6299468.0
1aJTBNphf8C4jGbr,16,Siare,Warlock,Siare,239633.0
1aJTBNphf8C4jGbr,16,Viserion,Evoker,Viserion,2667870.0
1aJTBNphf8C4jGbr,16,Esther,Paladin,Viserion,1460344.0
1aJTBNphf8C4jGbr,16,Decayed,DeathKnight,Viserion,1323114.0
1aJTBNphf8C4jGbr,16,Chontosh,Paladin,Viserion,1117859.0
1aJTBNphf8C4jGbr,16,Lìllith,Warlock,Viserion,1112868.0
1aJTBNphf8C4jGbr,16,Sinfxl,Mage,Sinfxl,795671.0
1aJTBNphf8C4jGbr,16,Averlis,Druid,Averlis,489684.0
1aJTBNphf8C4jGbr,16,Decayed,DeathKnight,Averlis,74366.0
1aJTBNphf8C4jGbr,16,Grapefroot,Hunter,Averlis,64972.0
1aJTBNphf8C4jGbr,16,Primeval,Shaman,Averlis,62151.0
1aJTBNphf8C4jGbr,16,Panes,Paladin,Averlis,48853.0
1aJTBNphf8C4jGbr,16,Chontosh,Paladin,Chontosh,2851429.0
1aJTBNphf8C4jGbr,16,Danzilla,Hunter,Chontosh,1544771.0
1aJTBNphf8C4jGbr,16,Decayed,DeathKnight,Chontosh,1429001.0
1aJTBNphf8C4jGbr,16,Sinfxl,Mage,Chontosh,1184246.0
1aJTBNphf8C4jGbr,16,Grapefroot,Hunter,Chontosh,1175496.0
1aJTBNphf8C4jGbr,16,Primeval,Shaman,Primeval,3265143.0
1aJTBNphf8C4jGbr,16,Lìllith,Warlock,Primeval,1514962.0
1aJTBNphf8C4jGbr,16,Decayed,DeathKnight,Primeval,1359542.0
1aJTBNphf8C4jGbr,16,Grapefroot,Hunter,Primeval,1187718.0
1aJTBNphf8C4jGbr,16,Panes,Paladin,Primeval,1095534.0
1aJTBNphf8C4jGbr,16,Monfro,Hunter,Monfro,13286.0
1aJTBNphf8C4jGbr,16,Lìllith,Warlock,War Chaplain Senn,556329.0
1aJTBNphf8C4jGbr,16,Averlis,Druid,War Chaplain Senn,556327.0
1aJTBNphf8C4jGbr,16,Grapefroot,Hunter,War Chaplain Senn,556326.0
1aJTBNphf8C4jGbr,16,Primeval,Shaman,War Chaplain Senn,556323.0
1aJTBNphf8C4jGbr,16,Spàdes,Warrior,War Chaplain Senn,556322.0
1aJTBNphf8C4jGbr,16,Error,Paladin,Error,459353.0
1aJTBNphf8C4jGbr,16,Esther,Paladin,Error,15183.0
1aJTBNphf8C4jGbr,16,Siare,Warlock,Error,11673.0
1aJTBNphf8C4jGbr,16,Spàdes,Warrior,Error,8990.0
1aJTBNphf8C4jGbr,16,Viserion,Evoker,Error,7115.0
1aJTBNphf8C4jGbr,16,Danzilla,Hunter,Danzilla,299418.0
1aJTBNphf8C4jGbr,16,Lìllith,Warlock,Danzilla,21360.0
1aJTBNphf8C4jGbr,16,Spàdes,Warrior,Spàdes,1023437.0
1aJTBNphf8C4jGbr,16,Cryonox,DeathKnight,Cryonox,1439825.0
1aJTBNphf8C4jGbr,16,Lìllith,Warlock,Lìllith,1538934.0
1aJTBNphf8C4jGbr,16,Panes,Paladin,Panes,1109150.0
1aJTBNphf8C4jGbr,16,Grapefroot,Hunter,Panes,46428.0
1aJTBNphf8C4jGbr,16,Primeval,Shaman,Panes,41466.0
1aJTBNphf8C4jGbr,16,Demonbläde,DemonHunter,Panes,39645.0
1aJTBNphf8C4jGbr,16,Cryonox,DeathKnight,Panes,37298.0
1aJTBNphf8C4jGbr,16,Mannarchy,Paladin,Mannarchy,4818357.0
1aJTBNphf8C4jGbr,16,Decayed,DeathKnight,Mannarchy,600731.0
1aJTBNphf8C4jGbr,16,Demonbläde,DemonHunter,Mannarchy,135347.0
1aJTBNphf8C4jGbr,16,Lìllith,Warlock,Mannarchy,35485.0
1aJTBNphf8C4jGbr,16,Asharia,DemonHunter,Mannarchy,29211.0
1aJTBNphf8C4jGbr,16,Asharia,DemonHunter,Asharia,1229859.0
1aJTBNphf8C4jGbr,16,Greyseer,Hunter,Greyseer,43194.0
1aJTBNphf8C4jGbr,16,Grapefroot,Hunter,Grapefroot,671405.0
1aJTBNphf8C4jGbr,17,Demonbläde,DemonHunter,Demonbläde,2242788.0
1aJTBNphf8C4jGbr,17,Decayed,DeathKnight,Decayed,18878482.0
1aJTBNphf8C4jGbr,17,Siare,Warlock,Siare,2162583.0
1aJTBNphf8C4jGbr,17,Viserion,Evoker,Viserion,2126500.0
1aJTBNphf8C4jGbr,17,Siare,Warlock,Viserion,1243213.0
1aJTBNphf8C4jGbr,17,Chontosh,Paladin,Viserion,1138605.0
1aJTBNphf8C4jGbr,17,Maztajake,Druid,Viserion,1118977.0
1aJTBNphf8C4jGbr,17,Primeval,Shaman,Viserion,1096339.0
1aJTBNphf8C4jGbr,17,Sinfxl,Mage,Sinfxl,398547.0
1aJTBNphf8C4jGbr,17,Maackuu,Monk,Maackuu,5585729.0
1aJTBNphf8C4jGbr,17,Averlis,Druid,Maackuu,4910000.0
1aJTBNphf8C4jGbr,17,Lìllith,Warlock,Maackuu,3747326.0
1aJTBNphf8C4jGbr,17,Decayed,DeathKnight,Maackuu,3734494.0
1aJTBNphf8C4jGbr,17,Primeval,Shaman,Maackuu,3555928.0
1aJTBNphf8C4jGbr,17,Averlis,Druid,Averlis,2016835.0
1aJTBNphf8C4jGbr,17,Greyseer,Hunter,Averlis,318231.0
1aJTBNphf8C4jGbr,17,Cryonox,DeathKnight,Averlis,302430.0
1aJTBNphf8C4jGbr,17,Maztajake,Druid,Averlis,299143.0
1aJTBNphf8C4jGbr,17,Danzilla,Hunter,Averlis,200347.0
1aJTBNphf8C4jGbr,17,Mannarchy,Paladin,Chontosh,4134188.0
1aJTBNphf8C4jGbr,17,Decayed,DeathKnight,Chontosh,4106689.0
1aJTBNphf8C4jGbr,17,Chontosh,Paladin,Chontosh,3363120.0
1aJTBNphf8C4jGbr,17,Greyseer,Hunter,Chontosh,3071089.0
1aJTBNphf8C4jGbr,17,Monfro,Hunter,Chontosh,2315109.0
1aJTBNphf8C4jGbr,17,Maztajake,Druid,Maztajake,1137142.0
1aJTBNphf8C4jGbr,17,Grapefroot,Hunter,Maztajake,137058.0
1aJTBNphf8C4jGbr,17,Mannarchy,Paladin,Maztajake,133805.0
1aJTBNphf8C4jGbr,17,Siare,Warlock,Maztajake,76820.0
1aJTBNphf8C4jGbr,17,Greyseer,Hunter,Maztajake,38402.0
1aJTBNphf8C4jGbr,17,Primeval,Shaman,Primeval,4932391.0
1aJTBNphf8C4jGbr,17,Decayed,DeathKnight,Primeval,4003290.0
1aJTBNphf8C4jGbr,17,Mannarchy,Paladin,Primeval,3728106.0
1aJTBNphf8C4jGbr,17,Monfro,Hunter,Primeval,3611321.0
1aJTBNphf8C4jGbr,17,Panes,Paladin,Primeval,3443411.0
1aJTBNphf8C4jGbr,17,Monfro,Hunter,Monfro,1109555.0
1aJTBNphf8C4jGbr,17,Cryonox,DeathKnight,War Chaplain Senn,1227617.0
1aJTBNphf8C4jGbr,17,Maztajake,Druid,War Chaplain Senn,1149744.0
1aJTBNphf8C4jGbr,17,Primeval,Shaman,War Chaplain Senn,1149742.0
1aJTBNphf8C4jGbr,17,Greyseer,Hunter,War Chaplain Senn,1149742.0
1aJTBNphf8C4jGbr,17,Lìllith,Warlock,War Chaplain Senn,1149741.0
1aJTBNphf8C4jGbr,17,Danzilla,Hunter,Danzilla,303433.0
1aJTBNphf8C4jGbr,17,Lìllith,Warlock,Danzilla,7038.0
1aJTBNphf8C4jGbr,17,Siare,Warlock,Danzilla,4747.0
1aJTBNphf8C4jGbr,17,Greyseer,Hunter,Danzilla,3765.0
1aJTBNphf8C4jGbr,17,Spàdes,Warrior,Spàdes,3641197.0
1aJTBNphf8C4jGbr,17,Cryonox,DeathKnight,Cryonox,2237183.0
1aJTBNphf8C4jGbr,17,Lìllith,Warlock,Lìllith,2739552.0
1aJTBNphf8C4jGbr,17,Panes,Paladin,Panes,3533847.0
1aJTBNphf8C4jGbr,17,Grapefroot,Hunter,Panes,83890.0
1aJTBNphf8C4jGbr,17,Monfro,Hunter,Panes,77156.0
1aJTBNphf8C4jGbr,17,Maztajake,Druid,Panes,71388.0
1aJTBNphf8C4jGbr,17,Maackuu,Monk,Panes,69783.0
1aJTBNphf8C4jGbr,17,Mannarchy,Paladin,Mannarchy,11696912.0
1aJTBNphf8C4jGbr,17,Decayed,DeathKnight,Mannarchy,1204316.0
1aJTBNphf8C4jGbr,17,Grapefroot,Hunter,Mannarchy,559876.0
1aJTBNphf8C4jGbr,17,Lìllith,Warlock,Mannarchy,353421.0
1aJTBNphf8C4jGbr,17,Cryonox,DeathKnight,Mannarchy,296261.0
1aJTBNphf8C4jGbr,17,Asharia,DemonHunter,Asharia,1789461.0
1aJTBNphf8C4jGbr,17,Greyseer,Hunter,Greyseer,1316446.0
1aJTBNphf8C4jGbr,17,Grapefroot,Hunter,Grapefroot,1961892.0
1aJTBNphf8C4jGbr,21,Demonbläde,DemonHunter,Demonbläde,607180.0
1aJTBNphf8C4jGbr,21,Siare,Warlock,Siare,720532.0
1aJTBNphf8C4jGbr,21,Decayed,DeathKnight,Decayed,4364032.0
1aJTBNphf8C4jGbr,21,Grapefroot,Hunter,Viserion,843301.0
1aJTBNphf8C4jGbr,21,Decayed,DeathKnight,Viserion,772806.0
1aJTBNphf8C4jGbr,21,Viserion,Evoker,Viserion,599710.0
1aJTBNphf8C4jGbr,21,Danzilla,Hunter,Viserion,435823.0
1aJTBNphf8C4jGbr,21,Chontosh,Paladin,Viserion,370732.0
1aJTBNphf8C4jGbr,21,Sinfxl,Mage,Sinfxl,625178.0
1aJTBNphf8C4jGbr,21,Decayed,DeathKnight,Maackuu,991215.0
1aJTBNphf8C4jGbr,21,Maackuu,Monk,Maackuu,845642.0
1aJTBNphf8C4jGbr,21,Primeval,Shaman,Maackuu,586223.0
1aJTBNphf8C4jGbr,21,Grapefroot,Hunter,Maackuu,522378.0
1aJTBNphf8C4jGbr,21,Viserion,Evoker,Maackuu,508681.0
1aJTBNphf8C4jGbr,21,Averlis,Druid,Averlis,418333.0
1aJTBNphf8C4jGbr,21,Mannarchy,Paladin,Chontosh,1090008.0
1aJTBNphf8C4jGbr,21,Spàdes,Warrior,Chontosh,699266.0
1aJTBNphf8C4jGbr,21,Grapefroot,Hunter,Chontosh,671906.0
1aJTBNphf8C4jGbr,21,Decayed,DeathKnight,Chontosh,653514.0
1aJTBNphf8C4jGbr,21,Chontosh,Paladin,Chontosh,633321.0
1aJTBNphf8C4jGbr,21,Maztajake,Druid,Maztajake,188913.0
1aJTBNphf8C4jGbr,21,Viserion,Evoker,Maztajake,61968.0
1aJTBNphf8C4jGbr,21,Panes,Paladin,Maztajake,59699.0
1aJTBNphf8C4jGbr,21,Averlis,Druid,Maztajake,39279.0
1aJTBNphf8C4jGbr,21,Decayed,DeathKnight,Maztajake,29242.0
1aJTBNphf8C4jGbr,21,Decayed,DeathKnight,Primeval,1028644.0
1aJTBNphf8C4jGbr,21,Monfro,Hunter,Primeval,603815.0
1aJTBNphf8C4jGbr,21,Primeval,Shaman,Primeval,564301.0
1aJTBNphf8C4jGbr,21,Cryonox,DeathKnight,Primeval,558592.0
1aJTBNphf8C4jGbr,21,Lìllith,Warlock,Primeval,458863.0
1aJTBNphf8C4jGbr,21,Monfro,Hunter,Monfro,223892.0
1aJTBNphf8C4jGbr,21,Danzilla,Hunter,Danzilla,9775.0
1aJTBNphf8C4jGbr,21,Decayed,DeathKnight,Danzilla,9509.0
1aJTBNphf8C4jGbr,21,Lìllith,Warlock,Danzilla,7454.0
1aJTBNphf8C4jGbr,21,Greyseer,Hunter,Danzilla,3259.0
1aJTBNphf8C4jGbr,21,Spàdes,Warrior,Spàdes,639376.0
1aJTBNphf8C4jGbr,21,Cryonox,DeathKnight,Cryonox,384577.0
1aJTBNphf8C4jGbr,21,Lìllith,Warlock,Lìllith,551213.0
1aJTBNphf8C4jGbr,21,Panes,Paladin,Panes,346135.0
1aJTBNphf8C4jGbr,21,Maackuu,Monk,Panes,18667.0
1aJTBNphf8C4jGbr,21,Monfro,Hunter,Panes,17721.0
1aJTBNphf8C4jGbr,21,Grapefroot,Hunter,Panes,12434.0
1aJTBNphf8C4jGbr,21,Decayed,DeathKnight,Panes,11266.0
1aJTBNphf8C4jGbr,21,Mannarchy,Paladin,Mannarchy,1392117.0
1aJTBNphf8C4jGbr,21,Grapefroot,Hunter,Mannarchy,30935.0
1aJTBNphf8C4jGbr,21,Maackuu,Monk,Mannarchy,27298.0
1aJTBNphf8C4jGbr,21,Monfro,Hunter,Mannarchy,25571.0
1aJTBNphf8C4jGbr,21,Spàdes,Warrior,Mannarchy,17799.0
1aJTBNphf8C4jGbr,21,Asharia,DemonHunter,Asharia,720577.0
1aJTBNphf8C4jGbr,21,Greyseer,Hunter,Greyseer,45390.0
1aJTBNphf8C4jGbr,21,Grapefroot,Hunter,Grapefroot,300595.0
1aJTBNphf8C4jGbr,22,Demonbläde,DemonHunter,Demonbläde,1499268.0
1aJTBNphf8C4jGbr,22,Chontosh,Paladin,Demonbläde,10778.0
1aJTBNphf8C4jGbr,22,Siare,Warlock,Siare,312092.0
1aJTBNphf8C4jGbr,22,Decayed,DeathKnight,Decayed,4248847.0
1aJTBNphf8C4jGbr,22,Viserion,Evoker,Viserion,2146894.0
1aJTBNphf8C4jGbr,22,Danzilla,Hunter,Viserion,806492.0
1aJTBNphf8C4jGbr,22,Maztajake,Druid,Viserion,705397.0
1aJTBNphf8C4jGbr,22,Chontosh,Paladin,Viserion,649195.0
1aJTBNphf8C4jGbr,22,Cryonox,DeathKnight,Viserion,578687.0
1aJTBNphf8C4jGbr,22,Sinfxl,Mage,Sinfxl,333144.0
1aJTBNphf8C4jGbr,22,Maackuu,Monk,Maackuu,1353993.0
1aJTBNphf8C4jGbr,22,Mannarchy,Paladin,Maackuu,1171533.0
1aJTBNphf8C4jGbr,22,Grapefroot,Hunter,Maackuu,1077503.0
1aJTBNphf8C4jGbr,22,Decayed,DeathKnight,Maackuu,1001658.0
1aJTBNphf8C4jGbr,22,Danzilla,Hunter,Maackuu,974770.0
1aJTBNphf8C4jGbr,22,Averlis,Druid,Averlis,848562.0
1aJTBNphf8C4jGbr,22,Mannarchy,Paladin,Averlis,180809.0
1aJTBNphf8C4jGbr,22,Monfro,Hunter,Averlis,170705.0
1aJTBNphf8C4jGbr,22,Primeval,Shaman,Averlis,153092.0
1aJTBNphf8C4jGbr,22,Danzilla,Hunter,Averlis,130465.0
1aJTBNphf8C4jGbr,22,Mannarchy,Paladin,Chontosh,1837429.0
1aJTBNphf8C4jGbr,22,Cryonox,DeathKnight,Chontosh,1359512.0
1aJTBNphf8C4jGbr,22,Chontosh,Paladin,Chontosh,1266469.0
1aJTBNphf8C4jGbr,22,Decayed,DeathKnight,Chontosh,1202491.0
1aJTBNphf8C4jGbr,22,Monfro,Hunter,Chontosh,1021312.0
1aJTBNphf8C4jGbr,22,Maztajake,Druid,Maztajake,376739.0
1aJTBNphf8C4jGbr,22,Mannarchy,Paladin,Maztajake,95798.0
1aJTBNphf8C4jGbr,22,Grapefroot,Hunter,Maztajake,83015.0
1aJTBNphf8C4jGbr,22,Cryonox,DeathKnight,Maztajake,69988.0
1aJTBNphf8C4jGbr,22,Greyseer,Hunter,Maztajake,43677.0
1aJTBNphf8C4jGbr,22,Decayed,DeathKnight,Primeval,1652005.0
1aJTBNphf8C4jGbr,22,Mannarchy,Paladin,Primeval,1098859.0
1aJTBNphf8C4jGbr,22,Primeval,Shaman,Primeval,1060113.0
1aJTBNphf8C4jGbr,22,Cryonox,DeathKnight,Primeval,822731.0
1aJTBNphf8C4jGbr,22,Greyseer,Hunter,Primeval,793985.0
1aJTBNphf8C4jGbr,22,Monfro,Hunter,Monfro,374674.0
1aJTBNphf8C4jGbr,22,Danzilla,Hunter,Danzilla,191786.0
1aJTBNphf8C4jGbr,22,Decayed,DeathKnight,Danzilla,8436.0
1aJTBNphf8C4jGbr,22,Siare,Warlock,Danzilla,4285.0
1aJTBNphf8C4jGbr,22,Spàdes,Warrior,Spàdes,953857.0
1aJTBNphf8C4jGbr,22,Cryonox,DeathKnight,Cryonox,997450.0
1aJTBNphf8C4jGbr,22,Lìllith,Warlock,Lìllith,908360.0
1aJTBNphf8C4jGbr,22,Panes,Paladin,Panes,333940.0
1aJTBNphf8C4jGbr,22,Lìllith,Warlock,Panes,8545.0
1aJTBNphf8C4jGbr,22,Decayed,DeathKnight,Panes,7700.0
1aJTBNphf8C4jGbr,22,Monfro,Hunter,Panes,7302.0
1aJTBNphf8C4jGbr,22,Spàdes,Warrior,Panes,6669.0
1aJTBNphf8C4jGbr,22,Mannarchy,Paladin,Mannarchy,2834718.0
1aJTBNphf8C4jGbr,22,Grapefroot,Hunter,Mannarchy,53854.0
1aJTBNphf8C4jGbr,22,Asharia,DemonHunter,Mannarchy,33485.0
1aJTBNphf8C4jGbr,22,Spàdes,Warrior,Mannarchy,24923.0
1aJTBNphf8C4jGbr,22,Maackuu,Monk,Mannarchy,24705.0
1aJTBNphf8C4jGbr,22,Asharia,DemonHunter,Asharia,1737992.0
1aJTBNphf8C4jGbr,22,Lìllith,Warlock,Asharia,14162.0
1aJTBNphf8C4jGbr,22,Cryonox,DeathKnight,Asharia,13661.0
1aJTBNphf8C4jGbr,22,Maackuu,Monk,Asharia,10226.0
1aJTBNphf8C4jGbr,22,Greyseer,Hunter,Greyseer,263819.0
1aJTBNphf8C4jGbr,22,Grapefroot,Hunter,Grapefroot,428148.0
1aJTBNphf8C4jGbr,23,Demonbläde,DemonHunter,Demonbläde,709539.0
1aJTBNphf8C4jGbr,23,Siare,Warlock,Siare,359013.0
1aJTBNphf8C4jGbr,23,Decayed,DeathKnight,Decayed,2951951.0
1aJTBNphf8C4jGbr,23,Viserion,Evoker,Viserion,972345.0
1aJTBNphf8C4jGbr,23,Decayed,DeathKnight,Viserion,758722.0
1aJTBNphf8C4jGbr,23,Greyseer,Hunter,Viserion,659785.0
1aJTBNphf8C4jGbr,23,Danzilla,Hunter,Viserion,590830.0
1aJTBNphf8C4jGbr,23,Mannarchy,Paladin,Viserion,483072.0
1aJTBNphf8C4jGbr,23,Sinfxl,Mage,Sinfxl,432812.0
1aJTBNphf8C4jGbr,23,Averlis,Druid,Averlis,277565.0
1aJTBNphf8C4jGbr,23,Sinfxl,Mage,Chontosh,638768.0
1aJTBNphf8C4jGbr,23,Mannarchy,Paladin,Chontosh,559115.0
1aJTBNphf8C4jGbr,23,Chontosh,Paladin,Chontosh,508706.0
1aJTBNphf8C4jGbr,23,Monfro,Hunter,Chontosh,380653.0
1aJTBNphf8C4jGbr,23,Greyseer,Hunter,Chontosh,367844.0
1aJTBNphf8C4jGbr,23,Maztajake,Druid,Maztajake,350013.0
1aJTBNphf8C4jGbr,23,Chontosh,Paladin,Maztajake,64494.0
1aJTBNphf8C4jGbr,23,Averlis,Druid,Maztajake,60785.0
1aJTBNphf8C4jGbr,23,Mannarchy,Paladin,Maztajake,55114.0
1aJTBNphf8C4jGbr,23,Primeval,Shaman,Maztajake,40017.0
1aJTBNphf8C4jGbr,23,Decayed,DeathKnight,Primeval,786602.0
1aJTBNphf8C4jGbr,23,Mannarchy,Paladin,Primeval,730576.0
1aJTBNphf8C4jGbr,23,Sinfxl,Mage,Primeval,619492.0
1aJTBNphf8C4jGbr,23,Grapefroot,Hunter,Primeval,585211.0
1aJTBNphf8C4jGbr,23,Primeval,Shaman,Primeval,575710.0
1aJTBNphf8C4jGbr,23,Monfro,Hunter,Monfro,171503.0
1aJTBNphf8C4jGbr,23,Danzilla,Hunter,Danzilla,14756.0
1aJTBNphf8C4jGbr,23,Greyseer,Hunter,Danzilla,5329.0
1aJTBNphf8C4jGbr,23,Decayed,DeathKnight,Danzilla,4238.0
1aJTBNphf8C4jGbr,23,Spàdes,Warrior,Spàdes,621260.0
1aJTBNphf8C4jGbr,23,Decayed,DeathKnight,Healsonyou,1148532.0
1aJTBNphf8C4jGbr,23,Healsonyou,Shaman,Healsonyou,898205.0
1aJTBNphf8C4jGbr,23,Mannarchy,Paladin,Healsonyou,703322.0
1aJTBNphf8C4jGbr,23,Sinfxl,Mage,Healsonyou,549622.0
1aJTBNphf8C4jGbr,23,Chontosh,Paladin,Healsonyou,448796.0
1aJTBNphf8C4jGbr,23,Cryonox,DeathKnight,Cryonox,228617.0
1aJTBNphf8C4jGbr,23,Lìllith,Warlock,Lìllith,303454.0
1aJTBNphf8C4jGbr,23,Panes,Paladin,Panes,551615.0
1aJTBNphf8C4jGbr,23,Grapefroot,Hunter,Panes,10674.0
1aJTBNphf8C4jGbr,23,Cryonox,DeathKnight,Panes,10184.0
1aJTBNphf8C4jGbr,23,Mannarchy,Paladin,Panes,9387.0
1aJTBNphf8C4jGbr,23,Decayed,DeathKnight,Panes,8048.0
1aJTBNphf8C4jGbr,23,Mannarchy,Paladin,Mannarchy,1458740.0
1aJTBNphf8C4jGbr,23,Decayed,DeathKnight,Mannarchy,912303.0
1aJTBNphf8C4jGbr,23,Cryonox,DeathKnight,Mannarchy,42824.0
1aJTBNphf8C4jGbr,23,Grapefroot,Hunter,Mannarchy,34483.0
1aJTBNphf8C4jGbr,23,Panes,Paladin,Mannarchy,24007.0
1aJTBNphf8C4jGbr,23,Asharia,DemonHunter,Asharia,569613.0
1aJTBNphf8C4jGbr,23,Chontosh,Paladin,Asharia,18656.0
1aJTBNphf8C4jGbr,23,Primeval,Shaman,Asharia,17701.0
1aJTBNphf8C4jGbr,23,Siare,Warlock,Asharia,2529.0
1aJTBNphf8C4jGbr,23,Greyseer,Hunter,Greyseer,176094.0
1aJTBNphf8C4jGbr,23,Grapefroot,Hunter,Grapefroot,372617.0
1aJTBNphf8C4jGbr,7,Demonbläde,DemonHunter,Demonbläde,3564117.0
1aJTBNphf8C4jGbr,7,Esther,Paladin,Demonbläde,106521.0
1aJTBNphf8C4jGbr,7,Chontosh,Paladin,Demonbläde,73540.0
1aJTBNphf8C4jGbr,7,Primeval,Shaman,Demonbläde,71847.0
1aJTBNphf8C4jGbr,7,Greyseer,Hunter,Demonbläde,62107.0
1aJTBNphf8C4jGbr,7,Decayed,DeathKnight,Decayed,5689612.0
1aJTBNphf8C4jGbr,7,Greyseer,Hunter,Esther,1707950.0
1aJTBNphf8C4jGbr,7,Esther,Paladin,Esther,1371614.0
1aJTBNphf8C4jGbr,7,Decayed,DeathKnight,Esther,1316288.0
1aJTBNphf8C4jGbr,7,Grapefroot,Hunter,Esther,1131089.0
1aJTBNphf8C4jGbr,7,Sinfxl,Mage,Esther,1069455.0
1aJTBNphf8C4jGbr,7,Siare,Warlock,Siare,1507880.0
1aJTBNphf8C4jGbr,7,Viserion,Evoker,Viserion,3227847.0
1aJTBNphf8C4jGbr,7,Spàdes,Warrior,Viserion,1376754.0
1aJTBNphf8C4jGbr,7,Siare,Warlock,Viserion,1294421.0
1aJTBNphf8C4jGbr,7,Monfro,Hunter,Viserion,1179435.0
1aJTBNphf8C4jGbr,7,Danzilla,Hunter,Viserion,1091562.0
1aJTBNphf8C4jGbr,7,Sinfxl,Mage,Sinfxl,1410946.0
1aJTBNphf8C4jGbr,7,Averlis,Druid,Averlis,1305710.0
1aJTBNphf8C4jGbr,7,Error,Paladin,Averlis,96969.0
1aJTBNphf8C4jGbr,7,Monfro,Hunter,Averlis,72891.0
1aJTBNphf8C4jGbr,7,Esther,Paladin,Averlis,67618.0
1aJTBNphf8C4jGbr,7,Lìllith,Warlock,Averlis,66707.0
1aJTBNphf8C4jGbr,7,Chontosh,Paladin,Chontosh,2215368.0
1aJTBNphf8C4jGbr,7,Greyseer,Hunter,Chontosh,1846880.0
1aJTBNphf8C4jGbr,7,Monfro,Hunter,Chontosh,1688902.0
1aJTBNphf8C4jGbr,7,Mannarchy,Paladin,Chontosh,1595073.0
1aJTBNphf8C4jGbr,7,Sinfxl,Mage,Chontosh,1590915.0
1aJTBNphf8C4jGbr,7,Primeval,Shaman,Primeval,2866902.0
1aJTBNphf8C4jGbr,7,Esther,Paladin,Primeval,2168565.0
1aJTBNphf8C4jGbr,7,Chontosh,Paladin,Primeval,2029539.0
1aJTBNphf8C4jGbr,7,Grapefroot,Hunter,Primeval,1941300.0
1aJTBNphf8C4jGbr,7,Panes,Paladin,Primeval,1765421.0
1aJTBNphf8C4jGbr,7,Monfro,Hunter,Monfro,608051.0
1aJTBNphf8C4jGbr,7,Error,Paladin,Error,1642811.0
1aJTBNphf8C4jGbr,7,Grapefroot,Hunter,Error,38867.0
1aJTBNphf8C4jGbr,7,Cryonox,DeathKnight,Error,35873.0
1aJTBNphf8C4jGbr,7,Esther,Paladin,Error,35484.0
1aJTBNphf8C4jGbr,7,Danzilla,Hunter,Error,33998.0
1aJTBNphf8C4jGbr,7,Danzilla,Hunter,Danzilla,319358.0
1aJTBNphf8C4jGbr,7,Decayed,DeathKnight,Danzilla,10429.0
1aJTBNphf8C4jGbr,7,Siare,Warlock,Danzilla,5930.0
1aJTBNphf8C4jGbr,7,Greyseer,Hunter,Danzilla,4854.0
1aJTBNphf8C4jGbr,7,Spàdes,Warrior,Spàdes,1262327.0
1aJTBNphf8C4jGbr,7,Cryonox,DeathKnight,Cryonox,1035276.0
1aJTBNphf8C4jGbr,7,Lìllith,Warlock,Lìllith,1199419.0
1aJTBNphf8C4jGbr,7,Panes,Paladin,Panes,1595841.0
1aJTBNphf8C4jGbr,7,Averlis,Druid,Panes,48462.0
1aJTBNphf8C4jGbr,7,Grapefroot,Hunter,Panes,45494.0
1aJTBNphf8C4jGbr,7,Cryonox,DeathKnight,Panes,38712.0
1aJTBNphf8C4jGbr,7,Error,Paladin,Panes,37745.0
1aJTBNphf8C4jGbr,7,Mannarchy,Paladin,Mannarchy,4568447.0
1aJTBNphf8C4jGbr,7,Decayed,DeathKnight,Mannarchy,1018972.0
1aJTBNphf8C4jGbr,7,Viserion,Evoker,Mannarchy,278411.0
1aJTBNphf8C4jGbr,7,Grapefroot,Hunter,Mannarchy,135004.0
1aJTBNphf8C4jGbr,7,Averlis,Druid,Mannarchy,112305.0
1aJTBNphf8C4jGbr,7,Asharia,DemonHunter,Asharia,2406086.0
1aJTBNphf8C4jGbr,7,Error,Paladin,Asharia,78916.0
1aJTBNphf8C4jGbr,7,Averlis,Druid,Asharia,61936.0
1aJTBNphf8C4jGbr,7,Sinfxl,Mage,Asharia,48313.0
1aJTBNphf8C4jGbr,7,Greyseer,Hunter,Asharia,47420.0
1aJTBNphf8C4jGbr,7,Greyseer,Hunter,Greyseer,203865.0
1aJTBNphf8C4jGbr,7,Grapefroot,Hunter,Grapefroot,852903.0
1Pwx2hQvg7cDZbC9,15,Reignyskyes,Shaman,Reignyskyes,3301708.0
1Pwx2hQvg7cDZbC9,15,Sparklë,Druid,Reignyskyes,2293635.0
1Pwx2hQvg7cDZbC9,15,Wolfcaza,Hunter,Reignyskyes,1960282.0
1Pwx2hQvg7cDZbC9,15,Mydrood,Druid,Reignyskyes,1957129.0
1Pwx2hQvg7cDZbC9,15,Khaztharion,Evoker,Reignyskyes,1947085.0
1Pwx2hQvg7cDZbC9,15,Felphantomxx,DemonHunter,Felphantomxx,2928786.0
1Pwx2hQvg7cDZbC9,15,Demonvini,DemonHunter,Mârtirio,3373892.0
1Pwx2hQvg7cDZbC9,15,Mârtirio,Priest,Mârtirio,2878816.0
1Pwx2hQvg7cDZbC9,15,Raginbull,Warrior,Mârtirio,2351779.0
1Pwx2hQvg7cDZbC9,15,Shockabeotch,Shaman,Mârtirio,2350889.0
1Pwx2hQvg7cDZbC9,15,Sonshot,Hunter,Mârtirio,2317672.0
1Pwx2hQvg7cDZbC9,15,Raginbull,Warrior,Raginbull,2588109.0
1Pwx2hQvg7cDZbC9,15,Spluss,Warlock,Spluss,2015608.0
1Pwx2hQvg7cDZbC9,15,Squalliiv,Paladin,Squalliiv,4707344.0
1Pwx2hQvg7cDZbC9,15,Sonshot,Hunter,Squalliiv,182993.0
1Pwx2hQvg7cDZbC9,15,Sparklë,Druid,Squalliiv,154460.0
1Pwx2hQvg7cDZbC9,15,Khaztharion,Evoker,Squalliiv,145236.0
1Pwx2hQvg7cDZbC9,15,Wolfcaza,Hunter,Squalliiv,143147.0
1Pwx2hQvg7cDZbC9,15,Dshivà,Paladin,Dshivà,1807975.0
1Pwx2hQvg7cDZbC9,15,Sparklë,Druid,Dshivà,52047.0
1Pwx2hQvg7cDZbC9,15,Sonshot,Hunter,Dshivà,49998.0
1Pwx2hQvg7cDZbC9,15,Raginbull,Warrior,Dshivà,44653.0
1Pwx2hQvg7cDZbC9,15,Quetzalli,Monk,Dshivà,42455.0
1Pwx2hQvg7cDZbC9,15,Khaztharion,Evoker,Khaztharion,482093.0
1Pwx2hQvg7cDZbC9,15,Lightbrood,Paladin,Khaztharion,43365.0
1Pwx2hQvg7cDZbC9,15,Benzd,Druid,Khaztharion,40162.0
1Pwx2hQvg7cDZbC9,15,Felphantomxx,DemonHunter,Khaztharion,10271.0
1Pwx2hQvg7cDZbC9,15,Chontosh,Paladin,Khaztharion,6487.0
1Pwx2hQvg7cDZbC9,15,Wolfcaza,Hunter,Wolfcaza,382271.0
1Pwx2hQvg7cDZbC9,15,Benzd,Druid,Benzd,174775.0
1Pwx2hQvg7cDZbC9,15,Soliloquy,Priest,Soliloquy,3435275.0
1Pwx2hQvg7cDZbC9,15,Benzd,Druid,Soliloquy,222523.0
1Pwx2hQvg7cDZbC9,15,Khaztharion,Evoker,Soliloquy,215230.0
1Pwx2hQvg7cDZbC9,15,Raginbull,Warrior,Soliloquy,176674.0
1Pwx2hQvg7cDZbC9,15,Demonvini,DemonHunter,Soliloquy,155164.0
1Pwx2hQvg7cDZbC9,15,Demonvini,DemonHunter,Demonvini,5171256.0
1Pwx2hQvg7cDZbC9,15,Spluss,Warlock,Demonvini,50929.0
1Pwx2hQvg7cDZbC9,15,Wolfcaza,Hunter,Demonvini,28148.0
1Pwx2hQvg7cDZbC9,15,Sonshot,Hunter,Demonvini,19014.0
1Pwx2hQvg7cDZbC9,15,Quetzalli,Monk,Demonvini,13173.0
1Pwx2hQvg7cDZbC9,15,Mydrood,Druid,Mydrood,623034.0
1Pwx2hQvg7cDZbC9,15,Shockabeotch,Shaman,Shockabeotch,640460.0
1Pwx2hQvg7cDZbC9,15,Squalliiv,Paladin,Shockabeotch,485279.0
1Pwx2hQvg7cDZbC9,15,Lightbrood,Paladin,Lightbrood,1856520.0
1Pwx2hQvg7cDZbC9,15,Shockabeotch,Shaman,Lightbrood,45789.0
1Pwx2hQvg7cDZbC9,15,Benzd,Druid,Lightbrood,41666.0
1Pwx2hQvg7cDZbC9,15,Mârtirio,Priest,Lightbrood,37794.0
1Pwx2hQvg7cDZbC9,15,Sonshot,Hunter,Lightbrood,36097.0
1Pwx2hQvg7cDZbC9,15,Quetzalli,Monk,Quetzalli,1468163.0
1Pwx2hQvg7cDZbC9,15,Sonshot,Hunter,Sonshot,318895.0
1Pwx2hQvg7cDZbC9,15,Sparklë,Druid,Sparklë,645345.0
1Pwx2hQvg7cDZbC9,15,Chontosh,Paladin,Chontosh,3782614.0
1Pwx2hQvg7cDZbC9,15,Wolfcaza,Hunter,Chontosh,3180275.0
1Pwx2hQvg7cDZbC9,15,Sonshot,Hunter,Chontosh,2826469.0
1Pwx2hQvg7cDZbC9,15,Benzd,Druid,Chontosh,2695997.0
1Pwx2hQvg7cDZbC9,15,Khaztharion,Evoker,Chontosh,2533158.0
1Pwx2hQvg7cDZbC9,21,Reignyskyes,Shaman,Reignyskyes,11665975.0
1Pwx2hQvg7cDZbC9,21,Squalliiv,Paladin,Reignyskyes,10383689.0
1Pwx2hQvg7cDZbC9,21,Sonshot,Hunter,Reignyskyes,7805429.0
1Pwx2hQvg7cDZbC9,21,Khaztharion,Evoker,Reignyskyes,6868566.0
1Pwx2hQvg7cDZbC9,21,Quetzalli,Monk,Reignyskyes,6867487.0
1Pwx2hQvg7cDZbC9,21,Felphantomxx,DemonHunter,Felphantomxx,5126369.0
1Pwx2hQvg7cDZbC9,21,Wolfcaza,Hunter,Wolfcaza,579414.0
1Pwx2hQvg7cDZbC9,21,Demonvini,DemonHunter,Mârtirio,8753765.0
1Pwx2hQvg7cDZbC9,21,Mârtirio,Priest,Mârtirio,5986690.0
1Pwx2hQvg7cDZbC9,21,Soliloquy,Priest,Mârtirio,4826566.0
1Pwx2hQvg7cDZbC9,21,Chontosh,Paladin,Mârtirio,4460323.0
1Pwx2hQvg7cDZbC9,21,Lightbrood,Paladin,Mârtirio,4407932.0
1Pwx2hQvg7cDZbC9,21,Raginbull,Warrior,Raginbull,4639609.0
1Pwx2hQvg7cDZbC9,21,Benzd,Druid,Benzd,1352515.0
1Pwx2hQvg7cDZbC9,21,Soliloquy,Priest,Soliloquy,4911112.0
1Pwx2hQvg7cDZbC9,21,Khaztharion,Evoker,Soliloquy,232929.0
1Pwx2hQvg7cDZbC9,21,Mârtirio,Priest,Soliloquy,230214.0
1Pwx2hQvg7cDZbC9,21,Lightbrood,Paladin,Soliloquy,187024.0
1Pwx2hQvg7cDZbC9,21,Benzd,Druid,Soliloquy,181345.0
1Pwx2hQvg7cDZbC9,21,Spluss,Warlock,Spluss,2990300.0
1Pwx2hQvg7cDZbC9,21,Squalliiv,Paladin,Squalliiv,12619308.0
1Pwx2hQvg7cDZbC9,21,Sonshot,Hunter,Squalliiv,284517.0
1Pwx2hQvg7cDZbC9,21,Khaztharion,Evoker,Squalliiv,283310.0
1Pwx2hQvg7cDZbC9,21,Reignyskyes,Shaman,Squalliiv,262216.0
1Pwx2hQvg7cDZbC9,21,Quetzalli,Monk,Squalliiv,200492.0
1Pwx2hQvg7cDZbC9,21,Demonvini,DemonHunter,Demonvini,13344175.0
1Pwx2hQvg7cDZbC9,21,Spluss,Warlock,Demonvini,121425.0
1Pwx2hQvg7cDZbC9,21,Benzd,Druid,Demonvini,52542.0
1Pwx2hQvg7cDZbC9,21,Sparklë,Druid,Demonvini,43143.0
1Pwx2hQvg7cDZbC9,21,Quetzalli,Monk,Demonvini,16947.0
1Pwx2hQvg7cDZbC9,21,Mydrood,Druid,Mydrood,1650424.0
1Pwx2hQvg7cDZbC9,21,Squalliiv,Paladin,Mydrood,430962.0
1Pwx2hQvg7cDZbC9,21,Reignyskyes,Shaman,Mydrood,302059.0
1Pwx2hQvg7cDZbC9,21,Raginbull,Warrior,Mydrood,108141.0
1Pwx2hQvg7cDZbC9,21,Felphantomxx,DemonHunter,Mydrood,102197.0
1Pwx2hQvg7cDZbC9,21,Squalliiv,Paladin,Shockabeotch,1448688.0
1Pwx2hQvg7cDZbC9,21,Shockabeotch,Shaman,Shockabeotch,1076940.0
1Pwx2hQvg7cDZbC9,21,Quetzalli,Monk,Quetzalli,2376865.0
1Pwx2hQvg7cDZbC9,21,Reignyskyes,Shaman,Quetzalli,6596.0
1Pwx2hQvg7cDZbC9,21,Lightbrood,Paladin,Lightbrood,2676039.0
1Pwx2hQvg7cDZbC9,21,Demonvini,DemonHunter,Lightbrood,147985.0
1Pwx2hQvg7cDZbC9,21,Chontosh,Paladin,Lightbrood,137603.0
1Pwx2hQvg7cDZbC9,21,Spluss,Warlock,Lightbrood,118158.0
1Pwx2hQvg7cDZbC9,21,Dshivà,Paladin,Lightbrood,111965.0
1Pwx2hQvg7cDZbC9,21,Sonshot,Hunter,Sonshot,1685870.0
1Pwx2hQvg7cDZbC9,21,Mydrood,Druid,Sonshot,22193.0
1Pwx2hQvg7cDZbC9,21,Khaztharion,Evoker,Sonshot,17783.0
1Pwx2hQvg7cDZbC9,21,Dshivà,Paladin,Dshivà,2173723.0
1Pwx2hQvg7cDZbC9,21,Spluss,Warlock,Dshivà,127236.0
1Pwx2hQvg7cDZbC9,21,Chontosh,Paladin,Dshivà,120511.0
1Pwx2hQvg7cDZbC9,21,Shockabeotch,Shaman,Dshivà,119509.0
1Pwx2hQvg7cDZbC9,21,Mârtirio,Priest,Dshivà,116459.0
1Pwx2hQvg7cDZbC9,21,Khaztharion,Evoker,Khaztharion,1811746.0
1Pwx2hQvg7cDZbC9,21,Mydrood,Druid,Khaztharion,138247.0
1Pwx2hQvg7cDZbC9,21,Squalliiv,Paladin,Khaztharion,93326.0
1Pwx2hQvg7cDZbC9,21,Benzd,Druid,Khaztharion,90241.0
1Pwx2hQvg7cDZbC9,21,Quetzalli,Monk,Khaztharion,89789.0
1Pwx2hQvg7cDZbC9,21,Benzd,Druid,Chontosh,7909595.0
1Pwx2hQvg7cDZbC9,21,Soliloquy,Priest,Chontosh,5797514.0
1Pwx2hQvg7cDZbC9,21,Shockabeotch,Shaman,Chontosh,4752348.0
1Pwx2hQvg7cDZbC9,21,Chontosh,Paladin,Chontosh,4225663.0
1Pwx2hQvg7cDZbC9,21,Wolfcaza,Hunter,Chontosh,4205610.0
1Pwx2hQvg7cDZbC9,24,Reignyskyes,Shaman,Reignyskyes,2997104.0
1Pwx2hQvg7cDZbC9,24,Squalliiv,Paladin,Reignyskyes,2119648.0
1Pwx2hQvg7cDZbC9,24,Khaztharion,Evoker,Reignyskyes,1780438.0
1Pwx2hQvg7cDZbC9,24,Sparklë,Druid,Reignyskyes,1715198.0
1Pwx2hQvg7cDZbC9,24,Mydrood,Druid,Reignyskyes,1563726.0
1Pwx2hQvg7cDZbC9,24,Felphantomxx,DemonHunter,Felphantomxx,2159136.0
1Pwx2hQvg7cDZbC9,24,Demonvini,DemonHunter,Mârtirio,3809482.0
1Pwx2hQvg7cDZbC9,24,Mydrood,Druid,Mârtirio,2986999.0
1Pwx2hQvg7cDZbC9,24,Sparklë,Druid,Mârtirio,2801062.0
1Pwx2hQvg7cDZbC9,24,Squalliiv,Paladin,Mârtirio,2583266.0
1Pwx2hQvg7cDZbC9,24,Mârtirio,Priest,Mârtirio,2365765.0
1Pwx2hQvg7cDZbC9,24,Raginbull,Warrior,Raginbull,2421587.0
1Pwx2hQvg7cDZbC9,24,Spluss,Warlock,Spluss,1732731.0
1Pwx2hQvg7cDZbC9,24,Squalliiv,Paladin,Squalliiv,6879366.0
1Pwx2hQvg7cDZbC9,24,Sonshot,Hunter,Squalliiv,208992.0
1Pwx2hQvg7cDZbC9,24,Sparklë,Druid,Squalliiv,150685.0
1Pwx2hQvg7cDZbC9,24,Demonvini,DemonHunter,Squalliiv,139934.0
1Pwx2hQvg7cDZbC9,24,Chontosh,Paladin,Squalliiv,123074.0
1Pwx2hQvg7cDZbC9,24,Dshivà,Paladin,Dshivà,1040749.0
1Pwx2hQvg7cDZbC9,24,Quetzalli,Monk,Dshivà,74266.0
1Pwx2hQvg7cDZbC9,24,Raginbull,Warrior,Dshivà,65032.0
1Pwx2hQvg7cDZbC9,24,Demonvini,DemonHunter,Dshivà,50192.0
1Pwx2hQvg7cDZbC9,24,Khaztharion,Evoker,Dshivà,49175.0
1Pwx2hQvg7cDZbC9,24,Khaztharion,Evoker,Khaztharion,703320.0
1Pwx2hQvg7cDZbC9,24,Squalliiv,Paladin,Khaztharion,100751.0
1Pwx2hQvg7cDZbC9,24,Quetzalli,Monk,Khaztharion,16190.0
1Pwx2hQvg7cDZbC9,24,Sonshot,Hunter,Khaztharion,15570.0
1Pwx2hQvg7cDZbC9,24,Spluss,Warlock,Khaztharion,12402.0
1Pwx2hQvg7cDZbC9,24,Wolfcaza,Hunter,Wolfcaza,250304.0
1Pwx2hQvg7cDZbC9,24,Soliloquy,Priest,Soliloquy,3110863.0
1Pwx2hQvg7cDZbC9,24,Chontosh,Paladin,Soliloquy,122331.0
1Pwx2hQvg7cDZbC9,24,Sonshot,Hunter,Soliloquy,114260.0
1Pwx2hQvg7cDZbC9,24,Benzd,Druid,Soliloquy,96629.0
1Pwx2hQvg7cDZbC9,24,Mârtirio,Priest,Soliloquy,86170.0
1Pwx2hQvg7cDZbC9,24,Demonvini,DemonHunter,Demonvini,9282114.0
1Pwx2hQvg7cDZbC9,24,Mydrood,Druid,Demonvini,64710.0
1Pwx2hQvg7cDZbC9,24,Sonshot,Hunter,Demonvini,51108.0
1Pwx2hQvg7cDZbC9,24,Khaztharion,Evoker,Demonvini,46665.0
1Pwx2hQvg7cDZbC9,24,Quetzalli,Monk,Demonvini,39836.0
1Pwx2hQvg7cDZbC9,24,Mydrood,Druid,Mydrood,196022.0
1Pwx2hQvg7cDZbC9,24,Shockabeotch,Shaman,Shockabeotch,910934.0
1Pwx2hQvg7cDZbC9,24,Squalliiv,Paladin,Shockabeotch,495743.0
1Pwx2hQvg7cDZbC9,24,Lightbrood,Paladin,Lightbrood,1541869.0
1Pwx2hQvg7cDZbC9,24,Wolfcaza,Hunter,Lightbrood,51237.0
1Pwx2hQvg7cDZbC9,24,Sonshot,Hunter,Lightbrood,39575.0
1Pwx2hQvg7cDZbC9,24,Khaztharion,Evoker,Lightbrood,33623.0
1Pwx2hQvg7cDZbC9,24,Chontosh,Paladin,Lightbrood,29497.0
1Pwx2hQvg7cDZbC9,24,Quetzalli,Monk,Quetzalli,592501.0
1Pwx2hQvg7cDZbC9,24,Sonshot,Hunter,Sonshot,283804.0
1Pwx2hQvg7cDZbC9,24,Sparklë,Druid,Chontosh,3712778.0
1Pwx2hQvg7cDZbC9,24,Chontosh,Paladin,Chontosh,3274160.0
1Pwx2hQvg7cDZbC9,24,Mydrood,Druid,Chontosh,2806158.0
1Pwx2hQvg7cDZbC9,24,Quetzalli,Monk,Chontosh,2628208.0
1Pwx2hQvg7cDZbC9,24,Benzd,Druid,Chontosh,2305002.0
1Pwx2hQvg7cDZbC9,29,Reignyskyes,Shaman,Reignyskyes,3329899.0
1Pwx2hQvg7cDZbC9,29,Mârtirio,Priest,Reignyskyes,2063203.0
1Pwx2hQvg7cDZbC9,29,Shockabeotch,Shaman,Reignyskyes,1969413.0
1Pwx2hQvg7cDZbC9,29,Mydrood,Druid,Reignyskyes,1770629.0
1Pwx2hQvg7cDZbC9,29,Sonshot,Hunter,Reignyskyes,1707066.0
1Pwx2hQvg7cDZbC9,29,Felphantomxx,DemonHunter,Felphantomxx,2495920.0
1Pwx2hQvg7cDZbC9,29,Jüggernäut,Druid,Mârtirio,5974483.0
1Pwx2hQvg7cDZbC9,29,Mârtirio,Priest,Mârtirio,3608252.0
1Pwx2hQvg7cDZbC9,29,Sparklë,Druid,Mârtirio,2787322.0
1Pwx2hQvg7cDZbC9,29,Demonvini,DemonHunter,Mârtirio,2730026.0
1Pwx2hQvg7cDZbC9,29,Sonshot,Hunter,Mârtirio,2201386.0
1Pwx2hQvg7cDZbC9,29,Raginbull,Warrior,Raginbull,2535001.0
1Pwx2hQvg7cDZbC9,29,Spluss,Warlock,Spluss,1811167.0
1Pwx2hQvg7cDZbC9,29,Squalliiv,Paladin,Squalliiv,1003418.0
1Pwx2hQvg7cDZbC9,29,Raginbull,Warrior,Squalliiv,87255.0
1Pwx2hQvg7cDZbC9,29,Quetzalli,Monk,Squalliiv,85582.0
1Pwx2hQvg7cDZbC9,29,Dshivà,Paladin,Squalliiv,67479.0
1Pwx2hQvg7cDZbC9,29,Palkia,Shaman,Squalliiv,59167.0
1Pwx2hQvg7cDZbC9,29,Dshivà,Paladin,Dshivà,1321656.0
1Pwx2hQvg7cDZbC9,29,Quetzalli,Monk,Dshivà,87688.0
1Pwx2hQvg7cDZbC9,29,Palkia,Shaman,Dshivà,70499.0
1Pwx2hQvg7cDZbC9,29,Lightbrood,Paladin,Dshivà,56367.0
1Pwx2hQvg7cDZbC9,29,Squalliiv,Paladin,Dshivà,49275.0
1Pwx2hQvg7cDZbC9,29,Khaztharion,Evoker,Khaztharion,781935.0
1Pwx2hQvg7cDZbC9,29,Spluss,Warlock,Khaztharion,34396.0
1Pwx2hQvg7cDZbC9,29,Quetzalli,Monk,Khaztharion,13107.0
1Pwx2hQvg7cDZbC9,29,Wolfcaza,Hunter,Wolfcaza,385626.0
1Pwx2hQvg7cDZbC9,29,Jüggernäut,Druid,Jüggernäut,11100166.0
1Pwx2hQvg7cDZbC9,29,Reignyskyes,Shaman,Jüggernäut,690023.0
1Pwx2hQvg7cDZbC9,29,Demonvini,DemonHunter,Jüggernäut,234783.0
1Pwx2hQvg7cDZbC9,29,Squalliiv,Paladin,Jüggernäut,162189.0
1Pwx2hQvg7cDZbC9,29,Palkia,Shaman,Jüggernäut,150970.0
1Pwx2hQvg7cDZbC9,29,Benzd,Druid,Benzd,96842.0
1Pwx2hQvg7cDZbC9,29,Soliloquy,Priest,Soliloquy,3929761.0
1Pwx2hQvg7cDZbC9,29,Demonvini,DemonHunter,Soliloquy,301983.0
1Pwx2hQvg7cDZbC9,29,Benzd,Druid,Soliloquy,191900.0
1Pwx2hQvg7cDZbC9,29,Sonshot,Hunter,Soliloquy,185421.0
1Pwx2hQvg7cDZbC9,29,Reignyskyes,Shaman,Soliloquy,170308.0
1Pwx2hQvg7cDZbC9,29,Demonvini,DemonHunter,Demonvini,5177970.0
1Pwx2hQvg7cDZbC9,29,Spluss,Warlock,Demonvini,61693.0
1Pwx2hQvg7cDZbC9,29,Quetzalli,Monk,Demonvini,59318.0
1Pwx2hQvg7cDZbC9,29,Wolfcaza,Hunter,Demonvini,32593.0
1Pwx2hQvg7cDZbC9,29,Chontosh,Paladin,Demonvini,17779.0
1Pwx2hQvg7cDZbC9,29,Mydrood,Druid,Mydrood,502517.0
1Pwx2hQvg7cDZbC9,29,Shockabeotch,Shaman,Shockabeotch,1266910.0
1Pwx2hQvg7cDZbC9,29,Squalliiv,Paladin,Shockabeotch,934894.0
1Pwx2hQvg7cDZbC9,29,Quetzalli,Monk,Quetzalli,781667.0
1Pwx2hQvg7cDZbC9,29,Lightbrood,Paladin,Lightbrood,1679829.0
1Pwx2hQvg7cDZbC9,29,Dshivà,Paladin,Lightbrood,57781.0
1Pwx2hQvg7cDZbC9,29,Palkia,Shaman,Lightbrood,55834.0
1Pwx2hQvg7cDZbC9,29,Chontosh,Paladin,Lightbrood,45355.0
1Pwx2hQvg7cDZbC9,29,Khaztharion,Evoker,Lightbrood,44287.0
1Pwx2hQvg7cDZbC9,29,Sonshot,Hunter,Sonshot,359893.0
1Pwx2hQvg7cDZbC9,29,Sparklë,Druid,Sparklë,92776.0
1Pwx2hQvg7cDZbC9,29,Jüggernäut,Druid,Chontosh,3451633.0
1Pwx2hQvg7cDZbC9,29,Quetzalli,Monk,Chontosh,2545384.0
1Pwx2hQvg7cDZbC9,29,Demonvini,DemonHunter,Chontosh,2523243.0
1Pwx2hQvg7cDZbC9,29,Mârtirio,Priest,Chontosh,2432086.0
1Pwx2hQvg7cDZbC9,29,Reignyskyes,Shaman,Chontosh,2414348.0
1Pwx2hQvg7cDZbC9,29,Palkia,Shaman,Palkia,1349401.0
1Pwx2hQvg7cDZbC9,33,Reignyskyes,Shaman,Reignyskyes,6444499.0
1Pwx2hQvg7cDZbC9,33,Demonvini,DemonHunter,Reignyskyes,5015046.0
1Pwx2hQvg7cDZbC9,33,Dshivà,Paladin,Reignyskyes,4520956.0
1Pwx2hQvg7cDZbC9,33,Jüggernäut,Druid,Reignyskyes,4323542.0
1Pwx2hQvg7cDZbC9,33,Spluss,Warlock,Reignyskyes,3993313.0
1Pwx2hQvg7cDZbC9,33,Felphantomxx,DemonHunter,Felphantomxx,4504712.0
1Pwx2hQvg7cDZbC9,33,Demonvini,DemonHunter,Mârtirio,12763661.0
1Pwx2hQvg7cDZbC9,33,Mârtirio,Priest,Mârtirio,4686081.0
1Pwx2hQvg7cDZbC9,33,Quetzalli,Monk,Mârtirio,3904495.0
1Pwx2hQvg7cDZbC9,33,Sparklë,Druid,Mârtirio,3897921.0
1Pwx2hQvg7cDZbC9,33,Jüggernäut,Druid,Mârtirio,3599704.0
1Pwx2hQvg7cDZbC9,33,Raginbull,Warrior,Raginbull,5905313.0
1Pwx2hQvg7cDZbC9,33,Spluss,Warlock,Spluss,2539539.0
1Pwx2hQvg7cDZbC9,33,Squalliiv,Paladin,Squalliiv,1961852.0
1Pwx2hQvg7cDZbC9,33,Spluss,Warlock,Squalliiv,113793.0
1Pwx2hQvg7cDZbC9,33,Palkia,Shaman,Squalliiv,111309.0
1Pwx2hQvg7cDZbC9,33,Quetzalli,Monk,Squalliiv,108111.0
1Pwx2hQvg7cDZbC9,33,Raginbull,Warrior,Squalliiv,107295.0
1Pwx2hQvg7cDZbC9,33,Dshivà,Paladin,Dshivà,3198198.0
1Pwx2hQvg7cDZbC9,33,Reignyskyes,Shaman,Dshivà,563223.0
1Pwx2hQvg7cDZbC9,33,Palkia,Shaman,Dshivà,132765.0
1Pwx2hQvg7cDZbC9,33,Quetzalli,Monk,Dshivà,115953.0
1Pwx2hQvg7cDZbC9,33,Mydrood,Druid,Dshivà,106964.0
1Pwx2hQvg7cDZbC9,33,Khaztharion,Evoker,Khaztharion,1093611.0
1Pwx2hQvg7cDZbC9,33,Raginbull,Warrior,Khaztharion,105364.0
1Pwx2hQvg7cDZbC9,33,Soliloquy,Priest,Khaztharion,96139.0
1Pwx2hQvg7cDZbC9,33,Chontosh,Paladin,Khaztharion,94933.0
1Pwx2hQvg7cDZbC9,33,Jüggernäut,Druid,Khaztharion,50767.0
1Pwx2hQvg7cDZbC9,33,Wolfcaza,Hunter,Wolfcaza,316423.0
1Pwx2hQvg7cDZbC9,33,Jüggernäut,Druid,Jüggernäut,6288650.0
1Pwx2hQvg7cDZbC9,33,Reignyskyes,Shaman,Jüggernäut,409780.0
1Pwx2hQvg7cDZbC9,33,Raginbull,Warrior,Jüggernäut,113990.0
1Pwx2hQvg7cDZbC9,33,Soliloquy,Priest,Jüggernäut,93569.0
1Pwx2hQvg7cDZbC9,33,Lightbrood,Paladin,Jüggernäut,83310.0
1Pwx2hQvg7cDZbC9,33,Benzd,Druid,Benzd,469281.0
1Pwx2hQvg7cDZbC9,33,Soliloquy,Priest,Soliloquy,4854309.0
1Pwx2hQvg7cDZbC9,33,Sparklë,Druid,Soliloquy,400352.0
1Pwx2hQvg7cDZbC9,33,Mârtirio,Priest,Soliloquy,312922.0
1Pwx2hQvg7cDZbC9,33,Khaztharion,Evoker,Soliloquy,294780.0
1Pwx2hQvg7cDZbC9,33,Shockabeotch,Shaman,Soliloquy,233492.0
1Pwx2hQvg7cDZbC9,33,Demonvini,DemonHunter,Demonvini,25508770.0
1Pwx2hQvg7cDZbC9,33,Quetzalli,Monk,Demonvini,128493.0
1Pwx2hQvg7cDZbC9,33,Spluss,Warlock,Demonvini,101865.0
1Pwx2hQvg7cDZbC9,33,Wolfcaza,Hunter,Demonvini,46668.0
1Pwx2hQvg7cDZbC9,33,Dshivà,Paladin,Demonvini,41997.0
1Pwx2hQvg7cDZbC9,33,Mydrood,Druid,Mydrood,1318605.0
1Pwx2hQvg7cDZbC9,33,Shockabeotch,Shaman,Shockabeotch,1978425.0
1Pwx2hQvg7cDZbC9,33,Squalliiv,Paladin,Shockabeotch,1396073.0
1Pwx2hQvg7cDZbC9,33,Quetzalli,Monk,Quetzalli,1611993.0
1Pwx2hQvg7cDZbC9,33,Lightbrood,Paladin,Lightbrood,2828206.0
1Pwx2hQvg7cDZbC9,33,Benzd,Druid,Lightbrood,84448.0
1Pwx2hQvg7cDZbC9,33,Quetzalli,Monk,Lightbrood,81006.0
1Pwx2hQvg7cDZbC9,33,Palkia,Shaman,Lightbrood,78895.0
1Pwx2hQvg7cDZbC9,33,Khaztharion,Evoker,Lightbrood,75665.0
1Pwx2hQvg7cDZbC9,33,Sparklë,Druid,Sparklë,479889.0
1Pwx2hQvg7cDZbC9,33,Chontosh,Paladin,Chontosh,8644421.0
1Pwx2hQvg7cDZbC9,33,Demonvini,DemonHunter,Chontosh,6041341.0
1Pwx2hQvg7cDZbC9,33,Sparklë,Druid,Chontosh,5101200.0
1Pwx2hQvg7cDZbC9,33,Quetzalli,Monk,Chontosh,4357480.0
1Pwx2hQvg7cDZbC9,33,Shockabeotch,Shaman,Chontosh,3962875.0
1Pwx2hQvg7cDZbC9,33,Palkia,Shaman,Palkia,2324405.0
1Pwx2hQvg7cDZbC9,35,Reignyskyes,Shaman,Reignyskyes,815053.0
1Pwx2hQvg7cDZbC9,35,Demonvini,DemonHunter,Reignyskyes,334931.0
1Pwx2hQvg7cDZbC9,35,Dshivà,Paladin,Reignyskyes,275739.0
1Pwx2hQvg7cDZbC9,35,Khaztharion,Evoker,Reignyskyes,246209.0
1Pwx2hQvg7cDZbC9,35,Sparklë,Druid,Reignyskyes,238244.0
1Pwx2hQvg7cDZbC9,35,Felphantomxx,DemonHunter,Felphantomxx,37736.0
1Pwx2hQvg7cDZbC9,35,Wolfcaza,Hunter,Wolfcaza,49373.0
1Pwx2hQvg7cDZbC9,35,Demonvini,DemonHunter,Mârtirio,1092668.0
1Pwx2hQvg7cDZbC9,35,Chontosh,Paladin,Mârtirio,674065.0
1Pwx2hQvg7cDZbC9,35,Mârtirio,Priest,Mârtirio,382885.0
1Pwx2hQvg7cDZbC9,35,Khaztharion,Evoker,Mârtirio,265899.0
1Pwx2hQvg7cDZbC9,35,Benzd,Druid,Mârtirio,263656.0
1Pwx2hQvg7cDZbC9,35,Raginbull,Warrior,Raginbull,504494.0
1Pwx2hQvg7cDZbC9,35,Jüggernäut,Druid,Jüggernäut,574803.0
1Pwx2hQvg7cDZbC9,35,Palkia,Shaman,Jüggernäut,18688.0
1Pwx2hQvg7cDZbC9,35,Benzd,Druid,Benzd,6327.0
1Pwx2hQvg7cDZbC9,35,Soliloquy,Priest,Soliloquy,851262.0
1Pwx2hQvg7cDZbC9,35,Mârtirio,Priest,Soliloquy,49799.0
1Pwx2hQvg7cDZbC9,35,Demonvini,DemonHunter,Soliloquy,48060.0
1Pwx2hQvg7cDZbC9,35,Shockabeotch,Shaman,Soliloquy,45584.0
1Pwx2hQvg7cDZbC9,35,Benzd,Druid,Soliloquy,43989.0
1Pwx2hQvg7cDZbC9,35,Spluss,Warlock,Spluss,150186.0
1Pwx2hQvg7cDZbC9,35,Squalliiv,Paladin,Squalliiv,436372.0
1Pwx2hQvg7cDZbC9,35,Quetzalli,Monk,Squalliiv,2238.0
1Pwx2hQvg7cDZbC9,35,Raginbull,Warrior,Squalliiv,2015.0
1Pwx2hQvg7cDZbC9,35,Khaztharion,Evoker,Squalliiv,1956.0
1Pwx2hQvg7cDZbC9,35,Demonvini,DemonHunter,Demonvini,1303222.0
1Pwx2hQvg7cDZbC9,35,Quetzalli,Monk,Demonvini,16023.0
1Pwx2hQvg7cDZbC9,35,Mydrood,Druid,Mydrood,331182.0
1Pwx2hQvg7cDZbC9,35,Shockabeotch,Shaman,Shockabeotch,683335.0
1Pwx2hQvg7cDZbC9,35,Quetzalli,Monk,Quetzalli,100199.0
1Pwx2hQvg7cDZbC9,35,Lightbrood,Paladin,Lightbrood,208685.0
1Pwx2hQvg7cDZbC9,35,Mydrood,Druid,Lightbrood,5021.0
1Pwx2hQvg7cDZbC9,35,Sparklë,Druid,Lightbrood,3999.0
1Pwx2hQvg7cDZbC9,35,Reignyskyes,Shaman,Lightbrood,2650.0
1Pwx2hQvg7cDZbC9,35,Soliloquy,Priest,Lightbrood,2644.0
1Pwx2hQvg7cDZbC9,35,Dshivà,Paladin,Dshivà,916140.0
1Pwx2hQvg7cDZbC9,35,Demonvini,DemonHunter,Dshivà,5334.0
1Pwx2hQvg7cDZbC9,35,Raginbull,Warrior,Dshivà,4879.0
1Pwx2hQvg7cDZbC9,35,Quetzalli,Monk,Dshivà,4196.0
1Pwx2hQvg7cDZbC9,35,Lightbrood,Paladin,Dshivà,3939.0
1Pwx2hQvg7cDZbC9,35,Khaztharion,Evoker,Khaztharion,119368.0
1Pwx2hQvg7cDZbC9,35,Sparklë,Druid,Sparklë,272809.0
1Pwx2hQvg7cDZbC9,35,Chontosh,Paladin,Chontosh,1247038.0
1Pwx2hQvg7cDZbC9,35,Demonvini,DemonHunter,Chontosh,178901.0
1Pwx2hQvg7cDZbC9,35,Wolfcaza,Hunter,Chontosh,161951.0
1Pwx2hQvg7cDZbC9,35,Mârtirio,Priest,Chontosh,155555.0
1Pwx2hQvg7cDZbC9,35,Jüggernäut,Druid,Chontosh,133287.0
1Pwx2hQvg7cDZbC9,35,Palkia,Shaman,Palkia,622329.0
1Pwx2hQvg7cDZbC9,36,Reignyskyes,Shaman,Reignyskyes,9420037.0
1Pwx2hQvg7cDZbC9,36,Dshivà,Paladin,Reignyskyes,7686107.0
1Pwx2hQvg7cDZbC9,36,Squalliiv,Paladin,Reignyskyes,6887061.0
1Pwx2hQvg7cDZbC9,36,Shockabeotch,Shaman,Reignyskyes,6571153.0
1Pwx2hQvg7cDZbC9,36,Spluss,Warlock,Reignyskyes,5834481.0
1Pwx2hQvg7cDZbC9,36,Felphantomxx,DemonHunter,Felphantomxx,6702596.0
1Pwx2hQvg7cDZbC9,36,Mârtirio,Priest,Mârtirio,10697848.0
1Pwx2hQvg7cDZbC9,36,Demonvini,DemonHunter,Mârtirio,8579389.0
1Pwx2hQvg7cDZbC9,36,Lightbrood,Paladin,Mârtirio,8532300.0
1Pwx2hQvg7cDZbC9,36,Khaztharion,Evoker,Mârtirio,7275899.0
1Pwx2hQvg7cDZbC9,36,Jüggernäut,Druid,Mârtirio,6770579.0
1Pwx2hQvg7cDZbC9,36,Raginbull,Warrior,Raginbull,5689042.0
1Pwx2hQvg7cDZbC9,36,Spluss,Warlock,Spluss,4266012.0
1Pwx2hQvg7cDZbC9,36,Squalliiv,Paladin,Squalliiv,5260002.0
1Pwx2hQvg7cDZbC9,36,Dshivà,Paladin,Squalliiv,233578.0
1Pwx2hQvg7cDZbC9,36,Palkia,Shaman,Squalliiv,181319.0
1Pwx2hQvg7cDZbC9,36,Reignyskyes,Shaman,Squalliiv,158572.0
1Pwx2hQvg7cDZbC9,36,Shockabeotch,Shaman,Squalliiv,149955.0
1Pwx2hQvg7cDZbC9,36,Dshivà,Paladin,Dshivà,5822071.0
1Pwx2hQvg7cDZbC9,36,Squalliiv,Paladin,Dshivà,258927.0
1Pwx2hQvg7cDZbC9,36,Quetzalli,Monk,Dshivà,209338.0
1Pwx2hQvg7cDZbC9,36,Palkia,Shaman,Dshivà,189299.0
1Pwx2hQvg7cDZbC9,36,Khaztharion,Evoker,Dshivà,188234.0
1Pwx2hQvg7cDZbC9,36,Khaztharion,Evoker,Khaztharion,2503250.0
1Pwx2hQvg7cDZbC9,36,Spluss,Warlock,Khaztharion,108337.0
1Pwx2hQvg7cDZbC9,36,Mârtirio,Priest,Khaztharion,45045.0
1Pwx2hQvg7cDZbC9,36,Lightbrood,Paladin,Khaztharion,17789.0
1Pwx2hQvg7cDZbC9,36,Soliloquy,Priest,Khaztharion,17052.0
1Pwx2hQvg7cDZbC9,36,Wolfcaza,Hunter,Wolfcaza,393214.0
1Pwx2hQvg7cDZbC9,36,Jüggernäut,Druid,Jüggernäut,18709785.0
1Pwx2hQvg7cDZbC9,36,Reignyskyes,Shaman,Jüggernäut,1082114.0
1Pwx2hQvg7cDZbC9,36,Chontosh,Paladin,Jüggernäut,379184.0
1Pwx2hQvg7cDZbC9,36,Dshivà,Paladin,Jüggernäut,374012.0
1Pwx2hQvg7cDZbC9,36,Quetzalli,Monk,Jüggernäut,328357.0
1Pwx2hQvg7cDZbC9,36,Benzd,Druid,Benzd,502078.0
1Pwx2hQvg7cDZbC9,36,Raginbull,Warrior,Benzd,16447.0
1Pwx2hQvg7cDZbC9,36,Soliloquy,Priest,Soliloquy,8586842.0
1Pwx2hQvg7cDZbC9,36,Lightbrood,Paladin,Soliloquy,456003.0
1Pwx2hQvg7cDZbC9,36,Mydrood,Druid,Soliloquy,407821.0
1Pwx2hQvg7cDZbC9,36,Chontosh,Paladin,Soliloquy,397788.0
1Pwx2hQvg7cDZbC9,36,Shockabeotch,Shaman,Soliloquy,391908.0
1Pwx2hQvg7cDZbC9,36,Demonvini,DemonHunter,Demonvini,19994464.0
1Pwx2hQvg7cDZbC9,36,Palkia,Shaman,Demonvini,215875.0
1Pwx2hQvg7cDZbC9,36,Quetzalli,Monk,Demonvini,208463.0
1Pwx2hQvg7cDZbC9,36,Dshivà,Paladin,Demonvini,163391.0
1Pwx2hQvg7cDZbC9,36,Shockabeotch,Shaman,Demonvini,136912.0
1Pwx2hQvg7cDZbC9,36,Mydrood,Druid,Mydrood,2417098.0
1Pwx2hQvg7cDZbC9,36,Chontosh,Paladin,Mydrood,747363.0
1Pwx2hQvg7cDZbC9,36,Wolfcaza,Hunter,Mydrood,377156.0
1Pwx2hQvg7cDZbC9,36,Reignyskyes,Shaman,Mydrood,358305.0
1Pwx2hQvg7cDZbC9,36,Spluss,Warlock,Mydrood,355343.0
1Pwx2hQvg7cDZbC9,36,Shockabeotch,Shaman,Shockabeotch,3308268.0
1Pwx2hQvg7cDZbC9,36,Lightbrood,Paladin,Lightbrood,1588118.0
1Pwx2hQvg7cDZbC9,36,Dshivà,Paladin,Lightbrood,227944.0
1Pwx2hQvg7cDZbC9,36,Shockabeotch,Shaman,Lightbrood,193816.0
1Pwx2hQvg7cDZbC9,36,Squalliiv,Paladin,Lightbrood,187761.0
1Pwx2hQvg7cDZbC9,36,Palkia,Shaman,Lightbrood,180524.0
1Pwx2hQvg7cDZbC9,36,Quetzalli,Monk,Quetzalli,2539672.0
1Pwx2hQvg7cDZbC9,36,Sparklë,Druid,Sparklë,633393.0
1Pwx2hQvg7cDZbC9,36,Chontosh,Paladin,Chontosh,9788537.0
1Pwx2hQvg7cDZbC9,36,Soliloquy,Priest,Chontosh,8699370.0
1Pwx2hQvg7cDZbC9,36,Shockabeotch,Shaman,Chontosh,7708021.0
1Pwx2hQvg7cDZbC9,36,Quetzalli,Monk,Chontosh,6724934.0
1Pwx2hQvg7cDZbC9,36,Mydrood,Druid,Chontosh,6491119.0
1Pwx2hQvg7cDZbC9,36,Palkia,Shaman,Palkia,3645138.0
1Pwx2hQvg7cDZbC9,41,Reignyskyes,Shaman,Reignyskyes,9228114.0
1Pwx2hQvg7cDZbC9,41,Jüggernäut,Druid,Reignyskyes,5642780.0
1Pwx2hQvg7cDZbC9,41,Squalliiv,Paladin,Reignyskyes,5602690.0
1Pwx2hQvg7cDZbC9,41,Spluss,Warlock,Reignyskyes,4478791.0
1Pwx2hQvg7cDZbC9,41,Khaztharion,Evoker,Reignyskyes,4389575.0
1Pwx2hQvg7cDZbC9,41,Felphantomxx,DemonHunter,Felphantomxx,6200163.0
1Pwx2hQvg7cDZbC9,41,Jüggernäut,Druid,Mârtirio,11134028.0
1Pwx2hQvg7cDZbC9,41,Mârtirio,Priest,Mârtirio,8126571.0
1Pwx2hQvg7cDZbC9,41,Squalliiv,Paladin,Mârtirio,7119800.0
1Pwx2hQvg7cDZbC9,41,Shockabeotch,Shaman,Mârtirio,5740006.0
1Pwx2hQvg7cDZbC9,41,Lightbrood,Paladin,Mârtirio,5510489.0
1Pwx2hQvg7cDZbC9,41,Raginbull,Warrior,Raginbull,5654958.0
1Pwx2hQvg7cDZbC9,41,Spluss,Warlock,Raginbull,31866.0
1Pwx2hQvg7cDZbC9,41,Spluss,Warlock,Spluss,3182378.0
1Pwx2hQvg7cDZbC9,41,Maztajake,Druid,Maztajake,847123.0
1Pwx2hQvg7cDZbC9,41,Lightbrood,Paladin,Maztajake,16002.0
1Pwx2hQvg7cDZbC9,41,Chontosh,Paladin,Maztajake,11417.0
1Pwx2hQvg7cDZbC9,41,Squalliiv,Paladin,Squalliiv,14783583.0
1Pwx2hQvg7cDZbC9,41,Reignyskyes,Shaman,Squalliiv,191327.0
1Pwx2hQvg7cDZbC9,41,Jüggernäut,Druid,Squalliiv,178212.0
1Pwx2hQvg7cDZbC9,41,Shockabeotch,Shaman,Squalliiv,168143.0
1Pwx2hQvg7cDZbC9,41,Maztajake,Druid,Squalliiv,152476.0
1Pwx2hQvg7cDZbC9,41,Dshivà,Paladin,Dshivà,2121445.0
1Pwx2hQvg7cDZbC9,41,Lightbrood,Paladin,Dshivà,88520.0
1Pwx2hQvg7cDZbC9,41,Squalliiv,Paladin,Dshivà,80815.0
1Pwx2hQvg7cDZbC9,41,Chontosh,Paladin,Dshivà,80282.0
1Pwx2hQvg7cDZbC9,41,Jüggernäut,Druid,Dshivà,72677.0
1Pwx2hQvg7cDZbC9,41,Khaztharion,Evoker,Khaztharion,1377599.0
1Pwx2hQvg7cDZbC9,41,Felphantomxx,DemonHunter,Khaztharion,107025.0
1Pwx2hQvg7cDZbC9,41,Mârtirio,Priest,Khaztharion,90298.0
1Pwx2hQvg7cDZbC9,41,Raginbull,Warrior,Khaztharion,47679.0
1Pwx2hQvg7cDZbC9,41,Wolfcaza,Hunter,Khaztharion,46480.0
1Pwx2hQvg7cDZbC9,41,Reignyskyes,Shaman,Hex Lord Malacrass,855428.0
1Pwx2hQvg7cDZbC9,41,Lightbrood,Paladin,Hex Lord Malacrass,855428.0
1Pwx2hQvg7cDZbC9,41,Dshivà,Paladin,Hex Lord Malacrass,855428.0
1Pwx2hQvg7cDZbC9,41,Chontosh,Paladin,Hex Lord Malacrass,855428.0
1Pwx2hQvg7cDZbC9,41,Shockabeotch,Shaman,Hex Lord Malacrass,615054.0
1Pwx2hQvg7cDZbC9,41,Wolfcaza,Hunter,Wolfcaza,709239.0
1Pwx2hQvg7cDZbC9,41,Khaztharion,Evoker,Wolfcaza,15457.0
1Pwx2hQvg7cDZbC9,41,Jüggernäut,Druid,Jüggernäut,19575558.0
1Pwx2hQvg7cDZbC9,41,Reignyskyes,Shaman,Jüggernäut,906815.0
1Pwx2hQvg7cDZbC9,41,Shockabeotch,Shaman,Jüggernäut,532478.0
1Pwx2hQvg7cDZbC9,41,Mârtirio,Priest,Jüggernäut,237791.0
1Pwx2hQvg7cDZbC9,41,Squalliiv,Paladin,Jüggernäut,202027.0
1Pwx2hQvg7cDZbC9,41,Soliloquy,Priest,Soliloquy,3078521.0
1Pwx2hQvg7cDZbC9,41,Reignyskyes,Shaman,Soliloquy,109007.0
1Pwx2hQvg7cDZbC9,41,Maztajake,Druid,Soliloquy,99263.0
1Pwx2hQvg7cDZbC9,41,Lightbrood,Paladin,Soliloquy,95735.0
1Pwx2hQvg7cDZbC9,41,Mârtirio,Priest,Soliloquy,93286.0
1Pwx2hQvg7cDZbC9,41,Demonvini,DemonHunter,Demonvini,4400393.0
1Pwx2hQvg7cDZbC9,41,Felphantomxx,DemonHunter,Demonvini,93875.0
1Pwx2hQvg7cDZbC9,41,Reignyskyes,Shaman,Demonvini,68408.0
1Pwx2hQvg7cDZbC9,41,Shockabeotch,Shaman,Demonvini,33527.0
1Pwx2hQvg7cDZbC9,41,Khaztharion,Evoker,Demonvini,33527.0
1Pwx2hQvg7cDZbC9,41,Mydrood,Druid,Mydrood,70527.0
1Pwx2hQvg7cDZbC9,41,Shockabeotch,Shaman,Shockabeotch,3143700.0
1Pwx2hQvg7cDZbC9,41,Spluss,Warlock,Shockabeotch,8009.0
1Pwx2hQvg7cDZbC9,41,Quetzalli,Monk,Quetzalli,1607200.0
1Pwx2hQvg7cDZbC9,41,Lightbrood,Paladin,Lightbrood,1403592.0
1Pwx2hQvg7cDZbC9,41,Reignyskyes,Shaman,Lightbrood,158989.0
1Pwx2hQvg7cDZbC9,41,Khaztharion,Evoker,Lightbrood,156039.0
1Pwx2hQvg7cDZbC9,41,Raginbull,Warrior,Lightbrood,148156.0
1Pwx2hQvg7cDZbC9,41,Squalliiv,Paladin,Lightbrood,132355.0
1Pwx2hQvg7cDZbC9,41,Chontosh,Paladin,Chontosh,5630934.0
1Pwx2hQvg7cDZbC9,41,Squalliiv,Paladin,Chontosh,4927884.0
1Pwx2hQvg7cDZbC9,41,Shockabeotch,Shaman,Chontosh,4920941.0
1Pwx2hQvg7cDZbC9,41,Lightbrood,Paladin,Chontosh,4886179.0
1Pwx2hQvg7cDZbC9,41,Maztajake,Druid,Chontosh,4616909.0
1Pwx2hQvg7cDZbC9,42,Reignyskyes,Shaman,Reignyskyes,7426336.0
1Pwx2hQvg7cDZbC9,42,Spluss,Warlock,Reignyskyes,4957184.0
1Pwx2hQvg7cDZbC9,42,Squalliiv,Paladin,Reignyskyes,4702848.0
1Pwx2hQvg7cDZbC9,42,Maztajake,Druid,Reignyskyes,4263640.0
1Pwx2hQvg7cDZbC9,42,Wolfcaza,Hunter,Reignyskyes,4190251.0
1Pwx2hQvg7cDZbC9,42,Squalliiv,Paladin,Mârtirio,7832612.0
1Pwx2hQvg7cDZbC9,42,Mârtirio,Priest,Mârtirio,7542800.0
1Pwx2hQvg7cDZbC9,42,Jüggernäut,Druid,Mârtirio,6830423.0
1Pwx2hQvg7cDZbC9,42,Wolfcaza,Hunter,Mârtirio,5937812.0
1Pwx2hQvg7cDZbC9,42,Mydrood,Druid,Mârtirio,5699859.0
1Pwx2hQvg7cDZbC9,42,Spluss,Warlock,Spluss,2357646.0
1Pwx2hQvg7cDZbC9,42,Maztajake,Druid,Maztajake,309351.0
1Pwx2hQvg7cDZbC9,42,Squalliiv,Paladin,Squalliiv,11783148.0
1Pwx2hQvg7cDZbC9,42,Dshivà,Paladin,Squalliiv,204567.0
1Pwx2hQvg7cDZbC9,42,Pixelexipdk,DeathKnight,Squalliiv,187090.0
1Pwx2hQvg7cDZbC9,42,Maztajake,Druid,Squalliiv,186954.0
1Pwx2hQvg7cDZbC9,42,Quetzalli,Monk,Squalliiv,171695.0
1Pwx2hQvg7cDZbC9,42,Dshivà,Paladin,Dshivà,2351955.0
1Pwx2hQvg7cDZbC9,42,Quetzalli,Monk,Dshivà,150644.0
1Pwx2hQvg7cDZbC9,42,Lightbrood,Paladin,Dshivà,122614.0
1Pwx2hQvg7cDZbC9,42,Pixelexipdk,DeathKnight,Dshivà,117669.0
1Pwx2hQvg7cDZbC9,42,Squalliiv,Paladin,Dshivà,104892.0
1Pwx2hQvg7cDZbC9,42,Khaztharion,Evoker,Khaztharion,1290311.0
1Pwx2hQvg7cDZbC9,42,Quetzalli,Monk,Khaztharion,129022.0
1Pwx2hQvg7cDZbC9,42,Wolfcaza,Hunter,Khaztharion,80504.0
1Pwx2hQvg7cDZbC9,42,Mârtirio,Priest,Khaztharion,62558.0
1Pwx2hQvg7cDZbC9,42,Jüggernäut,Druid,Khaztharion,56884.0
1Pwx2hQvg7cDZbC9,42,Dshivà,Paladin,Hex Lord Malacrass,855428.0
1Pwx2hQvg7cDZbC9,42,Wolfcaza,Hunter,Hex Lord Malacrass,427714.0
1Pwx2hQvg7cDZbC9,42,Maztajake,Druid,Hex Lord Malacrass,427714.0
1Pwx2hQvg7cDZbC9,42,Demonvini,DemonHunter,Hex Lord Malacrass,427714.0
1Pwx2hQvg7cDZbC9,42,Quetzalli,Monk,Hex Lord Malacrass,427714.0
1Pwx2hQvg7cDZbC9,42,Wolfcaza,Hunter,Wolfcaza,1485926.0
1Pwx2hQvg7cDZbC9,42,Dshivà,Paladin,Wolfcaza,30476.0
1Pwx2hQvg7cDZbC9,42,Jüggernäut,Druid,Jüggernäut,11876430.0
1Pwx2hQvg7cDZbC9,42,Reignyskyes,Shaman,Jüggernäut,788323.0
1Pwx2hQvg7cDZbC9,42,Lightbrood,Paladin,Jüggernäut,331242.0
1Pwx2hQvg7cDZbC9,42,Spluss,Warlock,Jüggernäut,301984.0
1Pwx2hQvg7cDZbC9,42,Squalliiv,Paladin,Jüggernäut,248795.0
1Pwx2hQvg7cDZbC9,42,Soliloquy,Priest,Soliloquy,5199584.0
1Pwx2hQvg7cDZbC9,42,Quetzalli,Monk,Soliloquy,294430.0
1Pwx2hQvg7cDZbC9,42,Mydrood,Druid,Soliloquy,248394.0
1Pwx2hQvg7cDZbC9,42,Dshivà,Paladin,Soliloquy,240591.0
1Pwx2hQvg7cDZbC9,42,Jüggernäut,Druid,Soliloquy,240441.0
1Pwx2hQvg7cDZbC9,42,Pixelexipdk,DeathKnight,Pixelexipdk,2947936.0
1Pwx2hQvg7cDZbC9,42,Demonvini,DemonHunter,Demonvini,5253287.0
1Pwx2hQvg7cDZbC9,42,Dshivà,Paladin,Demonvini,16878.0
1Pwx2hQvg7cDZbC9,42,Mydrood,Druid,Mydrood,5385008.0
1Pwx2hQvg7cDZbC9,42,Lightbrood,Paladin,Mydrood,4517204.0
1Pwx2hQvg7cDZbC9,42,Quetzalli,Monk,Mydrood,4192385.0
1Pwx2hQvg7cDZbC9,42,Squalliiv,Paladin,Mydrood,4126242.0
1Pwx2hQvg7cDZbC9,42,Maztajake,Druid,Mydrood,3971598.0
1Pwx2hQvg7cDZbC9,42,Shockabeotch,Shaman,Shockabeotch,893286.0
1Pwx2hQvg7cDZbC9,42,Squalliiv,Paladin,Shockabeotch,729250.0
1Pwx2hQvg7cDZbC9,42,Maztajake,Druid,Shockabeotch,18508.0
1Pwx2hQvg7cDZbC9,42,Lightbrood,Paladin,Lightbrood,1541495.0
1Pwx2hQvg7cDZbC9,42,Maztajake,Druid,Lightbrood,166116.0
1Pwx2hQvg7cDZbC9,42,Dshivà,Paladin,Lightbrood,134296.0
1Pwx2hQvg7cDZbC9,42,Mydrood,Druid,Lightbrood,126053.0
1Pwx2hQvg7cDZbC9,42,Squalliiv,Paladin,Lightbrood,116398.0
1Pwx2hQvg7cDZbC9,42,Quetzalli,Monk,Quetzalli,1454483.0
1Pwx2hQvg7cDZbC9,43,Reignyskyes,Shaman,Reignyskyes,2891281.0
1Pwx2hQvg7cDZbC9,43,Jüggernäut,Druid,Reignyskyes,1404002.0
1Pwx2hQvg7cDZbC9,43,Dshivà,Paladin,Reignyskyes,1222745.0
1Pwx2hQvg7cDZbC9,43,Spluss,Warlock,Reignyskyes,1170254.0
1Pwx2hQvg7cDZbC9,43,Wolfcaza,Hunter,Reignyskyes,1121974.0
1Pwx2hQvg7cDZbC9,43,Mârtirio,Priest,Mârtirio,4034267.0
1Pwx2hQvg7cDZbC9,43,Jüggernäut,Druid,Mârtirio,3701376.0
1Pwx2hQvg7cDZbC9,43,Reignyskyes,Shaman,Mârtirio,2310665.0
1Pwx2hQvg7cDZbC9,43,Wolfcaza,Hunter,Mârtirio,1713236.0
1Pwx2hQvg7cDZbC9,43,Demonvini,DemonHunter,Mârtirio,1421466.0
1Pwx2hQvg7cDZbC9,43,Spluss,Warlock,Spluss,1202221.0
1Pwx2hQvg7cDZbC9,43,Maztajake,Druid,Maztajake,809887.0
1Pwx2hQvg7cDZbC9,43,Squalliiv,Paladin,Squalliiv,4217137.0
1Pwx2hQvg7cDZbC9,43,Khaztharion,Evoker,Squalliiv,71870.0
1Pwx2hQvg7cDZbC9,43,Lightbrood,Paladin,Squalliiv,53786.0
1Pwx2hQvg7cDZbC9,43,Pixelexipdk,DeathKnight,Squalliiv,47163.0
1Pwx2hQvg7cDZbC9,43,Demonvini,DemonHunter,Squalliiv,40946.0
1Pwx2hQvg7cDZbC9,43,Dshivà,Paladin,Dshivà,1328507.0
1Pwx2hQvg7cDZbC9,43,Fazuhurro,Warlock,Dshivà,237814.0
1Pwx2hQvg7cDZbC9,43,Wolfcaza,Hunter,Dshivà,193001.0
1Pwx2hQvg7cDZbC9,43,Quetzalli,Monk,Dshivà,36753.0
1Pwx2hQvg7cDZbC9,43,Spluss,Warlock,Dshivà,30889.0
1Pwx2hQvg7cDZbC9,43,Khaztharion,Evoker,Khaztharion,321615.0
1Pwx2hQvg7cDZbC9,43,Shockabeotch,Shaman,Khaztharion,1912.0
1Pwx2hQvg7cDZbC9,43,Fazuhurro,Warlock,Fazuhurro,1615405.0
1Pwx2hQvg7cDZbC9,43,Wolfcaza,Hunter,Wolfcaza,550591.0
1Pwx2hQvg7cDZbC9,43,Spluss,Warlock,Wolfcaza,16286.0
1Pwx2hQvg7cDZbC9,43,Jüggernäut,Druid,Jüggernäut,11999866.0
1Pwx2hQvg7cDZbC9,43,Khaztharion,Evoker,Jüggernäut,150647.0
1Pwx2hQvg7cDZbC9,43,Demonvini,DemonHunter,Jüggernäut,86589.0
1Pwx2hQvg7cDZbC9,43,Spluss,Warlock,Jüggernäut,58382.0
1Pwx2hQvg7cDZbC9,43,Lightbrood,Paladin,Jüggernäut,37306.0
1Pwx2hQvg7cDZbC9,43,Soliloquy,Priest,Soliloquy,2255268.0
1Pwx2hQvg7cDZbC9,43,Pixelexipdk,DeathKnight,Soliloquy,149765.0
1Pwx2hQvg7cDZbC9,43,Reignyskyes,Shaman,Soliloquy,140756.0
1Pwx2hQvg7cDZbC9,43,Squalliiv,Paladin,Soliloquy,115449.0
1Pwx2hQvg7cDZbC9,43,Maztajake,Druid,Soliloquy,110257.0
1Pwx2hQvg7cDZbC9,43,Pixelexipdk,DeathKnight,Pixelexipdk,2291932.0
1Pwx2hQvg7cDZbC9,43,Khaztharion,Evoker,Pixelexipdk,35060.0
1Pwx2hQvg7cDZbC9,43,Demonvini,DemonHunter,Demonvini,2237440.0
1Pwx2hQvg7cDZbC9,43,Squalliiv,Paladin,Demonvini,88292.0
1Pwx2hQvg7cDZbC9,43,Lightbrood,Paladin,Demonvini,23747.0
1Pwx2hQvg7cDZbC9,43,Mydrood,Druid,Mydrood,3733445.0
1Pwx2hQvg7cDZbC9,43,Jüggernäut,Druid,Mydrood,2431619.0
1Pwx2hQvg7cDZbC9,43,Quetzalli,Monk,Mydrood,2028101.0
1Pwx2hQvg7cDZbC9,43,Pixelexipdk,DeathKnight,Mydrood,1910375.0
1Pwx2hQvg7cDZbC9,43,Lightbrood,Paladin,Mydrood,1743257.0
1Pwx2hQvg7cDZbC9,43,Shockabeotch,Shaman,Shockabeotch,697743.0
1Pwx2hQvg7cDZbC9,43,Squalliiv,Paladin,Shockabeotch,281201.0
1Pwx2hQvg7cDZbC9,43,Quetzalli,Monk,Quetzalli,834890.0
1Pwx2hQvg7cDZbC9,43,Lightbrood,Paladin,Lightbrood,1048481.0
1Pwx2hQvg7cDZbC9,43,Quetzalli,Monk,Lightbrood,63226.0
1Pwx2hQvg7cDZbC9,43,Pixelexipdk,DeathKnight,Lightbrood,37618.0
1Pwx2hQvg7cDZbC9,43,Maztajake,Druid,Lightbrood,36094.0
1Pwx2hQvg7cDZbC9,43,Squalliiv,Paladin,Lightbrood,31738.0
2Hn6qhfTFaYytXrD,2,Khalysin,Rogue,Khalysin,2332397.0
2Hn6qhfTFaYytXrD,2,Wrathblink,Mage,Khalysin,51162.0
2Hn6qhfTFaYytXrD,2,Rmp,Rogue,Khalysin,31143.0
2Hn6qhfTFaYytXrD,2,Analilation,DemonHunter,Khalysin,23930.0
2Hn6qhfTFaYytXrD,2,Lunna,Mage,Khalysin,1783.0
2Hn6qhfTFaYytXrD,2,Frostburn,Mage,Frostburn,2058867.0
2Hn6qhfTFaYytXrD,2,Milkmagestro,Mage,Milkmagestro,1025072.0
2Hn6qhfTFaYytXrD,2,Keanuleaves,Druid,Keanuleaves,1528672.0
2Hn6qhfTFaYytXrD,2,Bangdingow,Monk,Keanuleaves,1096147.0
2Hn6qhfTFaYytXrD,2,Deathraptor,Warlock,Keanuleaves,1045700.0
2Hn6qhfTFaYytXrD,2,Analilation,DemonHunter,Keanuleaves,955998.0
2Hn6qhfTFaYytXrD,2,Brevick,Paladin,Keanuleaves,859615.0
2Hn6qhfTFaYytXrD,2,Analilation,DemonHunter,Analilation,5865432.0
2Hn6qhfTFaYytXrD,2,Keanuleaves,Druid,Analilation,112620.0
2Hn6qhfTFaYytXrD,2,Wrathblink,Mage,Analilation,78943.0
2Hn6qhfTFaYytXrD,2,Deathraptor,Warlock,Analilation,59304.0
2Hn6qhfTFaYytXrD,2,Lunna,Mage,Analilation,53143.0
2Hn6qhfTFaYytXrD,2,Feltwux,Warlock,Feltwux,1560960.0
2Hn6qhfTFaYytXrD,2,Bangdingow,Monk,Bangdingow,2036125.0
2Hn6qhfTFaYytXrD,2,Feltwux,Warlock,Bangdingow,1451128.0
2Hn6qhfTFaYytXrD,2,Shockabeotch,Shaman,Bangdingow,1413699.0
2Hn6qhfTFaYytXrD,2,Deathraptor,Warlock,Bangdingow,1327042.0
2Hn6qhfTFaYytXrD,2,Picadilyphil,Warlock,Bangdingow,1119508.0
2Hn6qhfTFaYytXrD,2,Deathraptor,Warlock,Deathraptor,1463474.0
2Hn6qhfTFaYytXrD,2,Shockabeotch,Shaman,Shockabeotch,427803.0
2Hn6qhfTFaYytXrD,2,Slashxi,Rogue,Slashxi,2030915.0
2Hn6qhfTFaYytXrD,2,Scuti,Priest,Scuti,2404892.0
2Hn6qhfTFaYytXrD,2,Feltwux,Warlock,Scuti,105339.0
2Hn6qhfTFaYytXrD,2,Frostburn,Mage,Scuti,92242.0
2Hn6qhfTFaYytXrD,2,Bangdingow,Monk,Scuti,89463.0
2Hn6qhfTFaYytXrD,2,Brevick,Paladin,Scuti,81307.0
2Hn6qhfTFaYytXrD,2,Rmp,Rogue,Rmp,1472280.0
2Hn6qhfTFaYytXrD,2,Lunna,Mage,Rmp,34080.0
2Hn6qhfTFaYytXrD,2,Picadilyphil,Warlock,Rmp,30327.0
2Hn6qhfTFaYytXrD,2,Wrathblink,Mage,Rmp,16839.0
2Hn6qhfTFaYytXrD,2,Deathraptor,Warlock,Rmp,14055.0
2Hn6qhfTFaYytXrD,2,Baliran,Druid,Baliran,2056509.0
2Hn6qhfTFaYytXrD,2,Scuti,Priest,Baliran,123513.0
2Hn6qhfTFaYytXrD,2,Bangdingow,Monk,Baliran,87922.0
2Hn6qhfTFaYytXrD,2,Orthae,Priest,Baliran,78398.0
2Hn6qhfTFaYytXrD,2,Rmp,Rogue,Baliran,75174.0
2Hn6qhfTFaYytXrD,2,Letratrat,Evoker,Letratrat,2978601.0
2Hn6qhfTFaYytXrD,2,Shockabeotch,Shaman,Letratrat,1897665.0
2Hn6qhfTFaYytXrD,2,Quantumphysi,Priest,Letratrat,1832849.0
2Hn6qhfTFaYytXrD,2,Wrathblink,Mage,Letratrat,1766103.0
2Hn6qhfTFaYytXrD,2,Frostburn,Mage,Letratrat,1667793.0
2Hn6qhfTFaYytXrD,2,Quantumphysi,Priest,Quantumphysi,1320082.0
2Hn6qhfTFaYytXrD,2,Picadilyphil,Warlock,Picadilyphil,860410.0
2Hn6qhfTFaYytXrD,2,Cannalily,Mage,Cannalily,1398895.0
2Hn6qhfTFaYytXrD,2,Brevick,Paladin,Brevick,1079122.0
2Hn6qhfTFaYytXrD,2,Bangdingow,Monk,Brevick,49958.0
2Hn6qhfTFaYytXrD,2,Wrathblink,Mage,Brevick,48178.0
2Hn6qhfTFaYytXrD,2,Slashxi,Rogue,Brevick,47218.0
2Hn6qhfTFaYytXrD,2,Rmp,Rogue,Brevick,46125.0
2Hn6qhfTFaYytXrD,2,Vodorimmord,Warlock,Vodorimmord,1221418.0
2Hn6qhfTFaYytXrD,2,Orthae,Priest,Orthae,2608708.0
2Hn6qhfTFaYytXrD,2,Deathraptor,Warlock,Orthae,109512.0
2Hn6qhfTFaYytXrD,2,Picadilyphil,Warlock,Orthae,105243.0
2Hn6qhfTFaYytXrD,2,Frostburn,Mage,Orthae,104392.0
2Hn6qhfTFaYytXrD,2,Scuti,Priest,Orthae,87513.0
2Hn6qhfTFaYytXrD,2,Wrathblink,Mage,Wrathblink,328930.0
2Hn6qhfTFaYytXrD,2,Illyy,Priest,Illyy,1590219.0
2Hn6qhfTFaYytXrD,2,Vodorimmord,Warlock,Illyy,1332963.0
2Hn6qhfTFaYytXrD,2,Quantumphysi,Priest,Illyy,1281875.0
2Hn6qhfTFaYytXrD,2,Keanuleaves,Druid,Illyy,1147702.0
2Hn6qhfTFaYytXrD,2,Analilation,DemonHunter,Illyy,1054251.0
2Hn6qhfTFaYytXrD,2,Lunna,Mage,Lunna,2165536.0
2Hn6qhfTFaYytXrD,2,Åtllås,Priest,Åtllås,2344023.0
2Hn6qhfTFaYytXrD,2,Illyy,Priest,Åtllås,81487.0
2Hn6qhfTFaYytXrD,2,Picadilyphil,Warlock,Åtllås,78603.0
2Hn6qhfTFaYytXrD,2,Quantumphysi,Priest,Åtllås,72833.0
2Hn6qhfTFaYytXrD,2,Vodorimmord,Warlock,Åtllås,71092.0
2Hn6qhfTFaYytXrD,7,Frostburn,Mage,Frostburn,1826029.0
2Hn6qhfTFaYytXrD,7,Milkmagestro,Mage,Milkmagestro,2154651.0
2Hn6qhfTFaYytXrD,7,Keanuleaves,Druid,Keanuleaves,2322747.0
2Hn6qhfTFaYytXrD,7,Baliran,Druid,Keanuleaves,1279149.0
2Hn6qhfTFaYytXrD,7,Midgèt,Hunter,Keanuleaves,1042914.0
2Hn6qhfTFaYytXrD,7,Deathraptor,Warlock,Keanuleaves,917016.0
2Hn6qhfTFaYytXrD,7,Illyy,Priest,Keanuleaves,914622.0
2Hn6qhfTFaYytXrD,7,Analilation,DemonHunter,Analilation,11533314.0
2Hn6qhfTFaYytXrD,7,Midgèt,Hunter,Analilation,53374.0
2Hn6qhfTFaYytXrD,7,Wrathblink,Mage,Analilation,48183.0
2Hn6qhfTFaYytXrD,7,Savage,DeathKnight,Analilation,18164.0
2Hn6qhfTFaYytXrD,7,Milkmagestro,Mage,Analilation,17792.0
2Hn6qhfTFaYytXrD,7,Feltwux,Warlock,Feltwux,916234.0
2Hn6qhfTFaYytXrD,7,Bangdingow,Monk,Bangdingow,2789642.0
2Hn6qhfTFaYytXrD,7,Baliran,Druid,Bangdingow,1985916.0
2Hn6qhfTFaYytXrD,7,Savage,DeathKnight,Bangdingow,1611955.0
2Hn6qhfTFaYytXrD,7,Frostburn,Mage,Bangdingow,1568508.0
2Hn6qhfTFaYytXrD,7,Shockabeotch,Shaman,Bangdingow,1439048.0
2Hn6qhfTFaYytXrD,7,Deathraptor,Warlock,Deathraptor,2137312.0
2Hn6qhfTFaYytXrD,7,Shockabeotch,Shaman,Shockabeotch,2289484.0
2Hn6qhfTFaYytXrD,7,Velarisaa,Mage,Velarisaa,1495267.0
2Hn6qhfTFaYytXrD,7,Slashxi,Rogue,Slashxi,2442612.0
2Hn6qhfTFaYytXrD,7,Scuti,Priest,Scuti,1933725.0
2Hn6qhfTFaYytXrD,7,Åtllås,Priest,Scuti,101931.0
2Hn6qhfTFaYytXrD,7,Brevick,Paladin,Scuti,77536.0
2Hn6qhfTFaYytXrD,7,Bangdingow,Monk,Scuti,72542.0
2Hn6qhfTFaYytXrD,7,Slashxi,Rogue,Scuti,68994.0
2Hn6qhfTFaYytXrD,7,Rmp,Rogue,Rmp,56465.0
2Hn6qhfTFaYytXrD,7,Baliran,Druid,Baliran,6895984.0
2Hn6qhfTFaYytXrD,7,Bangdingow,Monk,Baliran,436513.0
2Hn6qhfTFaYytXrD,7,Brevick,Paladin,Baliran,135650.0
2Hn6qhfTFaYytXrD,7,Wrathblink,Mage,Baliran,129497.0
2Hn6qhfTFaYytXrD,7,Vodorimmord,Warlock,Baliran,126482.0
2Hn6qhfTFaYytXrD,7,Letratrat,Evoker,Letratrat,4424864.0
2Hn6qhfTFaYytXrD,7,Quantumphysi,Priest,Letratrat,1896052.0
2Hn6qhfTFaYytXrD,7,Vodorimmord,Warlock,Letratrat,1867658.0
2Hn6qhfTFaYytXrD,7,Milkmagestro,Mage,Letratrat,1709962.0
2Hn6qhfTFaYytXrD,7,Åtllås,Priest,Letratrat,1634395.0
2Hn6qhfTFaYytXrD,7,Quantumphysi,Priest,Quantumphysi,2064467.0
2Hn6qhfTFaYytXrD,7,Picadilyphil,Warlock,Picadilyphil,941692.0
2Hn6qhfTFaYytXrD,7,Feltwux,Warlock,Picadilyphil,14217.0
2Hn6qhfTFaYytXrD,7,Vodorimmord,Warlock,Vodorimmord,2217048.0
2Hn6qhfTFaYytXrD,7,Wrathblink,Mage,Vodorimmord,5932.0
2Hn6qhfTFaYytXrD,7,Brevick,Paladin,Brevick,1037395.0
2Hn6qhfTFaYytXrD,7,Savage,DeathKnight,Brevick,39377.0
2Hn6qhfTFaYytXrD,7,Milkmagestro,Mage,Brevick,37831.0
2Hn6qhfTFaYytXrD,7,Bangdingow,Monk,Brevick,33951.0
2Hn6qhfTFaYytXrD,7,Slashxi,Rogue,Brevick,31176.0
2Hn6qhfTFaYytXrD,7,Midgèt,Hunter,Midgèt,624328.0
2Hn6qhfTFaYytXrD,7,Orthae,Priest,Orthae,3359649.0
2Hn6qhfTFaYytXrD,7,Baliran,Druid,Orthae,114225.0
2Hn6qhfTFaYytXrD,7,Midgèt,Hunter,Orthae,94211.0
2Hn6qhfTFaYytXrD,7,Deathraptor,Warlock,Orthae,79975.0
2Hn6qhfTFaYytXrD,7,Illyy,Priest,Orthae,71149.0
2Hn6qhfTFaYytXrD,7,Wrathblink,Mage,Wrathblink,534767.0
2Hn6qhfTFaYytXrD,7,Illyy,Priest,Illyy,2807295.0
2Hn6qhfTFaYytXrD,7,Frostburn,Mage,Illyy,2427840.0
2Hn6qhfTFaYytXrD,7,Midgèt,Hunter,Illyy,1979836.0
2Hn6qhfTFaYytXrD,7,Deathraptor,Warlock,Illyy,1747688.0
2Hn6qhfTFaYytXrD,7,Baliran,Druid,Illyy,1522158.0
2Hn6qhfTFaYytXrD,7,Lunna,Mage,Lunna,2298611.0
2Hn6qhfTFaYytXrD,7,Savage,DeathKnight,Savage,2177188.0
2Hn6qhfTFaYytXrD,7,Åtllås,Priest,Åtllås,2713943.0
2Hn6qhfTFaYytXrD,7,Keanuleaves,Druid,Åtllås,236019.0
2Hn6qhfTFaYytXrD,7,Orthae,Priest,Åtllås,216200.0
2Hn6qhfTFaYytXrD,7,Deathraptor,Warlock,Åtllås,201006.0
2Hn6qhfTFaYytXrD,7,Analilation,DemonHunter,Åtllås,150808.0
2Hn6qhfTFaYytXrD,8,Frostburn,Mage,Frostburn,3620179.0
2Hn6qhfTFaYytXrD,8,Milkmagestro,Mage,Milkmagestro,3988602.0
2Hn6qhfTFaYytXrD,8,Keanuleaves,Druid,Milkmagestro,19419.0
2Hn6qhfTFaYytXrD,8,Keanuleaves,Druid,Keanuleaves,6921923.0
2Hn6qhfTFaYytXrD,8,Baliran,Druid,Keanuleaves,2758938.0
2Hn6qhfTFaYytXrD,8,Illyy,Priest,Keanuleaves,2729363.0
2Hn6qhfTFaYytXrD,8,Milkmagestro,Mage,Keanuleaves,1791432.0
2Hn6qhfTFaYytXrD,8,Savage,DeathKnight,Keanuleaves,1680407.0
2Hn6qhfTFaYytXrD,8,Analilation,DemonHunter,Analilation,21542245.0
2Hn6qhfTFaYytXrD,8,Åtllås,Priest,Analilation,130899.0
2Hn6qhfTFaYytXrD,8,Letratrat,Evoker,Analilation,115317.0
2Hn6qhfTFaYytXrD,8,Illyy,Priest,Analilation,96074.0
2Hn6qhfTFaYytXrD,8,Lunna,Mage,Analilation,95312.0
2Hn6qhfTFaYytXrD,8,Feltwux,Warlock,Feltwux,1505295.0
2Hn6qhfTFaYytXrD,8,Bangdingow,Monk,Feltwux,39526.0
2Hn6qhfTFaYytXrD,8,Bangdingow,Monk,Bangdingow,8105554.0
2Hn6qhfTFaYytXrD,8,Baliran,Druid,Bangdingow,3842727.0
2Hn6qhfTFaYytXrD,8,Frostburn,Mage,Bangdingow,2989201.0
2Hn6qhfTFaYytXrD,8,Orthae,Priest,Bangdingow,2837594.0
2Hn6qhfTFaYytXrD,8,Lunna,Mage,Bangdingow,2826636.0
2Hn6qhfTFaYytXrD,8,Deathraptor,Warlock,Deathraptor,4376608.0
2Hn6qhfTFaYytXrD,8,Shockabeotch,Shaman,Shockabeotch,5039353.0
2Hn6qhfTFaYytXrD,8,Deathraptor,Warlock,Shockabeotch,14373.0
2Hn6qhfTFaYytXrD,8,Velarisaa,Mage,Velarisaa,4635315.0
2Hn6qhfTFaYytXrD,8,Slashxi,Rogue,Slashxi,3884039.0
2Hn6qhfTFaYytXrD,8,Scuti,Priest,Scuti,5727854.0
2Hn6qhfTFaYytXrD,8,Illyy,Priest,Scuti,290018.0
2Hn6qhfTFaYytXrD,8,Letratrat,Evoker,Scuti,280912.0
2Hn6qhfTFaYytXrD,8,Orthae,Priest,Scuti,179966.0
2Hn6qhfTFaYytXrD,8,Bangdingow,Monk,Scuti,157020.0
2Hn6qhfTFaYytXrD,8,Rmp,Rogue,Rmp,4063664.0
2Hn6qhfTFaYytXrD,8,Picadilyphil,Warlock,Rmp,18642.0
2Hn6qhfTFaYytXrD,8,Keanuleaves,Druid,Rmp,18565.0
2Hn6qhfTFaYytXrD,8,Velarisaa,Mage,Rmp,18155.0
2Hn6qhfTFaYytXrD,8,Illyy,Priest,Rmp,14374.0
2Hn6qhfTFaYytXrD,8,Baliran,Druid,Baliran,15301935.0
2Hn6qhfTFaYytXrD,8,Bangdingow,Monk,Baliran,778703.0
2Hn6qhfTFaYytXrD,8,Rmp,Rogue,Baliran,314069.0
2Hn6qhfTFaYytXrD,8,Savage,DeathKnight,Baliran,197409.0
2Hn6qhfTFaYytXrD,8,Frostburn,Mage,Baliran,196447.0
2Hn6qhfTFaYytXrD,8,Letratrat,Evoker,Letratrat,8753302.0
2Hn6qhfTFaYytXrD,8,Brevick,Paladin,Letratrat,3744485.0
2Hn6qhfTFaYytXrD,8,Baliran,Druid,Letratrat,3551984.0
2Hn6qhfTFaYytXrD,8,Velarisaa,Mage,Letratrat,3430850.0
2Hn6qhfTFaYytXrD,8,Åtllås,Priest,Letratrat,3320825.0
2Hn6qhfTFaYytXrD,8,Quantumphysi,Priest,Quantumphysi,2671437.0
2Hn6qhfTFaYytXrD,8,Picadilyphil,Warlock,Picadilyphil,948375.0
2Hn6qhfTFaYytXrD,8,Brevick,Paladin,Brevick,5544480.0
2Hn6qhfTFaYytXrD,8,Rmp,Rogue,Brevick,130266.0
2Hn6qhfTFaYytXrD,8,Baliran,Druid,Brevick,129041.0
2Hn6qhfTFaYytXrD,8,Bangdingow,Monk,Brevick,109524.0
2Hn6qhfTFaYytXrD,8,Orthae,Priest,Brevick,101537.0
2Hn6qhfTFaYytXrD,8,Vodorimmord,Warlock,Vodorimmord,1898537.0
2Hn6qhfTFaYytXrD,8,Midgèt,Hunter,Midgèt,1482093.0
2Hn6qhfTFaYytXrD,8,Orthae,Priest,Orthae,7300413.0
2Hn6qhfTFaYytXrD,8,Shockabeotch,Shaman,Orthae,201378.0
2Hn6qhfTFaYytXrD,8,Lunna,Mage,Orthae,198840.0
2Hn6qhfTFaYytXrD,8,Baliran,Druid,Orthae,189486.0
2Hn6qhfTFaYytXrD,8,Milkmagestro,Mage,Orthae,186640.0
2Hn6qhfTFaYytXrD,8,Wrathblink,Mage,Wrathblink,2276102.0
2Hn6qhfTFaYytXrD,8,Midgèt,Hunter,Illyy,5515397.0
2Hn6qhfTFaYytXrD,8,Illyy,Priest,Illyy,5086237.0
2Hn6qhfTFaYytXrD,8,Keanuleaves,Druid,Illyy,4630808.0
2Hn6qhfTFaYytXrD,8,Shockabeotch,Shaman,Illyy,3927999.0
2Hn6qhfTFaYytXrD,8,Milkmagestro,Mage,Illyy,3673074.0
2Hn6qhfTFaYytXrD,8,Lunna,Mage,Lunna,5363268.0
2Hn6qhfTFaYytXrD,8,Savage,DeathKnight,Savage,3753301.0
2Hn6qhfTFaYytXrD,8,Åtllås,Priest,Åtllås,6601320.0
2Hn6qhfTFaYytXrD,8,Illyy,Priest,Åtllås,364263.0
2Hn6qhfTFaYytXrD,8,Scuti,Priest,Åtllås,345952.0
2Hn6qhfTFaYytXrD,8,Keanuleaves,Druid,Åtllås,345177.0
2Hn6qhfTFaYytXrD,8,Orthae,Priest,Åtllås,320251.0
31PjbgTG8KDC9JBh,1,Dahlela,Priest,Dahlela,1414873.0
31PjbgTG8KDC9JBh,1,Whilton,Druid,Dahlela,143036.0
31PjbgTG8KDC9JBh,1,Primeval,Shaman,Dahlela,122213.0
31PjbgTG8KDC9JBh,1,Siare,Warlock,Dahlela,121929.0
31PjbgTG8KDC9JBh,1,Dystrophee,DeathKnight,Dahlela,113777.0
31PjbgTG8KDC9JBh,1,Decayed,DeathKnight,Decayed,9402305.0
31PjbgTG8KDC9JBh,1,Deseral,Evoker,Deseral,409867.0
31PjbgTG8KDC9JBh,1,Whilton,Druid,Deseral,39623.0
31PjbgTG8KDC9JBh,1,Soliloquy,Priest,Deseral,38646.0
31PjbgTG8KDC9JBh,1,Siare,Warlock,Deseral,23032.0
31PjbgTG8KDC9JBh,1,Dahlela,Priest,Deseral,17788.0
31PjbgTG8KDC9JBh,1,Ilidank,DemonHunter,Ilidank,3156682.0
31PjbgTG8KDC9JBh,1,Dystrophee,DeathKnight,Dystrophee,1139550.0
31PjbgTG8KDC9JBh,1,Grapefroot,Hunter,Grapefroot,875480.0
31PjbgTG8KDC9JBh,1,Decayed,DeathKnight,Chontosh,2939123.0
31PjbgTG8KDC9JBh,1,Chontosh,Paladin,Chontosh,2578992.0
31PjbgTG8KDC9JBh,1,Maztajake,Druid,Chontosh,2046309.0
31PjbgTG8KDC9JBh,1,Whilton,Druid,Chontosh,1857778.0
31PjbgTG8KDC9JBh,1,Tavendar,Paladin,Chontosh,1775560.0
31PjbgTG8KDC9JBh,1,Averlis,Druid,Averlis,1067153.0
31PjbgTG8KDC9JBh,1,Siare,Warlock,Siare,1480125.0
31PjbgTG8KDC9JBh,1,Maztajake,Druid,Maztajake,319083.0
31PjbgTG8KDC9JBh,1,Averlis,Druid,Primeval,2844737.0
31PjbgTG8KDC9JBh,1,Decayed,DeathKnight,Primeval,2684431.0
31PjbgTG8KDC9JBh,1,Primeval,Shaman,Primeval,2658198.0
31PjbgTG8KDC9JBh,1,Whilton,Druid,Primeval,2523919.0
31PjbgTG8KDC9JBh,1,Chontosh,Paladin,Primeval,2162943.0
31PjbgTG8KDC9JBh,1,Deseral,Evoker,Tavendar,2833811.0
31PjbgTG8KDC9JBh,1,Mannarchy,Paladin,Tavendar,1843044.0
31PjbgTG8KDC9JBh,1,Tavendar,Paladin,Tavendar,1774857.0
31PjbgTG8KDC9JBh,1,Grapefroot,Hunter,Tavendar,1762902.0
31PjbgTG8KDC9JBh,1,Chontosh,Paladin,Tavendar,1542395.0
31PjbgTG8KDC9JBh,1,Whilton,Druid,Whilton,1100922.0
31PjbgTG8KDC9JBh,1,Decayed,DeathKnight,Whilton,101372.0
31PjbgTG8KDC9JBh,1,Maztajake,Druid,Whilton,72676.0
31PjbgTG8KDC9JBh,1,Soliloquy,Priest,Soliloquy,2415615.0
31PjbgTG8KDC9JBh,1,Decayed,DeathKnight,Soliloquy,218204.0
31PjbgTG8KDC9JBh,1,Primeval,Shaman,Soliloquy,178485.0
31PjbgTG8KDC9JBh,1,Whilton,Druid,Soliloquy,174029.0
31PjbgTG8KDC9JBh,1,Averlis,Druid,Soliloquy,146091.0
31PjbgTG8KDC9JBh,1,Mannarchy,Paladin,Mannarchy,5265986.0
31PjbgTG8KDC9JBh,1,Decayed,DeathKnight,Mannarchy,1498171.0
31PjbgTG8KDC9JBh,1,Primeval,Shaman,Mannarchy,125110.0
31PjbgTG8KDC9JBh,1,Averlis,Druid,Mannarchy,113081.0
31PjbgTG8KDC9JBh,1,Grapefroot,Hunter,Mannarchy,96852.0
31PjbgTG8KDC9JBh,3,Dahlela,Priest,Dahlela,39262.0
31PjbgTG8KDC9JBh,3,Chontosh,Paladin,Dahlela,6703.0
31PjbgTG8KDC9JBh,3,Averlis,Druid,Dahlela,4582.0
31PjbgTG8KDC9JBh,3,Primeval,Shaman,Dahlela,4557.0
31PjbgTG8KDC9JBh,3,Soliloquy,Priest,Dahlela,4522.0
31PjbgTG8KDC9JBh,3,Maztajake,Druid,Maztajake,112970.0
31PjbgTG8KDC9JBh,3,Decayed,DeathKnight,Decayed,1108713.0
31PjbgTG8KDC9JBh,3,Soliloquy,Priest,Primeval,1064451.0
31PjbgTG8KDC9JBh,3,Averlis,Druid,Primeval,584036.0
31PjbgTG8KDC9JBh,3,Primeval,Shaman,Primeval,306336.0
31PjbgTG8KDC9JBh,3,Dahlela,Priest,Primeval,180442.0
31PjbgTG8KDC9JBh,3,Dystrophee,DeathKnight,Primeval,102117.0
31PjbgTG8KDC9JBh,3,Soliloquy,Priest,Tavendar,325203.0
31PjbgTG8KDC9JBh,3,Tavendar,Paladin,Tavendar,210328.0
31PjbgTG8KDC9JBh,3,Dystrophee,DeathKnight,Tavendar,167895.0
31PjbgTG8KDC9JBh,3,Averlis,Druid,Tavendar,157218.0
31PjbgTG8KDC9JBh,3,Decayed,DeathKnight,Tavendar,138574.0
31PjbgTG8KDC9JBh,3,Whilton,Druid,Whilton,5615.0
31PjbgTG8KDC9JBh,3,Dystrophee,DeathKnight,Dystrophee,6106.0
31PjbgTG8KDC9JBh,3,Soliloquy,Priest,Soliloquy,20621.0
31PjbgTG8KDC9JBh,3,Chontosh,Paladin,Chontosh,771278.0
31PjbgTG8KDC9JBh,3,Averlis,Druid,Chontosh,294089.0
31PjbgTG8KDC9JBh,3,Decayed,DeathKnight,Chontosh,219808.0
31PjbgTG8KDC9JBh,3,Whilton,Druid,Chontosh,181240.0
31PjbgTG8KDC9JBh,3,Dahlela,Priest,Chontosh,63202.0
31PjbgTG8KDC9JBh,3,Averlis,Druid,Averlis,237209.0
31PjbgTG8KDC9JBh,3,Mannarchy,Paladin,Mannarchy,133950.0
31PjbgTG8KDC9JBh,3,Siare,Warlock,Siare,123878.0
31PjbgTG8KDC9JBh,4,Dahlela,Priest,Dahlela,1760080.0
31PjbgTG8KDC9JBh,4,Chontosh,Paladin,Dahlela,130615.0
31PjbgTG8KDC9JBh,4,Whilton,Druid,Dahlela,121175.0
31PjbgTG8KDC9JBh,4,Ilidank,DemonHunter,Dahlela,110298.0
31PjbgTG8KDC9JBh,4,Averlis,Druid,Dahlela,104882.0
31PjbgTG8KDC9JBh,4,Decayed,DeathKnight,Decayed,18496878.0
31PjbgTG8KDC9JBh,4,Deseral,Evoker,Deseral,1370093.0
31PjbgTG8KDC9JBh,4,Maztajake,Druid,Deseral,187501.0
31PjbgTG8KDC9JBh,4,Primeval,Shaman,Deseral,95769.0
31PjbgTG8KDC9JBh,4,Mannarchy,Paladin,Deseral,95640.0
31PjbgTG8KDC9JBh,4,Tavendar,Paladin,Deseral,87491.0
31PjbgTG8KDC9JBh,4,Ilidank,DemonHunter,Ilidank,6497258.0
31PjbgTG8KDC9JBh,4,Siare,Warlock,Ilidank,62166.0
31PjbgTG8KDC9JBh,4,Dystrophee,DeathKnight,Ilidank,18029.0
31PjbgTG8KDC9JBh,4,Tavendar,Paladin,Ilidank,13174.0
31PjbgTG8KDC9JBh,4,Chontosh,Paladin,Ilidank,6588.0
31PjbgTG8KDC9JBh,4,Dystrophee,DeathKnight,Dystrophee,2857998.0
31PjbgTG8KDC9JBh,4,Grapefroot,Hunter,Grapefroot,2208087.0
31PjbgTG8KDC9JBh,4,Maztajake,Druid,Chontosh,4523024.0
31PjbgTG8KDC9JBh,4,Tavendar,Paladin,Chontosh,4426760.0
31PjbgTG8KDC9JBh,4,Decayed,DeathKnight,Chontosh,4184478.0
31PjbgTG8KDC9JBh,4,Deseral,Evoker,Chontosh,4113247.0
31PjbgTG8KDC9JBh,4,Chontosh,Paladin,Chontosh,3878873.0
31PjbgTG8KDC9JBh,4,Averlis,Druid,Averlis,1568216.0
31PjbgTG8KDC9JBh,4,Soliloquy,Priest,Averlis,176531.0
31PjbgTG8KDC9JBh,4,Dahlela,Priest,Averlis,170395.0
31PjbgTG8KDC9JBh,4,Deseral,Evoker,Averlis,163978.0
31PjbgTG8KDC9JBh,4,Siare,Warlock,Averlis,72792.0
31PjbgTG8KDC9JBh,4,Siare,Warlock,Siare,3569129.0
31PjbgTG8KDC9JBh,4,Maztajake,Druid,Maztajake,1708806.0
31PjbgTG8KDC9JBh,4,Dystrophee,DeathKnight,Maztajake,198581.0
31PjbgTG8KDC9JBh,4,Grapefroot,Hunter,Maztajake,187531.0
31PjbgTG8KDC9JBh,4,Tavendar,Paladin,Maztajake,174658.0
31PjbgTG8KDC9JBh,4,Siare,Warlock,Maztajake,161685.0
31PjbgTG8KDC9JBh,4,Primeval,Shaman,Primeval,11575542.0
31PjbgTG8KDC9JBh,4,Dystrophee,DeathKnight,Primeval,6659641.0
31PjbgTG8KDC9JBh,4,Averlis,Druid,Primeval,6433933.0
31PjbgTG8KDC9JBh,4,Maztajake,Druid,Primeval,5883082.0
31PjbgTG8KDC9JBh,4,Tavendar,Paladin,Primeval,5824130.0
31PjbgTG8KDC9JBh,4,Tavendar,Paladin,Tavendar,9657292.0
31PjbgTG8KDC9JBh,4,Deseral,Evoker,Tavendar,6098137.0
31PjbgTG8KDC9JBh,4,Siare,Warlock,Tavendar,5178226.0
31PjbgTG8KDC9JBh,4,Maztajake,Druid,Tavendar,3550851.0
31PjbgTG8KDC9JBh,4,Dahlela,Priest,Tavendar,3226664.0
31PjbgTG8KDC9JBh,4,Whilton,Druid,Whilton,1296698.0
31PjbgTG8KDC9JBh,4,Deseral,Evoker,Whilton,400656.0
31PjbgTG8KDC9JBh,4,Grapefroot,Hunter,Whilton,281512.0
31PjbgTG8KDC9JBh,4,Dahlela,Priest,Whilton,275655.0
31PjbgTG8KDC9JBh,4,Chontosh,Paladin,Whilton,255880.0
31PjbgTG8KDC9JBh,4,Soliloquy,Priest,Soliloquy,4558667.0
31PjbgTG8KDC9JBh,4,Chontosh,Paladin,Soliloquy,263440.0
31PjbgTG8KDC9JBh,4,Whilton,Druid,Soliloquy,190167.0
31PjbgTG8KDC9JBh,4,Grapefroot,Hunter,Soliloquy,186220.0
31PjbgTG8KDC9JBh,4,Maztajake,Druid,Soliloquy,175071.0
31PjbgTG8KDC9JBh,4,Mannarchy,Paladin,Mannarchy,9379464.0
31PjbgTG8KDC9JBh,4,Decayed,DeathKnight,Mannarchy,1538773.0
31PjbgTG8KDC9JBh,4,Grapefroot,Hunter,Mannarchy,425361.0
31PjbgTG8KDC9JBh,4,Maztajake,Druid,Mannarchy,295976.0
31PjbgTG8KDC9JBh,4,Averlis,Druid,Mannarchy,255758.0
31PjbgTG8KDC9JBh,5,Dahlela,Priest,Dahlela,3480572.0
31PjbgTG8KDC9JBh,5,Averlis,Druid,Dahlela,180172.0
31PjbgTG8KDC9JBh,5,Grapefroot,Hunter,Dahlela,173900.0
31PjbgTG8KDC9JBh,5,Maztajake,Druid,Dahlela,166267.0
31PjbgTG8KDC9JBh,5,Sinfxl,Mage,Dahlela,165378.0
31PjbgTG8KDC9JBh,5,Decayed,DeathKnight,Decayed,13268464.0
31PjbgTG8KDC9JBh,5,Deseral,Evoker,Deseral,966221.0
31PjbgTG8KDC9JBh,5,Mannarchy,Paladin,Deseral,65028.0
31PjbgTG8KDC9JBh,5,Dystrophee,DeathKnight,Deseral,62993.0
31PjbgTG8KDC9JBh,5,Dahlela,Priest,Deseral,56762.0
31PjbgTG8KDC9JBh,5,Grapefroot,Hunter,Deseral,54159.0
31PjbgTG8KDC9JBh,5,Ilidank,DemonHunter,Ilidank,4311135.0
31PjbgTG8KDC9JBh,5,Tavendar,Paladin,Ilidank,19761.0
31PjbgTG8KDC9JBh,5,Sinfxl,Mage,Ilidank,13176.0
31PjbgTG8KDC9JBh,5,Maztajake,Druid,Ilidank,12332.0
31PjbgTG8KDC9JBh,5,Mannarchy,Paladin,Ilidank,6587.0
31PjbgTG8KDC9JBh,5,Dystrophee,DeathKnight,Dystrophee,1512625.0
31PjbgTG8KDC9JBh,5,Grapefroot,Hunter,Grapefroot,1763599.0
31PjbgTG8KDC9JBh,5,Chontosh,Paladin,Chontosh,5499854.0
31PjbgTG8KDC9JBh,5,Decayed,DeathKnight,Chontosh,5235088.0
31PjbgTG8KDC9JBh,5,Grapefroot,Hunter,Chontosh,4617683.0
31PjbgTG8KDC9JBh,5,Mannarchy,Paladin,Chontosh,4302894.0
31PjbgTG8KDC9JBh,5,Soliloquy,Priest,Chontosh,4267895.0
31PjbgTG8KDC9JBh,5,Averlis,Druid,Averlis,998609.0
31PjbgTG8KDC9JBh,5,Siare,Warlock,Siare,1718057.0
31PjbgTG8KDC9JBh,5,Maztajake,Druid,Maztajake,674050.0
31PjbgTG8KDC9JBh,5,Primeval,Shaman,Primeval,7252972.0
31PjbgTG8KDC9JBh,5,Grapefroot,Hunter,Primeval,5457049.0
31PjbgTG8KDC9JBh,5,Maztajake,Druid,Primeval,4164889.0
31PjbgTG8KDC9JBh,5,Sinfxl,Mage,Primeval,4149757.0
31PjbgTG8KDC9JBh,5,Averlis,Druid,Primeval,4069690.0
31PjbgTG8KDC9JBh,5,Tavendar,Paladin,Tavendar,4380418.0
31PjbgTG8KDC9JBh,5,Deseral,Evoker,Tavendar,4191025.0
31PjbgTG8KDC9JBh,5,Siare,Warlock,Tavendar,3672375.0
31PjbgTG8KDC9JBh,5,Dahlela,Priest,Tavendar,2983366.0
31PjbgTG8KDC9JBh,5,Sinfxl,Mage,Tavendar,2955793.0
31PjbgTG8KDC9JBh,5,Whilton,Druid,Whilton,270904.0
31PjbgTG8KDC9JBh,5,Tavendar,Paladin,Whilton,71100.0
31PjbgTG8KDC9JBh,5,Sinfxl,Mage,Whilton,22631.0
31PjbgTG8KDC9JBh,5,Soliloquy,Priest,Whilton,9125.0
31PjbgTG8KDC9JBh,5,Grapefroot,Hunter,Whilton,3808.0
31PjbgTG8KDC9JBh,5,Sinfxl,Mage,Sinfxl,2016894.0
31PjbgTG8KDC9JBh,5,Soliloquy,Priest,Soliloquy,5238481.0
31PjbgTG8KDC9JBh,5,Maztajake,Druid,Soliloquy,275335.0
31PjbgTG8KDC9JBh,5,Sinfxl,Mage,Soliloquy,245720.0
31PjbgTG8KDC9JBh,5,Averlis,Druid,Soliloquy,227382.0
31PjbgTG8KDC9JBh,5,Grapefroot,Hunter,Soliloquy,224813.0
31PjbgTG8KDC9JBh,5,Mannarchy,Paladin,Mannarchy,8009656.0
31PjbgTG8KDC9JBh,5,Decayed,DeathKnight,Mannarchy,1005064.0
31PjbgTG8KDC9JBh,5,Grapefroot,Hunter,Mannarchy,979272.0
31PjbgTG8KDC9JBh,5,Averlis,Druid,Mannarchy,189846.0
31PjbgTG8KDC9JBh,5,Primeval,Shaman,Mannarchy,169235.0
3gymwM9c2Av4Xk6r,10,Mannarchy,Paladin,Mannarchy,4251936.0
3gymwM9c2Av4Xk6r,10,Maztajake,Druid,Mannarchy,178260.0
3gymwM9c2Av4Xk6r,10,Asharia,DemonHunter,Mannarchy,97546.0
3gymwM9c2Av4Xk6r,10,Aurëus,Paladin,Mannarchy,76855.0
3gymwM9c2Av4Xk6r,10,Cryonox,DeathKnight,Mannarchy,47880.0
3gymwM9c2Av4Xk6r,10,Sinfxl,Mage,Sinfxl,1362785.0
3gymwM9c2Av4Xk6r,10,Grapefroot,Hunter,Grapefroot,1163935.0
3gymwM9c2Av4Xk6r,10,Decayed,DeathKnight,Decayed,14915887.0
3gymwM9c2Av4Xk6r,10,Panes,Paladin,Panes,1486598.0
3gymwM9c2Av4Xk6r,10,Zeleria,Paladin,Panes,48003.0
3gymwM9c2Av4Xk6r,10,Aurëus,Paladin,Panes,38017.0
3gymwM9c2Av4Xk6r,10,Grapefroot,Hunter,Panes,35464.0
3gymwM9c2Av4Xk6r,10,Meowrawrxo,Druid,Panes,32920.0
3gymwM9c2Av4Xk6r,10,Greyseer,Hunter,Greyseer,655898.0
3gymwM9c2Av4Xk6r,10,Siare,Warlock,Siare,1581439.0
3gymwM9c2Av4Xk6r,10,Zeleria,Paladin,Zeleria,2499944.0
3gymwM9c2Av4Xk6r,10,Sinfxl,Mage,Zeleria,2220082.0
3gymwM9c2Av4Xk6r,10,Greyseer,Hunter,Zeleria,2207189.0
3gymwM9c2Av4Xk6r,10,Grapefroot,Hunter,Zeleria,1819548.0
3gymwM9c2Av4Xk6r,10,Lìllith,Warlock,Zeleria,1733583.0
3gymwM9c2Av4Xk6r,10,Viserion,Evoker,Viserion,4864815.0
3gymwM9c2Av4Xk6r,10,Grapefroot,Hunter,Viserion,1439650.0
3gymwM9c2Av4Xk6r,10,Decayed,DeathKnight,Viserion,1282258.0
3gymwM9c2Av4Xk6r,10,Meowrawrxo,Druid,Viserion,1230416.0
3gymwM9c2Av4Xk6r,10,Averlis,Druid,Viserion,1218684.0
3gymwM9c2Av4Xk6r,10,Primeval,Shaman,Primeval,3602450.0
3gymwM9c2Av4Xk6r,10,Grapefroot,Hunter,Primeval,2820168.0
3gymwM9c2Av4Xk6r,10,Decayed,DeathKnight,Primeval,1987542.0
3gymwM9c2Av4Xk6r,10,Lìllith,Warlock,Primeval,1664949.0
3gymwM9c2Av4Xk6r,10,Siare,Warlock,Primeval,1641214.0
3gymwM9c2Av4Xk6r,10,Chontosh,Paladin,Chontosh,2310765.0
3gymwM9c2Av4Xk6r,10,Danzilla,Hunter,Chontosh,2305871.0
3gymwM9c2Av4Xk6r,10,Decayed,DeathKnight,Chontosh,2176024.0
3gymwM9c2Av4Xk6r,10,Greyseer,Hunter,Chontosh,1983149.0
3gymwM9c2Av4Xk6r,10,Aurëus,Paladin,Chontosh,1882902.0
3gymwM9c2Av4Xk6r,10,Asharia,DemonHunter,Asharia,2372344.0
3gymwM9c2Av4Xk6r,10,Aurëus,Paladin,Aurëus,1393381.0
3gymwM9c2Av4Xk6r,10,Zeleria,Paladin,Aurëus,47439.0
3gymwM9c2Av4Xk6r,10,Panes,Paladin,Aurëus,45401.0
3gymwM9c2Av4Xk6r,10,Siare,Warlock,Aurëus,38810.0
3gymwM9c2Av4Xk6r,10,Viserion,Evoker,Aurëus,32760.0
3gymwM9c2Av4Xk6r,10,Danzilla,Hunter,Danzilla,450119.0
3gymwM9c2Av4Xk6r,10,Aurëus,Paladin,Danzilla,9956.0
3gymwM9c2Av4Xk6r,10,Averlis,Druid,Danzilla,4258.0
3gymwM9c2Av4Xk6r,10,Lìllith,Warlock,Lìllith,939812.0
3gymwM9c2Av4Xk6r,10,Cryonox,DeathKnight,Cryonox,1831346.0
3gymwM9c2Av4Xk6r,10,Meowrawrxo,Druid,Meowrawrxo,2020291.0
3gymwM9c2Av4Xk6r,10,Zeleria,Paladin,Meowrawrxo,72127.0
3gymwM9c2Av4Xk6r,10,Lìllith,Warlock,Meowrawrxo,38423.0
3gymwM9c2Av4Xk6r,10,Spàdes,Warrior,Meowrawrxo,36335.0
3gymwM9c2Av4Xk6r,10,Primeval,Shaman,Meowrawrxo,31818.0
3gymwM9c2Av4Xk6r,10,Spàdes,Warrior,Spàdes,1165496.0
3gymwM9c2Av4Xk6r,10,Maztajake,Druid,Maztajake,126209.0
3gymwM9c2Av4Xk6r,10,Averlis,Druid,Averlis,1462304.0
3gymwM9c2Av4Xk6r,10,Danzilla,Hunter,Averlis,169314.0
3gymwM9c2Av4Xk6r,10,Primeval,Shaman,Averlis,151496.0
3gymwM9c2Av4Xk6r,10,Grapefroot,Hunter,Averlis,135189.0
3gymwM9c2Av4Xk6r,10,Chontosh,Paladin,Averlis,126204.0
3gymwM9c2Av4Xk6r,11,Mannarchy,Paladin,Mannarchy,4191792.0
3gymwM9c2Av4Xk6r,11,Decayed,DeathKnight,Mannarchy,531857.0
3gymwM9c2Av4Xk6r,11,Zeleria,Paladin,Mannarchy,294247.0
3gymwM9c2Av4Xk6r,11,Cryonox,DeathKnight,Mannarchy,44336.0
3gymwM9c2Av4Xk6r,11,Aurëus,Paladin,Mannarchy,42853.0
3gymwM9c2Av4Xk6r,11,Sinfxl,Mage,Sinfxl,1080177.0
3gymwM9c2Av4Xk6r,11,Grapefroot,Hunter,Grapefroot,1050120.0
3gymwM9c2Av4Xk6r,11,Decayed,DeathKnight,Decayed,11986251.0
3gymwM9c2Av4Xk6r,11,Panes,Paladin,Panes,587476.0
3gymwM9c2Av4Xk6r,11,Aurëus,Paladin,Panes,37535.0
3gymwM9c2Av4Xk6r,11,Meowrawrxo,Druid,Panes,28275.0
3gymwM9c2Av4Xk6r,11,Decayed,DeathKnight,Panes,21386.0
3gymwM9c2Av4Xk6r,11,Cryonox,DeathKnight,Panes,20745.0
3gymwM9c2Av4Xk6r,11,Greyseer,Hunter,Greyseer,377434.0
3gymwM9c2Av4Xk6r,11,Siare,Warlock,Siare,1026645.0
3gymwM9c2Av4Xk6r,11,Greyseer,Hunter,Zeleria,1649331.0
3gymwM9c2Av4Xk6r,11,Zeleria,Paladin,Zeleria,1603356.0
3gymwM9c2Av4Xk6r,11,Maztajake,Druid,Zeleria,1586414.0
3gymwM9c2Av4Xk6r,11,Averlis,Druid,Zeleria,1445773.0
3gymwM9c2Av4Xk6r,11,Chontosh,Paladin,Zeleria,1007662.0
3gymwM9c2Av4Xk6r,11,Viserion,Evoker,Viserion,2559045.0
3gymwM9c2Av4Xk6r,11,Lìllith,Warlock,Viserion,1420309.0
3gymwM9c2Av4Xk6r,11,Averlis,Druid,Viserion,1349375.0
3gymwM9c2Av4Xk6r,11,Danzilla,Hunter,Viserion,1208936.0
3gymwM9c2Av4Xk6r,11,Aurëus,Paladin,Viserion,909390.0
3gymwM9c2Av4Xk6r,11,Primeval,Shaman,Primeval,2941904.0
3gymwM9c2Av4Xk6r,11,Greyseer,Hunter,Primeval,1762423.0
3gymwM9c2Av4Xk6r,11,Decayed,DeathKnight,Primeval,1452430.0
3gymwM9c2Av4Xk6r,11,Siare,Warlock,Primeval,1437081.0
3gymwM9c2Av4Xk6r,11,Zeleria,Paladin,Primeval,1069950.0
3gymwM9c2Av4Xk6r,11,Asharia,DemonHunter,Asharia,1788209.0
3gymwM9c2Av4Xk6r,11,Greyseer,Hunter,Chontosh,1653669.0
3gymwM9c2Av4Xk6r,11,Decayed,DeathKnight,Chontosh,1437945.0
3gymwM9c2Av4Xk6r,11,Chontosh,Paladin,Chontosh,1056200.0
3gymwM9c2Av4Xk6r,11,Lìllith,Warlock,Chontosh,987008.0
3gymwM9c2Av4Xk6r,11,Maztajake,Druid,Chontosh,784833.0
3gymwM9c2Av4Xk6r,11,Aurëus,Paladin,Aurëus,722581.0
3gymwM9c2Av4Xk6r,11,Cryonox,DeathKnight,Aurëus,26571.0
3gymwM9c2Av4Xk6r,11,Siare,Warlock,Aurëus,23993.0
3gymwM9c2Av4Xk6r,11,Averlis,Druid,Aurëus,23714.0
3gymwM9c2Av4Xk6r,11,Chontosh,Paladin,Aurëus,23029.0
3gymwM9c2Av4Xk6r,11,Danzilla,Hunter,Danzilla,68903.0
3gymwM9c2Av4Xk6r,11,Averlis,Druid,Danzilla,6484.0
3gymwM9c2Av4Xk6r,11,Aurëus,Paladin,Danzilla,5946.0
3gymwM9c2Av4Xk6r,11,Lìllith,Warlock,Lìllith,811115.0
3gymwM9c2Av4Xk6r,11,Cryonox,DeathKnight,Cryonox,680362.0
3gymwM9c2Av4Xk6r,11,Meowrawrxo,Druid,Meowrawrxo,608615.0
3gymwM9c2Av4Xk6r,11,Decayed,DeathKnight,Meowrawrxo,50586.0
3gymwM9c2Av4Xk6r,11,Grapefroot,Hunter,Meowrawrxo,32282.0
3gymwM9c2Av4Xk6r,11,Panes,Paladin,Meowrawrxo,6319.0
3gymwM9c2Av4Xk6r,11,Cryonox,DeathKnight,Meowrawrxo,6113.0
3gymwM9c2Av4Xk6r,11,Spàdes,Warrior,Spàdes,1357328.0
3gymwM9c2Av4Xk6r,11,Maztajake,Druid,Maztajake,550491.0
3gymwM9c2Av4Xk6r,11,Averlis,Druid,Averlis,770718.0
3gymwM9c2Av4Xk6r,12,Mannarchy,Paladin,Mannarchy,4040428.0
3gymwM9c2Av4Xk6r,12,Decayed,DeathKnight,Mannarchy,285895.0
3gymwM9c2Av4Xk6r,12,Cryonox,DeathKnight,Mannarchy,59216.0
3gymwM9c2Av4Xk6r,12,Spàdes,Warrior,Mannarchy,54188.0
3gymwM9c2Av4Xk6r,12,Panes,Paladin,Mannarchy,33117.0
3gymwM9c2Av4Xk6r,12,Sinfxl,Mage,Sinfxl,1243599.0
3gymwM9c2Av4Xk6r,12,Grapefroot,Hunter,Grapefroot,1005561.0
3gymwM9c2Av4Xk6r,12,Panes,Paladin,Panes,841537.0
3gymwM9c2Av4Xk6r,12,Cryonox,DeathKnight,Panes,24208.0
3gymwM9c2Av4Xk6r,12,Aurëus,Paladin,Panes,22972.0
3gymwM9c2Av4Xk6r,12,Zeleria,Paladin,Panes,22713.0
3gymwM9c2Av4Xk6r,12,Spàdes,Warrior,Panes,22283.0
3gymwM9c2Av4Xk6r,12,Decayed,DeathKnight,Decayed,7724758.0
3gymwM9c2Av4Xk6r,12,Greyseer,Hunter,Greyseer,391781.0
3gymwM9c2Av4Xk6r,12,Siare,Warlock,Siare,1135853.0
3gymwM9c2Av4Xk6r,12,Zeleria,Paladin,Zeleria,1910742.0
3gymwM9c2Av4Xk6r,12,Maztajake,Druid,Zeleria,1428885.0
3gymwM9c2Av4Xk6r,12,Primeval,Shaman,Zeleria,1231834.0
3gymwM9c2Av4Xk6r,12,Sinfxl,Mage,Zeleria,1223623.0
3gymwM9c2Av4Xk6r,12,Viserion,Evoker,Zeleria,1215935.0
3gymwM9c2Av4Xk6r,12,Viserion,Evoker,Viserion,2889285.0
3gymwM9c2Av4Xk6r,12,Danzilla,Hunter,Viserion,1356489.0
3gymwM9c2Av4Xk6r,12,Decayed,DeathKnight,Viserion,1106621.0
3gymwM9c2Av4Xk6r,12,Chontosh,Paladin,Viserion,920898.0
3gymwM9c2Av4Xk6r,12,Grapefroot,Hunter,Viserion,897793.0
3gymwM9c2Av4Xk6r,12,Primeval,Shaman,Primeval,2993494.0
3gymwM9c2Av4Xk6r,12,Danzilla,Hunter,Primeval,1217499.0
3gymwM9c2Av4Xk6r,12,Cryonox,DeathKnight,Primeval,914490.0
3gymwM9c2Av4Xk6r,12,Spàdes,Warrior,Primeval,843135.0
3gymwM9c2Av4Xk6r,12,Decayed,DeathKnight,Primeval,748829.0
3gymwM9c2Av4Xk6r,12,Decayed,DeathKnight,Chontosh,1194844.0
3gymwM9c2Av4Xk6r,12,Chontosh,Paladin,Chontosh,691132.0
3gymwM9c2Av4Xk6r,12,Cryonox,DeathKnight,Chontosh,663391.0
3gymwM9c2Av4Xk6r,12,Greyseer,Hunter,Chontosh,622728.0
3gymwM9c2Av4Xk6r,12,Panes,Paladin,Chontosh,498690.0
3gymwM9c2Av4Xk6r,12,Asharia,DemonHunter,Asharia,2172451.0
3gymwM9c2Av4Xk6r,12,Aurëus,Paladin,Aurëus,1019510.0
3gymwM9c2Av4Xk6r,12,Spàdes,Warrior,Aurëus,36154.0
3gymwM9c2Av4Xk6r,12,Cryonox,DeathKnight,Aurëus,31162.0
3gymwM9c2Av4Xk6r,12,Lìllith,Warlock,Aurëus,24587.0
3gymwM9c2Av4Xk6r,12,Grapefroot,Hunter,Aurëus,20991.0
3gymwM9c2Av4Xk6r,12,Danzilla,Hunter,Danzilla,342875.0
3gymwM9c2Av4Xk6r,12,Aurëus,Paladin,Danzilla,9076.0
3gymwM9c2Av4Xk6r,12,Zeleria,Paladin,Danzilla,3698.0
3gymwM9c2Av4Xk6r,12,Lìllith,Warlock,Lìllith,979653.0
3gymwM9c2Av4Xk6r,12,Cryonox,DeathKnight,Cryonox,1086611.0
3gymwM9c2Av4Xk6r,12,Meowrawrxo,Druid,Meowrawrxo,517672.0
3gymwM9c2Av4Xk6r,12,Maztajake,Druid,Meowrawrxo,51122.0
3gymwM9c2Av4Xk6r,12,Cryonox,DeathKnight,Meowrawrxo,50318.0
3gymwM9c2Av4Xk6r,12,Decayed,DeathKnight,Meowrawrxo,45375.0
3gymwM9c2Av4Xk6r,12,Lìllith,Warlock,Meowrawrxo,31782.0
3gymwM9c2Av4Xk6r,12,Spàdes,Warrior,Spàdes,1223648.0
3gymwM9c2Av4Xk6r,12,Maztajake,Druid,Maztajake,478531.0
3gymwM9c2Av4Xk6r,12,Averlis,Druid,Averlis,1593894.0
3gymwM9c2Av4Xk6r,12,Primeval,Shaman,Averlis,167803.0
3gymwM9c2Av4Xk6r,12,Siare,Warlock,Averlis,161601.0
3gymwM9c2Av4Xk6r,12,Danzilla,Hunter,Averlis,149703.0
3gymwM9c2Av4Xk6r,12,Maztajake,Druid,Averlis,116886.0
3gymwM9c2Av4Xk6r,13,Mannarchy,Paladin,Mannarchy,3655843.0
3gymwM9c2Av4Xk6r,13,Primeval,Shaman,Mannarchy,240828.0
3gymwM9c2Av4Xk6r,13,Mypriiest,Priest,Mannarchy,38475.0
3gymwM9c2Av4Xk6r,13,Cryonox,DeathKnight,Mannarchy,25921.0
3gymwM9c2Av4Xk6r,13,Maztajake,Druid,Mannarchy,25833.0
3gymwM9c2Av4Xk6r,13,Sinfxl,Mage,Sinfxl,815515.0
3gymwM9c2Av4Xk6r,13,Grapefroot,Hunter,Grapefroot,584936.0
3gymwM9c2Av4Xk6r,13,Decayed,DeathKnight,Decayed,7302565.0
3gymwM9c2Av4Xk6r,13,Panes,Paladin,Panes,458309.0
3gymwM9c2Av4Xk6r,13,Grapefroot,Hunter,Panes,21319.0
3gymwM9c2Av4Xk6r,13,Cryonox,DeathKnight,Panes,20227.0
3gymwM9c2Av4Xk6r,13,Maztajake,Druid,Panes,16649.0
3gymwM9c2Av4Xk6r,13,Zeleria,Paladin,Panes,16061.0
3gymwM9c2Av4Xk6r,13,Greyseer,Hunter,Greyseer,121027.0
3gymwM9c2Av4Xk6r,13,Siare,Warlock,Siare,366031.0
3gymwM9c2Av4Xk6r,13,Sinfxl,Mage,Zeleria,1458947.0
3gymwM9c2Av4Xk6r,13,Zeleria,Paladin,Zeleria,1245212.0
3gymwM9c2Av4Xk6r,13,Grapefroot,Hunter,Zeleria,811768.0
3gymwM9c2Av4Xk6r,13,Mypriiest,Priest,Zeleria,769316.0
3gymwM9c2Av4Xk6r,13,Maztajake,Druid,Zeleria,713668.0
3gymwM9c2Av4Xk6r,13,Viserion,Evoker,Viserion,1913784.0
3gymwM9c2Av4Xk6r,13,Aurëus,Paladin,Viserion,714288.0
3gymwM9c2Av4Xk6r,13,Danzilla,Hunter,Viserion,623806.0
3gymwM9c2Av4Xk6r,13,Grapefroot,Hunter,Viserion,595455.0
3gymwM9c2Av4Xk6r,13,Lìllith,Warlock,Viserion,590348.0
3gymwM9c2Av4Xk6r,13,Primeval,Shaman,Primeval,2129717.0
3gymwM9c2Av4Xk6r,13,Grapefroot,Hunter,Primeval,931232.0
3gymwM9c2Av4Xk6r,13,Maztajake,Druid,Primeval,568307.0
3gymwM9c2Av4Xk6r,13,Sinfxl,Mage,Primeval,543087.0
3gymwM9c2Av4Xk6r,13,Danzilla,Hunter,Primeval,458370.0
3gymwM9c2Av4Xk6r,13,Chontosh,Paladin,Chontosh,1240637.0
3gymwM9c2Av4Xk6r,13,Mypriiest,Priest,Chontosh,740911.0
3gymwM9c2Av4Xk6r,13,Decayed,DeathKnight,Chontosh,706655.0
3gymwM9c2Av4Xk6r,13,Averlis,Druid,Chontosh,537249.0
3gymwM9c2Av4Xk6r,13,Mannarchy,Paladin,Chontosh,414817.0
3gymwM9c2Av4Xk6r,13,Asharia,DemonHunter,Asharia,690750.0
3gymwM9c2Av4Xk6r,13,Aurëus,Paladin,Aurëus,476236.0
3gymwM9c2Av4Xk6r,13,Zeleria,Paladin,Aurëus,33338.0
3gymwM9c2Av4Xk6r,13,Panes,Paladin,Aurëus,30207.0
3gymwM9c2Av4Xk6r,13,Meowrawrxo,Druid,Aurëus,22686.0
3gymwM9c2Av4Xk6r,13,Grapefroot,Hunter,Aurëus,20596.0
3gymwM9c2Av4Xk6r,13,Danzilla,Hunter,Danzilla,221856.0
3gymwM9c2Av4Xk6r,13,Zeleria,Paladin,Danzilla,13537.0
3gymwM9c2Av4Xk6r,13,Lìllith,Warlock,Lìllith,549817.0
3gymwM9c2Av4Xk6r,13,Cryonox,DeathKnight,Cryonox,500890.0
3gymwM9c2Av4Xk6r,13,Meowrawrxo,Druid,Meowrawrxo,732828.0
3gymwM9c2Av4Xk6r,13,Chontosh,Paladin,Meowrawrxo,64306.0
3gymwM9c2Av4Xk6r,13,Primeval,Shaman,Meowrawrxo,59038.0
3gymwM9c2Av4Xk6r,13,Panes,Paladin,Meowrawrxo,5417.0
3gymwM9c2Av4Xk6r,13,Grapefroot,Hunter,Meowrawrxo,5063.0
3gymwM9c2Av4Xk6r,13,Mypriiest,Priest,Mypriiest,1124784.0
3gymwM9c2Av4Xk6r,13,Maztajake,Druid,Mypriiest,95173.0
3gymwM9c2Av4Xk6r,13,Greyseer,Hunter,Mypriiest,91274.0
3gymwM9c2Av4Xk6r,13,Cryonox,DeathKnight,Mypriiest,73018.0
3gymwM9c2Av4Xk6r,13,Meowrawrxo,Druid,Mypriiest,69108.0
3gymwM9c2Av4Xk6r,13,Spàdes,Warrior,Spàdes,197686.0
3gymwM9c2Av4Xk6r,13,Maztajake,Druid,Maztajake,260646.0
3gymwM9c2Av4Xk6r,13,Averlis,Druid,Averlis,677296.0
3gymwM9c2Av4Xk6r,14,Mannarchy,Paladin,Mannarchy,6289170.0
3gymwM9c2Av4Xk6r,14,Decayed,DeathKnight,Mannarchy,436722.0
3gymwM9c2Av4Xk6r,14,Siare,Warlock,Mannarchy,347517.0
3gymwM9c2Av4Xk6r,14,Averlis,Druid,Mannarchy,337407.0
3gymwM9c2Av4Xk6r,14,Danzilla,Hunter,Mannarchy,262993.0
3gymwM9c2Av4Xk6r,14,Sinfxl,Mage,Sinfxl,1416335.0
3gymwM9c2Av4Xk6r,14,Grapefroot,Hunter,Grapefroot,1010993.0
3gymwM9c2Av4Xk6r,14,Decayed,DeathKnight,Decayed,11259554.0
3gymwM9c2Av4Xk6r,14,Panes,Paladin,Panes,2418729.0
3gymwM9c2Av4Xk6r,14,Grapefroot,Hunter,Panes,43930.0
3gymwM9c2Av4Xk6r,14,Spàdes,Warrior,Panes,40887.0
3gymwM9c2Av4Xk6r,14,Cryonox,DeathKnight,Panes,40257.0
3gymwM9c2Av4Xk6r,14,Zeleria,Paladin,Panes,34067.0
3gymwM9c2Av4Xk6r,14,Greyseer,Hunter,Greyseer,422874.0
3gymwM9c2Av4Xk6r,14,Siare,Warlock,Siare,914529.0
3gymwM9c2Av4Xk6r,14,Zeleria,Paladin,Zeleria,3541610.0
3gymwM9c2Av4Xk6r,14,Maztajake,Druid,Zeleria,2512998.0
3gymwM9c2Av4Xk6r,14,Greyseer,Hunter,Zeleria,2277549.0
3gymwM9c2Av4Xk6r,14,Lìllith,Warlock,Zeleria,1877416.0
3gymwM9c2Av4Xk6r,14,Sinfxl,Mage,Zeleria,1630925.0
3gymwM9c2Av4Xk6r,14,Viserion,Evoker,Viserion,3081582.0
3gymwM9c2Av4Xk6r,14,Decayed,DeathKnight,Viserion,1655039.0
3gymwM9c2Av4Xk6r,14,Lìllith,Warlock,Viserion,1597899.0
3gymwM9c2Av4Xk6r,14,Siare,Warlock,Viserion,1184911.0
3gymwM9c2Av4Xk6r,14,Grapefroot,Hunter,Viserion,1124447.0
3gymwM9c2Av4Xk6r,14,Primeval,Shaman,Primeval,2559822.0
3gymwM9c2Av4Xk6r,14,Decayed,DeathKnight,Primeval,2131716.0
3gymwM9c2Av4Xk6r,14,Greyseer,Hunter,Primeval,1349726.0
3gymwM9c2Av4Xk6r,14,Spàdes,Warrior,Primeval,1305659.0
3gymwM9c2Av4Xk6r,14,Meowrawrxo,Druid,Primeval,1205451.0
3gymwM9c2Av4Xk6r,14,Decayed,DeathKnight,Chontosh,1852762.0
3gymwM9c2Av4Xk6r,14,Greyseer,Hunter,Chontosh,1076835.0
3gymwM9c2Av4Xk6r,14,Chontosh,Paladin,Chontosh,862440.0
3gymwM9c2Av4Xk6r,14,Lìllith,Warlock,Chontosh,628999.0
3gymwM9c2Av4Xk6r,14,Primeval,Shaman,Chontosh,528599.0
3gymwM9c2Av4Xk6r,14,Asharia,DemonHunter,Asharia,2276935.0
3gymwM9c2Av4Xk6r,14,Aurëus,Paladin,Aurëus,669623.0
3gymwM9c2Av4Xk6r,14,Meowrawrxo,Druid,Aurëus,17906.0
3gymwM9c2Av4Xk6r,14,Grapefroot,Hunter,Aurëus,17029.0
3gymwM9c2Av4Xk6r,14,Cryonox,DeathKnight,Aurëus,15856.0
3gymwM9c2Av4Xk6r,14,Panes,Paladin,Aurëus,15151.0
3gymwM9c2Av4Xk6r,14,Danzilla,Hunter,Danzilla,245732.0
3gymwM9c2Av4Xk6r,14,Maztajake,Druid,Danzilla,9677.0
3gymwM9c2Av4Xk6r,14,Lìllith,Warlock,Lìllith,1844878.0
3gymwM9c2Av4Xk6r,14,Cryonox,DeathKnight,Cryonox,1784443.0
3gymwM9c2Av4Xk6r,14,Meowrawrxo,Druid,Meowrawrxo,1937852.0
3gymwM9c2Av4Xk6r,14,Spàdes,Warrior,Meowrawrxo,140599.0
3gymwM9c2Av4Xk6r,14,Maztajake,Druid,Meowrawrxo,35828.0
3gymwM9c2Av4Xk6r,14,Mannarchy,Paladin,Meowrawrxo,32056.0
3gymwM9c2Av4Xk6r,14,Decayed,DeathKnight,Meowrawrxo,20353.0
3gymwM9c2Av4Xk6r,14,Mypriiest,Priest,Mypriiest,2523809.0
3gymwM9c2Av4Xk6r,14,Maztajake,Druid,Mypriiest,1470110.0
3gymwM9c2Av4Xk6r,14,Primeval,Shaman,Mypriiest,1209299.0
3gymwM9c2Av4Xk6r,14,Viserion,Evoker,Mypriiest,1164589.0
3gymwM9c2Av4Xk6r,14,Siare,Warlock,Mypriiest,1094253.0
3gymwM9c2Av4Xk6r,14,Spàdes,Warrior,Spàdes,1552125.0
3gymwM9c2Av4Xk6r,14,Maztajake,Druid,Maztajake,851912.0
3gymwM9c2Av4Xk6r,14,Averlis,Druid,Averlis,1167445.0
3gymwM9c2Av4Xk6r,14,Zeleria,Paladin,Averlis,176145.0
3gymwM9c2Av4Xk6r,14,Panes,Paladin,Averlis,164577.0
3gymwM9c2Av4Xk6r,14,Cryonox,DeathKnight,Averlis,96874.0
3gymwM9c2Av4Xk6r,14,Asharia,DemonHunter,Averlis,51321.0
3gymwM9c2Av4Xk6r,15,Mannarchy,Paladin,Mannarchy,5225811.0
3gymwM9c2Av4Xk6r,15,Primeval,Shaman,Mannarchy,316754.0
3gymwM9c2Av4Xk6r,15,Sinfxl,Mage,Mannarchy,268337.0
3gymwM9c2Av4Xk6r,15,Grapefroot,Hunter,Mannarchy,48559.0
3gymwM9c2Av4Xk6r,15,Aurëus,Paladin,Mannarchy,46526.0
3gymwM9c2Av4Xk6r,15,Sinfxl,Mage,Sinfxl,2387451.0
3gymwM9c2Av4Xk6r,15,Grapefroot,Hunter,Grapefroot,1047046.0
3gymwM9c2Av4Xk6r,15,Panes,Paladin,Panes,1958724.0
3gymwM9c2Av4Xk6r,15,Decayed,DeathKnight,Panes,43661.0
3gymwM9c2Av4Xk6r,15,Spàdes,Warrior,Panes,38335.0
3gymwM9c2Av4Xk6r,15,Grapefroot,Hunter,Panes,32697.0
3gymwM9c2Av4Xk6r,15,Meowrawrxo,Druid,Panes,27997.0
3gymwM9c2Av4Xk6r,15,Decayed,DeathKnight,Decayed,13303775.0
3gymwM9c2Av4Xk6r,15,Greyseer,Hunter,Greyseer,494679.0
3gymwM9c2Av4Xk6r,15,Siare,Warlock,Siare,1482002.0
3gymwM9c2Av4Xk6r,15,Averlis,Druid,Zeleria,3127242.0
3gymwM9c2Av4Xk6r,15,Maztajake,Druid,Zeleria,2322214.0
3gymwM9c2Av4Xk6r,15,Zeleria,Paladin,Zeleria,2163887.0
3gymwM9c2Av4Xk6r,15,Sinfxl,Mage,Zeleria,2105844.0
3gymwM9c2Av4Xk6r,15,Mypriiest,Priest,Zeleria,1773187.0
3gymwM9c2Av4Xk6r,15,Viserion,Evoker,Viserion,3122514.0
3gymwM9c2Av4Xk6r,15,Danzilla,Hunter,Viserion,1184790.0
3gymwM9c2Av4Xk6r,15,Grapefroot,Hunter,Viserion,1100453.0
3gymwM9c2Av4Xk6r,15,Primeval,Shaman,Viserion,981717.0
3gymwM9c2Av4Xk6r,15,Decayed,DeathKnight,Viserion,920152.0
3gymwM9c2Av4Xk6r,15,Averlis,Druid,Primeval,3064900.0
3gymwM9c2Av4Xk6r,15,Primeval,Shaman,Primeval,2460612.0
3gymwM9c2Av4Xk6r,15,Aurëus,Paladin,Primeval,2240830.0
3gymwM9c2Av4Xk6r,15,Decayed,DeathKnight,Primeval,1853339.0
3gymwM9c2Av4Xk6r,15,Mannarchy,Paladin,Primeval,1528252.0
3gymwM9c2Av4Xk6r,15,Decayed,DeathKnight,Chontosh,2979971.0
3gymwM9c2Av4Xk6r,15,Chontosh,Paladin,Chontosh,1940848.0
3gymwM9c2Av4Xk6r,15,Greyseer,Hunter,Chontosh,1505890.0
3gymwM9c2Av4Xk6r,15,Grapefroot,Hunter,Chontosh,1468219.0
3gymwM9c2Av4Xk6r,15,Aurëus,Paladin,Chontosh,1413535.0
3gymwM9c2Av4Xk6r,15,Asharia,DemonHunter,Asharia,2312827.0
3gymwM9c2Av4Xk6r,15,Aurëus,Paladin,Aurëus,1735034.0
3gymwM9c2Av4Xk6r,15,Panes,Paladin,Aurëus,60515.0
3gymwM9c2Av4Xk6r,15,Decayed,DeathKnight,Aurëus,49978.0
3gymwM9c2Av4Xk6r,15,Grapefroot,Hunter,Aurëus,38433.0
3gymwM9c2Av4Xk6r,15,Meowrawrxo,Druid,Aurëus,37139.0
3gymwM9c2Av4Xk6r,15,Danzilla,Hunter,Danzilla,371753.0
3gymwM9c2Av4Xk6r,15,Averlis,Druid,Danzilla,19260.0
3gymwM9c2Av4Xk6r,15,Zeleria,Paladin,Danzilla,5288.0
3gymwM9c2Av4Xk6r,15,Lìllith,Warlock,Lìllith,1414090.0
3gymwM9c2Av4Xk6r,15,Cryonox,DeathKnight,Cryonox,1867310.0
3gymwM9c2Av4Xk6r,15,Meowrawrxo,Druid,Meowrawrxo,1983222.0
3gymwM9c2Av4Xk6r,15,Decayed,DeathKnight,Meowrawrxo,141528.0
3gymwM9c2Av4Xk6r,15,Panes,Paladin,Meowrawrxo,51756.0
3gymwM9c2Av4Xk6r,15,Cryonox,DeathKnight,Meowrawrxo,47895.0
3gymwM9c2Av4Xk6r,15,Mypriiest,Priest,Mypriiest,2721556.0
3gymwM9c2Av4Xk6r,15,Siare,Warlock,Mypriiest,204513.0
3gymwM9c2Av4Xk6r,15,Primeval,Shaman,Mypriiest,173337.0
3gymwM9c2Av4Xk6r,15,Panes,Paladin,Mypriiest,164794.0
3gymwM9c2Av4Xk6r,15,Chontosh,Paladin,Mypriiest,151483.0
3gymwM9c2Av4Xk6r,15,Spàdes,Warrior,Spàdes,1859860.0
3gymwM9c2Av4Xk6r,15,Maztajake,Druid,Maztajake,749969.0
3gymwM9c2Av4Xk6r,15,Averlis,Druid,Averlis,1302287.0
3gymwM9c2Av4Xk6r,15,Siare,Warlock,Averlis,153756.0
3gymwM9c2Av4Xk6r,15,Greyseer,Hunter,Averlis,149261.0
3gymwM9c2Av4Xk6r,15,Viserion,Evoker,Averlis,142157.0
3gymwM9c2Av4Xk6r,15,Maztajake,Druid,Averlis,126104.0
3gymwM9c2Av4Xk6r,16,Mannarchy,Paladin,Mannarchy,8800935.0
3gymwM9c2Av4Xk6r,16,Decayed,DeathKnight,Mannarchy,449318.0
3gymwM9c2Av4Xk6r,16,Sinfxl,Mage,Mannarchy,365563.0
3gymwM9c2Av4Xk6r,16,Danzilla,Hunter,Mannarchy,331670.0
3gymwM9c2Av4Xk6r,16,Grapefroot,Hunter,Mannarchy,183789.0
3gymwM9c2Av4Xk6r,16,Sinfxl,Mage,Sinfxl,1851572.0
3gymwM9c2Av4Xk6r,16,Grapefroot,Hunter,Grapefroot,1308491.0
3gymwM9c2Av4Xk6r,16,Panes,Paladin,Panes,3017442.0
3gymwM9c2Av4Xk6r,16,Cryonox,DeathKnight,Panes,77459.0
3gymwM9c2Av4Xk6r,16,Aurëus,Paladin,Panes,66065.0
3gymwM9c2Av4Xk6r,16,Grapefroot,Hunter,Panes,57157.0
3gymwM9c2Av4Xk6r,16,Decayed,DeathKnight,Panes,51905.0
3gymwM9c2Av4Xk6r,16,Decayed,DeathKnight,Decayed,12179556.0
3gymwM9c2Av4Xk6r,16,Greyseer,Hunter,Greyseer,174325.0
3gymwM9c2Av4Xk6r,16,Siare,Warlock,Siare,2797796.0
3gymwM9c2Av4Xk6r,16,Sinfxl,Mage,Zeleria,2866718.0
3gymwM9c2Av4Xk6r,16,Maztajake,Druid,Zeleria,2799385.0
3gymwM9c2Av4Xk6r,16,Zeleria,Paladin,Zeleria,2592815.0
3gymwM9c2Av4Xk6r,16,Averlis,Druid,Zeleria,2571605.0
3gymwM9c2Av4Xk6r,16,Danzilla,Hunter,Zeleria,2311006.0
3gymwM9c2Av4Xk6r,16,Viserion,Evoker,Viserion,4731935.0
3gymwM9c2Av4Xk6r,16,Lìllith,Warlock,Viserion,2077561.0
3gymwM9c2Av4Xk6r,16,Zeleria,Paladin,Viserion,2057328.0
3gymwM9c2Av4Xk6r,16,Danzilla,Hunter,Viserion,1998938.0
3gymwM9c2Av4Xk6r,16,Primeval,Shaman,Viserion,1694934.0
3gymwM9c2Av4Xk6r,16,Primeval,Shaman,Primeval,3830293.0
3gymwM9c2Av4Xk6r,16,Decayed,DeathKnight,Primeval,3185200.0
3gymwM9c2Av4Xk6r,16,Averlis,Druid,Primeval,2599854.0
3gymwM9c2Av4Xk6r,16,Grapefroot,Hunter,Primeval,2464345.0
3gymwM9c2Av4Xk6r,16,Cryonox,DeathKnight,Primeval,2346530.0
3gymwM9c2Av4Xk6r,16,Decayed,DeathKnight,Chontosh,2850908.0
3gymwM9c2Av4Xk6r,16,Chontosh,Paladin,Chontosh,2492050.0
3gymwM9c2Av4Xk6r,16,Mannarchy,Paladin,Chontosh,2472897.0
3gymwM9c2Av4Xk6r,16,Danzilla,Hunter,Chontosh,2173819.0
3gymwM9c2Av4Xk6r,16,Greyseer,Hunter,Chontosh,2062085.0
3gymwM9c2Av4Xk6r,16,Asharia,DemonHunter,Asharia,2640736.0
3gymwM9c2Av4Xk6r,16,Lìllith,Warlock,Asharia,75724.0
3gymwM9c2Av4Xk6r,16,Viserion,Evoker,Asharia,61010.0
3gymwM9c2Av4Xk6r,16,Primeval,Shaman,Asharia,57990.0
3gymwM9c2Av4Xk6r,16,Sinfxl,Mage,Asharia,42032.0
3gymwM9c2Av4Xk6r,16,Aurëus,Paladin,Aurëus,1960575.0
3gymwM9c2Av4Xk6r,16,Grapefroot,Hunter,Aurëus,63212.0
3gymwM9c2Av4Xk6r,16,Cryonox,DeathKnight,Aurëus,57173.0
3gymwM9c2Av4Xk6r,16,Panes,Paladin,Aurëus,45106.0
3gymwM9c2Av4Xk6r,16,Decayed,DeathKnight,Aurëus,40469.0
3gymwM9c2Av4Xk6r,16,Danzilla,Hunter,Danzilla,187433.0
3gymwM9c2Av4Xk6r,16,Averlis,Druid,Danzilla,18744.0
3gymwM9c2Av4Xk6r,16,Aurëus,Paladin,Danzilla,6480.0
3gymwM9c2Av4Xk6r,16,Lìllith,Warlock,Lìllith,1548393.0
3gymwM9c2Av4Xk6r,16,Cryonox,DeathKnight,Cryonox,2589981.0
3gymwM9c2Av4Xk6r,16,Meowrawrxo,Druid,Meowrawrxo,496761.0
3gymwM9c2Av4Xk6r,16,Zeleria,Paladin,Meowrawrxo,72386.0
3gymwM9c2Av4Xk6r,16,Panes,Paladin,Meowrawrxo,47469.0
3gymwM9c2Av4Xk6r,16,Viserion,Evoker,Meowrawrxo,44979.0
3gymwM9c2Av4Xk6r,16,Grapefroot,Hunter,Meowrawrxo,10774.0
3gymwM9c2Av4Xk6r,16,Spàdes,Warrior,Spàdes,485413.0
3gymwM9c2Av4Xk6r,16,Maztajake,Druid,Maztajake,885387.0
3gymwM9c2Av4Xk6r,16,Averlis,Druid,Averlis,1818863.0
3gymwM9c2Av4Xk6r,16,Lìllith,Warlock,Averlis,166113.0
3gymwM9c2Av4Xk6r,16,Cryonox,DeathKnight,Averlis,164865.0
3gymwM9c2Av4Xk6r,16,Viserion,Evoker,Averlis,151094.0
3gymwM9c2Av4Xk6r,16,Primeval,Shaman,Averlis,148865.0
3gymwM9c2Av4Xk6r,17,Mannarchy,Paladin,Mannarchy,6990682.0
3gymwM9c2Av4Xk6r,17,Decayed,DeathKnight,Mannarchy,519648.0
3gymwM9c2Av4Xk6r,17,Asharia,DemonHunter,Mannarchy,326473.0
3gymwM9c2Av4Xk6r,17,Primeval,Shaman,Mannarchy,294206.0
3gymwM9c2Av4Xk6r,17,Averlis,Druid,Mannarchy,282187.0
3gymwM9c2Av4Xk6r,17,Sinfxl,Mage,Sinfxl,1665553.0
3gymwM9c2Av4Xk6r,17,Grapefroot,Hunter,Grapefroot,1138609.0
3gymwM9c2Av4Xk6r,17,Panes,Paladin,Panes,2145604.0
3gymwM9c2Av4Xk6r,17,Meowrawrxo,Druid,Panes,40523.0
3gymwM9c2Av4Xk6r,17,Cryonox,DeathKnight,Panes,38568.0
3gymwM9c2Av4Xk6r,17,Aurëus,Paladin,Panes,38426.0
3gymwM9c2Av4Xk6r,17,Decayed,DeathKnight,Panes,31180.0
3gymwM9c2Av4Xk6r,17,Decayed,DeathKnight,Decayed,11510150.0
3gymwM9c2Av4Xk6r,17,Greyseer,Hunter,Greyseer,135343.0
3gymwM9c2Av4Xk6r,17,Siare,Warlock,Siare,1412859.0
3gymwM9c2Av4Xk6r,17,Maztajake,Druid,Zeleria,4176881.0
3gymwM9c2Av4Xk6r,17,Zeleria,Paladin,Zeleria,3788614.0
3gymwM9c2Av4Xk6r,17,Sinfxl,Mage,Zeleria,2045897.0
3gymwM9c2Av4Xk6r,17,Grapefroot,Hunter,Zeleria,1903415.0
3gymwM9c2Av4Xk6r,17,Siare,Warlock,Zeleria,1903246.0
3gymwM9c2Av4Xk6r,17,Viserion,Evoker,Viserion,3241929.0
3gymwM9c2Av4Xk6r,17,Primeval,Shaman,Viserion,2266479.0
3gymwM9c2Av4Xk6r,17,Mannarchy,Paladin,Viserion,2148799.0
3gymwM9c2Av4Xk6r,17,Averlis,Druid,Viserion,2097368.0
3gymwM9c2Av4Xk6r,17,Zeleria,Paladin,Viserion,1894211.0
3gymwM9c2Av4Xk6r,17,Primeval,Shaman,Primeval,3663846.0
3gymwM9c2Av4Xk6r,17,Siare,Warlock,Primeval,2781070.0
3gymwM9c2Av4Xk6r,17,Decayed,DeathKnight,Primeval,2520174.0
3gymwM9c2Av4Xk6r,17,Mannarchy,Paladin,Primeval,2152894.0
3gymwM9c2Av4Xk6r,17,Maztajake,Druid,Primeval,1957161.0
3gymwM9c2Av4Xk6r,17,Decayed,DeathKnight,Chontosh,2160731.0
3gymwM9c2Av4Xk6r,17,Chontosh,Paladin,Chontosh,1974067.0
3gymwM9c2Av4Xk6r,17,Grapefroot,Hunter,Chontosh,1719902.0
3gymwM9c2Av4Xk6r,17,Meowrawrxo,Druid,Chontosh,1332259.0
3gymwM9c2Av4Xk6r,17,Sinfxl,Mage,Chontosh,1321524.0
3gymwM9c2Av4Xk6r,17,Asharia,DemonHunter,Asharia,2201208.0
3gymwM9c2Av4Xk6r,17,Lìllith,Warlock,Asharia,15504.0
3gymwM9c2Av4Xk6r,17,Averlis,Druid,Asharia,14367.0
3gymwM9c2Av4Xk6r,17,Sinfxl,Mage,Asharia,13070.0
3gymwM9c2Av4Xk6r,17,Aurëus,Paladin,Aurëus,1432725.0
3gymwM9c2Av4Xk6r,17,Meowrawrxo,Druid,Aurëus,65189.0
3gymwM9c2Av4Xk6r,17,Panes,Paladin,Aurëus,52257.0
3gymwM9c2Av4Xk6r,17,Cryonox,DeathKnight,Aurëus,50409.0
3gymwM9c2Av4Xk6r,17,Grapefroot,Hunter,Aurëus,46212.0
3gymwM9c2Av4Xk6r,17,Danzilla,Hunter,Danzilla,73296.0
3gymwM9c2Av4Xk6r,17,Aurëus,Paladin,Danzilla,6610.0
3gymwM9c2Av4Xk6r,17,Maztajake,Druid,Danzilla,3812.0
3gymwM9c2Av4Xk6r,17,Lìllith,Warlock,Lìllith,1024816.0
3gymwM9c2Av4Xk6r,17,Cryonox,DeathKnight,Cryonox,1617576.0
3gymwM9c2Av4Xk6r,17,Meowrawrxo,Druid,Meowrawrxo,1675291.0
3gymwM9c2Av4Xk6r,17,Decayed,DeathKnight,Meowrawrxo,140702.0
3gymwM9c2Av4Xk6r,17,Zeleria,Paladin,Meowrawrxo,133251.0
3gymwM9c2Av4Xk6r,17,Siare,Warlock,Meowrawrxo,74235.0
3gymwM9c2Av4Xk6r,17,Grapefroot,Hunter,Meowrawrxo,61951.0
3gymwM9c2Av4Xk6r,17,Spàdes,Warrior,Spàdes,332333.0
3gymwM9c2Av4Xk6r,17,Maztajake,Druid,Maztajake,853335.0
3gymwM9c2Av4Xk6r,17,Averlis,Druid,Averlis,1202243.0
3gymwM9c2Av4Xk6r,17,Mannarchy,Paladin,Averlis,174077.0
3gymwM9c2Av4Xk6r,17,Zeleria,Paladin,Averlis,169266.0
3gymwM9c2Av4Xk6r,17,Primeval,Shaman,Averlis,157083.0
3gymwM9c2Av4Xk6r,17,Asharia,DemonHunter,Averlis,149416.0
3gymwM9c2Av4Xk6r,1,Mannarchy,Paladin,Mannarchy,3292555.0
3gymwM9c2Av4Xk6r,1,Decayed,DeathKnight,Mannarchy,684723.0
3gymwM9c2Av4Xk6r,1,Grapefroot,Hunter,Mannarchy,71939.0
3gymwM9c2Av4Xk6r,1,Cryonox,DeathKnight,Mannarchy,37365.0
3gymwM9c2Av4Xk6r,1,Danzilla,Hunter,Mannarchy,25324.0
3gymwM9c2Av4Xk6r,1,Sinfxl,Mage,Sinfxl,455699.0
3gymwM9c2Av4Xk6r,1,Grapefroot,Hunter,Grapefroot,454624.0
3gymwM9c2Av4Xk6r,1,Panes,Paladin,Panes,890752.0
3gymwM9c2Av4Xk6r,1,Zeleria,Paladin,Panes,19356.0
3gymwM9c2Av4Xk6r,1,Aurëus,Paladin,Panes,16173.0
3gymwM9c2Av4Xk6r,1,Primeval,Shaman,Panes,14130.0
3gymwM9c2Av4Xk6r,1,Grapefroot,Hunter,Panes,14009.0
3gymwM9c2Av4Xk6r,1,Decayed,DeathKnight,Decayed,7159598.0
3gymwM9c2Av4Xk6r,1,Greyseer,Hunter,Greyseer,201623.0
3gymwM9c2Av4Xk6r,1,Siare,Warlock,Siare,456959.0
3gymwM9c2Av4Xk6r,1,Decayed,DeathKnight,Zeleria,1034605.0
3gymwM9c2Av4Xk6r,1,Mannarchy,Paladin,Zeleria,1008618.0
3gymwM9c2Av4Xk6r,1,Grapefroot,Hunter,Zeleria,942884.0
3gymwM9c2Av4Xk6r,1,Greyseer,Hunter,Zeleria,861764.0
3gymwM9c2Av4Xk6r,1,Sinfxl,Mage,Zeleria,853329.0
3gymwM9c2Av4Xk6r,1,Viserion,Evoker,Viserion,2201314.0
3gymwM9c2Av4Xk6r,1,Lìllith,Warlock,Viserion,834656.0
3gymwM9c2Av4Xk6r,1,Greyseer,Hunter,Viserion,778147.0
3gymwM9c2Av4Xk6r,1,Zeleria,Paladin,Viserion,775808.0
3gymwM9c2Av4Xk6r,1,Grapefroot,Hunter,Viserion,742251.0
3gymwM9c2Av4Xk6r,1,Mannarchy,Paladin,Primeval,1200535.0
3gymwM9c2Av4Xk6r,1,Decayed,DeathKnight,Primeval,1090171.0
3gymwM9c2Av4Xk6r,1,Primeval,Shaman,Primeval,1083334.0
3gymwM9c2Av4Xk6r,1,Grapefroot,Hunter,Primeval,649446.0
3gymwM9c2Av4Xk6r,1,Aurëus,Paladin,Primeval,630108.0
3gymwM9c2Av4Xk6r,1,Asharia,DemonHunter,Asharia,982069.0
3gymwM9c2Av4Xk6r,1,Lìllith,Warlock,Asharia,14017.0
3gymwM9c2Av4Xk6r,1,Aurëus,Paladin,Aurëus,674496.0
3gymwM9c2Av4Xk6r,1,Danzilla,Hunter,Aurëus,27013.0
3gymwM9c2Av4Xk6r,1,Mannarchy,Paladin,Aurëus,23040.0
3gymwM9c2Av4Xk6r,1,Primeval,Shaman,Aurëus,18836.0
3gymwM9c2Av4Xk6r,1,Meowrawrxo,Druid,Aurëus,18836.0
3gymwM9c2Av4Xk6r,1,Danzilla,Hunter,Danzilla,207613.0
3gymwM9c2Av4Xk6r,1,Averlis,Druid,Danzilla,4489.0
3gymwM9c2Av4Xk6r,1,Mntdewhealer,Monk,Mntdewhealer,1702149.0
3gymwM9c2Av4Xk6r,1,Greyseer,Hunter,Mntdewhealer,1070839.0
3gymwM9c2Av4Xk6r,1,Decayed,DeathKnight,Mntdewhealer,894037.0
3gymwM9c2Av4Xk6r,1,Maztajake,Druid,Mntdewhealer,862191.0
3gymwM9c2Av4Xk6r,1,Sinfxl,Mage,Mntdewhealer,857009.0
3gymwM9c2Av4Xk6r,1,Lìllith,Warlock,Lìllith,639933.0
3gymwM9c2Av4Xk6r,1,Cryonox,DeathKnight,Cryonox,558465.0
3gymwM9c2Av4Xk6r,1,Meowrawrxo,Druid,Meowrawrxo,808897.0
3gymwM9c2Av4Xk6r,1,Mannarchy,Paladin,Meowrawrxo,90263.0
3gymwM9c2Av4Xk6r,1,Danzilla,Hunter,Meowrawrxo,59271.0
3gymwM9c2Av4Xk6r,1,Greyseer,Hunter,Meowrawrxo,33940.0
3gymwM9c2Av4Xk6r,1,Spàdes,Warrior,Meowrawrxo,30677.0
3gymwM9c2Av4Xk6r,1,Spàdes,Warrior,Spàdes,990908.0
3gymwM9c2Av4Xk6r,1,Maztajake,Druid,Maztajake,644985.0
3gymwM9c2Av4Xk6r,1,Danzilla,Hunter,Maztajake,150260.0
3gymwM9c2Av4Xk6r,1,Panes,Paladin,Maztajake,143056.0
3gymwM9c2Av4Xk6r,1,Asharia,DemonHunter,Maztajake,55924.0
3gymwM9c2Av4Xk6r,1,Lìllith,Warlock,Maztajake,50438.0
3gymwM9c2Av4Xk6r,1,Averlis,Druid,Averlis,607132.0
3gymwM9c2Av4Xk6r,2,Mannarchy,Paladin,Mannarchy,2826605.0
3gymwM9c2Av4Xk6r,2,Decayed,DeathKnight,Mannarchy,829418.0
3gymwM9c2Av4Xk6r,2,Cryonox,DeathKnight,Mannarchy,69449.0
3gymwM9c2Av4Xk6r,2,Meowrawrxo,Druid,Mannarchy,56437.0
3gymwM9c2Av4Xk6r,2,Panes,Paladin,Mannarchy,52746.0
3gymwM9c2Av4Xk6r,2,Sinfxl,Mage,Sinfxl,471810.0
3gymwM9c2Av4Xk6r,2,Grapefroot,Hunter,Grapefroot,420696.0
3gymwM9c2Av4Xk6r,2,Panes,Paladin,Panes,723541.0
3gymwM9c2Av4Xk6r,2,Decayed,DeathKnight,Panes,23876.0
3gymwM9c2Av4Xk6r,2,Mannarchy,Paladin,Panes,21726.0
3gymwM9c2Av4Xk6r,2,Lìllith,Warlock,Panes,19429.0
3gymwM9c2Av4Xk6r,2,Primeval,Shaman,Panes,19372.0
3gymwM9c2Av4Xk6r,2,Decayed,DeathKnight,Decayed,6241832.0
3gymwM9c2Av4Xk6r,2,Greyseer,Hunter,Greyseer,31038.0
3gymwM9c2Av4Xk6r,2,Siare,Warlock,Siare,659503.0
3gymwM9c2Av4Xk6r,2,Decayed,DeathKnight,Zeleria,1120164.0
3gymwM9c2Av4Xk6r,2,Grapefroot,Hunter,Zeleria,1044571.0
3gymwM9c2Av4Xk6r,2,Averlis,Druid,Zeleria,972455.0
3gymwM9c2Av4Xk6r,2,Zeleria,Paladin,Zeleria,955507.0
3gymwM9c2Av4Xk6r,2,Danzilla,Hunter,Zeleria,945294.0
3gymwM9c2Av4Xk6r,2,Viserion,Evoker,Viserion,1481058.0
3gymwM9c2Av4Xk6r,2,Danzilla,Hunter,Viserion,1024795.0
3gymwM9c2Av4Xk6r,2,Cryonox,DeathKnight,Viserion,889046.0
3gymwM9c2Av4Xk6r,2,Decayed,DeathKnight,Viserion,876524.0
3gymwM9c2Av4Xk6r,2,Meowrawrxo,Druid,Viserion,842295.0
3gymwM9c2Av4Xk6r,2,Mannarchy,Paladin,Primeval,1417967.0
3gymwM9c2Av4Xk6r,2,Grapefroot,Hunter,Primeval,1285574.0
3gymwM9c2Av4Xk6r,2,Decayed,DeathKnight,Primeval,1058706.0
3gymwM9c2Av4Xk6r,2,Primeval,Shaman,Primeval,899731.0
3gymwM9c2Av4Xk6r,2,Averlis,Druid,Primeval,884242.0
3gymwM9c2Av4Xk6r,2,Asharia,DemonHunter,Asharia,1393889.0
3gymwM9c2Av4Xk6r,2,Aurëus,Paladin,Aurëus,907533.0
3gymwM9c2Av4Xk6r,2,Primeval,Shaman,Aurëus,22525.0
3gymwM9c2Av4Xk6r,2,Danzilla,Hunter,Aurëus,21875.0
3gymwM9c2Av4Xk6r,2,Asharia,DemonHunter,Aurëus,21268.0
3gymwM9c2Av4Xk6r,2,Lìllith,Warlock,Aurëus,18744.0
3gymwM9c2Av4Xk6r,2,Danzilla,Hunter,Danzilla,167361.0
3gymwM9c2Av4Xk6r,2,Aurëus,Paladin,Danzilla,3780.0
3gymwM9c2Av4Xk6r,2,Zeleria,Paladin,Danzilla,3669.0
3gymwM9c2Av4Xk6r,2,Mntdewhealer,Monk,Mntdewhealer,1968459.0
3gymwM9c2Av4Xk6r,2,Decayed,DeathKnight,Mntdewhealer,1381637.0
3gymwM9c2Av4Xk6r,2,Grapefroot,Hunter,Mntdewhealer,1108956.0
3gymwM9c2Av4Xk6r,2,Mannarchy,Paladin,Mntdewhealer,994619.0
3gymwM9c2Av4Xk6r,2,Spàdes,Warrior,Mntdewhealer,856066.0
3gymwM9c2Av4Xk6r,2,Lìllith,Warlock,Lìllith,770596.0
3gymwM9c2Av4Xk6r,2,Cryonox,DeathKnight,Cryonox,938595.0
3gymwM9c2Av4Xk6r,2,Meowrawrxo,Druid,Meowrawrxo,594268.0
3gymwM9c2Av4Xk6r,2,Sinfxl,Mage,Meowrawrxo,39719.0
3gymwM9c2Av4Xk6r,2,Mannarchy,Paladin,Meowrawrxo,37676.0
3gymwM9c2Av4Xk6r,2,Primeval,Shaman,Meowrawrxo,17570.0
3gymwM9c2Av4Xk6r,2,Greyseer,Hunter,Meowrawrxo,1152.0
3gymwM9c2Av4Xk6r,2,Spàdes,Warrior,Spàdes,1070998.0
3gymwM9c2Av4Xk6r,2,Maztajake,Druid,Maztajake,229758.0
3gymwM9c2Av4Xk6r,2,Averlis,Druid,Averlis,555807.0
3gymwM9c2Av4Xk6r,3,Mannarchy,Paladin,Mannarchy,7302346.0
3gymwM9c2Av4Xk6r,3,Decayed,DeathKnight,Mannarchy,1555208.0
3gymwM9c2Av4Xk6r,3,Viserion,Evoker,Mannarchy,308499.0
3gymwM9c2Av4Xk6r,3,Meowrawrxo,Druid,Mannarchy,164417.0
3gymwM9c2Av4Xk6r,3,Zeleria,Paladin,Mannarchy,83233.0
3gymwM9c2Av4Xk6r,3,Sinfxl,Mage,Sinfxl,921545.0
3gymwM9c2Av4Xk6r,3,Grapefroot,Hunter,Grapefroot,970315.0
3gymwM9c2Av4Xk6r,3,Panes,Paladin,Panes,2262835.0
3gymwM9c2Av4Xk6r,3,Lìllith,Warlock,Panes,63631.0
3gymwM9c2Av4Xk6r,3,Primeval,Shaman,Panes,58440.0
3gymwM9c2Av4Xk6r,3,Aurëus,Paladin,Panes,50588.0
3gymwM9c2Av4Xk6r,3,Cryonox,DeathKnight,Panes,50479.0
3gymwM9c2Av4Xk6r,3,Decayed,DeathKnight,Decayed,12669935.0
3gymwM9c2Av4Xk6r,3,Greyseer,Hunter,Greyseer,233640.0
3gymwM9c2Av4Xk6r,3,Siare,Warlock,Siare,1498053.0
3gymwM9c2Av4Xk6r,3,Maztajake,Druid,Zeleria,2727685.0
3gymwM9c2Av4Xk6r,3,Decayed,DeathKnight,Zeleria,2521046.0
3gymwM9c2Av4Xk6r,3,Sinfxl,Mage,Zeleria,2341549.0
3gymwM9c2Av4Xk6r,3,Zeleria,Paladin,Zeleria,2279033.0
3gymwM9c2Av4Xk6r,3,Greyseer,Hunter,Zeleria,2222664.0
3gymwM9c2Av4Xk6r,3,Viserion,Evoker,Viserion,4690311.0
3gymwM9c2Av4Xk6r,3,Decayed,DeathKnight,Viserion,2923922.0
3gymwM9c2Av4Xk6r,3,Mannarchy,Paladin,Viserion,1758427.0
3gymwM9c2Av4Xk6r,3,Lìllith,Warlock,Viserion,1639621.0
3gymwM9c2Av4Xk6r,3,Danzilla,Hunter,Viserion,1604450.0
3gymwM9c2Av4Xk6r,3,Decayed,DeathKnight,Primeval,3418455.0
3gymwM9c2Av4Xk6r,3,Mannarchy,Paladin,Primeval,2893922.0
3gymwM9c2Av4Xk6r,3,Primeval,Shaman,Primeval,2449381.0
3gymwM9c2Av4Xk6r,3,Grapefroot,Hunter,Primeval,1908172.0
3gymwM9c2Av4Xk6r,3,Meowrawrxo,Druid,Primeval,1656989.0
3gymwM9c2Av4Xk6r,3,Asharia,DemonHunter,Asharia,2935643.0
3gymwM9c2Av4Xk6r,3,Aurëus,Paladin,Aurëus,1824266.0
3gymwM9c2Av4Xk6r,3,Cryonox,DeathKnight,Aurëus,62387.0
3gymwM9c2Av4Xk6r,3,Averlis,Druid,Aurëus,55911.0
3gymwM9c2Av4Xk6r,3,Grapefroot,Hunter,Aurëus,51781.0
3gymwM9c2Av4Xk6r,3,Lìllith,Warlock,Aurëus,51414.0
3gymwM9c2Av4Xk6r,3,Danzilla,Hunter,Danzilla,56170.0
3gymwM9c2Av4Xk6r,3,Zeleria,Paladin,Danzilla,6757.0
3gymwM9c2Av4Xk6r,3,Maztajake,Druid,Danzilla,6641.0
3gymwM9c2Av4Xk6r,3,Averlis,Druid,Danzilla,4731.0
3gymwM9c2Av4Xk6r,3,Mntdewhealer,Monk,Mntdewhealer,5034156.0
3gymwM9c2Av4Xk6r,3,Decayed,DeathKnight,Mntdewhealer,4237318.0
3gymwM9c2Av4Xk6r,3,Mannarchy,Paladin,Mntdewhealer,3092459.0
3gymwM9c2Av4Xk6r,3,Greyseer,Hunter,Mntdewhealer,2367867.0
3gymwM9c2Av4Xk6r,3,Viserion,Evoker,Mntdewhealer,2039215.0
3gymwM9c2Av4Xk6r,3,Lìllith,Warlock,Lìllith,1627986.0
3gymwM9c2Av4Xk6r,3,Cryonox,DeathKnight,Cryonox,1391119.0
3gymwM9c2Av4Xk6r,3,Meowrawrxo,Druid,Meowrawrxo,1894397.0
3gymwM9c2Av4Xk6r,3,Siare,Warlock,Meowrawrxo,83243.0
3gymwM9c2Av4Xk6r,3,Mannarchy,Paladin,Meowrawrxo,80053.0
3gymwM9c2Av4Xk6r,3,Zeleria,Paladin,Meowrawrxo,64549.0
3gymwM9c2Av4Xk6r,3,Greyseer,Hunter,Meowrawrxo,63048.0
3gymwM9c2Av4Xk6r,3,Spàdes,Warrior,Spàdes,2537748.0
3gymwM9c2Av4Xk6r,3,Maztajake,Druid,Maztajake,662649.0
3gymwM9c2Av4Xk6r,3,Averlis,Druid,Averlis,976913.0
3gymwM9c2Av4Xk6r,3,Primeval,Shaman,Averlis,76447.0
3gymwM9c2Av4Xk6r,3,Grapefroot,Hunter,Averlis,59028.0
3gymwM9c2Av4Xk6r,3,Spàdes,Warrior,Averlis,57472.0
3gymwM9c2Av4Xk6r,3,Maztajake,Druid,Averlis,42597.0
3gymwM9c2Av4Xk6r,4,Mannarchy,Paladin,Mannarchy,3304359.0
3gymwM9c2Av4Xk6r,4,Sinfxl,Mage,Sinfxl,697837.0
3gymwM9c2Av4Xk6r,4,Grapefroot,Hunter,Grapefroot,595907.0
3gymwM9c2Av4Xk6r,4,Decayed,DeathKnight,Decayed,4137274.0
3gymwM9c2Av4Xk6r,4,Panes,Paladin,Panes,360343.0
3gymwM9c2Av4Xk6r,4,Chontosh,Paladin,Panes,10284.0
3gymwM9c2Av4Xk6r,4,Cryonox,DeathKnight,Panes,10034.0
3gymwM9c2Av4Xk6r,4,Grapefroot,Hunter,Panes,9110.0
3gymwM9c2Av4Xk6r,4,Primeval,Shaman,Panes,8437.0
3gymwM9c2Av4Xk6r,4,Greyseer,Hunter,Greyseer,244070.0
3gymwM9c2Av4Xk6r,4,Siare,Warlock,Siare,828339.0
3gymwM9c2Av4Xk6r,4,Sinfxl,Mage,Zeleria,786221.0
3gymwM9c2Av4Xk6r,4,Spàdes,Warrior,Zeleria,303398.0
3gymwM9c2Av4Xk6r,4,Averlis,Druid,Zeleria,158986.0
3gymwM9c2Av4Xk6r,4,Decayed,DeathKnight,Zeleria,132712.0
3gymwM9c2Av4Xk6r,4,Viserion,Evoker,Zeleria,95763.0
3gymwM9c2Av4Xk6r,4,Viserion,Evoker,Viserion,1285432.0
3gymwM9c2Av4Xk6r,4,Decayed,DeathKnight,Viserion,824649.0
3gymwM9c2Av4Xk6r,4,Maztajake,Druid,Viserion,686025.0
3gymwM9c2Av4Xk6r,4,Aurëus,Paladin,Viserion,643070.0
3gymwM9c2Av4Xk6r,4,Sinfxl,Mage,Viserion,622871.0
3gymwM9c2Av4Xk6r,4,Primeval,Shaman,Primeval,1026557.0
3gymwM9c2Av4Xk6r,4,Panes,Paladin,Primeval,831169.0
3gymwM9c2Av4Xk6r,4,Asharia,DemonHunter,Primeval,798991.0
3gymwM9c2Av4Xk6r,4,Maztajake,Druid,Primeval,584640.0
3gymwM9c2Av4Xk6r,4,Sinfxl,Mage,Primeval,579519.0
3gymwM9c2Av4Xk6r,4,Asharia,DemonHunter,Asharia,1531884.0
3gymwM9c2Av4Xk6r,4,Chontosh,Paladin,Chontosh,881552.0
3gymwM9c2Av4Xk6r,4,Grapefroot,Hunter,Chontosh,686938.0
3gymwM9c2Av4Xk6r,4,Decayed,DeathKnight,Chontosh,583969.0
3gymwM9c2Av4Xk6r,4,Danzilla,Hunter,Chontosh,406502.0
3gymwM9c2Av4Xk6r,4,Panes,Paladin,Chontosh,391247.0
3gymwM9c2Av4Xk6r,4,Aurëus,Paladin,Aurëus,671645.0
3gymwM9c2Av4Xk6r,4,Chontosh,Paladin,Aurëus,17073.0
3gymwM9c2Av4Xk6r,4,Primeval,Shaman,Aurëus,11746.0
3gymwM9c2Av4Xk6r,4,Greyseer,Hunter,Aurëus,10856.0
3gymwM9c2Av4Xk6r,4,Grapefroot,Hunter,Aurëus,10813.0
3gymwM9c2Av4Xk6r,4,Danzilla,Hunter,Danzilla,304957.0
3gymwM9c2Av4Xk6r,4,Aurëus,Paladin,Danzilla,6405.0
3gymwM9c2Av4Xk6r,4,Lìllith,Warlock,Lìllith,339205.0
3gymwM9c2Av4Xk6r,4,Cryonox,DeathKnight,Cryonox,368294.0
3gymwM9c2Av4Xk6r,4,Meowrawrxo,Druid,Meowrawrxo,759736.0
3gymwM9c2Av4Xk6r,4,Spàdes,Warrior,Meowrawrxo,57182.0
3gymwM9c2Av4Xk6r,4,Lìllith,Warlock,Meowrawrxo,24441.0
3gymwM9c2Av4Xk6r,4,Averlis,Druid,Meowrawrxo,12119.0
3gymwM9c2Av4Xk6r,4,Spàdes,Warrior,Spàdes,78517.0
3gymwM9c2Av4Xk6r,4,Maztajake,Druid,Maztajake,535819.0
3gymwM9c2Av4Xk6r,4,Averlis,Druid,Averlis,604424.0
3gymwM9c2Av4Xk6r,6,Mannarchy,Paladin,Mannarchy,3336189.0
3gymwM9c2Av4Xk6r,6,Cryonox,DeathKnight,Mannarchy,5384.0
3gymwM9c2Av4Xk6r,6,Sinfxl,Mage,Sinfxl,795006.0
3gymwM9c2Av4Xk6r,6,Grapefroot,Hunter,Grapefroot,131130.0
3gymwM9c2Av4Xk6r,6,Decayed,DeathKnight,Decayed,4588747.0
3gymwM9c2Av4Xk6r,6,Panes,Paladin,Panes,295069.0
3gymwM9c2Av4Xk6r,6,Aurëus,Paladin,Panes,18231.0
3gymwM9c2Av4Xk6r,6,Decayed,DeathKnight,Panes,14379.0
3gymwM9c2Av4Xk6r,6,Meowrawrxo,Druid,Panes,10187.0
3gymwM9c2Av4Xk6r,6,Spàdes,Warrior,Panes,9356.0
3gymwM9c2Av4Xk6r,6,Greyseer,Hunter,Greyseer,77124.0
3gymwM9c2Av4Xk6r,6,Siare,Warlock,Siare,419766.0
3gymwM9c2Av4Xk6r,6,Siare,Warlock,Zeleria,1271465.0
3gymwM9c2Av4Xk6r,6,Zeleria,Paladin,Zeleria,1026093.0
3gymwM9c2Av4Xk6r,6,Lìllith,Warlock,Zeleria,705584.0
3gymwM9c2Av4Xk6r,6,Chontosh,Paladin,Zeleria,693975.0
3gymwM9c2Av4Xk6r,6,Greyseer,Hunter,Zeleria,623036.0
3gymwM9c2Av4Xk6r,6,Viserion,Evoker,Viserion,1279139.0
3gymwM9c2Av4Xk6r,6,Sinfxl,Mage,Viserion,766331.0
3gymwM9c2Av4Xk6r,6,Aurëus,Paladin,Viserion,752216.0
3gymwM9c2Av4Xk6r,6,Siare,Warlock,Viserion,708347.0
3gymwM9c2Av4Xk6r,6,Maztajake,Druid,Viserion,610912.0
3gymwM9c2Av4Xk6r,6,Primeval,Shaman,Primeval,1388476.0
3gymwM9c2Av4Xk6r,6,Sinfxl,Mage,Primeval,872113.0
3gymwM9c2Av4Xk6r,6,Decayed,DeathKnight,Primeval,869666.0
3gymwM9c2Av4Xk6r,6,Siare,Warlock,Primeval,835319.0
3gymwM9c2Av4Xk6r,6,Spàdes,Warrior,Primeval,695001.0
3gymwM9c2Av4Xk6r,6,Decayed,DeathKnight,Chontosh,858953.0
3gymwM9c2Av4Xk6r,6,Danzilla,Hunter,Chontosh,840577.0
3gymwM9c2Av4Xk6r,6,Chontosh,Paladin,Chontosh,827440.0
3gymwM9c2Av4Xk6r,6,Primeval,Shaman,Chontosh,678175.0
3gymwM9c2Av4Xk6r,6,Greyseer,Hunter,Chontosh,523449.0
3gymwM9c2Av4Xk6r,6,Asharia,DemonHunter,Asharia,799478.0
3gymwM9c2Av4Xk6r,6,Aurëus,Paladin,Aurëus,749820.0
3gymwM9c2Av4Xk6r,6,Panes,Paladin,Aurëus,24443.0
3gymwM9c2Av4Xk6r,6,Lìllith,Warlock,Aurëus,18980.0
3gymwM9c2Av4Xk6r,6,Greyseer,Hunter,Aurëus,18728.0
3gymwM9c2Av4Xk6r,6,Zeleria,Paladin,Aurëus,15228.0
3gymwM9c2Av4Xk6r,6,Danzilla,Hunter,Danzilla,94581.0
3gymwM9c2Av4Xk6r,6,Aurëus,Paladin,Danzilla,7442.0
3gymwM9c2Av4Xk6r,6,Maztajake,Druid,Danzilla,5700.0
3gymwM9c2Av4Xk6r,6,Lìllith,Warlock,Lìllith,339122.0
3gymwM9c2Av4Xk6r,6,Cryonox,DeathKnight,Cryonox,509329.0
3gymwM9c2Av4Xk6r,6,Meowrawrxo,Druid,Meowrawrxo,536120.0
3gymwM9c2Av4Xk6r,6,Maztajake,Druid,Meowrawrxo,80599.0
3gymwM9c2Av4Xk6r,6,Greyseer,Hunter,Meowrawrxo,3714.0
3gymwM9c2Av4Xk6r,6,Panes,Paladin,Meowrawrxo,3709.0
3gymwM9c2Av4Xk6r,6,Aurëus,Paladin,Meowrawrxo,2464.0
3gymwM9c2Av4Xk6r,6,Spàdes,Warrior,Spàdes,241384.0
3gymwM9c2Av4Xk6r,6,Maztajake,Druid,Maztajake,232442.0
3gymwM9c2Av4Xk6r,6,Averlis,Druid,Averlis,471461.0
3gymwM9c2Av4Xk6r,8,Mannarchy,Paladin,Mannarchy,3990088.0
3gymwM9c2Av4Xk6r,8,Decayed,DeathKnight,Mannarchy,361269.0
3gymwM9c2Av4Xk6r,8,Primeval,Shaman,Mannarchy,221682.0
3gymwM9c2Av4Xk6r,8,Meowrawrxo,Druid,Mannarchy,59097.0
3gymwM9c2Av4Xk6r,8,Lìllith,Warlock,Mannarchy,46547.0
3gymwM9c2Av4Xk6r,8,Sinfxl,Mage,Sinfxl,1053312.0
3gymwM9c2Av4Xk6r,8,Grapefroot,Hunter,Grapefroot,850301.0
3gymwM9c2Av4Xk6r,8,Decayed,DeathKnight,Decayed,10841381.0
3gymwM9c2Av4Xk6r,8,Panes,Paladin,Panes,1528418.0
3gymwM9c2Av4Xk6r,8,Spàdes,Warrior,Panes,22735.0
3gymwM9c2Av4Xk6r,8,Lìllith,Warlock,Panes,21473.0
3gymwM9c2Av4Xk6r,8,Cryonox,DeathKnight,Panes,20641.0
3gymwM9c2Av4Xk6r,8,Grapefroot,Hunter,Panes,19268.0
3gymwM9c2Av4Xk6r,8,Greyseer,Hunter,Greyseer,168262.0
3gymwM9c2Av4Xk6r,8,Siare,Warlock,Siare,1249656.0
3gymwM9c2Av4Xk6r,8,Maztajake,Druid,Zeleria,2065865.0
3gymwM9c2Av4Xk6r,8,Zeleria,Paladin,Zeleria,1619641.0
3gymwM9c2Av4Xk6r,8,Cryonox,DeathKnight,Zeleria,1610842.0
3gymwM9c2Av4Xk6r,8,Chontosh,Paladin,Zeleria,1446995.0
3gymwM9c2Av4Xk6r,8,Siare,Warlock,Zeleria,1381154.0
3gymwM9c2Av4Xk6r,8,Viserion,Evoker,Viserion,1875775.0
3gymwM9c2Av4Xk6r,8,Siare,Warlock,Viserion,1332057.0
3gymwM9c2Av4Xk6r,8,Cryonox,DeathKnight,Viserion,921185.0
3gymwM9c2Av4Xk6r,8,Maztajake,Druid,Viserion,887612.0
3gymwM9c2Av4Xk6r,8,Decayed,DeathKnight,Viserion,880908.0
3gymwM9c2Av4Xk6r,8,Primeval,Shaman,Primeval,2042740.0
3gymwM9c2Av4Xk6r,8,Maztajake,Druid,Primeval,1765616.0
3gymwM9c2Av4Xk6r,8,Chontosh,Paladin,Primeval,1256823.0
3gymwM9c2Av4Xk6r,8,Cryonox,DeathKnight,Primeval,1221829.0
3gymwM9c2Av4Xk6r,8,Lìllith,Warlock,Primeval,1185420.0
3gymwM9c2Av4Xk6r,8,Chontosh,Paladin,Chontosh,2648514.0
3gymwM9c2Av4Xk6r,8,Decayed,DeathKnight,Chontosh,1961791.0
3gymwM9c2Av4Xk6r,8,Meowrawrxo,Druid,Chontosh,1237713.0
3gymwM9c2Av4Xk6r,8,Lìllith,Warlock,Chontosh,1125219.0
3gymwM9c2Av4Xk6r,8,Greyseer,Hunter,Chontosh,914659.0
3gymwM9c2Av4Xk6r,8,Asharia,DemonHunter,Asharia,2139774.0
3gymwM9c2Av4Xk6r,8,Aurëus,Paladin,Aurëus,1031242.0
3gymwM9c2Av4Xk6r,8,Cryonox,DeathKnight,Aurëus,50446.0
3gymwM9c2Av4Xk6r,8,Lìllith,Warlock,Aurëus,41605.0
3gymwM9c2Av4Xk6r,8,Panes,Paladin,Aurëus,41402.0
3gymwM9c2Av4Xk6r,8,Spàdes,Warrior,Aurëus,36925.0
3gymwM9c2Av4Xk6r,8,Danzilla,Hunter,Danzilla,184505.0
3gymwM9c2Av4Xk6r,8,Maztajake,Druid,Danzilla,10249.0
3gymwM9c2Av4Xk6r,8,Aurëus,Paladin,Danzilla,6528.0
3gymwM9c2Av4Xk6r,8,Lìllith,Warlock,Lìllith,956433.0
3gymwM9c2Av4Xk6r,8,Cryonox,DeathKnight,Cryonox,1061166.0
3gymwM9c2Av4Xk6r,8,Meowrawrxo,Druid,Meowrawrxo,1521298.0
3gymwM9c2Av4Xk6r,8,Decayed,DeathKnight,Meowrawrxo,48165.0
3gymwM9c2Av4Xk6r,8,Sinfxl,Mage,Meowrawrxo,46069.0
3gymwM9c2Av4Xk6r,8,Aurëus,Paladin,Meowrawrxo,44098.0
3gymwM9c2Av4Xk6r,8,Mannarchy,Paladin,Meowrawrxo,37650.0
3gymwM9c2Av4Xk6r,8,Spàdes,Warrior,Spàdes,1595331.0
3gymwM9c2Av4Xk6r,8,Maztajake,Druid,Maztajake,762508.0
3gymwM9c2Av4Xk6r,8,Averlis,Druid,Averlis,475498.0
3gymwM9c2Av4Xk6r,8,Meowrawrxo,Druid,Averlis,138771.0
3gymwM9c2Av4Xk6r,8,Lìllith,Warlock,Averlis,135024.0
3gymwM9c2Av4Xk6r,8,Greyseer,Hunter,Averlis,129783.0
3gymwM9c2Av4Xk6r,8,Cryonox,DeathKnight,Averlis,123472.0
3gymwM9c2Av4Xk6r,9,Mannarchy,Paladin,Mannarchy,5424523.0
3gymwM9c2Av4Xk6r,9,Greyseer,Hunter,Mannarchy,533519.0
3gymwM9c2Av4Xk6r,9,Cryonox,DeathKnight,Mannarchy,445467.0
3gymwM9c2Av4Xk6r,9,Decayed,DeathKnight,Mannarchy,414617.0
3gymwM9c2Av4Xk6r,9,Sinfxl,Mage,Mannarchy,361010.0
3gymwM9c2Av4Xk6r,9,Sinfxl,Mage,Sinfxl,1552154.0
3gymwM9c2Av4Xk6r,9,Grapefroot,Hunter,Grapefroot,652139.0
3gymwM9c2Av4Xk6r,9,Panes,Paladin,Panes,1018876.0
3gymwM9c2Av4Xk6r,9,Grapefroot,Hunter,Panes,34882.0
3gymwM9c2Av4Xk6r,9,Cryonox,DeathKnight,Panes,30096.0
3gymwM9c2Av4Xk6r,9,Siare,Warlock,Panes,29447.0
3gymwM9c2Av4Xk6r,9,Zeleria,Paladin,Panes,25972.0
3gymwM9c2Av4Xk6r,9,Decayed,DeathKnight,Decayed,10348378.0
3gymwM9c2Av4Xk6r,9,Greyseer,Hunter,Greyseer,626023.0
3gymwM9c2Av4Xk6r,9,Siare,Warlock,Siare,1129907.0
3gymwM9c2Av4Xk6r,9,Greyseer,Hunter,Zeleria,1800253.0
3gymwM9c2Av4Xk6r,9,Chontosh,Paladin,Zeleria,1670619.0
3gymwM9c2Av4Xk6r,9,Zeleria,Paladin,Zeleria,1655521.0
3gymwM9c2Av4Xk6r,9,Maztajake,Druid,Zeleria,1585467.0
3gymwM9c2Av4Xk6r,9,Aurëus,Paladin,Zeleria,1267158.0
3gymwM9c2Av4Xk6r,9,Viserion,Evoker,Viserion,2565493.0
3gymwM9c2Av4Xk6r,9,Danzilla,Hunter,Viserion,1437253.0
3gymwM9c2Av4Xk6r,9,Decayed,DeathKnight,Viserion,1429562.0
3gymwM9c2Av4Xk6r,9,Averlis,Druid,Viserion,1042476.0
3gymwM9c2Av4Xk6r,9,Siare,Warlock,Viserion,1017431.0
3gymwM9c2Av4Xk6r,9,Asharia,DemonHunter,Asharia,1454774.0
3gymwM9c2Av4Xk6r,9,Greyseer,Hunter,Chontosh,2179158.0
3gymwM9c2Av4Xk6r,9,Decayed,DeathKnight,Chontosh,1865993.0
3gymwM9c2Av4Xk6r,9,Chontosh,Paladin,Chontosh,1721661.0
3gymwM9c2Av4Xk6r,9,Danzilla,Hunter,Chontosh,1615529.0
3gymwM9c2Av4Xk6r,9,Panes,Paladin,Chontosh,1347299.0
3gymwM9c2Av4Xk6r,9,Primeval,Shaman,Primeval,2689721.0
3gymwM9c2Av4Xk6r,9,Chontosh,Paladin,Primeval,1557005.0
3gymwM9c2Av4Xk6r,9,Greyseer,Hunter,Primeval,1520893.0
3gymwM9c2Av4Xk6r,9,Aurëus,Paladin,Primeval,1335800.0
3gymwM9c2Av4Xk6r,9,Siare,Warlock,Primeval,1145422.0
3gymwM9c2Av4Xk6r,9,Aurëus,Paladin,Aurëus,816677.0
3gymwM9c2Av4Xk6r,9,Viserion,Evoker,Aurëus,29345.0
3gymwM9c2Av4Xk6r,9,Meowrawrxo,Druid,Aurëus,28563.0
3gymwM9c2Av4Xk6r,9,Lìllith,Warlock,Aurëus,24564.0
3gymwM9c2Av4Xk6r,9,Zeleria,Paladin,Aurëus,24439.0
3gymwM9c2Av4Xk6r,9,Danzilla,Hunter,Danzilla,408529.0
3gymwM9c2Av4Xk6r,9,Aurëus,Paladin,Danzilla,6832.0
3gymwM9c2Av4Xk6r,9,Maztajake,Druid,Danzilla,2115.0
3gymwM9c2Av4Xk6r,9,Lìllith,Warlock,Lìllith,873836.0
3gymwM9c2Av4Xk6r,9,Cryonox,DeathKnight,Cryonox,1127397.0
3gymwM9c2Av4Xk6r,9,Meowrawrxo,Druid,Meowrawrxo,1379590.0
3gymwM9c2Av4Xk6r,9,Primeval,Shaman,Meowrawrxo,89691.0
3gymwM9c2Av4Xk6r,9,Cryonox,DeathKnight,Meowrawrxo,59553.0
3gymwM9c2Av4Xk6r,9,Panes,Paladin,Meowrawrxo,53677.0
3gymwM9c2Av4Xk6r,9,Zeleria,Paladin,Meowrawrxo,50887.0
3gymwM9c2Av4Xk6r,9,Spàdes,Warrior,Spàdes,410232.0
3gymwM9c2Av4Xk6r,9,Maztajake,Druid,Maztajake,551651.0
3gymwM9c2Av4Xk6r,9,Averlis,Druid,Averlis,939295.0
3gymwM9c2Av4Xk6r,9,Chontosh,Paladin,Averlis,200702.0
3gymwM9c2Av4Xk6r,9,Zeleria,Paladin,Averlis,181463.0
3gymwM9c2Av4Xk6r,9,Panes,Paladin,Averlis,165912.0
3gymwM9c2Av4Xk6r,9,Danzilla,Hunter,Averlis,138554.0
3VrDYLzQHKtTyAFX,1,Averlis,Druid,Averlis,328676.0
3VrDYLzQHKtTyAFX,1,Siare,Warlock,Siare,1752626.0
3VrDYLzQHKtTyAFX,1,Chontosh,Paladin,Chontosh,1539897.0
3VrDYLzQHKtTyAFX,1,Sinfxl,Mage,Chontosh,869113.0
3VrDYLzQHKtTyAFX,1,Soliloquy,Priest,Chontosh,813902.0
3VrDYLzQHKtTyAFX,1,Averlis,Druid,Chontosh,721657.0
3VrDYLzQHKtTyAFX,1,Meowrawrxo,Druid,Chontosh,708837.0
3VrDYLzQHKtTyAFX,1,Dystrophee,DeathKnight,Dystrophee,834034.0
3VrDYLzQHKtTyAFX,1,Decayed,DeathKnight,Tavendar,958508.0
3VrDYLzQHKtTyAFX,1,Tavendar,Paladin,Tavendar,893048.0
3VrDYLzQHKtTyAFX,1,Meowrawrxo,Druid,Tavendar,809967.0
3VrDYLzQHKtTyAFX,1,Siare,Warlock,Tavendar,801336.0
3VrDYLzQHKtTyAFX,1,Sinfxl,Mage,Tavendar,759828.0
3VrDYLzQHKtTyAFX,1,Mannarchy,Paladin,Mannarchy,3592788.0
3VrDYLzQHKtTyAFX,1,Decayed,DeathKnight,Mannarchy,632614.0
3VrDYLzQHKtTyAFX,1,Whilton,Druid,Mannarchy,173858.0
3VrDYLzQHKtTyAFX,1,Siare,Warlock,Mannarchy,117252.0
3VrDYLzQHKtTyAFX,1,Meowrawrxo,Druid,Mannarchy,61400.0
3VrDYLzQHKtTyAFX,1,Ilidank,DemonHunter,Ilidank,1489688.0
3VrDYLzQHKtTyAFX,1,Siare,Warlock,Ilidank,312275.0
3VrDYLzQHKtTyAFX,1,Sinfxl,Mage,Ilidank,230449.0
3VrDYLzQHKtTyAFX,1,Meowrawrxo,Druid,Ilidank,209709.0
3VrDYLzQHKtTyAFX,1,Mannarchy,Paladin,Ilidank,7689.0
3VrDYLzQHKtTyAFX,1,Sinfxl,Mage,Sinfxl,349983.0
3VrDYLzQHKtTyAFX,1,Soliloquy,Priest,Soliloquy,1227548.0
3VrDYLzQHKtTyAFX,1,Aurëus,Paladin,Soliloquy,107497.0
3VrDYLzQHKtTyAFX,1,Siare,Warlock,Soliloquy,85419.0
3VrDYLzQHKtTyAFX,1,Dystrophee,DeathKnight,Soliloquy,73908.0
3VrDYLzQHKtTyAFX,1,Meowrawrxo,Druid,Soliloquy,55007.0
3VrDYLzQHKtTyAFX,1,Decayed,DeathKnight,Decayed,4902882.0
3VrDYLzQHKtTyAFX,1,Aurëus,Paladin,Aurëus,751938.0
3VrDYLzQHKtTyAFX,1,Tavendar,Paladin,Aurëus,35768.0
3VrDYLzQHKtTyAFX,1,Whilton,Druid,Aurëus,35689.0
3VrDYLzQHKtTyAFX,1,Primeval,Shaman,Aurëus,32578.0
3VrDYLzQHKtTyAFX,1,Averlis,Druid,Aurëus,29602.0
3VrDYLzQHKtTyAFX,1,Dahlela,Priest,Dahlela,766352.0
3VrDYLzQHKtTyAFX,1,Sinfxl,Mage,Dahlela,64041.0
3VrDYLzQHKtTyAFX,1,Whilton,Druid,Dahlela,53719.0
3VrDYLzQHKtTyAFX,1,Ilidank,DemonHunter,Dahlela,49890.0
3VrDYLzQHKtTyAFX,1,Aurëus,Paladin,Dahlela,48975.0
3VrDYLzQHKtTyAFX,1,Whilton,Druid,Whilton,150990.0
3VrDYLzQHKtTyAFX,1,Tavendar,Paladin,Whilton,74382.0
3VrDYLzQHKtTyAFX,1,Meowrawrxo,Druid,Whilton,66051.0
3VrDYLzQHKtTyAFX,1,Mannarchy,Paladin,Whilton,21956.0
3VrDYLzQHKtTyAFX,1,Soliloquy,Priest,Whilton,7742.0
3VrDYLzQHKtTyAFX,1,Meowrawrxo,Druid,Meowrawrxo,672255.0
3VrDYLzQHKtTyAFX,1,Siare,Warlock,Meowrawrxo,59887.0
3VrDYLzQHKtTyAFX,1,Whilton,Druid,Meowrawrxo,34409.0
3VrDYLzQHKtTyAFX,1,Decayed,DeathKnight,Meowrawrxo,33960.0
3VrDYLzQHKtTyAFX,1,Soliloquy,Priest,Meowrawrxo,28187.0
3VrDYLzQHKtTyAFX,1,Maztademon,DemonHunter,Maztademon,784830.0
3VrDYLzQHKtTyAFX,1,Dahlela,Priest,Maztademon,5928.0
3VrDYLzQHKtTyAFX,1,Siare,Warlock,Primeval,1561460.0
3VrDYLzQHKtTyAFX,1,Primeval,Shaman,Primeval,1358937.0
3VrDYLzQHKtTyAFX,1,Meowrawrxo,Druid,Primeval,1311883.0
3VrDYLzQHKtTyAFX,1,Whilton,Druid,Primeval,977032.0
3VrDYLzQHKtTyAFX,1,Decayed,DeathKnight,Primeval,779263.0
3VrDYLzQHKtTyAFX,3,Averlis,Druid,Averlis,865781.0
3VrDYLzQHKtTyAFX,3,Siare,Warlock,Siare,1568871.0
3VrDYLzQHKtTyAFX,3,Chontosh,Paladin,Chontosh,5105387.0
3VrDYLzQHKtTyAFX,3,Averlis,Druid,Chontosh,4201626.0
3VrDYLzQHKtTyAFX,3,Sinfxl,Mage,Chontosh,3635552.0
3VrDYLzQHKtTyAFX,3,Aurëus,Paladin,Chontosh,3451498.0
3VrDYLzQHKtTyAFX,3,Meowrawrxo,Druid,Chontosh,3347248.0
3VrDYLzQHKtTyAFX,3,Dystrophee,DeathKnight,Dystrophee,2520412.0
3VrDYLzQHKtTyAFX,3,Tavendar,Paladin,Tavendar,3681598.0
3VrDYLzQHKtTyAFX,3,Mannarchy,Paladin,Tavendar,2394223.0
3VrDYLzQHKtTyAFX,3,Aurëus,Paladin,Tavendar,2228162.0
3VrDYLzQHKtTyAFX,3,Dahlela,Priest,Tavendar,2170993.0
3VrDYLzQHKtTyAFX,3,Decayed,DeathKnight,Tavendar,2103284.0
3VrDYLzQHKtTyAFX,3,Mannarchy,Paladin,Mannarchy,7937786.0
3VrDYLzQHKtTyAFX,3,Decayed,DeathKnight,Mannarchy,2514137.0
3VrDYLzQHKtTyAFX,3,Aurëus,Paladin,Mannarchy,282682.0
3VrDYLzQHKtTyAFX,3,Dystrophee,DeathKnight,Mannarchy,261296.0
3VrDYLzQHKtTyAFX,3,Chontosh,Paladin,Mannarchy,212819.0
3VrDYLzQHKtTyAFX,3,Ilidank,DemonHunter,Ilidank,4557525.0
3VrDYLzQHKtTyAFX,3,Whilton,Druid,Ilidank,71110.0
3VrDYLzQHKtTyAFX,3,Averlis,Druid,Ilidank,46044.0
3VrDYLzQHKtTyAFX,3,Aurëus,Paladin,Ilidank,44487.0
3VrDYLzQHKtTyAFX,3,Dystrophee,DeathKnight,Ilidank,42005.0
3VrDYLzQHKtTyAFX,3,Sinfxl,Mage,Sinfxl,2003940.0
3VrDYLzQHKtTyAFX,3,Soliloquy,Priest,Soliloquy,3463157.0
3VrDYLzQHKtTyAFX,3,Dahlela,Priest,Soliloquy,286069.0
3VrDYLzQHKtTyAFX,3,Averlis,Druid,Soliloquy,256711.0
3VrDYLzQHKtTyAFX,3,Decayed,DeathKnight,Soliloquy,227737.0
3VrDYLzQHKtTyAFX,3,Primeval,Shaman,Soliloquy,217825.0
3VrDYLzQHKtTyAFX,3,Decayed,DeathKnight,Decayed,10987755.0
3VrDYLzQHKtTyAFX,3,Aurëus,Paladin,Aurëus,2758701.0
3VrDYLzQHKtTyAFX,3,Whilton,Druid,Aurëus,114114.0
3VrDYLzQHKtTyAFX,3,Primeval,Shaman,Aurëus,98120.0
3VrDYLzQHKtTyAFX,3,Tavendar,Paladin,Aurëus,91391.0
3VrDYLzQHKtTyAFX,3,Siare,Warlock,Aurëus,83400.0
3VrDYLzQHKtTyAFX,3,Dahlela,Priest,Dahlela,2345782.0
3VrDYLzQHKtTyAFX,3,Dystrophee,DeathKnight,Dahlela,272819.0
3VrDYLzQHKtTyAFX,3,Primeval,Shaman,Dahlela,191243.0
3VrDYLzQHKtTyAFX,3,Tavendar,Paladin,Dahlela,184479.0
3VrDYLzQHKtTyAFX,3,Chontosh,Paladin,Dahlela,153201.0
3VrDYLzQHKtTyAFX,3,Whilton,Druid,Whilton,1516130.0
3VrDYLzQHKtTyAFX,3,Chontosh,Paladin,Whilton,221468.0
3VrDYLzQHKtTyAFX,3,Dahlela,Priest,Whilton,186852.0
3VrDYLzQHKtTyAFX,3,Sinfxl,Mage,Whilton,179393.0
3VrDYLzQHKtTyAFX,3,Averlis,Druid,Whilton,157559.0
3VrDYLzQHKtTyAFX,3,Meowrawrxo,Druid,Meowrawrxo,1902553.0
3VrDYLzQHKtTyAFX,3,Tavendar,Paladin,Meowrawrxo,417487.0
3VrDYLzQHKtTyAFX,3,Soliloquy,Priest,Meowrawrxo,233691.0
3VrDYLzQHKtTyAFX,3,Primeval,Shaman,Meowrawrxo,162197.0
3VrDYLzQHKtTyAFX,3,Dahlela,Priest,Meowrawrxo,159000.0
3VrDYLzQHKtTyAFX,3,Maztademon,DemonHunter,Maztademon,2460709.0
3VrDYLzQHKtTyAFX,3,Chontosh,Paladin,Maztademon,48055.0
3VrDYLzQHKtTyAFX,3,Soliloquy,Priest,Maztademon,36874.0
3VrDYLzQHKtTyAFX,3,Primeval,Shaman,Maztademon,32984.0
3VrDYLzQHKtTyAFX,3,Siare,Warlock,Maztademon,11915.0
3VrDYLzQHKtTyAFX,3,Primeval,Shaman,Primeval,4140443.0
3VrDYLzQHKtTyAFX,3,Siare,Warlock,Primeval,3561022.0
3VrDYLzQHKtTyAFX,3,Dystrophee,DeathKnight,Primeval,3311864.0
3VrDYLzQHKtTyAFX,3,Soliloquy,Priest,Primeval,3190034.0
3VrDYLzQHKtTyAFX,3,Dahlela,Priest,Primeval,3134666.0
7fgDKpMGWzkq8Hbm,10,Hörnstar,DemonHunter,Hörnstar,863545.0
7fgDKpMGWzkq8Hbm,10,Mortiis,Shaman,Hörnstar,106556.0
7fgDKpMGWzkq8Hbm,10,Cryonox,DeathKnight,Hörnstar,89757.0
7fgDKpMGWzkq8Hbm,10,Spàdes,Warrior,Hörnstar,89558.0
7fgDKpMGWzkq8Hbm,10,Abrakadavar,Mage,Hörnstar,87498.0
7fgDKpMGWzkq8Hbm,10,Aurëus,Paladin,Aurëus,422357.0
7fgDKpMGWzkq8Hbm,10,Abrakadavar,Mage,Aurëus,23966.0
7fgDKpMGWzkq8Hbm,10,Cryonox,DeathKnight,Aurëus,21848.0
7fgDKpMGWzkq8Hbm,10,Sinfxl,Mage,Aurëus,19683.0
7fgDKpMGWzkq8Hbm,10,Grapefroot,Hunter,Aurëus,19260.0
7fgDKpMGWzkq8Hbm,10,Ämon,Druid,Ämon,724192.0
7fgDKpMGWzkq8Hbm,10,Meowrawrxo,Druid,Ämon,191751.0
7fgDKpMGWzkq8Hbm,10,Decayed,DeathKnight,Ämon,176518.0
7fgDKpMGWzkq8Hbm,10,Lìllith,Warlock,Ämon,166138.0
7fgDKpMGWzkq8Hbm,10,Danzilla,Hunter,Ämon,141597.0
7fgDKpMGWzkq8Hbm,10,Mannarchy,Paladin,Mannarchy,2327913.0
7fgDKpMGWzkq8Hbm,10,Chontosh,Paladin,Mannarchy,79966.0
7fgDKpMGWzkq8Hbm,10,Sinfxl,Mage,Mannarchy,43458.0
7fgDKpMGWzkq8Hbm,10,Grapefroot,Hunter,Mannarchy,39505.0
7fgDKpMGWzkq8Hbm,10,Aurëus,Paladin,Mannarchy,36286.0
7fgDKpMGWzkq8Hbm,10,Spàdes,Warrior,Spàdes,509920.0
7fgDKpMGWzkq8Hbm,10,Emikohime,Evoker,Emikohime,1622778.0
7fgDKpMGWzkq8Hbm,10,Aurëus,Paladin,Emikohime,908037.0
7fgDKpMGWzkq8Hbm,10,Grapefroot,Hunter,Emikohime,861217.0
7fgDKpMGWzkq8Hbm,10,Cryonox,DeathKnight,Emikohime,807558.0
7fgDKpMGWzkq8Hbm,10,Mannarchy,Paladin,Emikohime,706052.0
7fgDKpMGWzkq8Hbm,10,Meowrawrxo,Druid,Meowrawrxo,964444.0
7fgDKpMGWzkq8Hbm,10,Ämon,Druid,Meowrawrxo,107970.0
7fgDKpMGWzkq8Hbm,10,Siare,Warlock,Meowrawrxo,62780.0
7fgDKpMGWzkq8Hbm,10,Lìllith,Warlock,Meowrawrxo,56718.0
7fgDKpMGWzkq8Hbm,10,Hörnstar,DemonHunter,Meowrawrxo,54345.0
7fgDKpMGWzkq8Hbm,10,Abrakadavar,Mage,Abrakadavar,339528.0
7fgDKpMGWzkq8Hbm,10,Mortiis,Shaman,Chontosh,955255.0
7fgDKpMGWzkq8Hbm,10,Decayed,DeathKnight,Chontosh,691933.0
7fgDKpMGWzkq8Hbm,10,Mannarchy,Paladin,Chontosh,678996.0
7fgDKpMGWzkq8Hbm,10,Grapefroot,Hunter,Chontosh,633835.0
7fgDKpMGWzkq8Hbm,10,Primeval,Shaman,Chontosh,631339.0
7fgDKpMGWzkq8Hbm,10,Lìllith,Warlock,Lìllith,731901.0
7fgDKpMGWzkq8Hbm,10,Mannarchy,Paladin,Mortiis,146836.0
7fgDKpMGWzkq8Hbm,10,Mortiis,Shaman,Mortiis,94895.0
7fgDKpMGWzkq8Hbm,10,Decayed,DeathKnight,Decayed,2779406.0
7fgDKpMGWzkq8Hbm,10,Sinfxl,Mage,Sinfxl,748892.0
7fgDKpMGWzkq8Hbm,10,Siare,Warlock,Siare,967740.0
7fgDKpMGWzkq8Hbm,10,Danzilla,Hunter,Danzilla,457833.0
7fgDKpMGWzkq8Hbm,10,Primeval,Shaman,Danzilla,7877.0
7fgDKpMGWzkq8Hbm,10,Grapefroot,Hunter,Grapefroot,64699.0
7fgDKpMGWzkq8Hbm,10,Cryonox,DeathKnight,Cryonox,255752.0
7fgDKpMGWzkq8Hbm,10,Spàdes,Warrior,Primeval,1385194.0
7fgDKpMGWzkq8Hbm,10,Primeval,Shaman,Primeval,1146327.0
7fgDKpMGWzkq8Hbm,10,Mortiis,Shaman,Primeval,994315.0
7fgDKpMGWzkq8Hbm,10,Siare,Warlock,Primeval,989120.0
7fgDKpMGWzkq8Hbm,10,Meowrawrxo,Druid,Primeval,966423.0
7fgDKpMGWzkq8Hbm,10,Viserion,Evoker,Viserion,1564566.0
7fgDKpMGWzkq8Hbm,10,Grapefroot,Hunter,Viserion,1108155.0
7fgDKpMGWzkq8Hbm,10,Aurëus,Paladin,Viserion,1003746.0
7fgDKpMGWzkq8Hbm,10,Mannarchy,Paladin,Viserion,894635.0
7fgDKpMGWzkq8Hbm,10,Sinfxl,Mage,Viserion,849401.0
7fgDKpMGWzkq8Hbm,11,Hörnstar,DemonHunter,Hörnstar,755224.0
7fgDKpMGWzkq8Hbm,11,Siare,Warlock,Hörnstar,210798.0
7fgDKpMGWzkq8Hbm,11,Grapefroot,Hunter,Hörnstar,177250.0
7fgDKpMGWzkq8Hbm,11,Lìllith,Warlock,Hörnstar,96499.0
7fgDKpMGWzkq8Hbm,11,Ämon,Druid,Hörnstar,89418.0
7fgDKpMGWzkq8Hbm,11,Aurëus,Paladin,Aurëus,418037.0
7fgDKpMGWzkq8Hbm,11,Viserion,Evoker,Aurëus,16694.0
7fgDKpMGWzkq8Hbm,11,Sinfxl,Mage,Aurëus,16118.0
7fgDKpMGWzkq8Hbm,11,Chontosh,Paladin,Aurëus,15149.0
7fgDKpMGWzkq8Hbm,11,Grapefroot,Hunter,Aurëus,14352.0
7fgDKpMGWzkq8Hbm,11,Ämon,Druid,Ämon,511760.0
7fgDKpMGWzkq8Hbm,11,Spàdes,Warrior,Ämon,163998.0
7fgDKpMGWzkq8Hbm,11,Danzilla,Hunter,Ämon,133848.0
7fgDKpMGWzkq8Hbm,11,Chontosh,Paladin,Ämon,113193.0
7fgDKpMGWzkq8Hbm,11,Hörnstar,DemonHunter,Ämon,57508.0
7fgDKpMGWzkq8Hbm,11,Mannarchy,Paladin,Mannarchy,1983768.0
7fgDKpMGWzkq8Hbm,11,Decayed,DeathKnight,Mannarchy,276970.0
7fgDKpMGWzkq8Hbm,11,Cryonox,DeathKnight,Mannarchy,190529.0
7fgDKpMGWzkq8Hbm,11,Chontosh,Paladin,Mannarchy,59388.0
7fgDKpMGWzkq8Hbm,11,Grapefroot,Hunter,Mannarchy,43551.0
7fgDKpMGWzkq8Hbm,11,Spàdes,Warrior,Spàdes,439317.0
7fgDKpMGWzkq8Hbm,11,Emikohime,Evoker,Emikohime,1362127.0
7fgDKpMGWzkq8Hbm,11,Chontosh,Paladin,Emikohime,633739.0
7fgDKpMGWzkq8Hbm,11,Abrakadavar,Mage,Emikohime,610945.0
7fgDKpMGWzkq8Hbm,11,Mannarchy,Paladin,Emikohime,553817.0
7fgDKpMGWzkq8Hbm,11,Lìllith,Warlock,Emikohime,487702.0
7fgDKpMGWzkq8Hbm,11,Meowrawrxo,Druid,Meowrawrxo,935114.0
7fgDKpMGWzkq8Hbm,11,Emikohime,Evoker,Meowrawrxo,88867.0
7fgDKpMGWzkq8Hbm,11,Primeval,Shaman,Meowrawrxo,63331.0
7fgDKpMGWzkq8Hbm,11,Mannarchy,Paladin,Meowrawrxo,43128.0
7fgDKpMGWzkq8Hbm,11,Spàdes,Warrior,Meowrawrxo,42038.0
7fgDKpMGWzkq8Hbm,11,Abrakadavar,Mage,Abrakadavar,137085.0
7fgDKpMGWzkq8Hbm,11,Mannarchy,Paladin,Chontosh,953024.0
7fgDKpMGWzkq8Hbm,11,Danzilla,Hunter,Chontosh,796744.0
7fgDKpMGWzkq8Hbm,11,Abrakadavar,Mage,Chontosh,621841.0
7fgDKpMGWzkq8Hbm,11,Aurëus,Paladin,Chontosh,568149.0
7fgDKpMGWzkq8Hbm,11,Chontosh,Paladin,Chontosh,473206.0
7fgDKpMGWzkq8Hbm,11,Lìllith,Warlock,Lìllith,669690.0
7fgDKpMGWzkq8Hbm,11,Mortiis,Shaman,Mortiis,196826.0
7fgDKpMGWzkq8Hbm,11,Mannarchy,Paladin,Mortiis,107437.0
7fgDKpMGWzkq8Hbm,11,Decayed,DeathKnight,Decayed,5663100.0
7fgDKpMGWzkq8Hbm,11,Sinfxl,Mage,Sinfxl,270738.0
7fgDKpMGWzkq8Hbm,11,Siare,Warlock,Siare,406049.0
7fgDKpMGWzkq8Hbm,11,Danzilla,Hunter,Danzilla,23070.0
7fgDKpMGWzkq8Hbm,11,Hörnstar,DemonHunter,Danzilla,3939.0
7fgDKpMGWzkq8Hbm,11,Grapefroot,Hunter,Grapefroot,67769.0
7fgDKpMGWzkq8Hbm,11,Cryonox,DeathKnight,Cryonox,356340.0
7fgDKpMGWzkq8Hbm,11,Primeval,Shaman,Primeval,1477521.0
7fgDKpMGWzkq8Hbm,11,Spàdes,Warrior,Primeval,1427654.0
7fgDKpMGWzkq8Hbm,11,Siare,Warlock,Primeval,826173.0
7fgDKpMGWzkq8Hbm,11,Ämon,Druid,Primeval,696226.0
7fgDKpMGWzkq8Hbm,11,Lìllith,Warlock,Primeval,687054.0
7fgDKpMGWzkq8Hbm,11,Viserion,Evoker,Viserion,1542032.0
7fgDKpMGWzkq8Hbm,11,Grapefroot,Hunter,Viserion,1057343.0
7fgDKpMGWzkq8Hbm,11,Mortiis,Shaman,Viserion,920045.0
7fgDKpMGWzkq8Hbm,11,Sinfxl,Mage,Viserion,856082.0
7fgDKpMGWzkq8Hbm,11,Chontosh,Paladin,Viserion,799399.0
7fgDKpMGWzkq8Hbm,12,Hörnstar,DemonHunter,Hörnstar,2840358.0
7fgDKpMGWzkq8Hbm,12,Ämon,Druid,Hörnstar,340592.0
7fgDKpMGWzkq8Hbm,12,Emikohime,Evoker,Hörnstar,184252.0
7fgDKpMGWzkq8Hbm,12,Grapefroot,Hunter,Hörnstar,169923.0
7fgDKpMGWzkq8Hbm,12,Chontosh,Paladin,Hörnstar,162354.0
7fgDKpMGWzkq8Hbm,12,Aurëus,Paladin,Aurëus,1374197.0
7fgDKpMGWzkq8Hbm,12,Viserion,Evoker,Aurëus,85417.0
7fgDKpMGWzkq8Hbm,12,Grapefroot,Hunter,Aurëus,74749.0
7fgDKpMGWzkq8Hbm,12,Cryonox,DeathKnight,Aurëus,74084.0
7fgDKpMGWzkq8Hbm,12,Mortiis,Shaman,Aurëus,64671.0
7fgDKpMGWzkq8Hbm,12,Ämon,Druid,Ämon,1319336.0
7fgDKpMGWzkq8Hbm,12,Spàdes,Warrior,Ämon,171127.0
7fgDKpMGWzkq8Hbm,12,Danzilla,Hunter,Ämon,152085.0
7fgDKpMGWzkq8Hbm,12,Chontosh,Paladin,Ämon,151309.0
7fgDKpMGWzkq8Hbm,12,Meowrawrxo,Druid,Ämon,101469.0
7fgDKpMGWzkq8Hbm,12,Mannarchy,Paladin,Mannarchy,6470257.0
7fgDKpMGWzkq8Hbm,12,Decayed,DeathKnight,Mannarchy,1074650.0
7fgDKpMGWzkq8Hbm,12,Lìllith,Warlock,Mannarchy,183914.0
7fgDKpMGWzkq8Hbm,12,Grapefroot,Hunter,Mannarchy,171848.0
7fgDKpMGWzkq8Hbm,12,Aurëus,Paladin,Mannarchy,108086.0
7fgDKpMGWzkq8Hbm,12,Spàdes,Warrior,Spàdes,1205276.0
7fgDKpMGWzkq8Hbm,12,Emikohime,Evoker,Emikohime,5433923.0
7fgDKpMGWzkq8Hbm,12,Grapefroot,Hunter,Emikohime,2008456.0
7fgDKpMGWzkq8Hbm,12,Aurëus,Paladin,Emikohime,1963700.0
7fgDKpMGWzkq8Hbm,12,Mortiis,Shaman,Emikohime,1821408.0
7fgDKpMGWzkq8Hbm,12,Viserion,Evoker,Emikohime,1796827.0
7fgDKpMGWzkq8Hbm,12,Meowrawrxo,Druid,Meowrawrxo,2262508.0
7fgDKpMGWzkq8Hbm,12,Danzilla,Hunter,Meowrawrxo,243139.0
7fgDKpMGWzkq8Hbm,12,Abrakadavar,Mage,Meowrawrxo,142393.0
7fgDKpMGWzkq8Hbm,12,Spàdes,Warrior,Meowrawrxo,82540.0
7fgDKpMGWzkq8Hbm,12,Primeval,Shaman,Meowrawrxo,76258.0
7fgDKpMGWzkq8Hbm,12,Abrakadavar,Mage,Abrakadavar,1318829.0
7fgDKpMGWzkq8Hbm,12,Chontosh,Paladin,Chontosh,3519076.0
7fgDKpMGWzkq8Hbm,12,Decayed,DeathKnight,Chontosh,2152908.0
7fgDKpMGWzkq8Hbm,12,Primeval,Shaman,Chontosh,2126346.0
7fgDKpMGWzkq8Hbm,12,Danzilla,Hunter,Chontosh,1959750.0
7fgDKpMGWzkq8Hbm,12,Sinfxl,Mage,Chontosh,1867712.0
7fgDKpMGWzkq8Hbm,12,Lìllith,Warlock,Lìllith,1213117.0
7fgDKpMGWzkq8Hbm,12,Mortiis,Shaman,Mortiis,702430.0
7fgDKpMGWzkq8Hbm,12,Mannarchy,Paladin,Mortiis,595618.0
7fgDKpMGWzkq8Hbm,12,Decayed,DeathKnight,Decayed,8138725.0
7fgDKpMGWzkq8Hbm,12,Viserion,Evoker,Decayed,13964.0
7fgDKpMGWzkq8Hbm,12,Emikohime,Evoker,Decayed,13964.0
7fgDKpMGWzkq8Hbm,12,Sinfxl,Mage,Sinfxl,1067770.0
7fgDKpMGWzkq8Hbm,12,Siare,Warlock,Siare,2353925.0
7fgDKpMGWzkq8Hbm,12,Danzilla,Hunter,Danzilla,52028.0
7fgDKpMGWzkq8Hbm,12,Hörnstar,DemonHunter,Danzilla,4539.0
7fgDKpMGWzkq8Hbm,12,Grapefroot,Hunter,Grapefroot,726907.0
7fgDKpMGWzkq8Hbm,12,Cryonox,DeathKnight,Cryonox,926396.0
7fgDKpMGWzkq8Hbm,12,Primeval,Shaman,Primeval,3075239.0
7fgDKpMGWzkq8Hbm,12,Chontosh,Paladin,Primeval,2597587.0
7fgDKpMGWzkq8Hbm,12,Siare,Warlock,Primeval,2415132.0
7fgDKpMGWzkq8Hbm,12,Aurëus,Paladin,Primeval,2259567.0
7fgDKpMGWzkq8Hbm,12,Lìllith,Warlock,Primeval,2245616.0
7fgDKpMGWzkq8Hbm,12,Viserion,Evoker,Viserion,4786232.0
7fgDKpMGWzkq8Hbm,12,Aurëus,Paladin,Viserion,2921697.0
7fgDKpMGWzkq8Hbm,12,Mortiis,Shaman,Viserion,2453453.0
7fgDKpMGWzkq8Hbm,12,Grapefroot,Hunter,Viserion,2412513.0
7fgDKpMGWzkq8Hbm,12,Mannarchy,Paladin,Viserion,2043926.0
7fgDKpMGWzkq8Hbm,13,Hörnstar,DemonHunter,Hörnstar,319364.0
7fgDKpMGWzkq8Hbm,13,Aurëus,Paladin,Aurëus,344123.0
7fgDKpMGWzkq8Hbm,13,Grapefroot,Hunter,Aurëus,26057.0
7fgDKpMGWzkq8Hbm,13,Mannarchy,Paladin,Aurëus,21486.0
7fgDKpMGWzkq8Hbm,13,Spàdes,Warrior,Aurëus,15917.0
7fgDKpMGWzkq8Hbm,13,Mortiis,Shaman,Aurëus,11542.0
7fgDKpMGWzkq8Hbm,13,Ämon,Druid,Ämon,459952.0
7fgDKpMGWzkq8Hbm,13,Spàdes,Warrior,Ämon,138433.0
7fgDKpMGWzkq8Hbm,13,Mannarchy,Paladin,Ämon,60000.0
7fgDKpMGWzkq8Hbm,13,Abrakadavar,Mage,Ämon,51265.0
7fgDKpMGWzkq8Hbm,13,Sinfxl,Mage,Ämon,40572.0
7fgDKpMGWzkq8Hbm,13,Mannarchy,Paladin,Mannarchy,1529078.0
7fgDKpMGWzkq8Hbm,13,Decayed,DeathKnight,Mannarchy,253778.0
7fgDKpMGWzkq8Hbm,13,Aurëus,Paladin,Mannarchy,173123.0
7fgDKpMGWzkq8Hbm,13,Grapefroot,Hunter,Mannarchy,20835.0
7fgDKpMGWzkq8Hbm,13,Mortiis,Shaman,Mannarchy,20835.0
7fgDKpMGWzkq8Hbm,13,Spàdes,Warrior,Spàdes,251537.0
7fgDKpMGWzkq8Hbm,13,Emikohime,Evoker,Emikohime,953758.0
7fgDKpMGWzkq8Hbm,13,Cryonox,DeathKnight,Emikohime,602644.0
7fgDKpMGWzkq8Hbm,13,Grapefroot,Hunter,Emikohime,460684.0
7fgDKpMGWzkq8Hbm,13,Mannarchy,Paladin,Emikohime,427744.0
7fgDKpMGWzkq8Hbm,13,Mortiis,Shaman,Emikohime,410846.0
7fgDKpMGWzkq8Hbm,13,Meowrawrxo,Druid,Meowrawrxo,277517.0
7fgDKpMGWzkq8Hbm,13,Cryonox,DeathKnight,Meowrawrxo,50212.0
7fgDKpMGWzkq8Hbm,13,Abrakadavar,Mage,Abrakadavar,159174.0
7fgDKpMGWzkq8Hbm,13,Spàdes,Warrior,Chontosh,826012.0
7fgDKpMGWzkq8Hbm,13,Chontosh,Paladin,Chontosh,672725.0
7fgDKpMGWzkq8Hbm,13,Abrakadavar,Mage,Chontosh,636307.0
7fgDKpMGWzkq8Hbm,13,Primeval,Shaman,Chontosh,466338.0
7fgDKpMGWzkq8Hbm,13,Decayed,DeathKnight,Chontosh,442743.0
7fgDKpMGWzkq8Hbm,13,Lìllith,Warlock,Lìllith,217833.0
7fgDKpMGWzkq8Hbm,13,Mortiis,Shaman,Mortiis,220076.0
7fgDKpMGWzkq8Hbm,13,Mannarchy,Paladin,Mortiis,90690.0
7fgDKpMGWzkq8Hbm,13,Decayed,DeathKnight,Decayed,1698922.0
7fgDKpMGWzkq8Hbm,13,Sinfxl,Mage,Sinfxl,190384.0
7fgDKpMGWzkq8Hbm,13,Siare,Warlock,Siare,413591.0
7fgDKpMGWzkq8Hbm,13,Danzilla,Hunter,Danzilla,5618.0
7fgDKpMGWzkq8Hbm,13,Grapefroot,Hunter,Grapefroot,3182.0
7fgDKpMGWzkq8Hbm,13,Cryonox,DeathKnight,Cryonox,78309.0
7fgDKpMGWzkq8Hbm,13,Abrakadavar,Mage,Primeval,792267.0
7fgDKpMGWzkq8Hbm,13,Primeval,Shaman,Primeval,619007.0
7fgDKpMGWzkq8Hbm,13,Danzilla,Hunter,Primeval,521222.0
7fgDKpMGWzkq8Hbm,13,Spàdes,Warrior,Primeval,414751.0
7fgDKpMGWzkq8Hbm,13,Decayed,DeathKnight,Primeval,302691.0
7fgDKpMGWzkq8Hbm,13,Viserion,Evoker,Viserion,734390.0
7fgDKpMGWzkq8Hbm,13,Mortiis,Shaman,Viserion,483223.0
7fgDKpMGWzkq8Hbm,13,Aurëus,Paladin,Viserion,418873.0
7fgDKpMGWzkq8Hbm,13,Grapefroot,Hunter,Viserion,415165.0
7fgDKpMGWzkq8Hbm,13,Mannarchy,Paladin,Viserion,398436.0
7fgDKpMGWzkq8Hbm,3,Hörnstar,DemonHunter,Hörnstar,2643183.0
7fgDKpMGWzkq8Hbm,3,Aurëus,Paladin,Aurëus,521345.0
7fgDKpMGWzkq8Hbm,3,Spàdes,Warrior,Aurëus,37268.0
7fgDKpMGWzkq8Hbm,3,Meowrawrxo,Druid,Aurëus,28869.0
7fgDKpMGWzkq8Hbm,3,Siare,Warlock,Aurëus,26491.0
7fgDKpMGWzkq8Hbm,3,Hörnstar,DemonHunter,Aurëus,22994.0
7fgDKpMGWzkq8Hbm,3,Ämon,Druid,Ämon,1550674.0
7fgDKpMGWzkq8Hbm,3,Sinfxl,Mage,Ämon,239564.0
7fgDKpMGWzkq8Hbm,3,Abrakadavar,Mage,Ämon,209537.0
7fgDKpMGWzkq8Hbm,3,Siare,Warlock,Ämon,170212.0
7fgDKpMGWzkq8Hbm,3,Cryonox,DeathKnight,Ämon,168813.0
7fgDKpMGWzkq8Hbm,3,Mannarchy,Paladin,Mannarchy,6387090.0
7fgDKpMGWzkq8Hbm,3,Meowrawrxo,Druid,Mannarchy,190082.0
7fgDKpMGWzkq8Hbm,3,Danzilla,Hunter,Mannarchy,174459.0
7fgDKpMGWzkq8Hbm,3,Grapefroot,Hunter,Mannarchy,119616.0
7fgDKpMGWzkq8Hbm,3,Decayed,DeathKnight,Mannarchy,68605.0
7fgDKpMGWzkq8Hbm,3,Spàdes,Warrior,Spàdes,1272949.0
7fgDKpMGWzkq8Hbm,3,Emikohime,Evoker,Emikohime,4469020.0
7fgDKpMGWzkq8Hbm,3,Cryonox,DeathKnight,Emikohime,2356035.0
7fgDKpMGWzkq8Hbm,3,Grapefroot,Hunter,Emikohime,2117871.0
7fgDKpMGWzkq8Hbm,3,Abrakadavar,Mage,Emikohime,1951227.0
7fgDKpMGWzkq8Hbm,3,Mannarchy,Paladin,Emikohime,1842567.0
7fgDKpMGWzkq8Hbm,3,Meowrawrxo,Druid,Meowrawrxo,2762341.0
7fgDKpMGWzkq8Hbm,3,Danzilla,Hunter,Meowrawrxo,162352.0
7fgDKpMGWzkq8Hbm,3,Spàdes,Warrior,Meowrawrxo,91061.0
7fgDKpMGWzkq8Hbm,3,Mortiis,Shaman,Meowrawrxo,53497.0
7fgDKpMGWzkq8Hbm,3,Decayed,DeathKnight,Meowrawrxo,51357.0
7fgDKpMGWzkq8Hbm,3,Abrakadavar,Mage,Abrakadavar,2022349.0
7fgDKpMGWzkq8Hbm,3,Lìllith,Warlock,Lìllith,1441418.0
7fgDKpMGWzkq8Hbm,3,Mortiis,Shaman,Mortiis,3065130.0
7fgDKpMGWzkq8Hbm,3,Danzilla,Hunter,Mortiis,1442082.0
7fgDKpMGWzkq8Hbm,3,Decayed,DeathKnight,Mortiis,1362734.0
7fgDKpMGWzkq8Hbm,3,Spàdes,Warrior,Mortiis,1242381.0
7fgDKpMGWzkq8Hbm,3,Lìllith,Warlock,Mortiis,1202682.0
7fgDKpMGWzkq8Hbm,3,Decayed,DeathKnight,Decayed,10181214.0
7fgDKpMGWzkq8Hbm,3,Sinfxl,Mage,Sinfxl,2006894.0
7fgDKpMGWzkq8Hbm,3,Siare,Warlock,Siare,2025077.0
7fgDKpMGWzkq8Hbm,3,Danzilla,Hunter,Danzilla,462826.0
7fgDKpMGWzkq8Hbm,3,Hörnstar,DemonHunter,Danzilla,21032.0
7fgDKpMGWzkq8Hbm,3,Decayed,DeathKnight,Danzilla,17539.0
7fgDKpMGWzkq8Hbm,3,Primeval,Shaman,Danzilla,2975.0
7fgDKpMGWzkq8Hbm,3,Grapefroot,Hunter,Grapefroot,1166793.0
7fgDKpMGWzkq8Hbm,3,Cryonox,DeathKnight,Cryonox,1679252.0
7fgDKpMGWzkq8Hbm,3,Primeval,Shaman,Primeval,3642170.0
7fgDKpMGWzkq8Hbm,3,Decayed,DeathKnight,Primeval,2382581.0
7fgDKpMGWzkq8Hbm,3,Aurëus,Paladin,Primeval,2083798.0
7fgDKpMGWzkq8Hbm,3,Ämon,Druid,Primeval,2017261.0
7fgDKpMGWzkq8Hbm,3,Meowrawrxo,Druid,Primeval,1780506.0
7fgDKpMGWzkq8Hbm,3,Viserion,Evoker,Viserion,4117971.0
7fgDKpMGWzkq8Hbm,3,Mortiis,Shaman,Viserion,2137040.0
7fgDKpMGWzkq8Hbm,3,Lìllith,Warlock,Viserion,1825371.0
7fgDKpMGWzkq8Hbm,3,Decayed,DeathKnight,Viserion,1804267.0
7fgDKpMGWzkq8Hbm,3,Meowrawrxo,Druid,Viserion,1546937.0
7fgDKpMGWzkq8Hbm,4,Hörnstar,DemonHunter,Hörnstar,2501710.0
7fgDKpMGWzkq8Hbm,4,Meowrawrxo,Druid,Hörnstar,106019.0
7fgDKpMGWzkq8Hbm,4,Primeval,Shaman,Hörnstar,60021.0
7fgDKpMGWzkq8Hbm,4,Grapefroot,Hunter,Hörnstar,18556.0
7fgDKpMGWzkq8Hbm,4,Lìllith,Warlock,Hörnstar,254.0
7fgDKpMGWzkq8Hbm,4,Aurëus,Paladin,Aurëus,1471612.0
7fgDKpMGWzkq8Hbm,4,Grapefroot,Hunter,Aurëus,62744.0
7fgDKpMGWzkq8Hbm,4,Viserion,Evoker,Aurëus,61968.0
7fgDKpMGWzkq8Hbm,4,Ämon,Druid,Aurëus,61259.0
7fgDKpMGWzkq8Hbm,4,Cryonox,DeathKnight,Aurëus,51002.0
7fgDKpMGWzkq8Hbm,4,Ämon,Druid,Ämon,1108983.0
7fgDKpMGWzkq8Hbm,4,Abrakadavar,Mage,Ämon,104881.0
7fgDKpMGWzkq8Hbm,4,Sinfxl,Mage,Ämon,63189.0
7fgDKpMGWzkq8Hbm,4,Mannarchy,Paladin,Ämon,59226.0
7fgDKpMGWzkq8Hbm,4,Meowrawrxo,Druid,Ämon,47956.0
7fgDKpMGWzkq8Hbm,4,Mannarchy,Paladin,Mannarchy,7573127.0
7fgDKpMGWzkq8Hbm,4,Decayed,DeathKnight,Mannarchy,347475.0
7fgDKpMGWzkq8Hbm,4,Cryonox,DeathKnight,Mannarchy,267012.0
7fgDKpMGWzkq8Hbm,4,Aurëus,Paladin,Mannarchy,136420.0
7fgDKpMGWzkq8Hbm,4,Grapefroot,Hunter,Mannarchy,91157.0
7fgDKpMGWzkq8Hbm,4,Spàdes,Warrior,Spàdes,579723.0
7fgDKpMGWzkq8Hbm,4,Emikohime,Evoker,Emikohime,4937545.0
7fgDKpMGWzkq8Hbm,4,Cryonox,DeathKnight,Emikohime,2200940.0
7fgDKpMGWzkq8Hbm,4,Grapefroot,Hunter,Emikohime,2087024.0
7fgDKpMGWzkq8Hbm,4,Ämon,Druid,Emikohime,1914198.0
7fgDKpMGWzkq8Hbm,4,Mannarchy,Paladin,Emikohime,1793915.0
7fgDKpMGWzkq8Hbm,4,Meowrawrxo,Druid,Meowrawrxo,2443451.0
7fgDKpMGWzkq8Hbm,4,Lìllith,Warlock,Meowrawrxo,166299.0
7fgDKpMGWzkq8Hbm,4,Danzilla,Hunter,Meowrawrxo,116537.0
7fgDKpMGWzkq8Hbm,4,Spàdes,Warrior,Meowrawrxo,112841.0
7fgDKpMGWzkq8Hbm,4,Mortiis,Shaman,Meowrawrxo,89537.0
7fgDKpMGWzkq8Hbm,4,Abrakadavar,Mage,Abrakadavar,1418081.0
7fgDKpMGWzkq8Hbm,4,Lìllith,Warlock,Lìllith,1926239.0
7fgDKpMGWzkq8Hbm,4,Mortiis,Shaman,Mortiis,3185932.0
7fgDKpMGWzkq8Hbm,4,Lìllith,Warlock,Mortiis,1569931.0
7fgDKpMGWzkq8Hbm,4,Primeval,Shaman,Mortiis,1415731.0
7fgDKpMGWzkq8Hbm,4,Aurëus,Paladin,Mortiis,1136327.0
7fgDKpMGWzkq8Hbm,4,Mannarchy,Paladin,Mortiis,1112703.0
7fgDKpMGWzkq8Hbm,4,Decayed,DeathKnight,Decayed,8608775.0
7fgDKpMGWzkq8Hbm,4,Sinfxl,Mage,Sinfxl,1706165.0
7fgDKpMGWzkq8Hbm,4,Siare,Warlock,Siare,2263229.0
7fgDKpMGWzkq8Hbm,4,Danzilla,Hunter,Danzilla,275007.0
7fgDKpMGWzkq8Hbm,4,Hörnstar,DemonHunter,Danzilla,6368.0
7fgDKpMGWzkq8Hbm,4,Lìllith,Warlock,Danzilla,5472.0
7fgDKpMGWzkq8Hbm,4,Grapefroot,Hunter,Grapefroot,865413.0
7fgDKpMGWzkq8Hbm,4,Cryonox,DeathKnight,Cryonox,1141329.0
7fgDKpMGWzkq8Hbm,4,Primeval,Shaman,Primeval,3040716.0
7fgDKpMGWzkq8Hbm,4,Aurëus,Paladin,Primeval,2814031.0
7fgDKpMGWzkq8Hbm,4,Mannarchy,Paladin,Primeval,2355923.0
7fgDKpMGWzkq8Hbm,4,Lìllith,Warlock,Primeval,2355242.0
7fgDKpMGWzkq8Hbm,4,Siare,Warlock,Primeval,2091833.0
7fgDKpMGWzkq8Hbm,4,Viserion,Evoker,Viserion,3846875.0
7fgDKpMGWzkq8Hbm,4,Grapefroot,Hunter,Viserion,2017924.0
7fgDKpMGWzkq8Hbm,4,Aurëus,Paladin,Viserion,1975233.0
7fgDKpMGWzkq8Hbm,4,Sinfxl,Mage,Viserion,1808081.0
7fgDKpMGWzkq8Hbm,4,Mannarchy,Paladin,Viserion,1733989.0
7fgDKpMGWzkq8Hbm,5,Hörnstar,DemonHunter,Hörnstar,557952.0
7fgDKpMGWzkq8Hbm,5,Aurëus,Paladin,Aurëus,277761.0
7fgDKpMGWzkq8Hbm,5,Danzilla,Hunter,Aurëus,14096.0
7fgDKpMGWzkq8Hbm,5,Ämon,Druid,Aurëus,12767.0
7fgDKpMGWzkq8Hbm,5,Mortiis,Shaman,Aurëus,12445.0
7fgDKpMGWzkq8Hbm,5,Siare,Warlock,Aurëus,12119.0
7fgDKpMGWzkq8Hbm,5,Ämon,Druid,Ämon,306126.0
7fgDKpMGWzkq8Hbm,5,Grapefroot,Hunter,Ämon,92217.0
7fgDKpMGWzkq8Hbm,5,Primeval,Shaman,Ämon,40496.0
7fgDKpMGWzkq8Hbm,5,Mannarchy,Paladin,Mannarchy,1500225.0
7fgDKpMGWzkq8Hbm,5,Sinfxl,Mage,Mannarchy,181335.0
7fgDKpMGWzkq8Hbm,5,Cryonox,DeathKnight,Mannarchy,122034.0
7fgDKpMGWzkq8Hbm,5,Grapefroot,Hunter,Mannarchy,43836.0
7fgDKpMGWzkq8Hbm,5,Emikohime,Evoker,Mannarchy,31482.0
7fgDKpMGWzkq8Hbm,5,Spàdes,Warrior,Spàdes,292296.0
7fgDKpMGWzkq8Hbm,5,Emikohime,Evoker,Emikohime,949721.0
7fgDKpMGWzkq8Hbm,5,Cryonox,DeathKnight,Emikohime,569510.0
7fgDKpMGWzkq8Hbm,5,Sinfxl,Mage,Emikohime,517903.0
7fgDKpMGWzkq8Hbm,5,Abrakadavar,Mage,Emikohime,490706.0
7fgDKpMGWzkq8Hbm,5,Mannarchy,Paladin,Emikohime,472664.0
7fgDKpMGWzkq8Hbm,5,Meowrawrxo,Druid,Meowrawrxo,418461.0
7fgDKpMGWzkq8Hbm,5,Grapefroot,Hunter,Meowrawrxo,56395.0
7fgDKpMGWzkq8Hbm,5,Ämon,Druid,Meowrawrxo,47938.0
7fgDKpMGWzkq8Hbm,5,Mortiis,Shaman,Meowrawrxo,40900.0
7fgDKpMGWzkq8Hbm,5,Abrakadavar,Mage,Meowrawrxo,38551.0
7fgDKpMGWzkq8Hbm,5,Abrakadavar,Mage,Abrakadavar,269430.0
7fgDKpMGWzkq8Hbm,5,Danzilla,Hunter,Chontosh,656290.0
7fgDKpMGWzkq8Hbm,5,Chontosh,Paladin,Chontosh,467116.0
7fgDKpMGWzkq8Hbm,5,Aurëus,Paladin,Chontosh,465233.0
7fgDKpMGWzkq8Hbm,5,Primeval,Shaman,Chontosh,453011.0
7fgDKpMGWzkq8Hbm,5,Decayed,DeathKnight,Chontosh,390488.0
7fgDKpMGWzkq8Hbm,5,Lìllith,Warlock,Lìllith,367929.0
7fgDKpMGWzkq8Hbm,5,Mortiis,Shaman,Mortiis,216217.0
7fgDKpMGWzkq8Hbm,5,Mannarchy,Paladin,Mortiis,55447.0
7fgDKpMGWzkq8Hbm,5,Decayed,DeathKnight,Decayed,2313074.0
7fgDKpMGWzkq8Hbm,5,Sinfxl,Mage,Sinfxl,226979.0
7fgDKpMGWzkq8Hbm,5,Siare,Warlock,Siare,458616.0
7fgDKpMGWzkq8Hbm,5,Hörnstar,DemonHunter,Danzilla,10338.0
7fgDKpMGWzkq8Hbm,5,Danzilla,Hunter,Danzilla,10171.0
7fgDKpMGWzkq8Hbm,5,Grapefroot,Hunter,Grapefroot,55084.0
7fgDKpMGWzkq8Hbm,5,Cryonox,DeathKnight,Cryonox,109423.0
7fgDKpMGWzkq8Hbm,5,Primeval,Shaman,Primeval,861870.0
7fgDKpMGWzkq8Hbm,5,Siare,Warlock,Primeval,569620.0
7fgDKpMGWzkq8Hbm,5,Ämon,Druid,Primeval,521808.0
7fgDKpMGWzkq8Hbm,5,Chontosh,Paladin,Primeval,476649.0
7fgDKpMGWzkq8Hbm,5,Mortiis,Shaman,Primeval,458825.0
7fgDKpMGWzkq8Hbm,5,Viserion,Evoker,Viserion,1290749.0
7fgDKpMGWzkq8Hbm,5,Abrakadavar,Mage,Viserion,761558.0
7fgDKpMGWzkq8Hbm,5,Grapefroot,Hunter,Viserion,604509.0
7fgDKpMGWzkq8Hbm,5,Mannarchy,Paladin,Viserion,529938.0
7fgDKpMGWzkq8Hbm,5,Sinfxl,Mage,Viserion,493536.0
7fgDKpMGWzkq8Hbm,6,Hörnstar,DemonHunter,Hörnstar,4609558.0
7fgDKpMGWzkq8Hbm,6,Chontosh,Paladin,Hörnstar,586688.0
7fgDKpMGWzkq8Hbm,6,Emikohime,Evoker,Hörnstar,449657.0
7fgDKpMGWzkq8Hbm,6,Grapefroot,Hunter,Hörnstar,242616.0
7fgDKpMGWzkq8Hbm,6,Sinfxl,Mage,Hörnstar,212616.0
7fgDKpMGWzkq8Hbm,6,Aurëus,Paladin,Aurëus,1847017.0
7fgDKpMGWzkq8Hbm,6,Ämon,Druid,Aurëus,113734.0
7fgDKpMGWzkq8Hbm,6,Grapefroot,Hunter,Aurëus,111697.0
7fgDKpMGWzkq8Hbm,6,Cryonox,DeathKnight,Aurëus,88020.0
7fgDKpMGWzkq8Hbm,6,Mannarchy,Paladin,Aurëus,77676.0
7fgDKpMGWzkq8Hbm,6,Ämon,Druid,Ämon,1949131.0
7fgDKpMGWzkq8Hbm,6,Chontosh,Paladin,Ämon,202519.0
7fgDKpMGWzkq8Hbm,6,Cryonox,DeathKnight,Ämon,190355.0
7fgDKpMGWzkq8Hbm,6,Primeval,Shaman,Ämon,170751.0
7fgDKpMGWzkq8Hbm,6,Viserion,Evoker,Ämon,166499.0
7fgDKpMGWzkq8Hbm,6,Mannarchy,Paladin,Mannarchy,11332903.0
7fgDKpMGWzkq8Hbm,6,Decayed,DeathKnight,Mannarchy,407462.0
7fgDKpMGWzkq8Hbm,6,Cryonox,DeathKnight,Mannarchy,381626.0
7fgDKpMGWzkq8Hbm,6,Abrakadavar,Mage,Mannarchy,247227.0
7fgDKpMGWzkq8Hbm,6,Grapefroot,Hunter,Mannarchy,188912.0
7fgDKpMGWzkq8Hbm,6,Spàdes,Warrior,Spàdes,284761.0
7fgDKpMGWzkq8Hbm,6,Emikohime,Evoker,Emikohime,7608699.0
7fgDKpMGWzkq8Hbm,6,Ämon,Druid,Emikohime,2790741.0
7fgDKpMGWzkq8Hbm,6,Aurëus,Paladin,Emikohime,2684400.0
7fgDKpMGWzkq8Hbm,6,Grapefroot,Hunter,Emikohime,2360134.0
7fgDKpMGWzkq8Hbm,6,Abrakadavar,Mage,Emikohime,2173786.0
7fgDKpMGWzkq8Hbm,6,Meowrawrxo,Druid,Meowrawrxo,3963852.0
7fgDKpMGWzkq8Hbm,6,Mortiis,Shaman,Meowrawrxo,270650.0
7fgDKpMGWzkq8Hbm,6,Hörnstar,DemonHunter,Meowrawrxo,90211.0
7fgDKpMGWzkq8Hbm,6,Siare,Warlock,Meowrawrxo,73323.0
7fgDKpMGWzkq8Hbm,6,Lìllith,Warlock,Meowrawrxo,69225.0
7fgDKpMGWzkq8Hbm,6,Abrakadavar,Mage,Abrakadavar,2690564.0
7fgDKpMGWzkq8Hbm,6,Chontosh,Paladin,Chontosh,3311788.0
7fgDKpMGWzkq8Hbm,6,Abrakadavar,Mage,Chontosh,3033897.0
7fgDKpMGWzkq8Hbm,6,Mannarchy,Paladin,Chontosh,3010211.0
7fgDKpMGWzkq8Hbm,6,Danzilla,Hunter,Chontosh,2758377.0
7fgDKpMGWzkq8Hbm,6,Primeval,Shaman,Chontosh,2520955.0
7fgDKpMGWzkq8Hbm,6,Lìllith,Warlock,Lìllith,2545622.0
7fgDKpMGWzkq8Hbm,6,Mortiis,Shaman,Mortiis,1663360.0
7fgDKpMGWzkq8Hbm,6,Mannarchy,Paladin,Mortiis,483644.0
7fgDKpMGWzkq8Hbm,6,Lìllith,Warlock,Mortiis,42214.0
7fgDKpMGWzkq8Hbm,6,Decayed,DeathKnight,Decayed,13953009.0
7fgDKpMGWzkq8Hbm,6,Hörnstar,DemonHunter,Decayed,13500.0
7fgDKpMGWzkq8Hbm,6,Mortiis,Shaman,Decayed,13500.0
7fgDKpMGWzkq8Hbm,6,Sinfxl,Mage,Sinfxl,2644813.0
7fgDKpMGWzkq8Hbm,6,Siare,Warlock,Siare,3267988.0
7fgDKpMGWzkq8Hbm,6,Danzilla,Hunter,Danzilla,500150.0
7fgDKpMGWzkq8Hbm,6,Decayed,DeathKnight,Danzilla,13156.0
7fgDKpMGWzkq8Hbm,6,Hörnstar,DemonHunter,Danzilla,12285.0
7fgDKpMGWzkq8Hbm,6,Primeval,Shaman,Danzilla,6368.0
7fgDKpMGWzkq8Hbm,6,Grapefroot,Hunter,Grapefroot,1294503.0
7fgDKpMGWzkq8Hbm,6,Cryonox,DeathKnight,Cryonox,2156618.0
7fgDKpMGWzkq8Hbm,6,Primeval,Shaman,Primeval,7519000.0
7fgDKpMGWzkq8Hbm,6,Lìllith,Warlock,Primeval,5235487.0
7fgDKpMGWzkq8Hbm,6,Danzilla,Hunter,Primeval,4646432.0
7fgDKpMGWzkq8Hbm,6,Decayed,DeathKnight,Primeval,4505735.0
7fgDKpMGWzkq8Hbm,6,Siare,Warlock,Primeval,4457902.0
7fgDKpMGWzkq8Hbm,6,Viserion,Evoker,Viserion,8029055.0
7fgDKpMGWzkq8Hbm,6,Aurëus,Paladin,Viserion,3778563.0
7fgDKpMGWzkq8Hbm,6,Ämon,Druid,Viserion,3609075.0
7fgDKpMGWzkq8Hbm,6,Chontosh,Paladin,Viserion,3239120.0
7fgDKpMGWzkq8Hbm,6,Mannarchy,Paladin,Viserion,3166509.0
7fgDKpMGWzkq8Hbm,7,Hörnstar,DemonHunter,Hörnstar,3969710.0
7fgDKpMGWzkq8Hbm,7,Spàdes,Warrior,Hörnstar,247042.0
7fgDKpMGWzkq8Hbm,7,Siare,Warlock,Hörnstar,231483.0
7fgDKpMGWzkq8Hbm,7,Meowrawrxo,Druid,Hörnstar,224867.0
7fgDKpMGWzkq8Hbm,7,Chontosh,Paladin,Hörnstar,204985.0
7fgDKpMGWzkq8Hbm,7,Aurëus,Paladin,Aurëus,2062675.0
7fgDKpMGWzkq8Hbm,7,Cryonox,DeathKnight,Aurëus,117436.0
7fgDKpMGWzkq8Hbm,7,Abrakadavar,Mage,Aurëus,82241.0
7fgDKpMGWzkq8Hbm,7,Mannarchy,Paladin,Aurëus,73120.0
7fgDKpMGWzkq8Hbm,7,Viserion,Evoker,Aurëus,70701.0
7fgDKpMGWzkq8Hbm,7,Ämon,Druid,Ämon,1534781.0
7fgDKpMGWzkq8Hbm,7,Abrakadavar,Mage,Ämon,284736.0
7fgDKpMGWzkq8Hbm,7,Sinfxl,Mage,Ämon,244549.0
7fgDKpMGWzkq8Hbm,7,Grapefroot,Hunter,Ämon,188822.0
7fgDKpMGWzkq8Hbm,7,Siare,Warlock,Ämon,172511.0
7fgDKpMGWzkq8Hbm,7,Mannarchy,Paladin,Mannarchy,9900386.0
7fgDKpMGWzkq8Hbm,7,Decayed,DeathKnight,Mannarchy,671481.0
7fgDKpMGWzkq8Hbm,7,Aurëus,Paladin,Mannarchy,397211.0
7fgDKpMGWzkq8Hbm,7,Abrakadavar,Mage,Mannarchy,332380.0
7fgDKpMGWzkq8Hbm,7,Mortiis,Shaman,Mannarchy,278084.0
7fgDKpMGWzkq8Hbm,7,Spàdes,Warrior,Spàdes,1455267.0
7fgDKpMGWzkq8Hbm,7,Emikohime,Evoker,Emikohime,6566930.0
7fgDKpMGWzkq8Hbm,7,Grapefroot,Hunter,Emikohime,2148011.0
7fgDKpMGWzkq8Hbm,7,Chontosh,Paladin,Emikohime,1927563.0
7fgDKpMGWzkq8Hbm,7,Lìllith,Warlock,Emikohime,1782712.0
7fgDKpMGWzkq8Hbm,7,Mannarchy,Paladin,Emikohime,1768780.0
7fgDKpMGWzkq8Hbm,7,Meowrawrxo,Druid,Meowrawrxo,2759261.0
7fgDKpMGWzkq8Hbm,7,Mortiis,Shaman,Meowrawrxo,280196.0
7fgDKpMGWzkq8Hbm,7,Mannarchy,Paladin,Meowrawrxo,109569.0
7fgDKpMGWzkq8Hbm,7,Hörnstar,DemonHunter,Meowrawrxo,100617.0
7fgDKpMGWzkq8Hbm,7,Emikohime,Evoker,Meowrawrxo,87142.0
7fgDKpMGWzkq8Hbm,7,Abrakadavar,Mage,Abrakadavar,2204451.0
7fgDKpMGWzkq8Hbm,7,Chontosh,Paladin,Chontosh,4427452.0
7fgDKpMGWzkq8Hbm,7,Danzilla,Hunter,Chontosh,2794617.0
7fgDKpMGWzkq8Hbm,7,Abrakadavar,Mage,Chontosh,2700114.0
7fgDKpMGWzkq8Hbm,7,Sinfxl,Mage,Chontosh,2574119.0
7fgDKpMGWzkq8Hbm,7,Viserion,Evoker,Chontosh,2517668.0
7fgDKpMGWzkq8Hbm,7,Lìllith,Warlock,Lìllith,2578902.0
7fgDKpMGWzkq8Hbm,7,Mortiis,Shaman,Mortiis,1333018.0
7fgDKpMGWzkq8Hbm,7,Mannarchy,Paladin,Mortiis,450573.0
7fgDKpMGWzkq8Hbm,7,Decayed,DeathKnight,Decayed,12391237.0
7fgDKpMGWzkq8Hbm,7,Sinfxl,Mage,Sinfxl,2327120.0
7fgDKpMGWzkq8Hbm,7,Siare,Warlock,Siare,2773206.0
7fgDKpMGWzkq8Hbm,7,Danzilla,Hunter,Danzilla,848758.0
7fgDKpMGWzkq8Hbm,7,Primeval,Shaman,Danzilla,26258.0
7fgDKpMGWzkq8Hbm,7,Hörnstar,DemonHunter,Danzilla,10833.0
7fgDKpMGWzkq8Hbm,7,Lìllith,Warlock,Danzilla,1522.0
7fgDKpMGWzkq8Hbm,7,Grapefroot,Hunter,Grapefroot,1006069.0
7fgDKpMGWzkq8Hbm,7,Cryonox,DeathKnight,Cryonox,2168578.0
7fgDKpMGWzkq8Hbm,7,Primeval,Shaman,Primeval,6763669.0
7fgDKpMGWzkq8Hbm,7,Decayed,DeathKnight,Primeval,4870106.0
7fgDKpMGWzkq8Hbm,7,Danzilla,Hunter,Primeval,4539139.0
7fgDKpMGWzkq8Hbm,7,Siare,Warlock,Primeval,3889618.0
7fgDKpMGWzkq8Hbm,7,Lìllith,Warlock,Primeval,3282700.0
7fgDKpMGWzkq8Hbm,7,Viserion,Evoker,Viserion,6172488.0
7fgDKpMGWzkq8Hbm,7,Aurëus,Paladin,Viserion,4219190.0
7fgDKpMGWzkq8Hbm,7,Cryonox,DeathKnight,Viserion,3692970.0
7fgDKpMGWzkq8Hbm,7,Mannarchy,Paladin,Viserion,3511890.0
7fgDKpMGWzkq8Hbm,7,Ämon,Druid,Viserion,3299098.0
7fgDKpMGWzkq8Hbm,8,Hörnstar,DemonHunter,Hörnstar,4129958.0
7fgDKpMGWzkq8Hbm,8,Emikohime,Evoker,Hörnstar,572340.0
7fgDKpMGWzkq8Hbm,8,Sinfxl,Mage,Hörnstar,299666.0
7fgDKpMGWzkq8Hbm,8,Mortiis,Shaman,Hörnstar,297718.0
7fgDKpMGWzkq8Hbm,8,Aurëus,Paladin,Hörnstar,222107.0
7fgDKpMGWzkq8Hbm,8,Aurëus,Paladin,Aurëus,1792810.0
7fgDKpMGWzkq8Hbm,8,Grapefroot,Hunter,Aurëus,105334.0
7fgDKpMGWzkq8Hbm,8,Mannarchy,Paladin,Aurëus,84768.0
7fgDKpMGWzkq8Hbm,8,Ämon,Druid,Aurëus,77387.0
7fgDKpMGWzkq8Hbm,8,Emikohime,Evoker,Aurëus,71008.0
7fgDKpMGWzkq8Hbm,8,Ämon,Druid,Ämon,2315463.0
7fgDKpMGWzkq8Hbm,8,Sinfxl,Mage,Ämon,260795.0
7fgDKpMGWzkq8Hbm,8,Chontosh,Paladin,Ämon,230454.0
7fgDKpMGWzkq8Hbm,8,Mannarchy,Paladin,Ämon,222305.0
7fgDKpMGWzkq8Hbm,8,Siare,Warlock,Ämon,183551.0
7fgDKpMGWzkq8Hbm,8,Mannarchy,Paladin,Mannarchy,12161012.0
7fgDKpMGWzkq8Hbm,8,Decayed,DeathKnight,Mannarchy,1148253.0
7fgDKpMGWzkq8Hbm,8,Aurëus,Paladin,Mannarchy,279829.0
7fgDKpMGWzkq8Hbm,8,Grapefroot,Hunter,Mannarchy,259983.0
7fgDKpMGWzkq8Hbm,8,Hörnstar,DemonHunter,Mannarchy,223198.0
7fgDKpMGWzkq8Hbm,8,Spàdes,Warrior,Spàdes,1223497.0
7fgDKpMGWzkq8Hbm,8,Emikohime,Evoker,Emikohime,8589074.0
7fgDKpMGWzkq8Hbm,8,Grapefroot,Hunter,Emikohime,3077236.0
7fgDKpMGWzkq8Hbm,8,Aurëus,Paladin,Emikohime,3054769.0
7fgDKpMGWzkq8Hbm,8,Abrakadavar,Mage,Emikohime,2892577.0
7fgDKpMGWzkq8Hbm,8,Mannarchy,Paladin,Emikohime,2643630.0
7fgDKpMGWzkq8Hbm,8,Meowrawrxo,Druid,Meowrawrxo,3766063.0
7fgDKpMGWzkq8Hbm,8,Mortiis,Shaman,Meowrawrxo,196977.0
7fgDKpMGWzkq8Hbm,8,Danzilla,Hunter,Meowrawrxo,168751.0
7fgDKpMGWzkq8Hbm,8,Mannarchy,Paladin,Meowrawrxo,149638.0
7fgDKpMGWzkq8Hbm,8,Lìllith,Warlock,Meowrawrxo,133098.0
7fgDKpMGWzkq8Hbm,8,Abrakadavar,Mage,Abrakadavar,1408417.0
7fgDKpMGWzkq8Hbm,8,Chontosh,Paladin,Chontosh,3541869.0
7fgDKpMGWzkq8Hbm,8,Abrakadavar,Mage,Chontosh,3526442.0
7fgDKpMGWzkq8Hbm,8,Danzilla,Hunter,Chontosh,3362170.0
7fgDKpMGWzkq8Hbm,8,Mannarchy,Paladin,Chontosh,2966698.0
7fgDKpMGWzkq8Hbm,8,Primeval,Shaman,Chontosh,2913195.0
7fgDKpMGWzkq8Hbm,8,Lìllith,Warlock,Lìllith,2337647.0
7fgDKpMGWzkq8Hbm,8,Mortiis,Shaman,Mortiis,1406526.0
7fgDKpMGWzkq8Hbm,8,Mannarchy,Paladin,Mortiis,490739.0
7fgDKpMGWzkq8Hbm,8,Decayed,DeathKnight,Decayed,15409221.0
7fgDKpMGWzkq8Hbm,8,Sinfxl,Mage,Sinfxl,3125529.0
7fgDKpMGWzkq8Hbm,8,Siare,Warlock,Siare,2359913.0
7fgDKpMGWzkq8Hbm,8,Danzilla,Hunter,Danzilla,508353.0
7fgDKpMGWzkq8Hbm,8,Lìllith,Warlock,Danzilla,12312.0
7fgDKpMGWzkq8Hbm,8,Primeval,Shaman,Danzilla,7855.0
7fgDKpMGWzkq8Hbm,8,Decayed,DeathKnight,Danzilla,6748.0
7fgDKpMGWzkq8Hbm,8,Grapefroot,Hunter,Grapefroot,937786.0
7fgDKpMGWzkq8Hbm,8,Cryonox,DeathKnight,Cryonox,588421.0
7fgDKpMGWzkq8Hbm,8,Primeval,Shaman,Primeval,5879609.0
7fgDKpMGWzkq8Hbm,8,Siare,Warlock,Primeval,4615069.0
7fgDKpMGWzkq8Hbm,8,Decayed,DeathKnight,Primeval,3933653.0
7fgDKpMGWzkq8Hbm,8,Danzilla,Hunter,Primeval,3836681.0
7fgDKpMGWzkq8Hbm,8,Lìllith,Warlock,Primeval,3812668.0
7fgDKpMGWzkq8Hbm,8,Viserion,Evoker,Viserion,7218218.0
7fgDKpMGWzkq8Hbm,8,Aurëus,Paladin,Viserion,3307005.0
7fgDKpMGWzkq8Hbm,8,Ämon,Druid,Viserion,3125348.0
7fgDKpMGWzkq8Hbm,8,Abrakadavar,Mage,Viserion,3033805.0
7fgDKpMGWzkq8Hbm,8,Grapefroot,Hunter,Viserion,2743459.0
7fgDKpMGWzkq8Hbm,9,Hörnstar,DemonHunter,Hörnstar,2838513.0
7fgDKpMGWzkq8Hbm,9,Meowrawrxo,Druid,Hörnstar,353865.0
7fgDKpMGWzkq8Hbm,9,Abrakadavar,Mage,Hörnstar,306826.0
7fgDKpMGWzkq8Hbm,9,Mannarchy,Paladin,Hörnstar,261567.0
7fgDKpMGWzkq8Hbm,9,Spàdes,Warrior,Hörnstar,224189.0
7fgDKpMGWzkq8Hbm,9,Aurëus,Paladin,Aurëus,1204903.0
7fgDKpMGWzkq8Hbm,9,Grapefroot,Hunter,Aurëus,70571.0
7fgDKpMGWzkq8Hbm,9,Cryonox,DeathKnight,Aurëus,69153.0
7fgDKpMGWzkq8Hbm,9,Mortiis,Shaman,Aurëus,66046.0
7fgDKpMGWzkq8Hbm,9,Chontosh,Paladin,Aurëus,46918.0
7fgDKpMGWzkq8Hbm,9,Ämon,Druid,Ämon,1143436.0
7fgDKpMGWzkq8Hbm,9,Primeval,Shaman,Ämon,108274.0
7fgDKpMGWzkq8Hbm,9,Lìllith,Warlock,Ämon,90004.0
7fgDKpMGWzkq8Hbm,9,Mannarchy,Paladin,Ämon,88088.0
7fgDKpMGWzkq8Hbm,9,Abrakadavar,Mage,Ämon,76786.0
7fgDKpMGWzkq8Hbm,9,Mannarchy,Paladin,Mannarchy,6730527.0
7fgDKpMGWzkq8Hbm,9,Decayed,DeathKnight,Mannarchy,964104.0
7fgDKpMGWzkq8Hbm,9,Chontosh,Paladin,Mannarchy,266535.0
7fgDKpMGWzkq8Hbm,9,Meowrawrxo,Druid,Mannarchy,120369.0
7fgDKpMGWzkq8Hbm,9,Sinfxl,Mage,Mannarchy,96816.0
7fgDKpMGWzkq8Hbm,9,Spàdes,Warrior,Spàdes,1209803.0
7fgDKpMGWzkq8Hbm,9,Emikohime,Evoker,Emikohime,5144651.0
7fgDKpMGWzkq8Hbm,9,Grapefroot,Hunter,Emikohime,2202425.0
7fgDKpMGWzkq8Hbm,9,Cryonox,DeathKnight,Emikohime,2094555.0
7fgDKpMGWzkq8Hbm,9,Mannarchy,Paladin,Emikohime,1896036.0
7fgDKpMGWzkq8Hbm,9,Mortiis,Shaman,Emikohime,1662320.0
7fgDKpMGWzkq8Hbm,9,Meowrawrxo,Druid,Meowrawrxo,2409126.0
7fgDKpMGWzkq8Hbm,9,Sinfxl,Mage,Meowrawrxo,101280.0
7fgDKpMGWzkq8Hbm,9,Lìllith,Warlock,Meowrawrxo,98882.0
7fgDKpMGWzkq8Hbm,9,Decayed,DeathKnight,Meowrawrxo,96719.0
7fgDKpMGWzkq8Hbm,9,Siare,Warlock,Meowrawrxo,96151.0
7fgDKpMGWzkq8Hbm,9,Abrakadavar,Mage,Abrakadavar,1561265.0
7fgDKpMGWzkq8Hbm,9,Chontosh,Paladin,Chontosh,3397968.0
7fgDKpMGWzkq8Hbm,9,Mannarchy,Paladin,Chontosh,2650663.0
7fgDKpMGWzkq8Hbm,9,Ämon,Druid,Chontosh,2144078.0
7fgDKpMGWzkq8Hbm,9,Decayed,DeathKnight,Chontosh,2000307.0
7fgDKpMGWzkq8Hbm,9,Meowrawrxo,Druid,Chontosh,1895973.0
7fgDKpMGWzkq8Hbm,9,Lìllith,Warlock,Lìllith,1361074.0
7fgDKpMGWzkq8Hbm,9,Mortiis,Shaman,Mortiis,671938.0
7fgDKpMGWzkq8Hbm,9,Mannarchy,Paladin,Mortiis,559011.0
7fgDKpMGWzkq8Hbm,9,Decayed,DeathKnight,Decayed,8058784.0
7fgDKpMGWzkq8Hbm,9,Hörnstar,DemonHunter,Decayed,28016.0
7fgDKpMGWzkq8Hbm,9,Spàdes,Warrior,Decayed,14437.0
7fgDKpMGWzkq8Hbm,9,Siare,Warlock,Decayed,13579.0
7fgDKpMGWzkq8Hbm,9,Sinfxl,Mage,Sinfxl,1662077.0
7fgDKpMGWzkq8Hbm,9,Siare,Warlock,Siare,1521167.0
7fgDKpMGWzkq8Hbm,9,Danzilla,Hunter,Danzilla,193388.0
7fgDKpMGWzkq8Hbm,9,Hörnstar,DemonHunter,Danzilla,16340.0
7fgDKpMGWzkq8Hbm,9,Lìllith,Warlock,Danzilla,8456.0
7fgDKpMGWzkq8Hbm,9,Primeval,Shaman,Danzilla,7036.0
7fgDKpMGWzkq8Hbm,9,Grapefroot,Hunter,Grapefroot,778613.0
7fgDKpMGWzkq8Hbm,9,Cryonox,DeathKnight,Cryonox,1045839.0
7fgDKpMGWzkq8Hbm,9,Primeval,Shaman,Primeval,4114795.0
7fgDKpMGWzkq8Hbm,9,Lìllith,Warlock,Primeval,3417972.0
7fgDKpMGWzkq8Hbm,9,Spàdes,Warrior,Primeval,3334944.0
7fgDKpMGWzkq8Hbm,9,Decayed,DeathKnight,Primeval,3212950.0
7fgDKpMGWzkq8Hbm,9,Danzilla,Hunter,Primeval,3135437.0
7fgDKpMGWzkq8Hbm,9,Viserion,Evoker,Viserion,4564242.0
7fgDKpMGWzkq8Hbm,9,Aurëus,Paladin,Viserion,2769209.0
7fgDKpMGWzkq8Hbm,9,Grapefroot,Hunter,Viserion,2756140.0
7fgDKpMGWzkq8Hbm,9,Abrakadavar,Mage,Viserion,2548345.0
7fgDKpMGWzkq8Hbm,9,Mortiis,Shaman,Viserion,2485567.0
bdqfKFjLQXvM1ZJp,10,Decayed,DeathKnight,Primeval,2383784.0
bdqfKFjLQXvM1ZJp,10,Primeval,Shaman,Primeval,1691617.0
bdqfKFjLQXvM1ZJp,10,Cryonox,DeathKnight,Primeval,1276938.0
bdqfKFjLQXvM1ZJp,10,Grapefroot,Hunter,Primeval,1270310.0
bdqfKFjLQXvM1ZJp,10,Aurëus,Paladin,Primeval,975562.0
bdqfKFjLQXvM1ZJp,10,Unnerfable,Paladin,Unnerfable,1824714.0
bdqfKFjLQXvM1ZJp,10,Primeval,Shaman,Unnerfable,1247467.0
bdqfKFjLQXvM1ZJp,10,Averlis,Druid,Unnerfable,1130733.0
bdqfKFjLQXvM1ZJp,10,Greyseer,Hunter,Unnerfable,1064977.0
bdqfKFjLQXvM1ZJp,10,Chontosh,Paladin,Unnerfable,962739.0
bdqfKFjLQXvM1ZJp,10,Panes,Paladin,Panes,1259530.0
bdqfKFjLQXvM1ZJp,10,Cryonox,DeathKnight,Panes,35182.0
bdqfKFjLQXvM1ZJp,10,Aurëus,Paladin,Panes,33017.0
bdqfKFjLQXvM1ZJp,10,Unnerfable,Paladin,Panes,30266.0
bdqfKFjLQXvM1ZJp,10,Lìllith,Warlock,Panes,24831.0
bdqfKFjLQXvM1ZJp,10,Dotdotboom,Warlock,Dotdotboom,271906.0
bdqfKFjLQXvM1ZJp,10,Lìllith,Warlock,Lìllith,1079047.0
bdqfKFjLQXvM1ZJp,10,Meowrawrxo,Druid,Meowrawrxo,1175365.0
bdqfKFjLQXvM1ZJp,10,Decayed,DeathKnight,Meowrawrxo,108479.0
bdqfKFjLQXvM1ZJp,10,Sinfxl,Mage,Meowrawrxo,27263.0
bdqfKFjLQXvM1ZJp,10,Spàdes,Warrior,Meowrawrxo,26104.0
bdqfKFjLQXvM1ZJp,10,Averlis,Druid,Meowrawrxo,19353.0
bdqfKFjLQXvM1ZJp,10,Grapefroot,Hunter,Grapefroot,782910.0
bdqfKFjLQXvM1ZJp,10,Mypriiest,Priest,Mypriiest,3015035.0
bdqfKFjLQXvM1ZJp,10,Chontosh,Paladin,Mypriiest,1254202.0
bdqfKFjLQXvM1ZJp,10,Greyseer,Hunter,Mypriiest,1197199.0
bdqfKFjLQXvM1ZJp,10,Grapefroot,Hunter,Mypriiest,961366.0
bdqfKFjLQXvM1ZJp,10,Siare,Warlock,Mypriiest,944283.0
bdqfKFjLQXvM1ZJp,10,Sinfxl,Mage,Sinfxl,1611270.0
bdqfKFjLQXvM1ZJp,10,Aurëus,Paladin,Aurëus,1452610.0
bdqfKFjLQXvM1ZJp,10,Panes,Paladin,Aurëus,31629.0
bdqfKFjLQXvM1ZJp,10,Lìllith,Warlock,Aurëus,30247.0
bdqfKFjLQXvM1ZJp,10,Unnerfable,Paladin,Aurëus,27590.0
bdqfKFjLQXvM1ZJp,10,Cryonox,DeathKnight,Aurëus,21571.0
bdqfKFjLQXvM1ZJp,10,Greyseer,Hunter,Greyseer,395957.0
bdqfKFjLQXvM1ZJp,10,Siare,Warlock,Siare,1318103.0
bdqfKFjLQXvM1ZJp,10,Mannarchy,Paladin,Mannarchy,3564313.0
bdqfKFjLQXvM1ZJp,10,Decayed,DeathKnight,Mannarchy,453890.0
bdqfKFjLQXvM1ZJp,10,Grapefroot,Hunter,Mannarchy,225540.0
bdqfKFjLQXvM1ZJp,10,Mypriiest,Priest,Mannarchy,47025.0
bdqfKFjLQXvM1ZJp,10,Greyseer,Hunter,Mannarchy,46137.0
bdqfKFjLQXvM1ZJp,10,Caelum,Paladin,Caelum,1085286.0
bdqfKFjLQXvM1ZJp,10,Lìllith,Warlock,Caelum,26863.0
bdqfKFjLQXvM1ZJp,10,Primeval,Shaman,Caelum,26643.0
bdqfKFjLQXvM1ZJp,10,Averlis,Druid,Caelum,26564.0
bdqfKFjLQXvM1ZJp,10,Grapefroot,Hunter,Caelum,24592.0
bdqfKFjLQXvM1ZJp,10,Decayed,DeathKnight,Chontosh,2524722.0
bdqfKFjLQXvM1ZJp,10,Chontosh,Paladin,Chontosh,1964224.0
bdqfKFjLQXvM1ZJp,10,Unnerfable,Paladin,Chontosh,1706380.0
bdqfKFjLQXvM1ZJp,10,Mannarchy,Paladin,Chontosh,1550698.0
bdqfKFjLQXvM1ZJp,10,Siare,Warlock,Chontosh,1455308.0
bdqfKFjLQXvM1ZJp,10,Asharia,DemonHunter,Asharia,1880734.0
bdqfKFjLQXvM1ZJp,10,Averlis,Druid,Averlis,783080.0
bdqfKFjLQXvM1ZJp,10,Grapefroot,Hunter,Averlis,151647.0
bdqfKFjLQXvM1ZJp,10,Panes,Paladin,Averlis,88287.0
bdqfKFjLQXvM1ZJp,10,Lìllith,Warlock,Averlis,78949.0
bdqfKFjLQXvM1ZJp,10,Unnerfable,Paladin,Averlis,70763.0
bdqfKFjLQXvM1ZJp,10,Decayed,DeathKnight,Decayed,7847724.0
bdqfKFjLQXvM1ZJp,10,Cryonox,DeathKnight,Cryonox,1517627.0
bdqfKFjLQXvM1ZJp,10,Spàdes,Warrior,Spàdes,1118592.0
bdqfKFjLQXvM1ZJp,10,Cryonox,DeathKnight,War Chaplain Senn,622178.0
bdqfKFjLQXvM1ZJp,10,Decayed,DeathKnight,War Chaplain Senn,572606.0
bdqfKFjLQXvM1ZJp,10,Lìllith,Warlock,War Chaplain Senn,511491.0
bdqfKFjLQXvM1ZJp,10,Sinfxl,Mage,War Chaplain Senn,510734.0
bdqfKFjLQXvM1ZJp,10,Panes,Paladin,War Chaplain Senn,509699.0
bdqfKFjLQXvM1ZJp,10,Danzilla,Hunter,Danzilla,180772.0
bdqfKFjLQXvM1ZJp,10,Aurëus,Paladin,Danzilla,6785.0
bdqfKFjLQXvM1ZJp,11,Primeval,Shaman,Primeval,4588918.0
bdqfKFjLQXvM1ZJp,11,Mannarchy,Paladin,Primeval,4457834.0
bdqfKFjLQXvM1ZJp,11,Decayed,DeathKnight,Primeval,3635959.0
bdqfKFjLQXvM1ZJp,11,Siare,Warlock,Primeval,3525714.0
bdqfKFjLQXvM1ZJp,11,Dotdotboom,Warlock,Primeval,2922381.0
bdqfKFjLQXvM1ZJp,11,Unnerfable,Paladin,Unnerfable,2577291.0
bdqfKFjLQXvM1ZJp,11,Mannarchy,Paladin,Unnerfable,2424654.0
bdqfKFjLQXvM1ZJp,11,Caelum,Paladin,Unnerfable,2331097.0
bdqfKFjLQXvM1ZJp,11,Cryonox,DeathKnight,Unnerfable,2220991.0
bdqfKFjLQXvM1ZJp,11,Primeval,Shaman,Unnerfable,2117650.0
bdqfKFjLQXvM1ZJp,11,Panes,Paladin,Panes,2137270.0
bdqfKFjLQXvM1ZJp,11,Siare,Warlock,Panes,66599.0
bdqfKFjLQXvM1ZJp,11,Cryonox,DeathKnight,Panes,66104.0
bdqfKFjLQXvM1ZJp,11,Chontosh,Paladin,Panes,59663.0
bdqfKFjLQXvM1ZJp,11,Unnerfable,Paladin,Panes,56993.0
bdqfKFjLQXvM1ZJp,11,Dotdotboom,Warlock,Dotdotboom,2188535.0
bdqfKFjLQXvM1ZJp,11,Lìllith,Warlock,Lìllith,1307954.0
bdqfKFjLQXvM1ZJp,11,Meowrawrxo,Druid,Meowrawrxo,571778.0
bdqfKFjLQXvM1ZJp,11,Decayed,DeathKnight,Meowrawrxo,38133.0
bdqfKFjLQXvM1ZJp,11,Spàdes,Warrior,Meowrawrxo,2878.0
bdqfKFjLQXvM1ZJp,11,Grapefroot,Hunter,Grapefroot,175219.0
bdqfKFjLQXvM1ZJp,11,Mypriiest,Priest,Mypriiest,6764222.0
bdqfKFjLQXvM1ZJp,11,Cryonox,DeathKnight,Mypriiest,3012608.0
bdqfKFjLQXvM1ZJp,11,Siare,Warlock,Mypriiest,2948456.0
bdqfKFjLQXvM1ZJp,11,Chontosh,Paladin,Mypriiest,2622143.0
bdqfKFjLQXvM1ZJp,11,Mannarchy,Paladin,Mypriiest,2554342.0
bdqfKFjLQXvM1ZJp,11,Sinfxl,Mage,Sinfxl,2334126.0
bdqfKFjLQXvM1ZJp,11,Aurëus,Paladin,Aurëus,1332655.0
bdqfKFjLQXvM1ZJp,11,Unnerfable,Paladin,Aurëus,58552.0
bdqfKFjLQXvM1ZJp,11,Cryonox,DeathKnight,Aurëus,53134.0
bdqfKFjLQXvM1ZJp,11,Siare,Warlock,Aurëus,53055.0
bdqfKFjLQXvM1ZJp,11,Sinfxl,Mage,Aurëus,48781.0
bdqfKFjLQXvM1ZJp,11,Siare,Warlock,Siare,3061862.0
bdqfKFjLQXvM1ZJp,11,Greyseer,Hunter,Greyseer,60106.0
bdqfKFjLQXvM1ZJp,11,Mannarchy,Paladin,Mannarchy,11564638.0
bdqfKFjLQXvM1ZJp,11,Decayed,DeathKnight,Mannarchy,432263.0
bdqfKFjLQXvM1ZJp,11,Cryonox,DeathKnight,Mannarchy,389344.0
bdqfKFjLQXvM1ZJp,11,Sinfxl,Mage,Mannarchy,288322.0
bdqfKFjLQXvM1ZJp,11,Chontosh,Paladin,Mannarchy,106338.0
bdqfKFjLQXvM1ZJp,11,Caelum,Paladin,Caelum,1846866.0
bdqfKFjLQXvM1ZJp,11,Dotdotboom,Warlock,Caelum,101839.0
bdqfKFjLQXvM1ZJp,11,Primeval,Shaman,Caelum,86484.0
bdqfKFjLQXvM1ZJp,11,Unnerfable,Paladin,Caelum,80374.0
bdqfKFjLQXvM1ZJp,11,Siare,Warlock,Caelum,79238.0
bdqfKFjLQXvM1ZJp,11,Mannarchy,Paladin,Chontosh,5886681.0
bdqfKFjLQXvM1ZJp,11,Chontosh,Paladin,Chontosh,5545250.0
bdqfKFjLQXvM1ZJp,11,Decayed,DeathKnight,Chontosh,4862190.0
bdqfKFjLQXvM1ZJp,11,Siare,Warlock,Chontosh,3869608.0
bdqfKFjLQXvM1ZJp,11,Unnerfable,Paladin,Chontosh,3599536.0
bdqfKFjLQXvM1ZJp,11,Asharia,DemonHunter,Asharia,1764458.0
bdqfKFjLQXvM1ZJp,11,Averlis,Druid,Averlis,533991.0
bdqfKFjLQXvM1ZJp,11,Decayed,DeathKnight,Decayed,25520202.0
bdqfKFjLQXvM1ZJp,11,Cryonox,DeathKnight,Cryonox,1792463.0
bdqfKFjLQXvM1ZJp,11,Spàdes,Warrior,Spàdes,328966.0
bdqfKFjLQXvM1ZJp,11,Decayed,DeathKnight,War Chaplain Senn,1719895.0
bdqfKFjLQXvM1ZJp,11,Siare,Warlock,War Chaplain Senn,1523238.0
bdqfKFjLQXvM1ZJp,11,Chontosh,Paladin,War Chaplain Senn,1396726.0
bdqfKFjLQXvM1ZJp,11,Mannarchy,Paladin,War Chaplain Senn,1392912.0
bdqfKFjLQXvM1ZJp,11,Cryonox,DeathKnight,War Chaplain Senn,1236796.0
bdqfKFjLQXvM1ZJp,11,Danzilla,Hunter,Danzilla,355517.0
bdqfKFjLQXvM1ZJp,11,Aurëus,Paladin,Danzilla,7751.0
bdqfKFjLQXvM1ZJp,11,Panes,Paladin,Danzilla,5754.0
bdqfKFjLQXvM1ZJp,12,Decayed,DeathKnight,Primeval,987350.0
bdqfKFjLQXvM1ZJp,12,Primeval,Shaman,Primeval,791776.0
bdqfKFjLQXvM1ZJp,12,Grapefroot,Hunter,Primeval,666817.0
bdqfKFjLQXvM1ZJp,12,Spàdes,Warrior,Primeval,578066.0
bdqfKFjLQXvM1ZJp,12,Dotdotboom,Warlock,Primeval,501762.0
bdqfKFjLQXvM1ZJp,12,Panes,Paladin,Unnerfable,546028.0
bdqfKFjLQXvM1ZJp,12,Mannarchy,Paladin,Unnerfable,532542.0
bdqfKFjLQXvM1ZJp,12,Cryonox,DeathKnight,Unnerfable,460699.0
bdqfKFjLQXvM1ZJp,12,Averlis,Druid,Unnerfable,450242.0
bdqfKFjLQXvM1ZJp,12,Aurëus,Paladin,Unnerfable,278290.0
bdqfKFjLQXvM1ZJp,12,Panes,Paladin,Panes,490951.0
bdqfKFjLQXvM1ZJp,12,Cryonox,DeathKnight,Panes,19360.0
bdqfKFjLQXvM1ZJp,12,Aurëus,Paladin,Panes,18650.0
bdqfKFjLQXvM1ZJp,12,Unnerfable,Paladin,Panes,16161.0
bdqfKFjLQXvM1ZJp,12,Spàdes,Warrior,Panes,13540.0
bdqfKFjLQXvM1ZJp,12,Dotdotboom,Warlock,Dotdotboom,983419.0
bdqfKFjLQXvM1ZJp,12,Lìllith,Warlock,Lìllith,244247.0
bdqfKFjLQXvM1ZJp,12,Meowrawrxo,Druid,Meowrawrxo,526929.0
bdqfKFjLQXvM1ZJp,12,Decayed,DeathKnight,Meowrawrxo,73168.0
bdqfKFjLQXvM1ZJp,12,Primeval,Shaman,Meowrawrxo,5784.0
bdqfKFjLQXvM1ZJp,12,Averlis,Druid,Meowrawrxo,4722.0
bdqfKFjLQXvM1ZJp,12,Chontosh,Paladin,Meowrawrxo,4101.0
bdqfKFjLQXvM1ZJp,12,Grapefroot,Hunter,Grapefroot,362385.0
bdqfKFjLQXvM1ZJp,12,Mypriiest,Priest,Mypriiest,1046903.0
bdqfKFjLQXvM1ZJp,12,Greyseer,Hunter,Mypriiest,718205.0
bdqfKFjLQXvM1ZJp,12,Danzilla,Hunter,Mypriiest,571248.0
bdqfKFjLQXvM1ZJp,12,Sinfxl,Mage,Mypriiest,480671.0
bdqfKFjLQXvM1ZJp,12,Averlis,Druid,Mypriiest,439093.0
bdqfKFjLQXvM1ZJp,12,Sinfxl,Mage,Sinfxl,662907.0
bdqfKFjLQXvM1ZJp,12,Aurëus,Paladin,Aurëus,521697.0
bdqfKFjLQXvM1ZJp,12,Cryonox,DeathKnight,Aurëus,14209.0
bdqfKFjLQXvM1ZJp,12,Panes,Paladin,Aurëus,11426.0
bdqfKFjLQXvM1ZJp,12,Greyseer,Hunter,Aurëus,7568.0
bdqfKFjLQXvM1ZJp,12,Unnerfable,Paladin,Aurëus,7239.0
bdqfKFjLQXvM1ZJp,12,Greyseer,Hunter,Greyseer,33891.0
bdqfKFjLQXvM1ZJp,12,Siare,Warlock,Siare,218555.0
bdqfKFjLQXvM1ZJp,12,Mannarchy,Paladin,Mannarchy,1595215.0
bdqfKFjLQXvM1ZJp,12,Danzilla,Hunter,Mannarchy,147171.0
bdqfKFjLQXvM1ZJp,12,Chontosh,Paladin,Mannarchy,17550.0
bdqfKFjLQXvM1ZJp,12,Cryonox,DeathKnight,Mannarchy,12438.0
bdqfKFjLQXvM1ZJp,12,Chontosh,Paladin,Chontosh,923785.0
bdqfKFjLQXvM1ZJp,12,Decayed,DeathKnight,Chontosh,810661.0
bdqfKFjLQXvM1ZJp,12,Sinfxl,Mage,Chontosh,589876.0
bdqfKFjLQXvM1ZJp,12,Dotdotboom,Warlock,Chontosh,492981.0
bdqfKFjLQXvM1ZJp,12,Greyseer,Hunter,Chontosh,439373.0
bdqfKFjLQXvM1ZJp,12,Asharia,DemonHunter,Asharia,332034.0
bdqfKFjLQXvM1ZJp,12,Averlis,Druid,Averlis,816105.0
bdqfKFjLQXvM1ZJp,12,Cryonox,DeathKnight,Averlis,208058.0
bdqfKFjLQXvM1ZJp,12,Panes,Paladin,Averlis,192854.0
bdqfKFjLQXvM1ZJp,12,Meowrawrxo,Druid,Averlis,160793.0
bdqfKFjLQXvM1ZJp,12,Mannarchy,Paladin,Averlis,87192.0
bdqfKFjLQXvM1ZJp,12,Decayed,DeathKnight,Decayed,2394826.0
bdqfKFjLQXvM1ZJp,12,Cryonox,DeathKnight,Cryonox,637916.0
bdqfKFjLQXvM1ZJp,12,Spàdes,Warrior,Spàdes,484510.0
bdqfKFjLQXvM1ZJp,12,Danzilla,Hunter,Danzilla,312092.0
bdqfKFjLQXvM1ZJp,14,Primeval,Shaman,Primeval,2601666.0
bdqfKFjLQXvM1ZJp,14,Decayed,DeathKnight,Primeval,1461212.0
bdqfKFjLQXvM1ZJp,14,Danzilla,Hunter,Primeval,1351769.0
bdqfKFjLQXvM1ZJp,14,Dotdotboom,Warlock,Primeval,1304705.0
bdqfKFjLQXvM1ZJp,14,Panes,Paladin,Primeval,1192071.0
bdqfKFjLQXvM1ZJp,14,Unnerfable,Paladin,Unnerfable,2600597.0
bdqfKFjLQXvM1ZJp,14,Chontosh,Paladin,Unnerfable,1130047.0
bdqfKFjLQXvM1ZJp,14,Panes,Paladin,Unnerfable,1023355.0
bdqfKFjLQXvM1ZJp,14,Mannarchy,Paladin,Unnerfable,970976.0
bdqfKFjLQXvM1ZJp,14,Cryonox,DeathKnight,Unnerfable,955582.0
bdqfKFjLQXvM1ZJp,14,Panes,Paladin,Panes,1508385.0
bdqfKFjLQXvM1ZJp,14,Unnerfable,Paladin,Panes,40682.0
bdqfKFjLQXvM1ZJp,14,Cryonox,DeathKnight,Panes,36854.0
bdqfKFjLQXvM1ZJp,14,Aurëus,Paladin,Panes,32834.0
bdqfKFjLQXvM1ZJp,14,Mannarchy,Paladin,Panes,29615.0
bdqfKFjLQXvM1ZJp,14,Dotdotboom,Warlock,Dotdotboom,1518326.0
bdqfKFjLQXvM1ZJp,14,Lìllith,Warlock,Lìllith,117280.0
bdqfKFjLQXvM1ZJp,14,Grapefroot,Hunter,Grapefroot,747896.0
bdqfKFjLQXvM1ZJp,14,Danzilla,Hunter,Mypriiest,1736500.0
bdqfKFjLQXvM1ZJp,14,Mypriiest,Priest,Mypriiest,1487000.0
bdqfKFjLQXvM1ZJp,14,Chontosh,Paladin,Mypriiest,947108.0
bdqfKFjLQXvM1ZJp,14,Sinfxl,Mage,Mypriiest,931208.0
bdqfKFjLQXvM1ZJp,14,Unnerfable,Paladin,Mypriiest,886138.0
bdqfKFjLQXvM1ZJp,14,Sinfxl,Mage,Sinfxl,1230775.0
bdqfKFjLQXvM1ZJp,14,Aurëus,Paladin,Aurëus,1257104.0
bdqfKFjLQXvM1ZJp,14,Siare,Warlock,Aurëus,32623.0
bdqfKFjLQXvM1ZJp,14,Panes,Paladin,Aurëus,32359.0
bdqfKFjLQXvM1ZJp,14,Cryonox,DeathKnight,Aurëus,30140.0
bdqfKFjLQXvM1ZJp,14,Unnerfable,Paladin,Aurëus,28798.0
bdqfKFjLQXvM1ZJp,14,Siare,Warlock,Siare,644431.0
bdqfKFjLQXvM1ZJp,14,Greyseer,Hunter,Greyseer,17155.0
bdqfKFjLQXvM1ZJp,14,Mannarchy,Paladin,Mannarchy,4252561.0
bdqfKFjLQXvM1ZJp,14,Cryonox,DeathKnight,Mannarchy,556060.0
bdqfKFjLQXvM1ZJp,14,Spàdes,Warrior,Mannarchy,157827.0
bdqfKFjLQXvM1ZJp,14,Sinfxl,Mage,Mannarchy,15031.0
bdqfKFjLQXvM1ZJp,14,Chontosh,Paladin,Chontosh,2659249.0
bdqfKFjLQXvM1ZJp,14,Decayed,DeathKnight,Chontosh,1864696.0
bdqfKFjLQXvM1ZJp,14,Mannarchy,Paladin,Chontosh,1421123.0
bdqfKFjLQXvM1ZJp,14,Panes,Paladin,Chontosh,1160599.0
bdqfKFjLQXvM1ZJp,14,Sinfxl,Mage,Chontosh,1027668.0
bdqfKFjLQXvM1ZJp,14,Asharia,DemonHunter,Asharia,2652471.0
bdqfKFjLQXvM1ZJp,14,Averlis,Druid,Averlis,1007371.0
bdqfKFjLQXvM1ZJp,14,Grapefroot,Hunter,Averlis,142966.0
bdqfKFjLQXvM1ZJp,14,Asharia,DemonHunter,Averlis,109820.0
bdqfKFjLQXvM1ZJp,14,Cryonox,DeathKnight,Averlis,64551.0
bdqfKFjLQXvM1ZJp,14,Panes,Paladin,Averlis,39097.0
bdqfKFjLQXvM1ZJp,14,Decayed,DeathKnight,Decayed,6685650.0
bdqfKFjLQXvM1ZJp,14,Cryonox,DeathKnight,Cryonox,955654.0
bdqfKFjLQXvM1ZJp,14,Spàdes,Warrior,Spàdes,1174890.0
bdqfKFjLQXvM1ZJp,14,Cryonox,DeathKnight,War Chaplain Senn,629592.0
bdqfKFjLQXvM1ZJp,14,Chontosh,Paladin,War Chaplain Senn,584703.0
bdqfKFjLQXvM1ZJp,14,Siare,Warlock,War Chaplain Senn,584242.0
bdqfKFjLQXvM1ZJp,14,Primeval,Shaman,War Chaplain Senn,583556.0
bdqfKFjLQXvM1ZJp,14,Grapefroot,Hunter,War Chaplain Senn,582681.0
bdqfKFjLQXvM1ZJp,14,Danzilla,Hunter,Danzilla,484238.0
bdqfKFjLQXvM1ZJp,14,Aurëus,Paladin,Danzilla,5408.0
bdqfKFjLQXvM1ZJp,14,Greyseer,Hunter,Danzilla,5234.0
bdqfKFjLQXvM1ZJp,15,Primeval,Shaman,Primeval,1007765.0
bdqfKFjLQXvM1ZJp,15,Decayed,DeathKnight,Primeval,540147.0
bdqfKFjLQXvM1ZJp,15,Grapefroot,Hunter,Primeval,299716.0
bdqfKFjLQXvM1ZJp,15,Chontosh,Paladin,Primeval,287721.0
bdqfKFjLQXvM1ZJp,15,Dotdotboom,Warlock,Primeval,262422.0
bdqfKFjLQXvM1ZJp,15,Panes,Paladin,Panes,337029.0
bdqfKFjLQXvM1ZJp,15,Danzilla,Hunter,Panes,13071.0
bdqfKFjLQXvM1ZJp,15,Siare,Warlock,Panes,9013.0
bdqfKFjLQXvM1ZJp,15,Greyseer,Hunter,Panes,8174.0
bdqfKFjLQXvM1ZJp,15,Cryonox,DeathKnight,Panes,7950.0
bdqfKFjLQXvM1ZJp,15,Unnerfable,Paladin,Unnerfable,531290.0
bdqfKFjLQXvM1ZJp,15,Averlis,Druid,Unnerfable,311997.0
bdqfKFjLQXvM1ZJp,15,Dotdotboom,Warlock,Unnerfable,240694.0
bdqfKFjLQXvM1ZJp,15,Decayed,DeathKnight,Unnerfable,235837.0
bdqfKFjLQXvM1ZJp,15,Panes,Paladin,Unnerfable,210480.0
bdqfKFjLQXvM1ZJp,15,Dotdotboom,Warlock,Dotdotboom,803149.0
bdqfKFjLQXvM1ZJp,15,Lìllith,Warlock,Lìllith,343915.0
bdqfKFjLQXvM1ZJp,15,Meowrawrxo,Druid,Meowrawrxo,223021.0
bdqfKFjLQXvM1ZJp,15,Decayed,DeathKnight,Meowrawrxo,55650.0
bdqfKFjLQXvM1ZJp,15,Grapefroot,Hunter,Grapefroot,98041.0
bdqfKFjLQXvM1ZJp,15,Siare,Warlock,Mypriiest,585411.0
bdqfKFjLQXvM1ZJp,15,Sinfxl,Mage,Mypriiest,519530.0
bdqfKFjLQXvM1ZJp,15,Mypriiest,Priest,Mypriiest,491886.0
bdqfKFjLQXvM1ZJp,15,Greyseer,Hunter,Mypriiest,410156.0
bdqfKFjLQXvM1ZJp,15,Danzilla,Hunter,Mypriiest,382818.0
bdqfKFjLQXvM1ZJp,15,Sinfxl,Mage,Sinfxl,547670.0
bdqfKFjLQXvM1ZJp,15,Aurëus,Paladin,Aurëus,100808.0
bdqfKFjLQXvM1ZJp,15,Danzilla,Hunter,Aurëus,6324.0
bdqfKFjLQXvM1ZJp,15,Greyseer,Hunter,Aurëus,5981.0
bdqfKFjLQXvM1ZJp,15,Mannarchy,Paladin,Aurëus,5366.0
bdqfKFjLQXvM1ZJp,15,Siare,Warlock,Aurëus,4922.0
bdqfKFjLQXvM1ZJp,15,Siare,Warlock,Siare,225585.0
bdqfKFjLQXvM1ZJp,15,Greyseer,Hunter,Greyseer,12596.0
bdqfKFjLQXvM1ZJp,15,Mannarchy,Paladin,Mannarchy,669967.0
bdqfKFjLQXvM1ZJp,15,Decayed,DeathKnight,Mannarchy,202386.0
bdqfKFjLQXvM1ZJp,15,Cryonox,DeathKnight,Mannarchy,184202.0
bdqfKFjLQXvM1ZJp,15,Panes,Paladin,Mannarchy,26446.0
bdqfKFjLQXvM1ZJp,15,Danzilla,Hunter,Mannarchy,16519.0
bdqfKFjLQXvM1ZJp,15,Chontosh,Paladin,Chontosh,1049584.0
bdqfKFjLQXvM1ZJp,15,Decayed,DeathKnight,Chontosh,786785.0
bdqfKFjLQXvM1ZJp,15,Unnerfable,Paladin,Chontosh,604324.0
bdqfKFjLQXvM1ZJp,15,Mypriiest,Priest,Chontosh,541154.0
bdqfKFjLQXvM1ZJp,15,Averlis,Druid,Chontosh,440928.0
bdqfKFjLQXvM1ZJp,15,Asharia,DemonHunter,Asharia,676493.0
bdqfKFjLQXvM1ZJp,15,Averlis,Druid,Averlis,243117.0
bdqfKFjLQXvM1ZJp,15,Decayed,DeathKnight,Decayed,2794239.0
bdqfKFjLQXvM1ZJp,15,Cryonox,DeathKnight,Cryonox,480769.0
bdqfKFjLQXvM1ZJp,15,Spàdes,Warrior,Spàdes,414298.0
bdqfKFjLQXvM1ZJp,15,Panes,Paladin,Danzilla,6841.0
bdqfKFjLQXvM1ZJp,15,Danzilla,Hunter,Danzilla,1365.0
bdqfKFjLQXvM1ZJp,16,Primeval,Shaman,Primeval,3373902.0
bdqfKFjLQXvM1ZJp,16,Decayed,DeathKnight,Primeval,2103153.0
bdqfKFjLQXvM1ZJp,16,Cryonox,DeathKnight,Primeval,1474129.0
bdqfKFjLQXvM1ZJp,16,Dotdotboom,Warlock,Primeval,1305122.0
bdqfKFjLQXvM1ZJp,16,Meowrawrxo,Druid,Primeval,1287591.0
bdqfKFjLQXvM1ZJp,16,Unnerfable,Paladin,Unnerfable,2003820.0
bdqfKFjLQXvM1ZJp,16,Cryonox,DeathKnight,Unnerfable,1443935.0
bdqfKFjLQXvM1ZJp,16,Aurëus,Paladin,Unnerfable,1412367.0
bdqfKFjLQXvM1ZJp,16,Mannarchy,Paladin,Unnerfable,1236623.0
bdqfKFjLQXvM1ZJp,16,Sinfxl,Mage,Unnerfable,1030388.0
bdqfKFjLQXvM1ZJp,16,Panes,Paladin,Panes,975873.0
bdqfKFjLQXvM1ZJp,16,Aurëus,Paladin,Panes,41354.0
bdqfKFjLQXvM1ZJp,16,Cryonox,DeathKnight,Panes,32682.0
bdqfKFjLQXvM1ZJp,16,Greyseer,Hunter,Panes,30912.0
bdqfKFjLQXvM1ZJp,16,Unnerfable,Paladin,Panes,28235.0
bdqfKFjLQXvM1ZJp,16,Dotdotboom,Warlock,Dotdotboom,969530.0
bdqfKFjLQXvM1ZJp,16,Lìllith,Warlock,Lìllith,748473.0
bdqfKFjLQXvM1ZJp,16,Meowrawrxo,Druid,Meowrawrxo,1689762.0
bdqfKFjLQXvM1ZJp,16,Unnerfable,Paladin,Meowrawrxo,76677.0
bdqfKFjLQXvM1ZJp,16,Chontosh,Paladin,Meowrawrxo,52931.0
bdqfKFjLQXvM1ZJp,16,Lìllith,Warlock,Meowrawrxo,36641.0
bdqfKFjLQXvM1ZJp,16,Siare,Warlock,Meowrawrxo,9297.0
bdqfKFjLQXvM1ZJp,16,Grapefroot,Hunter,Grapefroot,1057028.0
bdqfKFjLQXvM1ZJp,16,Mypriiest,Priest,Mypriiest,636555.0
bdqfKFjLQXvM1ZJp,16,Dotdotboom,Warlock,Mypriiest,461964.0
bdqfKFjLQXvM1ZJp,16,Chontosh,Paladin,Mypriiest,458657.0
bdqfKFjLQXvM1ZJp,16,Averlis,Druid,Mypriiest,442410.0
bdqfKFjLQXvM1ZJp,16,Danzilla,Hunter,Mypriiest,360731.0
bdqfKFjLQXvM1ZJp,16,Sinfxl,Mage,Sinfxl,1563706.0
bdqfKFjLQXvM1ZJp,16,Aurëus,Paladin,Aurëus,1599546.0
bdqfKFjLQXvM1ZJp,16,Panes,Paladin,Aurëus,50377.0
bdqfKFjLQXvM1ZJp,16,Unnerfable,Paladin,Aurëus,42898.0
bdqfKFjLQXvM1ZJp,16,Cryonox,DeathKnight,Aurëus,41177.0
bdqfKFjLQXvM1ZJp,16,Greyseer,Hunter,Aurëus,38824.0
bdqfKFjLQXvM1ZJp,16,Siare,Warlock,Siare,1242829.0
bdqfKFjLQXvM1ZJp,16,Greyseer,Hunter,Greyseer,765917.0
bdqfKFjLQXvM1ZJp,16,Mannarchy,Paladin,Mannarchy,3913592.0
bdqfKFjLQXvM1ZJp,16,Dotdotboom,Warlock,Mannarchy,279790.0
bdqfKFjLQXvM1ZJp,16,Asharia,DemonHunter,Mannarchy,158994.0
bdqfKFjLQXvM1ZJp,16,Cryonox,DeathKnight,Mannarchy,153764.0
bdqfKFjLQXvM1ZJp,16,Danzilla,Hunter,Mannarchy,97242.0
bdqfKFjLQXvM1ZJp,16,Decayed,DeathKnight,Chontosh,2071480.0
bdqfKFjLQXvM1ZJp,16,Chontosh,Paladin,Chontosh,1509697.0
bdqfKFjLQXvM1ZJp,16,Unnerfable,Paladin,Chontosh,1254169.0
bdqfKFjLQXvM1ZJp,16,Sinfxl,Mage,Chontosh,1207205.0
bdqfKFjLQXvM1ZJp,16,Grapefroot,Hunter,Chontosh,1186259.0
bdqfKFjLQXvM1ZJp,16,Asharia,DemonHunter,Asharia,1667960.0
bdqfKFjLQXvM1ZJp,16,Averlis,Druid,Averlis,628921.0
bdqfKFjLQXvM1ZJp,16,Meowrawrxo,Druid,Averlis,103763.0
bdqfKFjLQXvM1ZJp,16,Primeval,Shaman,Averlis,98995.0
bdqfKFjLQXvM1ZJp,16,Decayed,DeathKnight,Decayed,7303640.0
bdqfKFjLQXvM1ZJp,16,Cryonox,DeathKnight,Cryonox,1984483.0
bdqfKFjLQXvM1ZJp,16,Spàdes,Warrior,Spàdes,679759.0
bdqfKFjLQXvM1ZJp,16,Cryonox,DeathKnight,War Chaplain Senn,662973.0
bdqfKFjLQXvM1ZJp,16,Meowrawrxo,Druid,War Chaplain Senn,586737.0
bdqfKFjLQXvM1ZJp,16,Chontosh,Paladin,War Chaplain Senn,586181.0
bdqfKFjLQXvM1ZJp,16,Lìllith,Warlock,War Chaplain Senn,585233.0
bdqfKFjLQXvM1ZJp,16,Primeval,Shaman,War Chaplain Senn,584827.0
bdqfKFjLQXvM1ZJp,16,Danzilla,Hunter,Danzilla,497888.0
bdqfKFjLQXvM1ZJp,16,Cryonox,DeathKnight,Danzilla,8409.0
bdqfKFjLQXvM1ZJp,16,Panes,Paladin,Danzilla,7418.0
bdqfKFjLQXvM1ZJp,17,Primeval,Shaman,Primeval,2330566.0
bdqfKFjLQXvM1ZJp,17,Panes,Paladin,Primeval,1759841.0
bdqfKFjLQXvM1ZJp,17,Cryonox,DeathKnight,Primeval,1560412.0
bdqfKFjLQXvM1ZJp,17,Lìllith,Warlock,Primeval,1418129.0
bdqfKFjLQXvM1ZJp,17,Mannarchy,Paladin,Primeval,1357761.0
bdqfKFjLQXvM1ZJp,17,Unnerfable,Paladin,Unnerfable,1914255.0
bdqfKFjLQXvM1ZJp,17,Mannarchy,Paladin,Unnerfable,1361066.0
bdqfKFjLQXvM1ZJp,17,Greyseer,Hunter,Unnerfable,1178295.0
bdqfKFjLQXvM1ZJp,17,Panes,Paladin,Unnerfable,1061496.0
bdqfKFjLQXvM1ZJp,17,Mypriiest,Priest,Unnerfable,1008603.0
bdqfKFjLQXvM1ZJp,17,Panes,Paladin,Panes,1845037.0
bdqfKFjLQXvM1ZJp,17,Lìllith,Warlock,Panes,50073.0
bdqfKFjLQXvM1ZJp,17,Cryonox,DeathKnight,Panes,49073.0
bdqfKFjLQXvM1ZJp,17,Primeval,Shaman,Panes,46139.0
bdqfKFjLQXvM1ZJp,17,Unnerfable,Paladin,Panes,43727.0
bdqfKFjLQXvM1ZJp,17,Dotdotboom,Warlock,Dotdotboom,1488587.0
bdqfKFjLQXvM1ZJp,17,Lìllith,Warlock,Lìllith,981593.0
bdqfKFjLQXvM1ZJp,17,Meowrawrxo,Druid,Meowrawrxo,1776965.0
bdqfKFjLQXvM1ZJp,17,Panes,Paladin,Meowrawrxo,70926.0
bdqfKFjLQXvM1ZJp,17,Decayed,DeathKnight,Meowrawrxo,65415.0
bdqfKFjLQXvM1ZJp,17,Primeval,Shaman,Meowrawrxo,44263.0
bdqfKFjLQXvM1ZJp,17,Aurëus,Paladin,Meowrawrxo,38560.0
bdqfKFjLQXvM1ZJp,17,Grapefroot,Hunter,Grapefroot,901103.0
bdqfKFjLQXvM1ZJp,17,Mypriiest,Priest,Mypriiest,2909889.0
bdqfKFjLQXvM1ZJp,17,Mannarchy,Paladin,Mypriiest,1632419.0
bdqfKFjLQXvM1ZJp,17,Lìllith,Warlock,Mypriiest,1466309.0
bdqfKFjLQXvM1ZJp,17,Siare,Warlock,Mypriiest,1055764.0
bdqfKFjLQXvM1ZJp,17,Chontosh,Paladin,Mypriiest,954782.0
bdqfKFjLQXvM1ZJp,17,Sinfxl,Mage,Sinfxl,985981.0
bdqfKFjLQXvM1ZJp,17,Aurëus,Paladin,Aurëus,1057508.0
bdqfKFjLQXvM1ZJp,17,Cryonox,DeathKnight,Aurëus,53045.0
bdqfKFjLQXvM1ZJp,17,Unnerfable,Paladin,Aurëus,39938.0
bdqfKFjLQXvM1ZJp,17,Chontosh,Paladin,Aurëus,34610.0
bdqfKFjLQXvM1ZJp,17,Mypriiest,Priest,Aurëus,32685.0
bdqfKFjLQXvM1ZJp,17,Siare,Warlock,Siare,1016240.0
bdqfKFjLQXvM1ZJp,17,Greyseer,Hunter,Greyseer,155303.0
bdqfKFjLQXvM1ZJp,17,Mannarchy,Paladin,Mannarchy,5704280.0
bdqfKFjLQXvM1ZJp,17,Danzilla,Hunter,Mannarchy,467125.0
bdqfKFjLQXvM1ZJp,17,Primeval,Shaman,Mannarchy,336371.0
bdqfKFjLQXvM1ZJp,17,Cryonox,DeathKnight,Mannarchy,250726.0
bdqfKFjLQXvM1ZJp,17,Lìllith,Warlock,Mannarchy,224484.0
bdqfKFjLQXvM1ZJp,17,Mannarchy,Paladin,Chontosh,2829205.0
bdqfKFjLQXvM1ZJp,17,Chontosh,Paladin,Chontosh,2376458.0
bdqfKFjLQXvM1ZJp,17,Meowrawrxo,Druid,Chontosh,2016738.0
bdqfKFjLQXvM1ZJp,17,Unnerfable,Paladin,Chontosh,1760135.0
bdqfKFjLQXvM1ZJp,17,Greyseer,Hunter,Chontosh,1690547.0
bdqfKFjLQXvM1ZJp,17,Asharia,DemonHunter,Asharia,2583091.0
bdqfKFjLQXvM1ZJp,17,Averlis,Druid,Averlis,929642.0
bdqfKFjLQXvM1ZJp,17,Siare,Warlock,Averlis,154518.0
bdqfKFjLQXvM1ZJp,17,Panes,Paladin,Averlis,143555.0
bdqfKFjLQXvM1ZJp,17,Mypriiest,Priest,Averlis,125571.0
bdqfKFjLQXvM1ZJp,17,Lìllith,Warlock,Averlis,118419.0
bdqfKFjLQXvM1ZJp,17,Decayed,DeathKnight,Decayed,5302953.0
bdqfKFjLQXvM1ZJp,17,Cryonox,DeathKnight,Cryonox,1836361.0
bdqfKFjLQXvM1ZJp,17,Spàdes,Warrior,Spàdes,267833.0
bdqfKFjLQXvM1ZJp,17,Panes,Paladin,War Chaplain Senn,989033.0
bdqfKFjLQXvM1ZJp,17,Asharia,DemonHunter,War Chaplain Senn,988972.0
bdqfKFjLQXvM1ZJp,17,Chontosh,Paladin,War Chaplain Senn,918647.0
bdqfKFjLQXvM1ZJp,17,Mannarchy,Paladin,War Chaplain Senn,886827.0
bdqfKFjLQXvM1ZJp,17,Primeval,Shaman,War Chaplain Senn,807354.0
bdqfKFjLQXvM1ZJp,17,Danzilla,Hunter,Danzilla,203885.0
bdqfKFjLQXvM1ZJp,17,Greyseer,Hunter,Danzilla,6781.0
bdqfKFjLQXvM1ZJp,18,Primeval,Shaman,Primeval,2350945.0
bdqfKFjLQXvM1ZJp,18,Decayed,DeathKnight,Primeval,1242341.0
bdqfKFjLQXvM1ZJp,18,Aurëus,Paladin,Primeval,1177740.0
bdqfKFjLQXvM1ZJp,18,Panes,Paladin,Primeval,1172995.0
bdqfKFjLQXvM1ZJp,18,Danzilla,Hunter,Primeval,1120519.0
bdqfKFjLQXvM1ZJp,18,Unnerfable,Paladin,Unnerfable,1410824.0
bdqfKFjLQXvM1ZJp,18,Panes,Paladin,Unnerfable,1367137.0
bdqfKFjLQXvM1ZJp,18,Aurëus,Paladin,Unnerfable,1006603.0
bdqfKFjLQXvM1ZJp,18,Mypriiest,Priest,Unnerfable,896392.0
bdqfKFjLQXvM1ZJp,18,Averlis,Druid,Unnerfable,834006.0
bdqfKFjLQXvM1ZJp,18,Panes,Paladin,Panes,1343582.0
bdqfKFjLQXvM1ZJp,18,Lìllith,Warlock,Panes,74390.0
bdqfKFjLQXvM1ZJp,18,Unnerfable,Paladin,Panes,54596.0
bdqfKFjLQXvM1ZJp,18,Aurëus,Paladin,Panes,45240.0
bdqfKFjLQXvM1ZJp,18,Cryonox,DeathKnight,Panes,39311.0
bdqfKFjLQXvM1ZJp,18,Dotdotboom,Warlock,Dotdotboom,1321669.0
bdqfKFjLQXvM1ZJp,18,Lìllith,Warlock,Lìllith,1032123.0
bdqfKFjLQXvM1ZJp,18,Grapefroot,Hunter,Grapefroot,571674.0
bdqfKFjLQXvM1ZJp,18,Meowrawrxo,Druid,Meowrawrxo,1559682.0
bdqfKFjLQXvM1ZJp,18,Spàdes,Warrior,Meowrawrxo,53053.0
bdqfKFjLQXvM1ZJp,18,Grapefroot,Hunter,Meowrawrxo,44070.0
bdqfKFjLQXvM1ZJp,18,Mannarchy,Paladin,Meowrawrxo,31767.0
bdqfKFjLQXvM1ZJp,18,Decayed,DeathKnight,Meowrawrxo,25536.0
bdqfKFjLQXvM1ZJp,18,Mypriiest,Priest,Mypriiest,2332556.0
bdqfKFjLQXvM1ZJp,18,Lìllith,Warlock,Mypriiest,1279765.0
bdqfKFjLQXvM1ZJp,18,Cryonox,DeathKnight,Mypriiest,1050120.0
bdqfKFjLQXvM1ZJp,18,Sinfxl,Mage,Mypriiest,1044743.0
bdqfKFjLQXvM1ZJp,18,Meowrawrxo,Druid,Mypriiest,939551.0
bdqfKFjLQXvM1ZJp,18,Sinfxl,Mage,Sinfxl,966388.0
bdqfKFjLQXvM1ZJp,18,Aurëus,Paladin,Aurëus,1266385.0
bdqfKFjLQXvM1ZJp,18,Panes,Paladin,Aurëus,39613.0
bdqfKFjLQXvM1ZJp,18,Chontosh,Paladin,Aurëus,36081.0
bdqfKFjLQXvM1ZJp,18,Siare,Warlock,Aurëus,35079.0
bdqfKFjLQXvM1ZJp,18,Lìllith,Warlock,Aurëus,34727.0
bdqfKFjLQXvM1ZJp,18,Siare,Warlock,Siare,1257908.0
bdqfKFjLQXvM1ZJp,18,Greyseer,Hunter,Greyseer,158380.0
bdqfKFjLQXvM1ZJp,18,Mannarchy,Paladin,Mannarchy,3326512.0
bdqfKFjLQXvM1ZJp,18,Siare,Warlock,Mannarchy,440743.0
bdqfKFjLQXvM1ZJp,18,Decayed,DeathKnight,Mannarchy,384543.0
bdqfKFjLQXvM1ZJp,18,Danzilla,Hunter,Mannarchy,90699.0
bdqfKFjLQXvM1ZJp,18,Spàdes,Warrior,Mannarchy,31673.0
bdqfKFjLQXvM1ZJp,18,Chontosh,Paladin,Chontosh,2112398.0
bdqfKFjLQXvM1ZJp,18,Mannarchy,Paladin,Chontosh,1687139.0
bdqfKFjLQXvM1ZJp,18,Decayed,DeathKnight,Chontosh,1595074.0
bdqfKFjLQXvM1ZJp,18,Greyseer,Hunter,Chontosh,1378114.0
bdqfKFjLQXvM1ZJp,18,Lìllith,Warlock,Chontosh,1257671.0
bdqfKFjLQXvM1ZJp,18,Asharia,DemonHunter,Asharia,2068179.0
bdqfKFjLQXvM1ZJp,18,Averlis,Druid,Averlis,630467.0
bdqfKFjLQXvM1ZJp,18,Panes,Paladin,Averlis,213945.0
bdqfKFjLQXvM1ZJp,18,Unnerfable,Paladin,Averlis,198926.0
bdqfKFjLQXvM1ZJp,18,Grapefroot,Hunter,Averlis,179781.0
bdqfKFjLQXvM1ZJp,18,Mypriiest,Priest,Averlis,130873.0
bdqfKFjLQXvM1ZJp,18,Decayed,DeathKnight,Decayed,7269529.0
bdqfKFjLQXvM1ZJp,18,Cryonox,DeathKnight,Cryonox,1065309.0
bdqfKFjLQXvM1ZJp,18,Spàdes,Warrior,Spàdes,856284.0
bdqfKFjLQXvM1ZJp,18,Cryonox,DeathKnight,War Chaplain Senn,611955.0
bdqfKFjLQXvM1ZJp,18,Primeval,Shaman,War Chaplain Senn,556329.0
bdqfKFjLQXvM1ZJp,18,Dotdotboom,Warlock,War Chaplain Senn,556328.0
bdqfKFjLQXvM1ZJp,18,Danzilla,Hunter,War Chaplain Senn,556328.0
bdqfKFjLQXvM1ZJp,18,Greyseer,Hunter,War Chaplain Senn,556327.0
bdqfKFjLQXvM1ZJp,18,Danzilla,Hunter,Danzilla,355804.0
bdqfKFjLQXvM1ZJp,18,Aurëus,Paladin,Danzilla,9495.0
bdqfKFjLQXvM1ZJp,19,Mannarchy,Paladin,Primeval,8848544.0
bdqfKFjLQXvM1ZJp,19,Primeval,Shaman,Primeval,5736333.0
bdqfKFjLQXvM1ZJp,19,Decayed,DeathKnight,Primeval,4275292.0
bdqfKFjLQXvM1ZJp,19,Cryonox,DeathKnight,Primeval,3245976.0
bdqfKFjLQXvM1ZJp,19,Spàdes,Warrior,Primeval,2876951.0
bdqfKFjLQXvM1ZJp,19,Mannarchy,Paladin,Unnerfable,3947806.0
bdqfKFjLQXvM1ZJp,19,Unnerfable,Paladin,Unnerfable,3694530.0
bdqfKFjLQXvM1ZJp,19,Panes,Paladin,Unnerfable,3590311.0
bdqfKFjLQXvM1ZJp,19,Chontosh,Paladin,Unnerfable,2559919.0
bdqfKFjLQXvM1ZJp,19,Decayed,DeathKnight,Unnerfable,2295339.0
bdqfKFjLQXvM1ZJp,19,Panes,Paladin,Panes,3552441.0
bdqfKFjLQXvM1ZJp,19,Siare,Warlock,Panes,128177.0
bdqfKFjLQXvM1ZJp,19,Chontosh,Paladin,Panes,114619.0
bdqfKFjLQXvM1ZJp,19,Primeval,Shaman,Panes,98086.0
bdqfKFjLQXvM1ZJp,19,Unnerfable,Paladin,Panes,96385.0
bdqfKFjLQXvM1ZJp,19,Dotdotboom,Warlock,Dotdotboom,1855035.0
bdqfKFjLQXvM1ZJp,19,Lìllith,Warlock,Lìllith,287665.0
bdqfKFjLQXvM1ZJp,19,Meowrawrxo,Druid,Meowrawrxo,1644534.0
bdqfKFjLQXvM1ZJp,19,Siare,Warlock,Meowrawrxo,30997.0
bdqfKFjLQXvM1ZJp,19,Decayed,DeathKnight,Meowrawrxo,23482.0
bdqfKFjLQXvM1ZJp,19,Asharia,DemonHunter,Meowrawrxo,7232.0
bdqfKFjLQXvM1ZJp,19,Chontosh,Paladin,Meowrawrxo,4622.0
bdqfKFjLQXvM1ZJp,19,Grapefroot,Hunter,Grapefroot,1377576.0
bdqfKFjLQXvM1ZJp,19,Mypriiest,Priest,Mypriiest,5003901.0
bdqfKFjLQXvM1ZJp,19,Mannarchy,Paladin,Mypriiest,2506898.0
bdqfKFjLQXvM1ZJp,19,Chontosh,Paladin,Mypriiest,2055522.0
bdqfKFjLQXvM1ZJp,19,Cryonox,DeathKnight,Mypriiest,2044268.0
bdqfKFjLQXvM1ZJp,19,Spàdes,Warrior,Mypriiest,2006199.0
bdqfKFjLQXvM1ZJp,19,Sinfxl,Mage,Sinfxl,1221484.0
bdqfKFjLQXvM1ZJp,19,Aurëus,Paladin,Aurëus,2867600.0
bdqfKFjLQXvM1ZJp,19,Cryonox,DeathKnight,Aurëus,106772.0
bdqfKFjLQXvM1ZJp,19,Chontosh,Paladin,Aurëus,79944.0
bdqfKFjLQXvM1ZJp,19,Danzilla,Hunter,Aurëus,77848.0
bdqfKFjLQXvM1ZJp,19,Unnerfable,Paladin,Aurëus,75216.0
bdqfKFjLQXvM1ZJp,19,Siare,Warlock,Siare,2036883.0
bdqfKFjLQXvM1ZJp,19,Greyseer,Hunter,Greyseer,252292.0
bdqfKFjLQXvM1ZJp,19,Mannarchy,Paladin,Mannarchy,16470585.0
bdqfKFjLQXvM1ZJp,19,Decayed,DeathKnight,Mannarchy,1138468.0
bdqfKFjLQXvM1ZJp,19,Panes,Paladin,Mannarchy,394412.0
bdqfKFjLQXvM1ZJp,19,Danzilla,Hunter,Mannarchy,361741.0
bdqfKFjLQXvM1ZJp,19,Cryonox,DeathKnight,Mannarchy,304161.0
bdqfKFjLQXvM1ZJp,19,Asharia,DemonHunter,Asharia,5331903.0
bdqfKFjLQXvM1ZJp,19,Spàdes,Warrior,Asharia,57960.0
bdqfKFjLQXvM1ZJp,19,Panes,Paladin,Asharia,10137.0
bdqfKFjLQXvM1ZJp,19,Mannarchy,Paladin,Chontosh,9023915.0
bdqfKFjLQXvM1ZJp,19,Chontosh,Paladin,Chontosh,6467663.0
bdqfKFjLQXvM1ZJp,19,Decayed,DeathKnight,Chontosh,5748148.0
bdqfKFjLQXvM1ZJp,19,Aurëus,Paladin,Chontosh,3407970.0
bdqfKFjLQXvM1ZJp,19,Danzilla,Hunter,Chontosh,3233428.0
bdqfKFjLQXvM1ZJp,19,Averlis,Druid,Averlis,401045.0
bdqfKFjLQXvM1ZJp,19,Decayed,DeathKnight,Decayed,25158757.0
bdqfKFjLQXvM1ZJp,19,Cryonox,DeathKnight,Cryonox,4650597.0
bdqfKFjLQXvM1ZJp,19,Spàdes,Warrior,Spàdes,2793334.0
bdqfKFjLQXvM1ZJp,19,Cryonox,DeathKnight,War Chaplain Senn,1745871.0
bdqfKFjLQXvM1ZJp,19,Chontosh,Paladin,War Chaplain Senn,1735618.0
bdqfKFjLQXvM1ZJp,19,Aurëus,Paladin,War Chaplain Senn,1732610.0
bdqfKFjLQXvM1ZJp,19,Danzilla,Hunter,War Chaplain Senn,1731886.0
bdqfKFjLQXvM1ZJp,19,Asharia,DemonHunter,War Chaplain Senn,1690921.0
bdqfKFjLQXvM1ZJp,19,Danzilla,Hunter,Danzilla,1097538.0
bdqfKFjLQXvM1ZJp,19,Panes,Paladin,Danzilla,38704.0
bdqfKFjLQXvM1ZJp,19,Cryonox,DeathKnight,Danzilla,12337.0
bdqfKFjLQXvM1ZJp,19,Aurëus,Paladin,Danzilla,6904.0
bdqfKFjLQXvM1ZJp,2,Primeval,Shaman,Primeval,4221019.0
bdqfKFjLQXvM1ZJp,2,Greyseer,Hunter,Primeval,2820210.0
bdqfKFjLQXvM1ZJp,2,Chontosh,Paladin,Primeval,2551979.0
bdqfKFjLQXvM1ZJp,2,Panes,Paladin,Primeval,2478641.0
bdqfKFjLQXvM1ZJp,2,Dotdotboom,Warlock,Primeval,2456570.0
bdqfKFjLQXvM1ZJp,2,Panes,Paladin,Panes,2495452.0
bdqfKFjLQXvM1ZJp,2,Dotdotboom,Warlock,Panes,62861.0
bdqfKFjLQXvM1ZJp,2,Grapefroot,Hunter,Panes,50506.0
bdqfKFjLQXvM1ZJp,2,Cryonox,DeathKnight,Panes,47373.0
bdqfKFjLQXvM1ZJp,2,Chontosh,Paladin,Panes,46697.0
bdqfKFjLQXvM1ZJp,2,Unnerfable,Paladin,Unnerfable,3409449.0
bdqfKFjLQXvM1ZJp,2,Caelum,Paladin,Unnerfable,1913587.0
bdqfKFjLQXvM1ZJp,2,Averlis,Druid,Unnerfable,1768936.0
bdqfKFjLQXvM1ZJp,2,Mypriiest,Priest,Unnerfable,1647509.0
bdqfKFjLQXvM1ZJp,2,Primeval,Shaman,Unnerfable,1193478.0
bdqfKFjLQXvM1ZJp,2,Dotdotboom,Warlock,Dotdotboom,1918103.0
bdqfKFjLQXvM1ZJp,2,Lìllith,Warlock,Lìllith,2252917.0
bdqfKFjLQXvM1ZJp,2,Meowrawrxo,Druid,Meowrawrxo,391061.0
bdqfKFjLQXvM1ZJp,2,Panes,Paladin,Meowrawrxo,65036.0
bdqfKFjLQXvM1ZJp,2,Unnerfable,Paladin,Meowrawrxo,53526.0
bdqfKFjLQXvM1ZJp,2,Primeval,Shaman,Meowrawrxo,37237.0
bdqfKFjLQXvM1ZJp,2,Sinfxl,Mage,Meowrawrxo,36681.0
bdqfKFjLQXvM1ZJp,2,Grapefroot,Hunter,Grapefroot,1553603.0
bdqfKFjLQXvM1ZJp,2,Mypriiest,Priest,Mypriiest,4552192.0
bdqfKFjLQXvM1ZJp,2,Danzilla,Hunter,Mypriiest,2458022.0
bdqfKFjLQXvM1ZJp,2,Lìllith,Warlock,Mypriiest,2452703.0
bdqfKFjLQXvM1ZJp,2,Siare,Warlock,Mypriiest,2389311.0
bdqfKFjLQXvM1ZJp,2,Grapefroot,Hunter,Mypriiest,2224859.0
bdqfKFjLQXvM1ZJp,2,Sinfxl,Mage,Sinfxl,1870644.0
bdqfKFjLQXvM1ZJp,2,Aurëus,Paladin,Aurëus,1805238.0
bdqfKFjLQXvM1ZJp,2,Danzilla,Hunter,Aurëus,60543.0
bdqfKFjLQXvM1ZJp,2,Lìllith,Warlock,Aurëus,55342.0
bdqfKFjLQXvM1ZJp,2,Greyseer,Hunter,Aurëus,53095.0
bdqfKFjLQXvM1ZJp,2,Siare,Warlock,Aurëus,50210.0
bdqfKFjLQXvM1ZJp,2,Siare,Warlock,Siare,2519992.0
bdqfKFjLQXvM1ZJp,2,Greyseer,Hunter,Greyseer,777058.0
bdqfKFjLQXvM1ZJp,2,Mannarchy,Paladin,Mannarchy,5695579.0
bdqfKFjLQXvM1ZJp,2,Decayed,DeathKnight,Mannarchy,1639887.0
bdqfKFjLQXvM1ZJp,2,Cryonox,DeathKnight,Mannarchy,168320.0
bdqfKFjLQXvM1ZJp,2,Sinfxl,Mage,Mannarchy,157077.0
bdqfKFjLQXvM1ZJp,2,Unnerfable,Paladin,Mannarchy,131227.0
bdqfKFjLQXvM1ZJp,2,Caelum,Paladin,Caelum,2095034.0
bdqfKFjLQXvM1ZJp,2,Averlis,Druid,Caelum,63963.0
bdqfKFjLQXvM1ZJp,2,Lìllith,Warlock,Caelum,54639.0
bdqfKFjLQXvM1ZJp,2,Siare,Warlock,Caelum,50313.0
bdqfKFjLQXvM1ZJp,2,Mypriiest,Priest,Caelum,44938.0
bdqfKFjLQXvM1ZJp,2,Sinfxl,Mage,Chontosh,2685296.0
bdqfKFjLQXvM1ZJp,2,Chontosh,Paladin,Chontosh,2615633.0
bdqfKFjLQXvM1ZJp,2,Mannarchy,Paladin,Chontosh,2168371.0
bdqfKFjLQXvM1ZJp,2,Unnerfable,Paladin,Chontosh,1904099.0
bdqfKFjLQXvM1ZJp,2,Aurëus,Paladin,Chontosh,1883324.0
bdqfKFjLQXvM1ZJp,2,Averlis,Druid,Averlis,1426680.0
bdqfKFjLQXvM1ZJp,2,Caelum,Paladin,Averlis,114340.0
bdqfKFjLQXvM1ZJp,2,Chontosh,Paladin,Averlis,92554.0
bdqfKFjLQXvM1ZJp,2,Mypriiest,Priest,Averlis,85495.0
bdqfKFjLQXvM1ZJp,2,Siare,Warlock,Averlis,64707.0
bdqfKFjLQXvM1ZJp,2,Decayed,DeathKnight,Decayed,7665274.0
bdqfKFjLQXvM1ZJp,2,Cryonox,DeathKnight,Cryonox,1997747.0
bdqfKFjLQXvM1ZJp,2,Spàdes,Warrior,Spàdes,73646.0
bdqfKFjLQXvM1ZJp,2,Danzilla,Hunter,Danzilla,537933.0
bdqfKFjLQXvM1ZJp,2,Panes,Paladin,Danzilla,16949.0
bdqfKFjLQXvM1ZJp,2,Chontosh,Paladin,Danzilla,7490.0
bdqfKFjLQXvM1ZJp,2,Greyseer,Hunter,Danzilla,6992.0
bdqfKFjLQXvM1ZJp,6,Decayed,DeathKnight,Primeval,4928299.0
bdqfKFjLQXvM1ZJp,6,Primeval,Shaman,Primeval,4742144.0
bdqfKFjLQXvM1ZJp,6,Mannarchy,Paladin,Primeval,3841167.0
bdqfKFjLQXvM1ZJp,6,Spàdes,Warrior,Primeval,3317183.0
bdqfKFjLQXvM1ZJp,6,Cryonox,DeathKnight,Primeval,2701512.0
bdqfKFjLQXvM1ZJp,6,Unnerfable,Paladin,Unnerfable,3908594.0
bdqfKFjLQXvM1ZJp,6,Cryonox,DeathKnight,Unnerfable,2299098.0
bdqfKFjLQXvM1ZJp,6,Decayed,DeathKnight,Unnerfable,2069962.0
bdqfKFjLQXvM1ZJp,6,Primeval,Shaman,Unnerfable,2007064.0
bdqfKFjLQXvM1ZJp,6,Mannarchy,Paladin,Unnerfable,1714852.0
bdqfKFjLQXvM1ZJp,6,Panes,Paladin,Panes,471192.0
bdqfKFjLQXvM1ZJp,6,Lìllith,Warlock,Panes,10846.0
bdqfKFjLQXvM1ZJp,6,Decayed,DeathKnight,Panes,10496.0
bdqfKFjLQXvM1ZJp,6,Meowrawrxo,Druid,Panes,10321.0
bdqfKFjLQXvM1ZJp,6,Aurëus,Paladin,Panes,8896.0
bdqfKFjLQXvM1ZJp,6,Dotdotboom,Warlock,Dotdotboom,2067524.0
bdqfKFjLQXvM1ZJp,6,Lìllith,Warlock,Lìllith,2146441.0
bdqfKFjLQXvM1ZJp,6,Meowrawrxo,Druid,Meowrawrxo,1478695.0
bdqfKFjLQXvM1ZJp,6,Decayed,DeathKnight,Meowrawrxo,207014.0
bdqfKFjLQXvM1ZJp,6,Spàdes,Warrior,Meowrawrxo,75220.0
bdqfKFjLQXvM1ZJp,6,Mannarchy,Paladin,Meowrawrxo,32035.0
bdqfKFjLQXvM1ZJp,6,Mypriiest,Priest,Meowrawrxo,30573.0
bdqfKFjLQXvM1ZJp,6,Grapefroot,Hunter,Grapefroot,1617400.0
bdqfKFjLQXvM1ZJp,6,Mypriiest,Priest,Mypriiest,5583115.0
bdqfKFjLQXvM1ZJp,6,Danzilla,Hunter,Mypriiest,3045836.0
bdqfKFjLQXvM1ZJp,6,Grapefroot,Hunter,Mypriiest,2837260.0
bdqfKFjLQXvM1ZJp,6,Lìllith,Warlock,Mypriiest,2834717.0
bdqfKFjLQXvM1ZJp,6,Greyseer,Hunter,Mypriiest,2355845.0
bdqfKFjLQXvM1ZJp,6,Sinfxl,Mage,Sinfxl,618256.0
bdqfKFjLQXvM1ZJp,6,Aurëus,Paladin,Aurëus,1849122.0
bdqfKFjLQXvM1ZJp,6,Chontosh,Paladin,Aurëus,55658.0
bdqfKFjLQXvM1ZJp,6,Spàdes,Warrior,Aurëus,52433.0
bdqfKFjLQXvM1ZJp,6,Lìllith,Warlock,Aurëus,45339.0
bdqfKFjLQXvM1ZJp,6,Siare,Warlock,Aurëus,42809.0
bdqfKFjLQXvM1ZJp,6,Siare,Warlock,Siare,3584894.0
bdqfKFjLQXvM1ZJp,6,Greyseer,Hunter,Greyseer,1045011.0
bdqfKFjLQXvM1ZJp,6,Mannarchy,Paladin,Mannarchy,12670276.0
bdqfKFjLQXvM1ZJp,6,Grapefroot,Hunter,Mannarchy,540201.0
bdqfKFjLQXvM1ZJp,6,Decayed,DeathKnight,Mannarchy,336233.0
bdqfKFjLQXvM1ZJp,6,Spàdes,Warrior,Mannarchy,66727.0
bdqfKFjLQXvM1ZJp,6,Asharia,DemonHunter,Mannarchy,62958.0
bdqfKFjLQXvM1ZJp,6,Caelum,Paladin,Caelum,2561439.0
bdqfKFjLQXvM1ZJp,6,Cryonox,DeathKnight,Caelum,62805.0
bdqfKFjLQXvM1ZJp,6,Aurëus,Paladin,Caelum,60181.0
bdqfKFjLQXvM1ZJp,6,Spàdes,Warrior,Caelum,59812.0
bdqfKFjLQXvM1ZJp,6,Grapefroot,Hunter,Caelum,54050.0
bdqfKFjLQXvM1ZJp,6,Decayed,DeathKnight,Chontosh,5699856.0
bdqfKFjLQXvM1ZJp,6,Mannarchy,Paladin,Chontosh,4418612.0
bdqfKFjLQXvM1ZJp,6,Chontosh,Paladin,Chontosh,3147054.0
bdqfKFjLQXvM1ZJp,6,Greyseer,Hunter,Chontosh,2305423.0
bdqfKFjLQXvM1ZJp,6,Siare,Warlock,Chontosh,1918074.0
bdqfKFjLQXvM1ZJp,6,Asharia,DemonHunter,Asharia,3751932.0
bdqfKFjLQXvM1ZJp,6,Averlis,Druid,Averlis,1116006.0
bdqfKFjLQXvM1ZJp,6,Mypriiest,Priest,Averlis,215022.0
bdqfKFjLQXvM1ZJp,6,Dotdotboom,Warlock,Averlis,153128.0
bdqfKFjLQXvM1ZJp,6,Grapefroot,Hunter,Averlis,147917.0
bdqfKFjLQXvM1ZJp,6,Unnerfable,Paladin,Averlis,139258.0
bdqfKFjLQXvM1ZJp,6,Decayed,DeathKnight,Decayed,8997828.0
bdqfKFjLQXvM1ZJp,6,Cryonox,DeathKnight,Cryonox,3107616.0
bdqfKFjLQXvM1ZJp,6,Spàdes,Warrior,Spàdes,3062109.0
bdqfKFjLQXvM1ZJp,6,Danzilla,Hunter,Danzilla,830438.0
bdqfKFjLQXvM1ZJp,6,Greyseer,Hunter,Danzilla,37894.0
bdqfKFjLQXvM1ZJp,6,Aurëus,Paladin,Danzilla,9009.0
bdqfKFjLQXvM1ZJp,6,Panes,Paladin,Danzilla,6338.0
bdqfKFjLQXvM1ZJp,7,Decayed,DeathKnight,Primeval,5270931.0
bdqfKFjLQXvM1ZJp,7,Primeval,Shaman,Primeval,3562688.0
bdqfKFjLQXvM1ZJp,7,Mannarchy,Paladin,Primeval,3300190.0
bdqfKFjLQXvM1ZJp,7,Panes,Paladin,Primeval,2578968.0
bdqfKFjLQXvM1ZJp,7,Aurëus,Paladin,Primeval,2530124.0
bdqfKFjLQXvM1ZJp,7,Unnerfable,Paladin,Unnerfable,3633054.0
bdqfKFjLQXvM1ZJp,7,Decayed,DeathKnight,Unnerfable,2554073.0
bdqfKFjLQXvM1ZJp,7,Caelum,Paladin,Unnerfable,1998776.0
bdqfKFjLQXvM1ZJp,7,Mannarchy,Paladin,Unnerfable,1970654.0
bdqfKFjLQXvM1ZJp,7,Greyseer,Hunter,Unnerfable,1626607.0
bdqfKFjLQXvM1ZJp,7,Panes,Paladin,Panes,1399699.0
bdqfKFjLQXvM1ZJp,7,Spàdes,Warrior,Panes,80209.0
bdqfKFjLQXvM1ZJp,7,Averlis,Druid,Panes,65878.0
bdqfKFjLQXvM1ZJp,7,Meowrawrxo,Druid,Panes,61071.0
bdqfKFjLQXvM1ZJp,7,Chontosh,Paladin,Panes,54249.0
bdqfKFjLQXvM1ZJp,7,Dotdotboom,Warlock,Dotdotboom,2270428.0
bdqfKFjLQXvM1ZJp,7,Meowrawrxo,Druid,Meowrawrxo,2041859.0
bdqfKFjLQXvM1ZJp,7,Dotdotboom,Warlock,Meowrawrxo,120977.0
bdqfKFjLQXvM1ZJp,7,Decayed,DeathKnight,Meowrawrxo,77578.0
bdqfKFjLQXvM1ZJp,7,Mannarchy,Paladin,Meowrawrxo,68030.0
bdqfKFjLQXvM1ZJp,7,Greyseer,Hunter,Meowrawrxo,60969.0
bdqfKFjLQXvM1ZJp,7,Mypriiest,Priest,Mypriiest,5651073.0
bdqfKFjLQXvM1ZJp,7,Danzilla,Hunter,Mypriiest,2485771.0
bdqfKFjLQXvM1ZJp,7,Averlis,Druid,Mypriiest,2339679.0
bdqfKFjLQXvM1ZJp,7,Aurëus,Paladin,Mypriiest,2315061.0
bdqfKFjLQXvM1ZJp,7,Sinfxl,Mage,Mypriiest,2273225.0
bdqfKFjLQXvM1ZJp,7,Sinfxl,Mage,Sinfxl,1819307.0
bdqfKFjLQXvM1ZJp,7,Caelum,Paladin,Caelum,2106894.0
bdqfKFjLQXvM1ZJp,7,Panes,Paladin,Caelum,56065.0
bdqfKFjLQXvM1ZJp,7,Cryonox,DeathKnight,Caelum,55485.0
bdqfKFjLQXvM1ZJp,7,Meowrawrxo,Druid,Caelum,50689.0
bdqfKFjLQXvM1ZJp,7,Spàdes,Warrior,Caelum,47746.0
bdqfKFjLQXvM1ZJp,7,Averlis,Druid,Averlis,1311124.0
bdqfKFjLQXvM1ZJp,7,Lìllith,Warlock,Averlis,296398.0
bdqfKFjLQXvM1ZJp,7,Aurëus,Paladin,Averlis,203219.0
bdqfKFjLQXvM1ZJp,7,Sinfxl,Mage,Averlis,184388.0
bdqfKFjLQXvM1ZJp,7,Dotdotboom,Warlock,Averlis,166019.0
bdqfKFjLQXvM1ZJp,7,Cryonox,DeathKnight,Cryonox,1300173.0
bdqfKFjLQXvM1ZJp,7,Spàdes,Warrior,Spàdes,1921196.0
bdqfKFjLQXvM1ZJp,7,Lìllith,Warlock,Lìllith,1363887.0
bdqfKFjLQXvM1ZJp,7,Grapefroot,Hunter,Grapefroot,597356.0
bdqfKFjLQXvM1ZJp,7,Aurëus,Paladin,Aurëus,1952272.0
bdqfKFjLQXvM1ZJp,7,Chontosh,Paladin,Aurëus,60597.0
bdqfKFjLQXvM1ZJp,7,Cryonox,DeathKnight,Aurëus,47661.0
bdqfKFjLQXvM1ZJp,7,Unnerfable,Paladin,Aurëus,47466.0
bdqfKFjLQXvM1ZJp,7,Danzilla,Hunter,Aurëus,44614.0
bdqfKFjLQXvM1ZJp,7,Siare,Warlock,Siare,1218193.0
bdqfKFjLQXvM1ZJp,7,Greyseer,Hunter,Greyseer,569083.0
bdqfKFjLQXvM1ZJp,7,Mannarchy,Paladin,Mannarchy,10636648.0
bdqfKFjLQXvM1ZJp,7,Decayed,DeathKnight,Mannarchy,2211733.0
bdqfKFjLQXvM1ZJp,7,Panes,Paladin,Mannarchy,75821.0
bdqfKFjLQXvM1ZJp,7,Spàdes,Warrior,Mannarchy,63478.0
bdqfKFjLQXvM1ZJp,7,Caelum,Paladin,Mannarchy,62935.0
bdqfKFjLQXvM1ZJp,7,Mannarchy,Paladin,Chontosh,4451701.0
bdqfKFjLQXvM1ZJp,7,Decayed,DeathKnight,Chontosh,4078537.0
bdqfKFjLQXvM1ZJp,7,Chontosh,Paladin,Chontosh,3127830.0
bdqfKFjLQXvM1ZJp,7,Meowrawrxo,Druid,Chontosh,2456718.0
bdqfKFjLQXvM1ZJp,7,Primeval,Shaman,Chontosh,2172913.0
bdqfKFjLQXvM1ZJp,7,Asharia,DemonHunter,Asharia,2332133.0
bdqfKFjLQXvM1ZJp,7,Decayed,DeathKnight,Decayed,11758702.0
bdqfKFjLQXvM1ZJp,7,Danzilla,Hunter,Danzilla,155005.0
bdqfKFjLQXvM1ZJp,7,Greyseer,Hunter,Danzilla,20410.0
bdqfKFjLQXvM1ZJp,7,Aurëus,Paladin,Danzilla,11119.0
D6gZPwN8vC1qAXKH,1,Decayed,DeathKnight,Decayed,9402305.0
D6gZPwN8vC1qAXKH,1,Deseral,Evoker,Deseral,409867.0
D6gZPwN8vC1qAXKH,1,Whilton,Druid,Deseral,39623.0
D6gZPwN8vC1qAXKH,1,Soliloquy,Priest,Deseral,38646.0
D6gZPwN8vC1qAXKH,1,Siare,Warlock,Deseral,23032.0
D6gZPwN8vC1qAXKH,1,Dahlela,Priest,Deseral,17788.0
D6gZPwN8vC1qAXKH,1,Maztajake,Druid,Maztajake,319083.0
D6gZPwN8vC1qAXKH,1,Averlis,Druid,Averlis,1067153.0
D6gZPwN8vC1qAXKH,1,Whilton,Druid,Whilton,1100922.0
D6gZPwN8vC1qAXKH,1,Decayed,DeathKnight,Whilton,101372.0
D6gZPwN8vC1qAXKH,1,Maztajake,Druid,Whilton,72676.0
D6gZPwN8vC1qAXKH,1,Dahlela,Priest,Dahlela,1414873.0
D6gZPwN8vC1qAXKH,1,Whilton,Druid,Dahlela,143036.0
D6gZPwN8vC1qAXKH,1,Primeval,Shaman,Dahlela,122213.0
D6gZPwN8vC1qAXKH,1,Siare,Warlock,Dahlela,121929.0
D6gZPwN8vC1qAXKH,1,Dystrophee,DeathKnight,Dahlela,113777.0
D6gZPwN8vC1qAXKH,1,Decayed,DeathKnight,Chontosh,2939123.0
D6gZPwN8vC1qAXKH,1,Chontosh,Paladin,Chontosh,2578992.0
D6gZPwN8vC1qAXKH,1,Maztajake,Druid,Chontosh,2046309.0
D6gZPwN8vC1qAXKH,1,Whilton,Druid,Chontosh,1857778.0
D6gZPwN8vC1qAXKH,1,Tavendar,Paladin,Chontosh,1775560.0
D6gZPwN8vC1qAXKH,1,Mannarchy,Paladin,Mannarchy,5265986.0
D6gZPwN8vC1qAXKH,1,Decayed,DeathKnight,Mannarchy,1498171.0
D6gZPwN8vC1qAXKH,1,Primeval,Shaman,Mannarchy,125110.0
D6gZPwN8vC1qAXKH,1,Averlis,Druid,Mannarchy,113081.0
D6gZPwN8vC1qAXKH,1,Grapefroot,Hunter,Mannarchy,96852.0
D6gZPwN8vC1qAXKH,1,Deseral,Evoker,Tavendar,2833811.0
D6gZPwN8vC1qAXKH,1,Mannarchy,Paladin,Tavendar,1843044.0
D6gZPwN8vC1qAXKH,1,Tavendar,Paladin,Tavendar,1774857.0
D6gZPwN8vC1qAXKH,1,Grapefroot,Hunter,Tavendar,1762902.0
D6gZPwN8vC1qAXKH,1,Chontosh,Paladin,Tavendar,1542395.0
D6gZPwN8vC1qAXKH,1,Dystrophee,DeathKnight,Dystrophee,1139550.0
D6gZPwN8vC1qAXKH,1,Siare,Warlock,Siare,1480125.0
D6gZPwN8vC1qAXKH,1,Ilidank,DemonHunter,Ilidank,3156682.0
D6gZPwN8vC1qAXKH,1,Grapefroot,Hunter,Grapefroot,875480.0
D6gZPwN8vC1qAXKH,1,Averlis,Druid,Primeval,2844737.0
D6gZPwN8vC1qAXKH,1,Decayed,DeathKnight,Primeval,2684431.0
D6gZPwN8vC1qAXKH,1,Primeval,Shaman,Primeval,2658198.0
D6gZPwN8vC1qAXKH,1,Whilton,Druid,Primeval,2523919.0
D6gZPwN8vC1qAXKH,1,Chontosh,Paladin,Primeval,2162943.0
D6gZPwN8vC1qAXKH,1,Soliloquy,Priest,Soliloquy,2415615.0
D6gZPwN8vC1qAXKH,1,Decayed,DeathKnight,Soliloquy,218204.0
D6gZPwN8vC1qAXKH,1,Primeval,Shaman,Soliloquy,178485.0
D6gZPwN8vC1qAXKH,1,Whilton,Druid,Soliloquy,174029.0
D6gZPwN8vC1qAXKH,1,Averlis,Druid,Soliloquy,146091.0
D6gZPwN8vC1qAXKH,3,Decayed,DeathKnight,Decayed,1108713.0
D6gZPwN8vC1qAXKH,3,Chontosh,Paladin,Chontosh,771278.0
D6gZPwN8vC1qAXKH,3,Averlis,Druid,Chontosh,294089.0
D6gZPwN8vC1qAXKH,3,Decayed,DeathKnight,Chontosh,219808.0
D6gZPwN8vC1qAXKH,3,Whilton,Druid,Chontosh,181240.0
D6gZPwN8vC1qAXKH,3,Dahlela,Priest,Chontosh,63202.0
D6gZPwN8vC1qAXKH,3,Mannarchy,Paladin,Mannarchy,133950.0
D6gZPwN8vC1qAXKH,3,Soliloquy,Priest,Tavendar,325203.0
D6gZPwN8vC1qAXKH,3,Tavendar,Paladin,Tavendar,210328.0
D6gZPwN8vC1qAXKH,3,Dystrophee,DeathKnight,Tavendar,167895.0
D6gZPwN8vC1qAXKH,3,Averlis,Druid,Tavendar,157218.0
D6gZPwN8vC1qAXKH,3,Decayed,DeathKnight,Tavendar,138574.0
D6gZPwN8vC1qAXKH,3,Maztajake,Druid,Maztajake,112970.0
D6gZPwN8vC1qAXKH,3,Averlis,Druid,Averlis,237209.0
D6gZPwN8vC1qAXKH,3,Dystrophee,DeathKnight,Dystrophee,6106.0
D6gZPwN8vC1qAXKH,3,Whilton,Druid,Whilton,5615.0
D6gZPwN8vC1qAXKH,3,Siare,Warlock,Siare,123878.0
D6gZPwN8vC1qAXKH,3,Dahlela,Priest,Dahlela,39262.0
D6gZPwN8vC1qAXKH,3,Chontosh,Paladin,Dahlela,6703.0
D6gZPwN8vC1qAXKH,3,Averlis,Druid,Dahlela,4582.0
D6gZPwN8vC1qAXKH,3,Primeval,Shaman,Dahlela,4557.0
D6gZPwN8vC1qAXKH,3,Soliloquy,Priest,Dahlela,4522.0
D6gZPwN8vC1qAXKH,3,Soliloquy,Priest,Primeval,1064451.0
D6gZPwN8vC1qAXKH,3,Averlis,Druid,Primeval,584036.0
D6gZPwN8vC1qAXKH,3,Primeval,Shaman,Primeval,306336.0
D6gZPwN8vC1qAXKH,3,Dahlela,Priest,Primeval,180442.0
D6gZPwN8vC1qAXKH,3,Dystrophee,DeathKnight,Primeval,102117.0
D6gZPwN8vC1qAXKH,3,Soliloquy,Priest,Soliloquy,20621.0
D6gZPwN8vC1qAXKH,4,Decayed,DeathKnight,Decayed,18496878.0
D6gZPwN8vC1qAXKH,4,Deseral,Evoker,Deseral,1370093.0
D6gZPwN8vC1qAXKH,4,Maztajake,Druid,Deseral,187501.0
D6gZPwN8vC1qAXKH,4,Primeval,Shaman,Deseral,95769.0
D6gZPwN8vC1qAXKH,4,Mannarchy,Paladin,Deseral,95640.0
D6gZPwN8vC1qAXKH,4,Tavendar,Paladin,Deseral,87491.0
D6gZPwN8vC1qAXKH,4,Maztajake,Druid,Maztajake,1708806.0
D6gZPwN8vC1qAXKH,4,Dystrophee,DeathKnight,Maztajake,198581.0
D6gZPwN8vC1qAXKH,4,Grapefroot,Hunter,Maztajake,187531.0
D6gZPwN8vC1qAXKH,4,Tavendar,Paladin,Maztajake,174658.0
D6gZPwN8vC1qAXKH,4,Siare,Warlock,Maztajake,161685.0
D6gZPwN8vC1qAXKH,4,Averlis,Druid,Averlis,1568216.0
D6gZPwN8vC1qAXKH,4,Soliloquy,Priest,Averlis,176531.0
D6gZPwN8vC1qAXKH,4,Dahlela,Priest,Averlis,170395.0
D6gZPwN8vC1qAXKH,4,Deseral,Evoker,Averlis,163978.0
D6gZPwN8vC1qAXKH,4,Siare,Warlock,Averlis,72792.0
D6gZPwN8vC1qAXKH,4,Whilton,Druid,Whilton,1296698.0
D6gZPwN8vC1qAXKH,4,Deseral,Evoker,Whilton,400656.0
D6gZPwN8vC1qAXKH,4,Grapefroot,Hunter,Whilton,281512.0
D6gZPwN8vC1qAXKH,4,Dahlela,Priest,Whilton,275655.0
D6gZPwN8vC1qAXKH,4,Chontosh,Paladin,Whilton,255880.0
D6gZPwN8vC1qAXKH,4,Dahlela,Priest,Dahlela,1760080.0
D6gZPwN8vC1qAXKH,4,Chontosh,Paladin,Dahlela,130615.0
D6gZPwN8vC1qAXKH,4,Whilton,Druid,Dahlela,121175.0
D6gZPwN8vC1qAXKH,4,Ilidank,DemonHunter,Dahlela,110298.0
D6gZPwN8vC1qAXKH,4,Averlis,Druid,Dahlela,104882.0
D6gZPwN8vC1qAXKH,4,Maztajake,Druid,Chontosh,4523024.0
D6gZPwN8vC1qAXKH,4,Tavendar,Paladin,Chontosh,4426760.0
D6gZPwN8vC1qAXKH,4,Decayed,DeathKnight,Chontosh,4184478.0
D6gZPwN8vC1qAXKH,4,Deseral,Evoker,Chontosh,4113247.0
D6gZPwN8vC1qAXKH,4,Chontosh,Paladin,Chontosh,3878873.0
D6gZPwN8vC1qAXKH,4,Mannarchy,Paladin,Mannarchy,9379464.0
D6gZPwN8vC1qAXKH,4,Decayed,DeathKnight,Mannarchy,1538773.0
D6gZPwN8vC1qAXKH,4,Grapefroot,Hunter,Mannarchy,425361.0
D6gZPwN8vC1qAXKH,4,Maztajake,Druid,Mannarchy,295976.0
D6gZPwN8vC1qAXKH,4,Averlis,Druid,Mannarchy,255758.0
D6gZPwN8vC1qAXKH,4,Tavendar,Paladin,Tavendar,9657292.0
D6gZPwN8vC1qAXKH,4,Deseral,Evoker,Tavendar,6098137.0
D6gZPwN8vC1qAXKH,4,Siare,Warlock,Tavendar,5178226.0
D6gZPwN8vC1qAXKH,4,Maztajake,Druid,Tavendar,3550851.0
D6gZPwN8vC1qAXKH,4,Dahlela,Priest,Tavendar,3226664.0
D6gZPwN8vC1qAXKH,4,Dystrophee,DeathKnight,Dystrophee,2857998.0
D6gZPwN8vC1qAXKH,4,Siare,Warlock,Siare,3569129.0
D6gZPwN8vC1qAXKH,4,Ilidank,DemonHunter,Ilidank,6497258.0
D6gZPwN8vC1qAXKH,4,Siare,Warlock,Ilidank,62166.0
D6gZPwN8vC1qAXKH,4,Dystrophee,DeathKnight,Ilidank,18029.0
D6gZPwN8vC1qAXKH,4,Tavendar,Paladin,Ilidank,13174.0
D6gZPwN8vC1qAXKH,4,Chontosh,Paladin,Ilidank,6588.0
D6gZPwN8vC1qAXKH,4,Grapefroot,Hunter,Grapefroot,2208087.0
D6gZPwN8vC1qAXKH,4,Primeval,Shaman,Primeval,11575542.0
D6gZPwN8vC1qAXKH,4,Dystrophee,DeathKnight,Primeval,6659641.0
D6gZPwN8vC1qAXKH,4,Averlis,Druid,Primeval,6433933.0
D6gZPwN8vC1qAXKH,4,Maztajake,Druid,Primeval,5883082.0
D6gZPwN8vC1qAXKH,4,Tavendar,Paladin,Primeval,5824130.0
D6gZPwN8vC1qAXKH,4,Soliloquy,Priest,Soliloquy,4558667.0
D6gZPwN8vC1qAXKH,4,Chontosh,Paladin,Soliloquy,263440.0
D6gZPwN8vC1qAXKH,4,Whilton,Druid,Soliloquy,190167.0
D6gZPwN8vC1qAXKH,4,Grapefroot,Hunter,Soliloquy,186220.0
D6gZPwN8vC1qAXKH,4,Maztajake,Druid,Soliloquy,175071.0
D6gZPwN8vC1qAXKH,5,Sinfxl,Mage,Sinfxl,2016894.0
D6gZPwN8vC1qAXKH,5,Decayed,DeathKnight,Decayed,13268464.0
D6gZPwN8vC1qAXKH,5,Deseral,Evoker,Deseral,966221.0
D6gZPwN8vC1qAXKH,5,Mannarchy,Paladin,Deseral,65028.0
D6gZPwN8vC1qAXKH,5,Dystrophee,DeathKnight,Deseral,62993.0
D6gZPwN8vC1qAXKH,5,Dahlela,Priest,Deseral,56762.0
D6gZPwN8vC1qAXKH,5,Grapefroot,Hunter,Deseral,54159.0
D6gZPwN8vC1qAXKH,5,Maztajake,Druid,Maztajake,674050.0
D6gZPwN8vC1qAXKH,5,Averlis,Druid,Averlis,998609.0
D6gZPwN8vC1qAXKH,5,Whilton,Druid,Whilton,270904.0
D6gZPwN8vC1qAXKH,5,Tavendar,Paladin,Whilton,71100.0
D6gZPwN8vC1qAXKH,5,Sinfxl,Mage,Whilton,22631.0
D6gZPwN8vC1qAXKH,5,Soliloquy,Priest,Whilton,9125.0
D6gZPwN8vC1qAXKH,5,Grapefroot,Hunter,Whilton,3808.0
D6gZPwN8vC1qAXKH,5,Dahlela,Priest,Dahlela,3480572.0
D6gZPwN8vC1qAXKH,5,Averlis,Druid,Dahlela,180172.0
D6gZPwN8vC1qAXKH,5,Grapefroot,Hunter,Dahlela,173900.0
D6gZPwN8vC1qAXKH,5,Maztajake,Druid,Dahlela,166267.0
D6gZPwN8vC1qAXKH,5,Sinfxl,Mage,Dahlela,165378.0
D6gZPwN8vC1qAXKH,5,Chontosh,Paladin,Chontosh,5499854.0
D6gZPwN8vC1qAXKH,5,Decayed,DeathKnight,Chontosh,5235088.0
D6gZPwN8vC1qAXKH,5,Grapefroot,Hunter,Chontosh,4617683.0
D6gZPwN8vC1qAXKH,5,Mannarchy,Paladin,Chontosh,4302894.0
D6gZPwN8vC1qAXKH,5,Soliloquy,Priest,Chontosh,4267895.0
D6gZPwN8vC1qAXKH,5,Mannarchy,Paladin,Mannarchy,8009656.0
D6gZPwN8vC1qAXKH,5,Decayed,DeathKnight,Mannarchy,1005064.0
D6gZPwN8vC1qAXKH,5,Grapefroot,Hunter,Mannarchy,979272.0
D6gZPwN8vC1qAXKH,5,Averlis,Druid,Mannarchy,189846.0
D6gZPwN8vC1qAXKH,5,Primeval,Shaman,Mannarchy,169235.0
D6gZPwN8vC1qAXKH,5,Tavendar,Paladin,Tavendar,4380418.0
D6gZPwN8vC1qAXKH,5,Deseral,Evoker,Tavendar,4191025.0
D6gZPwN8vC1qAXKH,5,Siare,Warlock,Tavendar,3672375.0
D6gZPwN8vC1qAXKH,5,Dahlela,Priest,Tavendar,2983366.0
D6gZPwN8vC1qAXKH,5,Sinfxl,Mage,Tavendar,2955793.0
D6gZPwN8vC1qAXKH,5,Dystrophee,DeathKnight,Dystrophee,1512625.0
D6gZPwN8vC1qAXKH,5,Siare,Warlock,Siare,1718057.0
D6gZPwN8vC1qAXKH,5,Ilidank,DemonHunter,Ilidank,4311135.0
D6gZPwN8vC1qAXKH,5,Tavendar,Paladin,Ilidank,19761.0
D6gZPwN8vC1qAXKH,5,Sinfxl,Mage,Ilidank,13176.0
D6gZPwN8vC1qAXKH,5,Maztajake,Druid,Ilidank,12332.0
D6gZPwN8vC1qAXKH,5,Mannarchy,Paladin,Ilidank,6587.0
D6gZPwN8vC1qAXKH,5,Grapefroot,Hunter,Grapefroot,1763599.0
D6gZPwN8vC1qAXKH,5,Primeval,Shaman,Primeval,7252972.0
D6gZPwN8vC1qAXKH,5,Grapefroot,Hunter,Primeval,5457049.0
D6gZPwN8vC1qAXKH,5,Maztajake,Druid,Primeval,4164889.0
D6gZPwN8vC1qAXKH,5,Sinfxl,Mage,Primeval,4149757.0
D6gZPwN8vC1qAXKH,5,Averlis,Druid,Primeval,4069690.0
D6gZPwN8vC1qAXKH,5,Soliloquy,Priest,Soliloquy,5238481.0
D6gZPwN8vC1qAXKH,5,Maztajake,Druid,Soliloquy,275335.0
D6gZPwN8vC1qAXKH,5,Sinfxl,Mage,Soliloquy,245720.0
D6gZPwN8vC1qAXKH,5,Averlis,Druid,Soliloquy,227382.0
D6gZPwN8vC1qAXKH,5,Grapefroot,Hunter,Soliloquy,224813.0
D6gZPwN8vC1qAXKH,9,Sinfxl,Mage,Sinfxl,2035925.0
D6gZPwN8vC1qAXKH,9,Decayed,DeathKnight,Decayed,7300374.0
D6gZPwN8vC1qAXKH,9,Deseral,Evoker,Deseral,1090914.0
D6gZPwN8vC1qAXKH,9,Primeval,Shaman,Deseral,95866.0
D6gZPwN8vC1qAXKH,9,Averlis,Druid,Deseral,64473.0
D6gZPwN8vC1qAXKH,9,Siare,Warlock,Deseral,63397.0
D6gZPwN8vC1qAXKH,9,Chontosh,Paladin,Deseral,50282.0
D6gZPwN8vC1qAXKH,9,Maztajake,Druid,Maztajake,616976.0
D6gZPwN8vC1qAXKH,9,Averlis,Druid,Averlis,624318.0
D6gZPwN8vC1qAXKH,9,Whilton,Druid,Whilton,1435918.0
D6gZPwN8vC1qAXKH,9,Grapefroot,Hunter,Whilton,193435.0
D6gZPwN8vC1qAXKH,9,Sinfxl,Mage,Whilton,162961.0
D6gZPwN8vC1qAXKH,9,Ilidank,DemonHunter,Whilton,127145.0
D6gZPwN8vC1qAXKH,9,Dahlela,Priest,Whilton,111222.0
D6gZPwN8vC1qAXKH,9,Dahlela,Priest,Dahlela,1765901.0
D6gZPwN8vC1qAXKH,9,Averlis,Druid,Dahlela,40268.0
D6gZPwN8vC1qAXKH,9,Sinfxl,Mage,Dahlela,28616.0
D6gZPwN8vC1qAXKH,9,Whilton,Druid,Dahlela,22931.0
D6gZPwN8vC1qAXKH,9,Siare,Warlock,Dahlela,20926.0
D6gZPwN8vC1qAXKH,9,Chontosh,Paladin,Chontosh,4219031.0
D6gZPwN8vC1qAXKH,9,Soliloquy,Priest,Chontosh,3316363.0
D6gZPwN8vC1qAXKH,9,Sinfxl,Mage,Chontosh,2478430.0
D6gZPwN8vC1qAXKH,9,Whilton,Druid,Chontosh,2432981.0
D6gZPwN8vC1qAXKH,9,Siare,Warlock,Chontosh,2419749.0
D6gZPwN8vC1qAXKH,9,Mannarchy,Paladin,Mannarchy,3274923.0
D6gZPwN8vC1qAXKH,9,Decayed,DeathKnight,Mannarchy,978566.0
D6gZPwN8vC1qAXKH,9,Whilton,Druid,Mannarchy,293293.0
D6gZPwN8vC1qAXKH,9,Dahlela,Priest,Mannarchy,97087.0
D6gZPwN8vC1qAXKH,9,Deseral,Evoker,Mannarchy,49055.0
D6gZPwN8vC1qAXKH,9,Tavendar,Paladin,Tavendar,4188328.0
D6gZPwN8vC1qAXKH,9,Siare,Warlock,Tavendar,2136368.0
D6gZPwN8vC1qAXKH,9,Whilton,Druid,Tavendar,1728030.0
D6gZPwN8vC1qAXKH,9,Maztajake,Druid,Tavendar,1707259.0
D6gZPwN8vC1qAXKH,9,Deseral,Evoker,Tavendar,1630521.0
D6gZPwN8vC1qAXKH,9,Dystrophee,DeathKnight,Dystrophee,991517.0
D6gZPwN8vC1qAXKH,9,Siare,Warlock,Siare,1957310.0
D6gZPwN8vC1qAXKH,9,Ilidank,DemonHunter,Ilidank,3821826.0
D6gZPwN8vC1qAXKH,9,Deseral,Evoker,Ilidank,13174.0
D6gZPwN8vC1qAXKH,9,Decayed,DeathKnight,Ilidank,6588.0
D6gZPwN8vC1qAXKH,9,Dahlela,Priest,Ilidank,6587.0
D6gZPwN8vC1qAXKH,9,Siare,Warlock,Ilidank,6258.0
D6gZPwN8vC1qAXKH,9,Grapefroot,Hunter,Grapefroot,957476.0
D6gZPwN8vC1qAXKH,9,Primeval,Shaman,Primeval,4044991.0
D6gZPwN8vC1qAXKH,9,Averlis,Druid,Primeval,3194113.0
D6gZPwN8vC1qAXKH,9,Soliloquy,Priest,Primeval,2442556.0
D6gZPwN8vC1qAXKH,9,Whilton,Druid,Primeval,2420575.0
D6gZPwN8vC1qAXKH,9,Deseral,Evoker,Primeval,2259552.0
D6gZPwN8vC1qAXKH,9,Soliloquy,Priest,Soliloquy,1668569.0
D6gZPwN8vC1qAXKH,9,Whilton,Druid,Soliloquy,110249.0
D6gZPwN8vC1qAXKH,9,Mannarchy,Paladin,Soliloquy,62450.0
D6gZPwN8vC1qAXKH,9,Dystrophee,DeathKnight,Soliloquy,59639.0
D6gZPwN8vC1qAXKH,9,Dahlela,Priest,Soliloquy,59222.0
DVPfBvHpYFwytd2G,10,Siare,Warlock,Siare,1705596.0
DVPfBvHpYFwytd2G,10,Aurëus,Paladin,Aurëus,1794046.0
DVPfBvHpYFwytd2G,10,Chontosh,Paladin,Aurëus,44052.0
DVPfBvHpYFwytd2G,10,Panes,Paladin,Aurëus,41849.0
DVPfBvHpYFwytd2G,10,Claye,Shaman,Aurëus,41432.0
DVPfBvHpYFwytd2G,10,Dystrophee,DeathKnight,Aurëus,36123.0
DVPfBvHpYFwytd2G,10,Monfro,Hunter,Monfro,711889.0
DVPfBvHpYFwytd2G,10,Dystrophee,DeathKnight,Monfro,19571.0
DVPfBvHpYFwytd2G,10,Chontosh,Paladin,Chontosh,2652872.0
DVPfBvHpYFwytd2G,10,Aurëus,Paladin,Chontosh,1500776.0
DVPfBvHpYFwytd2G,10,Decayed,DeathKnight,Chontosh,1284899.0
DVPfBvHpYFwytd2G,10,Panes,Paladin,Chontosh,1172027.0
DVPfBvHpYFwytd2G,10,Meowrawrxo,Druid,Chontosh,948841.0
DVPfBvHpYFwytd2G,10,Greyseer,Hunter,Greyseer,400067.0
DVPfBvHpYFwytd2G,10,Whilton,Druid,Greyseer,8481.0
DVPfBvHpYFwytd2G,10,Panes,Paladin,Greyseer,7264.0
DVPfBvHpYFwytd2G,10,Averlis,Druid,Averlis,920940.0
DVPfBvHpYFwytd2G,10,Siare,Warlock,Averlis,198832.0
DVPfBvHpYFwytd2G,10,Lìllith,Warlock,Averlis,175747.0
DVPfBvHpYFwytd2G,10,Mannarchy,Paladin,Averlis,172590.0
DVPfBvHpYFwytd2G,10,Monfro,Hunter,Averlis,154509.0
DVPfBvHpYFwytd2G,10,Primeval,Shaman,Primeval,6065992.0
DVPfBvHpYFwytd2G,10,Dystrophee,DeathKnight,Primeval,2368927.0
DVPfBvHpYFwytd2G,10,Monfro,Hunter,Primeval,2359107.0
DVPfBvHpYFwytd2G,10,Viserion,Evoker,Primeval,2330564.0
DVPfBvHpYFwytd2G,10,Averlis,Druid,Primeval,2170134.0
DVPfBvHpYFwytd2G,10,Ilidank,DemonHunter,Ilidank,2280932.0
DVPfBvHpYFwytd2G,10,Averlis,Druid,Ilidank,6789.0
DVPfBvHpYFwytd2G,10,Synkro,Monk,Ilidank,6789.0
DVPfBvHpYFwytd2G,10,Siare,Warlock,Ilidank,6528.0
DVPfBvHpYFwytd2G,10,Aurëus,Paladin,Ilidank,6528.0
DVPfBvHpYFwytd2G,10,Synkro,Monk,Synkro,6692542.0
DVPfBvHpYFwytd2G,10,Viserion,Evoker,Synkro,476495.0
DVPfBvHpYFwytd2G,10,Monfro,Hunter,Synkro,450357.0
DVPfBvHpYFwytd2G,10,Dystrophee,DeathKnight,Synkro,377270.0
DVPfBvHpYFwytd2G,10,Ilidank,DemonHunter,Synkro,163857.0
DVPfBvHpYFwytd2G,10,Soliloquy,Priest,Soliloquy,3645269.0
DVPfBvHpYFwytd2G,10,Monfro,Hunter,Soliloquy,1597915.0
DVPfBvHpYFwytd2G,10,Averlis,Druid,Soliloquy,1524028.0
DVPfBvHpYFwytd2G,10,Lìllith,Warlock,Soliloquy,1342724.0
DVPfBvHpYFwytd2G,10,Siare,Warlock,Soliloquy,1137635.0
DVPfBvHpYFwytd2G,10,Claye,Shaman,Claye,3858473.0
DVPfBvHpYFwytd2G,10,Decayed,DeathKnight,Claye,1266879.0
DVPfBvHpYFwytd2G,10,Aurëus,Paladin,Claye,1234366.0
DVPfBvHpYFwytd2G,10,Mannarchy,Paladin,Claye,1206004.0
DVPfBvHpYFwytd2G,10,Whilton,Druid,Claye,1037932.0
DVPfBvHpYFwytd2G,10,Whilton,Druid,Whilton,750204.0
DVPfBvHpYFwytd2G,10,Mannarchy,Paladin,Whilton,30336.0
DVPfBvHpYFwytd2G,10,Synkro,Monk,Whilton,5082.0
DVPfBvHpYFwytd2G,10,Claye,Shaman,Whilton,4221.0
DVPfBvHpYFwytd2G,10,Chontosh,Paladin,Whilton,3589.0
DVPfBvHpYFwytd2G,10,Dystrophee,DeathKnight,Dystrophee,1781603.0
DVPfBvHpYFwytd2G,10,Viserion,Evoker,Viserion,940781.0
DVPfBvHpYFwytd2G,10,Dystrophee,DeathKnight,Viserion,313224.0
DVPfBvHpYFwytd2G,10,Averlis,Druid,Viserion,249086.0
DVPfBvHpYFwytd2G,10,Ilidank,DemonHunter,Viserion,129778.0
DVPfBvHpYFwytd2G,10,Synkro,Monk,Viserion,129134.0
DVPfBvHpYFwytd2G,10,Panes,Paladin,Panes,1322784.0
DVPfBvHpYFwytd2G,10,Aurëus,Paladin,Panes,36160.0
DVPfBvHpYFwytd2G,10,Mannarchy,Paladin,Panes,33042.0
DVPfBvHpYFwytd2G,10,Dystrophee,DeathKnight,Panes,27087.0
DVPfBvHpYFwytd2G,10,Whilton,Druid,Panes,24832.0
DVPfBvHpYFwytd2G,10,Meowrawrxo,Druid,Meowrawrxo,691384.0
DVPfBvHpYFwytd2G,10,Whilton,Druid,Meowrawrxo,98564.0
DVPfBvHpYFwytd2G,10,Mannarchy,Paladin,Meowrawrxo,79619.0
DVPfBvHpYFwytd2G,10,Primeval,Shaman,Meowrawrxo,76958.0
DVPfBvHpYFwytd2G,10,Panes,Paladin,Meowrawrxo,65359.0
DVPfBvHpYFwytd2G,10,Lìllith,Warlock,Lìllith,1512244.0
DVPfBvHpYFwytd2G,10,Synkro,Monk,Lìllith,13582.0
DVPfBvHpYFwytd2G,10,Siare,Warlock,Lìllith,6528.0
DVPfBvHpYFwytd2G,10,Mannarchy,Paladin,Mannarchy,955699.0
DVPfBvHpYFwytd2G,10,Decayed,DeathKnight,Mannarchy,9880.0
DVPfBvHpYFwytd2G,10,Panes,Paladin,Mannarchy,7238.0
DVPfBvHpYFwytd2G,10,Aurëus,Paladin,Mannarchy,3619.0
DVPfBvHpYFwytd2G,10,Decayed,DeathKnight,Decayed,6631272.0
DVPfBvHpYFwytd2G,11,Siare,Warlock,Siare,529902.0
DVPfBvHpYFwytd2G,11,Aurëus,Paladin,Aurëus,1809141.0
DVPfBvHpYFwytd2G,11,Chontosh,Paladin,Aurëus,44400.0
DVPfBvHpYFwytd2G,11,Ilidank,DemonHunter,Aurëus,41019.0
DVPfBvHpYFwytd2G,11,Meowrawrxo,Druid,Aurëus,39751.0
DVPfBvHpYFwytd2G,11,Claye,Shaman,Aurëus,35609.0
DVPfBvHpYFwytd2G,11,Monfro,Hunter,Monfro,364232.0
DVPfBvHpYFwytd2G,11,Viserion,Evoker,Monfro,6524.0
DVPfBvHpYFwytd2G,11,Chontosh,Paladin,Chontosh,2356895.0
DVPfBvHpYFwytd2G,11,Aurëus,Paladin,Chontosh,1921572.0
DVPfBvHpYFwytd2G,11,Panes,Paladin,Chontosh,1531554.0
DVPfBvHpYFwytd2G,11,Primeval,Shaman,Chontosh,1068030.0
DVPfBvHpYFwytd2G,11,Monfro,Hunter,Chontosh,991544.0
DVPfBvHpYFwytd2G,11,Greyseer,Hunter,Greyseer,24332.0
DVPfBvHpYFwytd2G,11,Mannarchy,Paladin,Greyseer,8699.0
DVPfBvHpYFwytd2G,11,Averlis,Druid,Averlis,465135.0
DVPfBvHpYFwytd2G,11,Ilidank,DemonHunter,Ilidank,2131851.0
DVPfBvHpYFwytd2G,11,Decayed,DeathKnight,Ilidank,19583.0
DVPfBvHpYFwytd2G,11,Claye,Shaman,Ilidank,6527.0
DVPfBvHpYFwytd2G,11,Primeval,Shaman,Primeval,2706200.0
DVPfBvHpYFwytd2G,11,Dystrophee,DeathKnight,Primeval,2142763.0
DVPfBvHpYFwytd2G,11,Siare,Warlock,Primeval,1950514.0
DVPfBvHpYFwytd2G,11,Monfro,Hunter,Primeval,1850926.0
DVPfBvHpYFwytd2G,11,Synkro,Monk,Primeval,1499717.0
DVPfBvHpYFwytd2G,11,Synkro,Monk,Synkro,4793033.0
DVPfBvHpYFwytd2G,11,Primeval,Shaman,Synkro,462362.0
DVPfBvHpYFwytd2G,11,Dystrophee,DeathKnight,Synkro,351471.0
DVPfBvHpYFwytd2G,11,Monfro,Hunter,Synkro,253153.0
DVPfBvHpYFwytd2G,11,Averlis,Druid,Synkro,196670.0
DVPfBvHpYFwytd2G,11,Soliloquy,Priest,Soliloquy,2553008.0
DVPfBvHpYFwytd2G,11,Siare,Warlock,Soliloquy,1121693.0
DVPfBvHpYFwytd2G,11,Panes,Paladin,Soliloquy,867008.0
DVPfBvHpYFwytd2G,11,Monfro,Hunter,Soliloquy,863177.0
DVPfBvHpYFwytd2G,11,Averlis,Druid,Soliloquy,806121.0
DVPfBvHpYFwytd2G,11,Claye,Shaman,Claye,2919341.0
DVPfBvHpYFwytd2G,11,Decayed,DeathKnight,Claye,1643938.0
DVPfBvHpYFwytd2G,11,Aurëus,Paladin,Claye,1267323.0
DVPfBvHpYFwytd2G,11,Whilton,Druid,Claye,1008380.0
DVPfBvHpYFwytd2G,11,Mannarchy,Paladin,Claye,994654.0
DVPfBvHpYFwytd2G,11,Whilton,Druid,Whilton,674890.0
DVPfBvHpYFwytd2G,11,Meowrawrxo,Druid,Whilton,8972.0
DVPfBvHpYFwytd2G,11,Aurëus,Paladin,Whilton,6411.0
DVPfBvHpYFwytd2G,11,Ilidank,DemonHunter,Whilton,5137.0
DVPfBvHpYFwytd2G,11,Claye,Shaman,Whilton,4290.0
DVPfBvHpYFwytd2G,11,Dystrophee,DeathKnight,Dystrophee,514880.0
DVPfBvHpYFwytd2G,11,Viserion,Evoker,Viserion,1334367.0
DVPfBvHpYFwytd2G,11,Aurëus,Paladin,Viserion,186410.0
DVPfBvHpYFwytd2G,11,Mannarchy,Paladin,Viserion,178850.0
DVPfBvHpYFwytd2G,11,Meowrawrxo,Druid,Viserion,135471.0
DVPfBvHpYFwytd2G,11,Siare,Warlock,Viserion,127378.0
DVPfBvHpYFwytd2G,11,Panes,Paladin,Panes,829180.0
DVPfBvHpYFwytd2G,11,Soliloquy,Priest,Panes,33833.0
DVPfBvHpYFwytd2G,11,Aurëus,Paladin,Panes,28841.0
DVPfBvHpYFwytd2G,11,Siare,Warlock,Panes,24849.0
DVPfBvHpYFwytd2G,11,Claye,Shaman,Panes,24183.0
DVPfBvHpYFwytd2G,11,Meowrawrxo,Druid,Meowrawrxo,1494640.0
DVPfBvHpYFwytd2G,11,Mannarchy,Paladin,Meowrawrxo,119729.0
DVPfBvHpYFwytd2G,11,Siare,Warlock,Meowrawrxo,90025.0
DVPfBvHpYFwytd2G,11,Claye,Shaman,Meowrawrxo,88432.0
DVPfBvHpYFwytd2G,11,Ilidank,DemonHunter,Meowrawrxo,81109.0
DVPfBvHpYFwytd2G,11,Lìllith,Warlock,Lìllith,636916.0
DVPfBvHpYFwytd2G,11,Monfro,Hunter,Lìllith,6529.0
DVPfBvHpYFwytd2G,11,Mannarchy,Paladin,Mannarchy,938512.0
DVPfBvHpYFwytd2G,11,Decayed,DeathKnight,Mannarchy,9388.0
DVPfBvHpYFwytd2G,11,Meowrawrxo,Druid,Mannarchy,3719.0
DVPfBvHpYFwytd2G,11,Aurëus,Paladin,Mannarchy,3439.0
DVPfBvHpYFwytd2G,11,Ilidank,DemonHunter,Mannarchy,3439.0
DVPfBvHpYFwytd2G,11,Decayed,DeathKnight,Decayed,5542581.0
DVPfBvHpYFwytd2G,12,Siare,Warlock,Siare,1322670.0
DVPfBvHpYFwytd2G,12,Aurëus,Paladin,Aurëus,1935335.0
DVPfBvHpYFwytd2G,12,Whilton,Druid,Aurëus,64349.0
DVPfBvHpYFwytd2G,12,Panes,Paladin,Aurëus,60423.0
DVPfBvHpYFwytd2G,12,Chontosh,Paladin,Aurëus,55003.0
DVPfBvHpYFwytd2G,12,Mannarchy,Paladin,Aurëus,51803.0
DVPfBvHpYFwytd2G,12,Monfro,Hunter,Monfro,499192.0
DVPfBvHpYFwytd2G,12,Chontosh,Paladin,Chontosh,3469342.0
DVPfBvHpYFwytd2G,12,Aurëus,Paladin,Chontosh,2619688.0
DVPfBvHpYFwytd2G,12,Whilton,Druid,Chontosh,2301279.0
DVPfBvHpYFwytd2G,12,Greyseer,Hunter,Chontosh,2277854.0
DVPfBvHpYFwytd2G,12,Meowrawrxo,Druid,Chontosh,2117629.0
DVPfBvHpYFwytd2G,12,Greyseer,Hunter,Greyseer,276003.0
DVPfBvHpYFwytd2G,12,Whilton,Druid,Greyseer,8043.0
DVPfBvHpYFwytd2G,12,Panes,Paladin,Greyseer,7119.0
DVPfBvHpYFwytd2G,12,Averlis,Druid,Averlis,782978.0
DVPfBvHpYFwytd2G,12,Primeval,Shaman,Primeval,3019975.0
DVPfBvHpYFwytd2G,12,Viserion,Evoker,Primeval,2087347.0
DVPfBvHpYFwytd2G,12,Synkro,Monk,Primeval,2046408.0
DVPfBvHpYFwytd2G,12,Lìllith,Warlock,Primeval,1809931.0
DVPfBvHpYFwytd2G,12,Averlis,Druid,Primeval,1639142.0
DVPfBvHpYFwytd2G,12,Ilidank,DemonHunter,Ilidank,1163525.0
DVPfBvHpYFwytd2G,12,Monfro,Hunter,Ilidank,13056.0
DVPfBvHpYFwytd2G,12,Synkro,Monk,Ilidank,6791.0
DVPfBvHpYFwytd2G,12,Averlis,Druid,Ilidank,6789.0
DVPfBvHpYFwytd2G,12,Synkro,Monk,Synkro,6181066.0
DVPfBvHpYFwytd2G,12,Dystrophee,DeathKnight,Synkro,544200.0
DVPfBvHpYFwytd2G,12,Lìllith,Warlock,Synkro,374123.0
DVPfBvHpYFwytd2G,12,Monfro,Hunter,Synkro,326685.0
DVPfBvHpYFwytd2G,12,Viserion,Evoker,Synkro,227322.0
DVPfBvHpYFwytd2G,12,Soliloquy,Priest,Soliloquy,3097198.0
DVPfBvHpYFwytd2G,12,Monfro,Hunter,Soliloquy,1329260.0
DVPfBvHpYFwytd2G,12,Primeval,Shaman,Soliloquy,1303681.0
DVPfBvHpYFwytd2G,12,Averlis,Druid,Soliloquy,1255391.0
DVPfBvHpYFwytd2G,12,Siare,Warlock,Soliloquy,1204522.0
DVPfBvHpYFwytd2G,12,Claye,Shaman,Claye,3772410.0
DVPfBvHpYFwytd2G,12,Greyseer,Hunter,Claye,1767280.0
DVPfBvHpYFwytd2G,12,Dystrophee,DeathKnight,Claye,1620839.0
DVPfBvHpYFwytd2G,12,Mannarchy,Paladin,Claye,1533673.0
DVPfBvHpYFwytd2G,12,Decayed,DeathKnight,Claye,1272723.0
DVPfBvHpYFwytd2G,12,Whilton,Druid,Whilton,1050318.0
DVPfBvHpYFwytd2G,12,Dystrophee,DeathKnight,Whilton,161306.0
DVPfBvHpYFwytd2G,12,Mannarchy,Paladin,Whilton,73098.0
DVPfBvHpYFwytd2G,12,Panes,Paladin,Whilton,63859.0
DVPfBvHpYFwytd2G,12,Aurëus,Paladin,Whilton,55353.0
DVPfBvHpYFwytd2G,12,Dystrophee,DeathKnight,Dystrophee,919686.0
DVPfBvHpYFwytd2G,12,Viserion,Evoker,Viserion,693875.0
DVPfBvHpYFwytd2G,12,Averlis,Druid,Viserion,181681.0
DVPfBvHpYFwytd2G,12,Monfro,Hunter,Viserion,116667.0
DVPfBvHpYFwytd2G,12,Lìllith,Warlock,Viserion,99022.0
DVPfBvHpYFwytd2G,12,Siare,Warlock,Viserion,94393.0
DVPfBvHpYFwytd2G,12,Panes,Paladin,Panes,1218765.0
DVPfBvHpYFwytd2G,12,Chontosh,Paladin,Panes,44261.0
DVPfBvHpYFwytd2G,12,Whilton,Druid,Panes,44242.0
DVPfBvHpYFwytd2G,12,Aurëus,Paladin,Panes,41294.0
DVPfBvHpYFwytd2G,12,Mannarchy,Paladin,Panes,35085.0
DVPfBvHpYFwytd2G,12,Meowrawrxo,Druid,Meowrawrxo,1190404.0
DVPfBvHpYFwytd2G,12,Monfro,Hunter,Meowrawrxo,211266.0
DVPfBvHpYFwytd2G,12,Panes,Paladin,Meowrawrxo,192482.0
DVPfBvHpYFwytd2G,12,Decayed,DeathKnight,Meowrawrxo,91935.0
DVPfBvHpYFwytd2G,12,Dystrophee,DeathKnight,Meowrawrxo,72980.0
DVPfBvHpYFwytd2G,12,Lìllith,Warlock,Lìllith,1030924.0
DVPfBvHpYFwytd2G,12,Viserion,Evoker,Lìllith,19587.0
DVPfBvHpYFwytd2G,12,Mannarchy,Paladin,Mannarchy,1571031.0
DVPfBvHpYFwytd2G,12,Panes,Paladin,Mannarchy,17674.0
DVPfBvHpYFwytd2G,12,Aurëus,Paladin,Mannarchy,7166.0
DVPfBvHpYFwytd2G,12,Claye,Shaman,Mannarchy,7126.0
DVPfBvHpYFwytd2G,12,Dystrophee,DeathKnight,Mannarchy,6946.0
DVPfBvHpYFwytd2G,12,Decayed,DeathKnight,Decayed,7525160.0
DVPfBvHpYFwytd2G,13,Aurëus,Paladin,Aurëus,244941.0
DVPfBvHpYFwytd2G,13,Monfro,Hunter,Monfro,146.0
DVPfBvHpYFwytd2G,13,Chontosh,Paladin,Claye,59519.0
DVPfBvHpYFwytd2G,13,Dystrophee,DeathKnight,Claye,50492.0
DVPfBvHpYFwytd2G,13,Claye,Shaman,Claye,45962.0
DVPfBvHpYFwytd2G,13,Chontosh,Paladin,Chontosh,137198.0
DVPfBvHpYFwytd2G,13,Monfro,Hunter,Chontosh,1698.0
DVPfBvHpYFwytd2G,13,Soliloquy,Priest,Chontosh,1698.0
DVPfBvHpYFwytd2G,13,Claye,Shaman,Chontosh,1698.0
DVPfBvHpYFwytd2G,13,Dystrophee,DeathKnight,Chontosh,1698.0
DVPfBvHpYFwytd2G,1,Siare,Warlock,Siare,1133535.0
DVPfBvHpYFwytd2G,1,Panes,Paladin,Panes,905875.0
DVPfBvHpYFwytd2G,1,Aurëus,Paladin,Panes,24782.0
DVPfBvHpYFwytd2G,1,Dystrophee,DeathKnight,Panes,23872.0
DVPfBvHpYFwytd2G,1,Synkro,Monk,Panes,23008.0
DVPfBvHpYFwytd2G,1,Mannarchy,Paladin,Panes,18636.0
DVPfBvHpYFwytd2G,1,Aurëus,Paladin,Aurëus,1005958.0
DVPfBvHpYFwytd2G,1,Panes,Paladin,Aurëus,44766.0
DVPfBvHpYFwytd2G,1,Synkro,Monk,Aurëus,34400.0
DVPfBvHpYFwytd2G,1,Viserion,Evoker,Aurëus,33477.0
DVPfBvHpYFwytd2G,1,Meowrawrxo,Druid,Aurëus,33139.0
DVPfBvHpYFwytd2G,1,Monfro,Hunter,Monfro,80230.0
DVPfBvHpYFwytd2G,1,Mannarchy,Paladin,Monfro,5931.0
DVPfBvHpYFwytd2G,1,Tavendar,Paladin,Tavendar,1049125.0
DVPfBvHpYFwytd2G,1,Primeval,Shaman,Tavendar,1000255.0
DVPfBvHpYFwytd2G,1,Synkro,Monk,Tavendar,915432.0
DVPfBvHpYFwytd2G,1,Decayed,DeathKnight,Tavendar,856626.0
DVPfBvHpYFwytd2G,1,Chontosh,Paladin,Tavendar,819297.0
DVPfBvHpYFwytd2G,1,Meowrawrxo,Druid,Meowrawrxo,709029.0
DVPfBvHpYFwytd2G,1,Primeval,Shaman,Meowrawrxo,238391.0
DVPfBvHpYFwytd2G,1,Lìllith,Warlock,Meowrawrxo,136966.0
DVPfBvHpYFwytd2G,1,Tavendar,Paladin,Meowrawrxo,127874.0
DVPfBvHpYFwytd2G,1,Dystrophee,DeathKnight,Meowrawrxo,123595.0
DVPfBvHpYFwytd2G,1,Chontosh,Paladin,Chontosh,1672012.0
DVPfBvHpYFwytd2G,1,Monfro,Hunter,Chontosh,1308914.0
DVPfBvHpYFwytd2G,1,Meowrawrxo,Druid,Chontosh,934587.0
DVPfBvHpYFwytd2G,1,Greyseer,Hunter,Chontosh,911616.0
DVPfBvHpYFwytd2G,1,Siare,Warlock,Chontosh,822964.0
DVPfBvHpYFwytd2G,1,Greyseer,Hunter,Greyseer,91797.0
DVPfBvHpYFwytd2G,1,Averlis,Druid,Averlis,436785.0
DVPfBvHpYFwytd2G,1,Primeval,Shaman,Averlis,214663.0
DVPfBvHpYFwytd2G,1,Greyseer,Hunter,Averlis,209730.0
DVPfBvHpYFwytd2G,1,Meowrawrxo,Druid,Averlis,209111.0
DVPfBvHpYFwytd2G,1,Viserion,Evoker,Averlis,205051.0
DVPfBvHpYFwytd2G,1,Primeval,Shaman,Primeval,1315502.0
DVPfBvHpYFwytd2G,1,Viserion,Evoker,Primeval,1260983.0
DVPfBvHpYFwytd2G,1,Synkro,Monk,Primeval,1075522.0
DVPfBvHpYFwytd2G,1,Chontosh,Paladin,Primeval,964982.0
DVPfBvHpYFwytd2G,1,Lìllith,Warlock,Primeval,885541.0
DVPfBvHpYFwytd2G,1,Ilidank,DemonHunter,Ilidank,2139353.0
DVPfBvHpYFwytd2G,1,Greyseer,Hunter,Ilidank,5934.0
DVPfBvHpYFwytd2G,1,Synkro,Monk,Synkro,4930293.0
DVPfBvHpYFwytd2G,1,Mannarchy,Paladin,Synkro,340680.0
DVPfBvHpYFwytd2G,1,Panes,Paladin,Synkro,211577.0
DVPfBvHpYFwytd2G,1,Aurëus,Paladin,Synkro,188892.0
DVPfBvHpYFwytd2G,1,Meowrawrxo,Druid,Synkro,155059.0
DVPfBvHpYFwytd2G,1,Maztajake,Druid,Maztajake,369208.0
DVPfBvHpYFwytd2G,1,Monfro,Hunter,Maztajake,208885.0
DVPfBvHpYFwytd2G,1,Chontosh,Paladin,Maztajake,143064.0
DVPfBvHpYFwytd2G,1,Soliloquy,Priest,Maztajake,141189.0
DVPfBvHpYFwytd2G,1,Greyseer,Hunter,Maztajake,137597.0
DVPfBvHpYFwytd2G,1,Soliloquy,Priest,Soliloquy,2294719.0
DVPfBvHpYFwytd2G,1,Maztajake,Druid,Soliloquy,1366804.0
DVPfBvHpYFwytd2G,1,Averlis,Druid,Soliloquy,1030388.0
DVPfBvHpYFwytd2G,1,Greyseer,Hunter,Soliloquy,985229.0
DVPfBvHpYFwytd2G,1,Meowrawrxo,Druid,Soliloquy,854614.0
DVPfBvHpYFwytd2G,1,Dystrophee,DeathKnight,Dystrophee,908937.0
DVPfBvHpYFwytd2G,1,Lìllith,Warlock,Lìllith,1029949.0
DVPfBvHpYFwytd2G,1,Dystrophee,DeathKnight,Lìllith,5935.0
DVPfBvHpYFwytd2G,1,Mannarchy,Paladin,Mannarchy,994644.0
DVPfBvHpYFwytd2G,1,Primeval,Shaman,Mannarchy,19569.0
DVPfBvHpYFwytd2G,1,Panes,Paladin,Mannarchy,19282.0
DVPfBvHpYFwytd2G,1,Meowrawrxo,Druid,Mannarchy,16192.0
DVPfBvHpYFwytd2G,1,Ilidank,DemonHunter,Mannarchy,16097.0
DVPfBvHpYFwytd2G,1,Viserion,Evoker,Viserion,535642.0
DVPfBvHpYFwytd2G,1,Ilidank,DemonHunter,Viserion,155184.0
DVPfBvHpYFwytd2G,1,Averlis,Druid,Viserion,112546.0
DVPfBvHpYFwytd2G,1,Chontosh,Paladin,Viserion,98259.0
DVPfBvHpYFwytd2G,1,Dystrophee,DeathKnight,Viserion,85674.0
DVPfBvHpYFwytd2G,1,Decayed,DeathKnight,Decayed,6055773.0
DVPfBvHpYFwytd2G,2,Siare,Warlock,Siare,1061928.0
DVPfBvHpYFwytd2G,2,Aurëus,Paladin,Aurëus,1141539.0
DVPfBvHpYFwytd2G,2,Averlis,Druid,Aurëus,33000.0
DVPfBvHpYFwytd2G,2,Dystrophee,DeathKnight,Aurëus,30914.0
DVPfBvHpYFwytd2G,2,Greyseer,Hunter,Aurëus,27664.0
DVPfBvHpYFwytd2G,2,Primeval,Shaman,Aurëus,27081.0
DVPfBvHpYFwytd2G,2,Monfro,Hunter,Monfro,211555.0
DVPfBvHpYFwytd2G,2,Primeval,Shaman,Monfro,5931.0
DVPfBvHpYFwytd2G,2,Viserion,Evoker,Chontosh,1385493.0
DVPfBvHpYFwytd2G,2,Chontosh,Paladin,Chontosh,1214223.0
DVPfBvHpYFwytd2G,2,Monfro,Hunter,Chontosh,1152201.0
DVPfBvHpYFwytd2G,2,Greyseer,Hunter,Chontosh,850585.0
DVPfBvHpYFwytd2G,2,Lìllith,Warlock,Chontosh,816164.0
DVPfBvHpYFwytd2G,2,Greyseer,Hunter,Greyseer,224816.0
DVPfBvHpYFwytd2G,2,Averlis,Druid,Greyseer,9332.0
DVPfBvHpYFwytd2G,2,Averlis,Druid,Averlis,516843.0
DVPfBvHpYFwytd2G,2,Panes,Paladin,Averlis,228292.0
DVPfBvHpYFwytd2G,2,Greyseer,Hunter,Averlis,190070.0
DVPfBvHpYFwytd2G,2,Viserion,Evoker,Averlis,153129.0
DVPfBvHpYFwytd2G,2,Monfro,Hunter,Averlis,148152.0
DVPfBvHpYFwytd2G,2,Decayed,DeathKnight,Primeval,2471930.0
DVPfBvHpYFwytd2G,2,Primeval,Shaman,Primeval,1829764.0
DVPfBvHpYFwytd2G,2,Maztajake,Druid,Primeval,1045125.0
DVPfBvHpYFwytd2G,2,Meowrawrxo,Druid,Primeval,1009164.0
DVPfBvHpYFwytd2G,2,Greyseer,Hunter,Primeval,848799.0
DVPfBvHpYFwytd2G,2,Ilidank,DemonHunter,Ilidank,1416340.0
DVPfBvHpYFwytd2G,2,Soliloquy,Priest,Ilidank,197551.0
DVPfBvHpYFwytd2G,2,Siare,Warlock,Ilidank,95905.0
DVPfBvHpYFwytd2G,2,Monfro,Hunter,Ilidank,30120.0
DVPfBvHpYFwytd2G,2,Maztajake,Druid,Ilidank,27907.0
DVPfBvHpYFwytd2G,2,Synkro,Monk,Synkro,4054146.0
DVPfBvHpYFwytd2G,2,Decayed,DeathKnight,Synkro,332175.0
DVPfBvHpYFwytd2G,2,Aurëus,Paladin,Synkro,228740.0
DVPfBvHpYFwytd2G,2,Panes,Paladin,Synkro,189686.0
DVPfBvHpYFwytd2G,2,Primeval,Shaman,Synkro,142100.0
DVPfBvHpYFwytd2G,2,Maztajake,Druid,Maztajake,559137.0
DVPfBvHpYFwytd2G,2,Averlis,Druid,Maztajake,116414.0
DVPfBvHpYFwytd2G,2,Primeval,Shaman,Maztajake,111708.0
DVPfBvHpYFwytd2G,2,Lìllith,Warlock,Maztajake,98176.0
DVPfBvHpYFwytd2G,2,Greyseer,Hunter,Maztajake,95514.0
DVPfBvHpYFwytd2G,2,Soliloquy,Priest,Soliloquy,2417016.0
DVPfBvHpYFwytd2G,2,Siare,Warlock,Soliloquy,971402.0
DVPfBvHpYFwytd2G,2,Monfro,Hunter,Soliloquy,965296.0
DVPfBvHpYFwytd2G,2,Viserion,Evoker,Soliloquy,797507.0
DVPfBvHpYFwytd2G,2,Maztajake,Druid,Soliloquy,746355.0
DVPfBvHpYFwytd2G,2,Claye,Shaman,Claye,1691717.0
DVPfBvHpYFwytd2G,2,Synkro,Monk,Claye,1045399.0
DVPfBvHpYFwytd2G,2,Decayed,DeathKnight,Claye,971033.0
DVPfBvHpYFwytd2G,2,Meowrawrxo,Druid,Claye,898282.0
DVPfBvHpYFwytd2G,2,Monfro,Hunter,Claye,811146.0
DVPfBvHpYFwytd2G,2,Dystrophee,DeathKnight,Dystrophee,977297.0
DVPfBvHpYFwytd2G,2,Viserion,Evoker,Viserion,664068.0
DVPfBvHpYFwytd2G,2,Lìllith,Warlock,Viserion,205320.0
DVPfBvHpYFwytd2G,2,Panes,Paladin,Viserion,184070.0
DVPfBvHpYFwytd2G,2,Meowrawrxo,Druid,Viserion,161952.0
DVPfBvHpYFwytd2G,2,Dystrophee,DeathKnight,Viserion,137246.0
DVPfBvHpYFwytd2G,2,Panes,Paladin,Panes,982022.0
DVPfBvHpYFwytd2G,2,Aurëus,Paladin,Panes,23273.0
DVPfBvHpYFwytd2G,2,Dystrophee,DeathKnight,Panes,22164.0
DVPfBvHpYFwytd2G,2,Synkro,Monk,Panes,20805.0
DVPfBvHpYFwytd2G,2,Decayed,DeathKnight,Panes,19158.0
DVPfBvHpYFwytd2G,2,Meowrawrxo,Druid,Meowrawrxo,1236874.0
DVPfBvHpYFwytd2G,2,Siare,Warlock,Meowrawrxo,233332.0
DVPfBvHpYFwytd2G,2,Monfro,Hunter,Meowrawrxo,203930.0
DVPfBvHpYFwytd2G,2,Soliloquy,Priest,Meowrawrxo,203220.0
DVPfBvHpYFwytd2G,2,Lìllith,Warlock,Meowrawrxo,203162.0
DVPfBvHpYFwytd2G,2,Lìllith,Warlock,Lìllith,840674.0
DVPfBvHpYFwytd2G,2,Maztajake,Druid,Lìllith,6172.0
DVPfBvHpYFwytd2G,2,Mannarchy,Paladin,Mannarchy,586983.0
DVPfBvHpYFwytd2G,2,Panes,Paladin,Mannarchy,22131.0
DVPfBvHpYFwytd2G,2,Primeval,Shaman,Mannarchy,15964.0
DVPfBvHpYFwytd2G,2,Claye,Shaman,Mannarchy,15631.0
DVPfBvHpYFwytd2G,2,Dystrophee,DeathKnight,Mannarchy,15347.0
DVPfBvHpYFwytd2G,2,Decayed,DeathKnight,Decayed,8012504.0
DVPfBvHpYFwytd2G,3,Siare,Warlock,Siare,1104893.0
DVPfBvHpYFwytd2G,3,Aurëus,Paladin,Aurëus,1374242.0
DVPfBvHpYFwytd2G,3,Chontosh,Paladin,Aurëus,27007.0
DVPfBvHpYFwytd2G,3,Averlis,Druid,Aurëus,18832.0
DVPfBvHpYFwytd2G,3,Claye,Shaman,Aurëus,16385.0
DVPfBvHpYFwytd2G,3,Soliloquy,Priest,Aurëus,16307.0
DVPfBvHpYFwytd2G,3,Monfro,Hunter,Monfro,372574.0
DVPfBvHpYFwytd2G,3,Decayed,DeathKnight,Chontosh,1992812.0
DVPfBvHpYFwytd2G,3,Synkro,Monk,Chontosh,1408248.0
DVPfBvHpYFwytd2G,3,Chontosh,Paladin,Chontosh,1191772.0
DVPfBvHpYFwytd2G,3,Mannarchy,Paladin,Chontosh,937917.0
DVPfBvHpYFwytd2G,3,Meowrawrxo,Druid,Chontosh,935625.0
DVPfBvHpYFwytd2G,3,Greyseer,Hunter,Greyseer,56461.0
DVPfBvHpYFwytd2G,3,Lìllith,Warlock,Greyseer,6808.0
DVPfBvHpYFwytd2G,3,Ilidank,DemonHunter,Greyseer,3605.0
DVPfBvHpYFwytd2G,3,Averlis,Druid,Averlis,491630.0
DVPfBvHpYFwytd2G,3,Maztajake,Druid,Averlis,245620.0
DVPfBvHpYFwytd2G,3,Viserion,Evoker,Averlis,226425.0
DVPfBvHpYFwytd2G,3,Chontosh,Paladin,Averlis,196178.0
DVPfBvHpYFwytd2G,3,Soliloquy,Priest,Averlis,159036.0
DVPfBvHpYFwytd2G,3,Decayed,DeathKnight,Primeval,1842311.0
DVPfBvHpYFwytd2G,3,Primeval,Shaman,Primeval,1468385.0
DVPfBvHpYFwytd2G,3,Lìllith,Warlock,Primeval,1089974.0
DVPfBvHpYFwytd2G,3,Maztajake,Druid,Primeval,928969.0
DVPfBvHpYFwytd2G,3,Siare,Warlock,Primeval,837759.0
DVPfBvHpYFwytd2G,3,Ilidank,DemonHunter,Ilidank,1949615.0
DVPfBvHpYFwytd2G,3,Siare,Warlock,Ilidank,5935.0
DVPfBvHpYFwytd2G,3,Lìllith,Warlock,Ilidank,5935.0
DVPfBvHpYFwytd2G,3,Synkro,Monk,Synkro,7118890.0
DVPfBvHpYFwytd2G,3,Meowrawrxo,Druid,Synkro,591051.0
DVPfBvHpYFwytd2G,3,Panes,Paladin,Synkro,324065.0
DVPfBvHpYFwytd2G,3,Decayed,DeathKnight,Synkro,256111.0
DVPfBvHpYFwytd2G,3,Dystrophee,DeathKnight,Synkro,155393.0
DVPfBvHpYFwytd2G,3,Maztajake,Druid,Maztajake,319714.0
DVPfBvHpYFwytd2G,3,Soliloquy,Priest,Soliloquy,1728048.0
DVPfBvHpYFwytd2G,3,Viserion,Evoker,Soliloquy,722377.0
DVPfBvHpYFwytd2G,3,Decayed,DeathKnight,Soliloquy,714586.0
DVPfBvHpYFwytd2G,3,Lìllith,Warlock,Soliloquy,647139.0
DVPfBvHpYFwytd2G,3,Panes,Paladin,Soliloquy,635467.0
DVPfBvHpYFwytd2G,3,Claye,Shaman,Claye,2240104.0
DVPfBvHpYFwytd2G,3,Synkro,Monk,Claye,1055758.0
DVPfBvHpYFwytd2G,3,Siare,Warlock,Claye,1053059.0
DVPfBvHpYFwytd2G,3,Chontosh,Paladin,Claye,1050182.0
DVPfBvHpYFwytd2G,3,Primeval,Shaman,Claye,1018889.0
DVPfBvHpYFwytd2G,3,Dystrophee,DeathKnight,Dystrophee,883921.0
DVPfBvHpYFwytd2G,3,Viserion,Evoker,Viserion,946331.0
DVPfBvHpYFwytd2G,3,Monfro,Hunter,Viserion,164132.0
DVPfBvHpYFwytd2G,3,Aurëus,Paladin,Viserion,158225.0
DVPfBvHpYFwytd2G,3,Dystrophee,DeathKnight,Viserion,152853.0
DVPfBvHpYFwytd2G,3,Mannarchy,Paladin,Viserion,144383.0
DVPfBvHpYFwytd2G,3,Panes,Paladin,Panes,1145432.0
DVPfBvHpYFwytd2G,3,Averlis,Druid,Panes,31214.0
DVPfBvHpYFwytd2G,3,Primeval,Shaman,Panes,27645.0
DVPfBvHpYFwytd2G,3,Synkro,Monk,Panes,27171.0
DVPfBvHpYFwytd2G,3,Dystrophee,DeathKnight,Panes,19434.0
DVPfBvHpYFwytd2G,3,Meowrawrxo,Druid,Meowrawrxo,561469.0
DVPfBvHpYFwytd2G,3,Dystrophee,DeathKnight,Meowrawrxo,259606.0
DVPfBvHpYFwytd2G,3,Lìllith,Warlock,Meowrawrxo,206629.0
DVPfBvHpYFwytd2G,3,Soliloquy,Priest,Meowrawrxo,170391.0
DVPfBvHpYFwytd2G,3,Greyseer,Hunter,Meowrawrxo,146199.0
DVPfBvHpYFwytd2G,3,Lìllith,Warlock,Lìllith,1386457.0
DVPfBvHpYFwytd2G,3,Greyseer,Hunter,Lìllith,11870.0
DVPfBvHpYFwytd2G,3,Dystrophee,DeathKnight,Lìllith,5935.0
DVPfBvHpYFwytd2G,3,Mannarchy,Paladin,Mannarchy,1102378.0
DVPfBvHpYFwytd2G,3,Panes,Paladin,Mannarchy,33297.0
DVPfBvHpYFwytd2G,3,Averlis,Druid,Mannarchy,32805.0
DVPfBvHpYFwytd2G,3,Primeval,Shaman,Mannarchy,32742.0
DVPfBvHpYFwytd2G,3,Aurëus,Paladin,Mannarchy,25818.0
DVPfBvHpYFwytd2G,3,Decayed,DeathKnight,Decayed,6478046.0
DVPfBvHpYFwytd2G,4,Siare,Warlock,Siare,648625.0
DVPfBvHpYFwytd2G,4,Aurëus,Paladin,Aurëus,838208.0
DVPfBvHpYFwytd2G,4,Primeval,Shaman,Aurëus,67802.0
DVPfBvHpYFwytd2G,4,Viserion,Evoker,Aurëus,61963.0
DVPfBvHpYFwytd2G,4,Dystrophee,DeathKnight,Aurëus,48483.0
DVPfBvHpYFwytd2G,4,Meowrawrxo,Druid,Aurëus,48014.0
DVPfBvHpYFwytd2G,4,Monfro,Hunter,Monfro,558711.0
DVPfBvHpYFwytd2G,4,Chontosh,Paladin,Chontosh,4011127.0
DVPfBvHpYFwytd2G,4,Decayed,DeathKnight,Chontosh,2539499.0
DVPfBvHpYFwytd2G,4,Claye,Shaman,Chontosh,2199011.0
DVPfBvHpYFwytd2G,4,Viserion,Evoker,Chontosh,2050861.0
DVPfBvHpYFwytd2G,4,Synkro,Monk,Chontosh,1796762.0
DVPfBvHpYFwytd2G,4,Greyseer,Hunter,Greyseer,526231.0
DVPfBvHpYFwytd2G,4,Lìllith,Warlock,Greyseer,14061.0
DVPfBvHpYFwytd2G,4,Averlis,Druid,Averlis,350297.0
DVPfBvHpYFwytd2G,4,Primeval,Shaman,Primeval,3742274.0
DVPfBvHpYFwytd2G,4,Decayed,DeathKnight,Primeval,2884016.0
DVPfBvHpYFwytd2G,4,Viserion,Evoker,Primeval,2643740.0
DVPfBvHpYFwytd2G,4,Maztajake,Druid,Primeval,2309469.0
DVPfBvHpYFwytd2G,4,Lìllith,Warlock,Primeval,2224653.0
DVPfBvHpYFwytd2G,4,Ilidank,DemonHunter,Ilidank,4126497.0
DVPfBvHpYFwytd2G,4,Maztajake,Druid,Ilidank,283128.0
DVPfBvHpYFwytd2G,4,Viserion,Evoker,Ilidank,30922.0
DVPfBvHpYFwytd2G,4,Monfro,Hunter,Ilidank,25226.0
DVPfBvHpYFwytd2G,4,Primeval,Shaman,Ilidank,23114.0
DVPfBvHpYFwytd2G,4,Synkro,Monk,Synkro,9010979.0
DVPfBvHpYFwytd2G,4,Decayed,DeathKnight,Synkro,569020.0
DVPfBvHpYFwytd2G,4,Dystrophee,DeathKnight,Synkro,364687.0
DVPfBvHpYFwytd2G,4,Meowrawrxo,Druid,Synkro,288970.0
DVPfBvHpYFwytd2G,4,Panes,Paladin,Synkro,246552.0
DVPfBvHpYFwytd2G,4,Maztajake,Druid,Maztajake,576292.0
DVPfBvHpYFwytd2G,4,Soliloquy,Priest,Soliloquy,2151055.0
DVPfBvHpYFwytd2G,4,Lìllith,Warlock,Soliloquy,745485.0
DVPfBvHpYFwytd2G,4,Greyseer,Hunter,Soliloquy,688779.0
DVPfBvHpYFwytd2G,4,Primeval,Shaman,Soliloquy,645217.0
DVPfBvHpYFwytd2G,4,Monfro,Hunter,Soliloquy,630086.0
DVPfBvHpYFwytd2G,4,Claye,Shaman,Claye,4613373.0
DVPfBvHpYFwytd2G,4,Chontosh,Paladin,Claye,2196829.0
DVPfBvHpYFwytd2G,4,Viserion,Evoker,Claye,2027038.0
DVPfBvHpYFwytd2G,4,Primeval,Shaman,Claye,1895761.0
DVPfBvHpYFwytd2G,4,Mannarchy,Paladin,Claye,1564220.0
DVPfBvHpYFwytd2G,4,Dystrophee,DeathKnight,Dystrophee,2379664.0
DVPfBvHpYFwytd2G,4,Viserion,Evoker,Viserion,1483156.0
DVPfBvHpYFwytd2G,4,Ilidank,DemonHunter,Viserion,201289.0
DVPfBvHpYFwytd2G,4,Dystrophee,DeathKnight,Viserion,185817.0
DVPfBvHpYFwytd2G,4,Claye,Shaman,Viserion,143019.0
DVPfBvHpYFwytd2G,4,Maztajake,Druid,Viserion,116230.0
DVPfBvHpYFwytd2G,4,Panes,Paladin,Panes,1454801.0
DVPfBvHpYFwytd2G,4,Viserion,Evoker,Panes,32793.0
DVPfBvHpYFwytd2G,4,Mannarchy,Paladin,Panes,32440.0
DVPfBvHpYFwytd2G,4,Monfro,Hunter,Panes,26535.0
DVPfBvHpYFwytd2G,4,Lìllith,Warlock,Panes,26481.0
DVPfBvHpYFwytd2G,4,Meowrawrxo,Druid,Meowrawrxo,478902.0
DVPfBvHpYFwytd2G,4,Monfro,Hunter,Meowrawrxo,394650.0
DVPfBvHpYFwytd2G,4,Primeval,Shaman,Meowrawrxo,385955.0
DVPfBvHpYFwytd2G,4,Aurëus,Paladin,Meowrawrxo,327016.0
DVPfBvHpYFwytd2G,4,Panes,Paladin,Meowrawrxo,264108.0
DVPfBvHpYFwytd2G,4,Lìllith,Warlock,Lìllith,1541868.0
DVPfBvHpYFwytd2G,4,Averlis,Druid,Lìllith,6172.0
DVPfBvHpYFwytd2G,4,Mannarchy,Paladin,Mannarchy,1955875.0
DVPfBvHpYFwytd2G,4,Claye,Shaman,Mannarchy,54730.0
DVPfBvHpYFwytd2G,4,Primeval,Shaman,Mannarchy,50561.0
DVPfBvHpYFwytd2G,4,Viserion,Evoker,Mannarchy,48327.0
DVPfBvHpYFwytd2G,4,Ilidank,DemonHunter,Mannarchy,43330.0
DVPfBvHpYFwytd2G,4,Decayed,DeathKnight,Decayed,17080871.0
DVPfBvHpYFwytd2G,5,Siare,Warlock,Siare,2578206.0
DVPfBvHpYFwytd2G,5,Aurëus,Paladin,Aurëus,2295112.0
DVPfBvHpYFwytd2G,5,Primeval,Shaman,Aurëus,110530.0
DVPfBvHpYFwytd2G,5,Viserion,Evoker,Aurëus,107376.0
DVPfBvHpYFwytd2G,5,Dystrophee,DeathKnight,Aurëus,107075.0
DVPfBvHpYFwytd2G,5,Claye,Shaman,Aurëus,94716.0
DVPfBvHpYFwytd2G,5,Monfro,Hunter,Monfro,839987.0
DVPfBvHpYFwytd2G,5,Viserion,Evoker,Monfro,12098.0
DVPfBvHpYFwytd2G,5,Chontosh,Paladin,Chontosh,3373598.0
DVPfBvHpYFwytd2G,5,Synkro,Monk,Chontosh,2852546.0
DVPfBvHpYFwytd2G,5,Averlis,Druid,Chontosh,2831114.0
DVPfBvHpYFwytd2G,5,Viserion,Evoker,Chontosh,2546328.0
DVPfBvHpYFwytd2G,5,Greyseer,Hunter,Chontosh,2479035.0
DVPfBvHpYFwytd2G,5,Greyseer,Hunter,Greyseer,678336.0
DVPfBvHpYFwytd2G,5,Averlis,Druid,Greyseer,13105.0
DVPfBvHpYFwytd2G,5,Monfro,Hunter,Greyseer,10320.0
DVPfBvHpYFwytd2G,5,Averlis,Druid,Averlis,1426559.0
DVPfBvHpYFwytd2G,5,Chontosh,Paladin,Averlis,227846.0
DVPfBvHpYFwytd2G,5,Panes,Paladin,Averlis,197851.0
DVPfBvHpYFwytd2G,5,Lìllith,Warlock,Averlis,185672.0
DVPfBvHpYFwytd2G,5,Decayed,DeathKnight,Averlis,143526.0
DVPfBvHpYFwytd2G,5,Primeval,Shaman,Primeval,4139972.0
DVPfBvHpYFwytd2G,5,Siare,Warlock,Primeval,3146076.0
DVPfBvHpYFwytd2G,5,Maztajake,Druid,Primeval,2692537.0
DVPfBvHpYFwytd2G,5,Monfro,Hunter,Primeval,2609913.0
DVPfBvHpYFwytd2G,5,Decayed,DeathKnight,Primeval,2521567.0
DVPfBvHpYFwytd2G,5,Ilidank,DemonHunter,Ilidank,4098587.0
DVPfBvHpYFwytd2G,5,Viserion,Evoker,Ilidank,646321.0
DVPfBvHpYFwytd2G,5,Primeval,Shaman,Ilidank,258170.0
DVPfBvHpYFwytd2G,5,Dystrophee,DeathKnight,Ilidank,165361.0
DVPfBvHpYFwytd2G,5,Soliloquy,Priest,Ilidank,109734.0
DVPfBvHpYFwytd2G,5,Synkro,Monk,Synkro,11245348.0
DVPfBvHpYFwytd2G,5,Meowrawrxo,Druid,Synkro,614558.0
DVPfBvHpYFwytd2G,5,Decayed,DeathKnight,Synkro,519952.0
DVPfBvHpYFwytd2G,5,Averlis,Druid,Synkro,330188.0
DVPfBvHpYFwytd2G,5,Panes,Paladin,Synkro,320844.0
DVPfBvHpYFwytd2G,5,Maztajake,Druid,Maztajake,906013.0
DVPfBvHpYFwytd2G,5,Mannarchy,Paladin,Maztajake,212102.0
DVPfBvHpYFwytd2G,5,Siare,Warlock,Maztajake,184836.0
DVPfBvHpYFwytd2G,5,Chontosh,Paladin,Maztajake,162984.0
DVPfBvHpYFwytd2G,5,Monfro,Hunter,Maztajake,161827.0
DVPfBvHpYFwytd2G,5,Soliloquy,Priest,Soliloquy,4998400.0
DVPfBvHpYFwytd2G,5,Averlis,Druid,Soliloquy,1612242.0
DVPfBvHpYFwytd2G,5,Monfro,Hunter,Soliloquy,1546559.0
DVPfBvHpYFwytd2G,5,Viserion,Evoker,Soliloquy,1403823.0
DVPfBvHpYFwytd2G,5,Mannarchy,Paladin,Soliloquy,1251000.0
DVPfBvHpYFwytd2G,5,Claye,Shaman,Claye,4762234.0
DVPfBvHpYFwytd2G,5,Chontosh,Paladin,Claye,1966073.0
DVPfBvHpYFwytd2G,5,Greyseer,Hunter,Claye,1898522.0
DVPfBvHpYFwytd2G,5,Primeval,Shaman,Claye,1836556.0
DVPfBvHpYFwytd2G,5,Maztajake,Druid,Claye,1796626.0
DVPfBvHpYFwytd2G,5,Dystrophee,DeathKnight,Dystrophee,2676394.0
DVPfBvHpYFwytd2G,5,Viserion,Evoker,Viserion,1571317.0
DVPfBvHpYFwytd2G,5,Monfro,Hunter,Viserion,303683.0
DVPfBvHpYFwytd2G,5,Dystrophee,DeathKnight,Viserion,294868.0
DVPfBvHpYFwytd2G,5,Decayed,DeathKnight,Viserion,217022.0
DVPfBvHpYFwytd2G,5,Aurëus,Paladin,Viserion,209241.0
DVPfBvHpYFwytd2G,5,Panes,Paladin,Panes,2297923.0
DVPfBvHpYFwytd2G,5,Meowrawrxo,Druid,Panes,54081.0
DVPfBvHpYFwytd2G,5,Mannarchy,Paladin,Panes,48078.0
DVPfBvHpYFwytd2G,5,Dystrophee,DeathKnight,Panes,42328.0
DVPfBvHpYFwytd2G,5,Claye,Shaman,Panes,37239.0
DVPfBvHpYFwytd2G,5,Meowrawrxo,Druid,Meowrawrxo,2314967.0
DVPfBvHpYFwytd2G,5,Viserion,Evoker,Meowrawrxo,495620.0
DVPfBvHpYFwytd2G,5,Greyseer,Hunter,Meowrawrxo,375521.0
DVPfBvHpYFwytd2G,5,Primeval,Shaman,Meowrawrxo,356178.0
DVPfBvHpYFwytd2G,5,Decayed,DeathKnight,Meowrawrxo,330829.0
DVPfBvHpYFwytd2G,5,Lìllith,Warlock,Lìllith,1427038.0
DVPfBvHpYFwytd2G,5,Averlis,Druid,Lìllith,6172.0
DVPfBvHpYFwytd2G,5,Mannarchy,Paladin,Mannarchy,2871983.0
DVPfBvHpYFwytd2G,5,Meowrawrxo,Druid,Mannarchy,102181.0
DVPfBvHpYFwytd2G,5,Viserion,Evoker,Mannarchy,93786.0
DVPfBvHpYFwytd2G,5,Dystrophee,DeathKnight,Mannarchy,92844.0
DVPfBvHpYFwytd2G,5,Aurëus,Paladin,Mannarchy,61707.0
DVPfBvHpYFwytd2G,5,Decayed,DeathKnight,Decayed,16195967.0
DVPfBvHpYFwytd2G,6,Siare,Warlock,Siare,288203.0
DVPfBvHpYFwytd2G,6,Aurëus,Paladin,Aurëus,625045.0
DVPfBvHpYFwytd2G,6,Monfro,Hunter,Monfro,359355.0
DVPfBvHpYFwytd2G,6,Chontosh,Paladin,Chontosh,1292495.0
DVPfBvHpYFwytd2G,6,Greyseer,Hunter,Chontosh,864337.0
DVPfBvHpYFwytd2G,6,Soliloquy,Priest,Chontosh,835181.0
DVPfBvHpYFwytd2G,6,Meowrawrxo,Druid,Chontosh,761793.0
DVPfBvHpYFwytd2G,6,Lìllith,Warlock,Chontosh,739299.0
DVPfBvHpYFwytd2G,6,Greyseer,Hunter,Greyseer,58836.0
DVPfBvHpYFwytd2G,6,Whilton,Druid,Greyseer,8521.0
DVPfBvHpYFwytd2G,6,Averlis,Druid,Averlis,336000.0
DVPfBvHpYFwytd2G,6,Primeval,Shaman,Primeval,921464.0
DVPfBvHpYFwytd2G,6,Viserion,Evoker,Primeval,552663.0
DVPfBvHpYFwytd2G,6,Dystrophee,DeathKnight,Primeval,527574.0
DVPfBvHpYFwytd2G,6,Mannarchy,Paladin,Primeval,519688.0
DVPfBvHpYFwytd2G,6,Monfro,Hunter,Primeval,469641.0
DVPfBvHpYFwytd2G,6,Ilidank,DemonHunter,Ilidank,690571.0
DVPfBvHpYFwytd2G,6,Synkro,Monk,Ilidank,13580.0
DVPfBvHpYFwytd2G,6,Synkro,Monk,Synkro,3479050.0
DVPfBvHpYFwytd2G,6,Averlis,Druid,Synkro,297162.0
DVPfBvHpYFwytd2G,6,Soliloquy,Priest,Synkro,224060.0
DVPfBvHpYFwytd2G,6,Greyseer,Hunter,Synkro,132040.0
DVPfBvHpYFwytd2G,6,Claye,Shaman,Synkro,128997.0
DVPfBvHpYFwytd2G,6,Maztajake,Druid,Maztajake,262531.0
DVPfBvHpYFwytd2G,6,Meowrawrxo,Druid,Maztajake,8714.0
DVPfBvHpYFwytd2G,6,Soliloquy,Priest,Soliloquy,1574827.0
DVPfBvHpYFwytd2G,6,Monfro,Hunter,Soliloquy,1080245.0
DVPfBvHpYFwytd2G,6,Averlis,Druid,Soliloquy,1034801.0
DVPfBvHpYFwytd2G,6,Ilidank,DemonHunter,Soliloquy,549862.0
DVPfBvHpYFwytd2G,6,Synkro,Monk,Soliloquy,541945.0
DVPfBvHpYFwytd2G,6,Claye,Shaman,Claye,1729132.0
DVPfBvHpYFwytd2G,6,Averlis,Druid,Claye,504206.0
DVPfBvHpYFwytd2G,6,Synkro,Monk,Claye,502118.0
DVPfBvHpYFwytd2G,6,Viserion,Evoker,Claye,490995.0
DVPfBvHpYFwytd2G,6,Mannarchy,Paladin,Claye,455329.0
DVPfBvHpYFwytd2G,6,Whilton,Druid,Whilton,326772.0
DVPfBvHpYFwytd2G,6,Synkro,Monk,Whilton,49495.0
DVPfBvHpYFwytd2G,6,Siare,Warlock,Whilton,33180.0
DVPfBvHpYFwytd2G,6,Averlis,Druid,Whilton,9643.0
DVPfBvHpYFwytd2G,6,Lìllith,Warlock,Whilton,7291.0
DVPfBvHpYFwytd2G,6,Dystrophee,DeathKnight,Dystrophee,680830.0
DVPfBvHpYFwytd2G,6,Viserion,Evoker,Viserion,437073.0
DVPfBvHpYFwytd2G,6,Dystrophee,DeathKnight,Viserion,244784.0
DVPfBvHpYFwytd2G,6,Mannarchy,Paladin,Viserion,138234.0
DVPfBvHpYFwytd2G,6,Meowrawrxo,Druid,Viserion,129322.0
DVPfBvHpYFwytd2G,6,Whilton,Druid,Viserion,119264.0
DVPfBvHpYFwytd2G,6,Panes,Paladin,Panes,686823.0
DVPfBvHpYFwytd2G,6,Viserion,Evoker,Panes,14313.0
DVPfBvHpYFwytd2G,6,Greyseer,Hunter,Panes,11720.0
DVPfBvHpYFwytd2G,6,Siare,Warlock,Panes,9118.0
DVPfBvHpYFwytd2G,6,Maztajake,Druid,Panes,8644.0
DVPfBvHpYFwytd2G,6,Meowrawrxo,Druid,Meowrawrxo,662080.0
DVPfBvHpYFwytd2G,6,Synkro,Monk,Meowrawrxo,58123.0
DVPfBvHpYFwytd2G,6,Averlis,Druid,Meowrawrxo,21357.0
DVPfBvHpYFwytd2G,6,Claye,Shaman,Meowrawrxo,6707.0
DVPfBvHpYFwytd2G,6,Siare,Warlock,Meowrawrxo,1795.0
DVPfBvHpYFwytd2G,6,Lìllith,Warlock,Lìllith,434847.0
DVPfBvHpYFwytd2G,6,Primeval,Shaman,Lìllith,6530.0
DVPfBvHpYFwytd2G,6,Mannarchy,Paladin,Mannarchy,495074.0
DVPfBvHpYFwytd2G,6,Decayed,DeathKnight,Decayed,2971306.0
DVPfBvHpYFwytd2G,7,Siare,Warlock,Siare,1099269.0
DVPfBvHpYFwytd2G,7,Aurëus,Paladin,Aurëus,1311355.0
DVPfBvHpYFwytd2G,7,Meowrawrxo,Druid,Aurëus,45515.0
DVPfBvHpYFwytd2G,7,Panes,Paladin,Aurëus,42305.0
DVPfBvHpYFwytd2G,7,Whilton,Druid,Aurëus,34513.0
DVPfBvHpYFwytd2G,7,Mannarchy,Paladin,Aurëus,25395.0
DVPfBvHpYFwytd2G,7,Monfro,Hunter,Monfro,250045.0
DVPfBvHpYFwytd2G,7,Chontosh,Paladin,Chontosh,3456285.0
DVPfBvHpYFwytd2G,7,Greyseer,Hunter,Chontosh,2031690.0
DVPfBvHpYFwytd2G,7,Aurëus,Paladin,Chontosh,1347338.0
DVPfBvHpYFwytd2G,7,Meowrawrxo,Druid,Chontosh,1223326.0
DVPfBvHpYFwytd2G,7,Decayed,DeathKnight,Chontosh,1179393.0
DVPfBvHpYFwytd2G,7,Greyseer,Hunter,Greyseer,358629.0
DVPfBvHpYFwytd2G,7,Maztajake,Druid,Greyseer,9629.0
DVPfBvHpYFwytd2G,7,Whilton,Druid,Greyseer,7507.0
DVPfBvHpYFwytd2G,7,Averlis,Druid,Averlis,474419.0
DVPfBvHpYFwytd2G,7,Whilton,Druid,Averlis,248948.0
DVPfBvHpYFwytd2G,7,Meowrawrxo,Druid,Averlis,227670.0
DVPfBvHpYFwytd2G,7,Lìllith,Warlock,Averlis,190460.0
DVPfBvHpYFwytd2G,7,Viserion,Evoker,Averlis,161020.0
DVPfBvHpYFwytd2G,7,Primeval,Shaman,Primeval,1953180.0
DVPfBvHpYFwytd2G,7,Dystrophee,DeathKnight,Primeval,1630112.0
DVPfBvHpYFwytd2G,7,Viserion,Evoker,Primeval,1571961.0
DVPfBvHpYFwytd2G,7,Monfro,Hunter,Primeval,1377416.0
DVPfBvHpYFwytd2G,7,Synkro,Monk,Primeval,944626.0
DVPfBvHpYFwytd2G,7,Ilidank,DemonHunter,Ilidank,1809757.0
DVPfBvHpYFwytd2G,7,Synkro,Monk,Ilidank,6789.0
DVPfBvHpYFwytd2G,7,Synkro,Monk,Synkro,3412027.0
DVPfBvHpYFwytd2G,7,Dystrophee,DeathKnight,Synkro,227273.0
DVPfBvHpYFwytd2G,7,Soliloquy,Priest,Synkro,163174.0
DVPfBvHpYFwytd2G,7,Siare,Warlock,Synkro,152510.0
DVPfBvHpYFwytd2G,7,Ilidank,DemonHunter,Synkro,127162.0
DVPfBvHpYFwytd2G,7,Maztajake,Druid,Maztajake,656138.0
DVPfBvHpYFwytd2G,7,Aurëus,Paladin,Maztajake,181319.0
DVPfBvHpYFwytd2G,7,Mannarchy,Paladin,Maztajake,163398.0
DVPfBvHpYFwytd2G,7,Chontosh,Paladin,Maztajake,147348.0
DVPfBvHpYFwytd2G,7,Panes,Paladin,Maztajake,124978.0
DVPfBvHpYFwytd2G,7,Soliloquy,Priest,Soliloquy,2197539.0
DVPfBvHpYFwytd2G,7,Dystrophee,DeathKnight,Soliloquy,1637120.0
DVPfBvHpYFwytd2G,7,Monfro,Hunter,Soliloquy,1300630.0
DVPfBvHpYFwytd2G,7,Synkro,Monk,Soliloquy,1114968.0
DVPfBvHpYFwytd2G,7,Viserion,Evoker,Soliloquy,1111749.0
DVPfBvHpYFwytd2G,7,Claye,Shaman,Claye,1851665.0
DVPfBvHpYFwytd2G,7,Dystrophee,DeathKnight,Claye,1614920.0
DVPfBvHpYFwytd2G,7,Averlis,Druid,Claye,807347.0
DVPfBvHpYFwytd2G,7,Soliloquy,Priest,Claye,784669.0
DVPfBvHpYFwytd2G,7,Monfro,Hunter,Claye,755604.0
DVPfBvHpYFwytd2G,7,Whilton,Druid,Whilton,1033895.0
DVPfBvHpYFwytd2G,7,Maztajake,Druid,Whilton,269551.0
DVPfBvHpYFwytd2G,7,Panes,Paladin,Whilton,226731.0
DVPfBvHpYFwytd2G,7,Aurëus,Paladin,Whilton,225361.0
DVPfBvHpYFwytd2G,7,Greyseer,Hunter,Whilton,211760.0
DVPfBvHpYFwytd2G,7,Dystrophee,DeathKnight,Dystrophee,487105.0
DVPfBvHpYFwytd2G,7,Viserion,Evoker,Viserion,1022008.0
DVPfBvHpYFwytd2G,7,Dystrophee,DeathKnight,Viserion,282713.0
DVPfBvHpYFwytd2G,7,Siare,Warlock,Viserion,136581.0
DVPfBvHpYFwytd2G,7,Monfro,Hunter,Viserion,110149.0
DVPfBvHpYFwytd2G,7,Ilidank,DemonHunter,Viserion,101650.0
DVPfBvHpYFwytd2G,7,Panes,Paladin,Panes,1020035.0
DVPfBvHpYFwytd2G,7,Whilton,Druid,Panes,27596.0
DVPfBvHpYFwytd2G,7,Meowrawrxo,Druid,Panes,24272.0
DVPfBvHpYFwytd2G,7,Decayed,DeathKnight,Panes,22604.0
DVPfBvHpYFwytd2G,7,Greyseer,Hunter,Panes,21311.0
DVPfBvHpYFwytd2G,7,Meowrawrxo,Druid,Meowrawrxo,1134831.0
DVPfBvHpYFwytd2G,7,Soliloquy,Priest,Meowrawrxo,69366.0
DVPfBvHpYFwytd2G,7,Lìllith,Warlock,Meowrawrxo,65654.0
DVPfBvHpYFwytd2G,7,Siare,Warlock,Meowrawrxo,63810.0
DVPfBvHpYFwytd2G,7,Dystrophee,DeathKnight,Meowrawrxo,39009.0
DVPfBvHpYFwytd2G,7,Lìllith,Warlock,Lìllith,626127.0
DVPfBvHpYFwytd2G,7,Viserion,Evoker,Lìllith,13060.0
DVPfBvHpYFwytd2G,7,Mannarchy,Paladin,Mannarchy,712294.0
DVPfBvHpYFwytd2G,7,Decayed,DeathKnight,Decayed,7819692.0
DVPfBvHpYFwytd2G,8,Siare,Warlock,Siare,1848402.0
DVPfBvHpYFwytd2G,8,Aurëus,Paladin,Aurëus,679993.0
DVPfBvHpYFwytd2G,8,Whilton,Druid,Aurëus,28521.0
DVPfBvHpYFwytd2G,8,Maztajake,Druid,Aurëus,28368.0
DVPfBvHpYFwytd2G,8,Meowrawrxo,Druid,Aurëus,26717.0
DVPfBvHpYFwytd2G,8,Mannarchy,Paladin,Aurëus,24075.0
DVPfBvHpYFwytd2G,8,Monfro,Hunter,Monfro,323170.0
DVPfBvHpYFwytd2G,8,Chontosh,Paladin,Chontosh,2337728.0
DVPfBvHpYFwytd2G,8,Mannarchy,Paladin,Chontosh,1363190.0
DVPfBvHpYFwytd2G,8,Aurëus,Paladin,Chontosh,1114640.0
DVPfBvHpYFwytd2G,8,Greyseer,Hunter,Chontosh,1035684.0
DVPfBvHpYFwytd2G,8,Meowrawrxo,Druid,Chontosh,851732.0
DVPfBvHpYFwytd2G,8,Greyseer,Hunter,Greyseer,371657.0
DVPfBvHpYFwytd2G,8,Averlis,Druid,Averlis,833120.0
DVPfBvHpYFwytd2G,8,Meowrawrxo,Druid,Averlis,268446.0
DVPfBvHpYFwytd2G,8,Ilidank,DemonHunter,Averlis,236375.0
DVPfBvHpYFwytd2G,8,Mannarchy,Paladin,Averlis,226309.0
DVPfBvHpYFwytd2G,8,Panes,Paladin,Averlis,225233.0
DVPfBvHpYFwytd2G,8,Primeval,Shaman,Primeval,3543022.0
DVPfBvHpYFwytd2G,8,Viserion,Evoker,Primeval,2096401.0
DVPfBvHpYFwytd2G,8,Siare,Warlock,Primeval,2013478.0
DVPfBvHpYFwytd2G,8,Monfro,Hunter,Primeval,1900827.0
DVPfBvHpYFwytd2G,8,Averlis,Druid,Primeval,1791746.0
DVPfBvHpYFwytd2G,8,Ilidank,DemonHunter,Ilidank,2184523.0
DVPfBvHpYFwytd2G,8,Averlis,Druid,Ilidank,6789.0
DVPfBvHpYFwytd2G,8,Siare,Warlock,Ilidank,6528.0
DVPfBvHpYFwytd2G,8,Soliloquy,Priest,Ilidank,6528.0
DVPfBvHpYFwytd2G,8,Synkro,Monk,Synkro,7080176.0
DVPfBvHpYFwytd2G,8,Dystrophee,DeathKnight,Synkro,550733.0
DVPfBvHpYFwytd2G,8,Viserion,Evoker,Synkro,445170.0
DVPfBvHpYFwytd2G,8,Ilidank,DemonHunter,Synkro,260911.0
DVPfBvHpYFwytd2G,8,Claye,Shaman,Synkro,226236.0
DVPfBvHpYFwytd2G,8,Maztajake,Druid,Maztajake,405322.0
DVPfBvHpYFwytd2G,8,Soliloquy,Priest,Soliloquy,3456600.0
DVPfBvHpYFwytd2G,8,Synkro,Monk,Soliloquy,1238638.0
DVPfBvHpYFwytd2G,8,Averlis,Druid,Soliloquy,1155874.0
DVPfBvHpYFwytd2G,8,Dystrophee,DeathKnight,Soliloquy,1055194.0
DVPfBvHpYFwytd2G,8,Monfro,Hunter,Soliloquy,1050477.0
DVPfBvHpYFwytd2G,8,Claye,Shaman,Claye,3756639.0
DVPfBvHpYFwytd2G,8,Whilton,Druid,Claye,1473079.0
DVPfBvHpYFwytd2G,8,Mannarchy,Paladin,Claye,1288650.0
DVPfBvHpYFwytd2G,8,Meowrawrxo,Druid,Claye,1254094.0
DVPfBvHpYFwytd2G,8,Lìllith,Warlock,Claye,1127803.0
DVPfBvHpYFwytd2G,8,Whilton,Druid,Whilton,934074.0
DVPfBvHpYFwytd2G,8,Lìllith,Warlock,Whilton,81503.0
DVPfBvHpYFwytd2G,8,Averlis,Druid,Whilton,74539.0
DVPfBvHpYFwytd2G,8,Synkro,Monk,Whilton,58597.0
DVPfBvHpYFwytd2G,8,Meowrawrxo,Druid,Whilton,11986.0
DVPfBvHpYFwytd2G,8,Dystrophee,DeathKnight,Dystrophee,1566911.0
DVPfBvHpYFwytd2G,8,Viserion,Evoker,Viserion,842721.0
DVPfBvHpYFwytd2G,8,Dystrophee,DeathKnight,Viserion,408975.0
DVPfBvHpYFwytd2G,8,Monfro,Hunter,Viserion,178517.0
DVPfBvHpYFwytd2G,8,Meowrawrxo,Druid,Viserion,154518.0
DVPfBvHpYFwytd2G,8,Siare,Warlock,Viserion,154466.0
DVPfBvHpYFwytd2G,8,Panes,Paladin,Panes,902536.0
DVPfBvHpYFwytd2G,8,Whilton,Druid,Panes,37206.0
DVPfBvHpYFwytd2G,8,Meowrawrxo,Druid,Panes,30573.0
DVPfBvHpYFwytd2G,8,Mannarchy,Paladin,Panes,24207.0
DVPfBvHpYFwytd2G,8,Maztajake,Druid,Panes,21160.0
DVPfBvHpYFwytd2G,8,Meowrawrxo,Druid,Meowrawrxo,873404.0
DVPfBvHpYFwytd2G,8,Mannarchy,Paladin,Meowrawrxo,191581.0
DVPfBvHpYFwytd2G,8,Whilton,Druid,Meowrawrxo,164642.0
DVPfBvHpYFwytd2G,8,Synkro,Monk,Meowrawrxo,71064.0
DVPfBvHpYFwytd2G,8,Averlis,Druid,Meowrawrxo,62872.0
DVPfBvHpYFwytd2G,8,Lìllith,Warlock,Lìllith,1255788.0
DVPfBvHpYFwytd2G,8,Synkro,Monk,Lìllith,6791.0
DVPfBvHpYFwytd2G,8,Viserion,Evoker,Lìllith,6530.0
DVPfBvHpYFwytd2G,8,Mannarchy,Paladin,Mannarchy,1005746.0
DVPfBvHpYFwytd2G,8,Meowrawrxo,Druid,Mannarchy,21347.0
DVPfBvHpYFwytd2G,8,Whilton,Druid,Mannarchy,20471.0
DVPfBvHpYFwytd2G,8,Panes,Paladin,Mannarchy,15089.0
DVPfBvHpYFwytd2G,8,Soliloquy,Priest,Mannarchy,11554.0
DVPfBvHpYFwytd2G,8,Decayed,DeathKnight,Decayed,6418396.0
DVPfBvHpYFwytd2G,9,Siare,Warlock,Siare,352200.0
DVPfBvHpYFwytd2G,9,Aurëus,Paladin,Aurëus,1807136.0
DVPfBvHpYFwytd2G,9,Greyseer,Hunter,Aurëus,64118.0
DVPfBvHpYFwytd2G,9,Panes,Paladin,Aurëus,57296.0
DVPfBvHpYFwytd2G,9,Maztajake,Druid,Aurëus,49245.0
DVPfBvHpYFwytd2G,9,Decayed,DeathKnight,Aurëus,44310.0
DVPfBvHpYFwytd2G,9,Monfro,Hunter,Monfro,539819.0
DVPfBvHpYFwytd2G,9,Chontosh,Paladin,Chontosh,3338326.0
DVPfBvHpYFwytd2G,9,Greyseer,Hunter,Chontosh,3146243.0
DVPfBvHpYFwytd2G,9,Mannarchy,Paladin,Chontosh,2394088.0
DVPfBvHpYFwytd2G,9,Decayed,DeathKnight,Chontosh,2010462.0
DVPfBvHpYFwytd2G,9,Maztajake,Druid,Chontosh,1980397.0
DVPfBvHpYFwytd2G,9,Greyseer,Hunter,Greyseer,313580.0
DVPfBvHpYFwytd2G,9,Panes,Paladin,Greyseer,15208.0
DVPfBvHpYFwytd2G,9,Whilton,Druid,Greyseer,9382.0
DVPfBvHpYFwytd2G,9,Averlis,Druid,Averlis,1066738.0
DVPfBvHpYFwytd2G,9,Dystrophee,DeathKnight,Averlis,202622.0
DVPfBvHpYFwytd2G,9,Synkro,Monk,Averlis,199795.0
DVPfBvHpYFwytd2G,9,Ilidank,DemonHunter,Averlis,191698.0
DVPfBvHpYFwytd2G,9,Primeval,Shaman,Averlis,167650.0
DVPfBvHpYFwytd2G,9,Primeval,Shaman,Primeval,4423838.0
DVPfBvHpYFwytd2G,9,Synkro,Monk,Primeval,2272720.0
DVPfBvHpYFwytd2G,9,Viserion,Evoker,Primeval,2241657.0
DVPfBvHpYFwytd2G,9,Monfro,Hunter,Primeval,2235756.0
DVPfBvHpYFwytd2G,9,Averlis,Druid,Primeval,2210013.0
DVPfBvHpYFwytd2G,9,Ilidank,DemonHunter,Ilidank,2397277.0
DVPfBvHpYFwytd2G,9,Meowrawrxo,Druid,Ilidank,7060.0
DVPfBvHpYFwytd2G,9,Averlis,Druid,Ilidank,6790.0
DVPfBvHpYFwytd2G,9,Soliloquy,Priest,Ilidank,6528.0
DVPfBvHpYFwytd2G,9,Mannarchy,Paladin,Ilidank,6528.0
DVPfBvHpYFwytd2G,9,Synkro,Monk,Synkro,6633841.0
DVPfBvHpYFwytd2G,9,Viserion,Evoker,Synkro,447776.0
DVPfBvHpYFwytd2G,9,Aurëus,Paladin,Synkro,218321.0
DVPfBvHpYFwytd2G,9,Ilidank,DemonHunter,Synkro,181931.0
DVPfBvHpYFwytd2G,9,Averlis,Druid,Synkro,177066.0
DVPfBvHpYFwytd2G,9,Maztajake,Druid,Maztajake,629394.0
DVPfBvHpYFwytd2G,9,Soliloquy,Priest,Soliloquy,3716255.0
DVPfBvHpYFwytd2G,9,Panes,Paladin,Soliloquy,1271348.0
DVPfBvHpYFwytd2G,9,Monfro,Hunter,Soliloquy,1212053.0
DVPfBvHpYFwytd2G,9,Whilton,Druid,Soliloquy,1022187.0
DVPfBvHpYFwytd2G,9,Averlis,Druid,Soliloquy,994869.0
DVPfBvHpYFwytd2G,9,Claye,Shaman,Claye,3386034.0
DVPfBvHpYFwytd2G,9,Chontosh,Paladin,Claye,1917531.0
DVPfBvHpYFwytd2G,9,Greyseer,Hunter,Claye,1676424.0
DVPfBvHpYFwytd2G,9,Panes,Paladin,Claye,1522080.0
DVPfBvHpYFwytd2G,9,Aurëus,Paladin,Claye,1484417.0
DVPfBvHpYFwytd2G,9,Whilton,Druid,Whilton,841731.0
DVPfBvHpYFwytd2G,9,Primeval,Shaman,Whilton,109886.0
DVPfBvHpYFwytd2G,9,Aurëus,Paladin,Whilton,81893.0
DVPfBvHpYFwytd2G,9,Lìllith,Warlock,Whilton,59246.0
DVPfBvHpYFwytd2G,9,Synkro,Monk,Whilton,57248.0
DVPfBvHpYFwytd2G,9,Dystrophee,DeathKnight,Dystrophee,1865431.0
DVPfBvHpYFwytd2G,9,Viserion,Evoker,Viserion,650143.0
DVPfBvHpYFwytd2G,9,Averlis,Druid,Viserion,232196.0
DVPfBvHpYFwytd2G,9,Dystrophee,DeathKnight,Viserion,225025.0
DVPfBvHpYFwytd2G,9,Lìllith,Warlock,Viserion,183723.0
DVPfBvHpYFwytd2G,9,Ilidank,DemonHunter,Viserion,178037.0
DVPfBvHpYFwytd2G,9,Panes,Paladin,Panes,1479739.0
DVPfBvHpYFwytd2G,9,Chontosh,Paladin,Panes,60861.0
DVPfBvHpYFwytd2G,9,Aurëus,Paladin,Panes,57029.0
DVPfBvHpYFwytd2G,9,Decayed,DeathKnight,Panes,49656.0
DVPfBvHpYFwytd2G,9,Whilton,Druid,Panes,48297.0
DVPfBvHpYFwytd2G,9,Meowrawrxo,Druid,Meowrawrxo,935538.0
DVPfBvHpYFwytd2G,9,Panes,Paladin,Meowrawrxo,62090.0
DVPfBvHpYFwytd2G,9,Viserion,Evoker,Meowrawrxo,59923.0
DVPfBvHpYFwytd2G,9,Averlis,Druid,Meowrawrxo,51375.0
DVPfBvHpYFwytd2G,9,Greyseer,Hunter,Meowrawrxo,44295.0
DVPfBvHpYFwytd2G,9,Lìllith,Warlock,Lìllith,1764218.0
DVPfBvHpYFwytd2G,9,Averlis,Druid,Lìllith,6789.0
DVPfBvHpYFwytd2G,9,Siare,Warlock,Lìllith,6530.0
DVPfBvHpYFwytd2G,9,Mannarchy,Paladin,Mannarchy,850010.0
DVPfBvHpYFwytd2G,9,Greyseer,Hunter,Mannarchy,82312.0
DVPfBvHpYFwytd2G,9,Decayed,DeathKnight,Mannarchy,23439.0
DVPfBvHpYFwytd2G,9,Maztajake,Druid,Mannarchy,23086.0
DVPfBvHpYFwytd2G,9,Panes,Paladin,Mannarchy,22407.0
DVPfBvHpYFwytd2G,9,Decayed,DeathKnight,Decayed,6395760.0
g2CL3b8YmcKyGwQD,14,Decayed,DeathKnight,Decayed,4689361.0
g2CL3b8YmcKyGwQD,14,Aznå,Mage,Aznå,502210.0
g2CL3b8YmcKyGwQD,14,Heyzues,Shaman,Heyzues,396166.0
g2CL3b8YmcKyGwQD,14,Gethael,DemonHunter,Gethael,857554.0
g2CL3b8YmcKyGwQD,14,Brglwwgl,Monk,Brglwwgl,343716.0
g2CL3b8YmcKyGwQD,14,Decayed,DeathKnight,Chontosh,2680498.0
g2CL3b8YmcKyGwQD,14,Sarahfi,Paladin,Chontosh,1292922.0
g2CL3b8YmcKyGwQD,14,Heyzues,Shaman,Chontosh,1052742.0
g2CL3b8YmcKyGwQD,14,Chontosh,Paladin,Chontosh,938212.0
g2CL3b8YmcKyGwQD,14,Krogal,Hunter,Chontosh,917153.0
g2CL3b8YmcKyGwQD,14,Sarahfi,Paladin,Sarahfi,2596297.0
g2CL3b8YmcKyGwQD,14,Decayed,DeathKnight,Sarahfi,72336.0
g2CL3b8YmcKyGwQD,14,Dàmnàtion,DemonHunter,Sarahfi,71456.0
g2CL3b8YmcKyGwQD,14,Azzinotica,DemonHunter,Sarahfi,34225.0
g2CL3b8YmcKyGwQD,14,Gethael,DemonHunter,Sarahfi,33861.0
g2CL3b8YmcKyGwQD,14,Dàmnàtion,DemonHunter,Dàmnàtion,661769.0
g2CL3b8YmcKyGwQD,14,Azzinotica,DemonHunter,Azzinotica,642411.0
g2CL3b8YmcKyGwQD,14,Krogal,Hunter,Krogal,517034.0
g2CL3b8YmcKyGwQD,14,Evilisuponu,Warlock,Evilisuponu,323353.0
g2CL3b8YmcKyGwQD,14,Thehealer,Priest,Thehealer,1429097.0
g2CL3b8YmcKyGwQD,14,Decayed,DeathKnight,Thehealer,1112389.0
g2CL3b8YmcKyGwQD,14,Sarahfi,Paladin,Thehealer,1088919.0
g2CL3b8YmcKyGwQD,14,Krogal,Hunter,Thehealer,952195.0
g2CL3b8YmcKyGwQD,14,Gethael,DemonHunter,Thehealer,937182.0
g2CL3b8YmcKyGwQD,15,Decayed,DeathKnight,Decayed,4833009.0
g2CL3b8YmcKyGwQD,15,Aznå,Mage,Aznå,516395.0
g2CL3b8YmcKyGwQD,15,Heyzues,Shaman,Heyzues,399862.0
g2CL3b8YmcKyGwQD,15,Gethael,DemonHunter,Gethael,868519.0
g2CL3b8YmcKyGwQD,15,Brglwwgl,Monk,Brglwwgl,745292.0
g2CL3b8YmcKyGwQD,15,Decayed,DeathKnight,Chontosh,2008176.0
g2CL3b8YmcKyGwQD,15,Sarahfi,Paladin,Chontosh,1622698.0
g2CL3b8YmcKyGwQD,15,Dàmnàtion,DemonHunter,Chontosh,1274399.0
g2CL3b8YmcKyGwQD,15,Heyzues,Shaman,Chontosh,1023232.0
g2CL3b8YmcKyGwQD,15,Brglwwgl,Monk,Chontosh,1013289.0
g2CL3b8YmcKyGwQD,15,Sarahfi,Paladin,Sarahfi,2565271.0
g2CL3b8YmcKyGwQD,15,Decayed,DeathKnight,Sarahfi,119028.0
g2CL3b8YmcKyGwQD,15,Brglwwgl,Monk,Sarahfi,74169.0
g2CL3b8YmcKyGwQD,15,Heyzues,Shaman,Sarahfi,40476.0
g2CL3b8YmcKyGwQD,15,Krogal,Hunter,Sarahfi,39901.0
g2CL3b8YmcKyGwQD,15,Dàmnàtion,DemonHunter,Dàmnàtion,719574.0
g2CL3b8YmcKyGwQD,15,Azzinotica,DemonHunter,Azzinotica,813423.0
g2CL3b8YmcKyGwQD,15,Krogal,Hunter,Krogal,65419.0
g2CL3b8YmcKyGwQD,15,Evilisuponu,Warlock,Evilisuponu,355283.0
g2CL3b8YmcKyGwQD,15,Thehealer,Priest,Thehealer,1146873.0
g2CL3b8YmcKyGwQD,15,Evilisuponu,Warlock,Thehealer,1062681.0
g2CL3b8YmcKyGwQD,15,Decayed,DeathKnight,Thehealer,986458.0
g2CL3b8YmcKyGwQD,15,Sarahfi,Paladin,Thehealer,583586.0
g2CL3b8YmcKyGwQD,15,Krogal,Hunter,Thehealer,572160.0
g2CL3b8YmcKyGwQD,16,Decayed,DeathKnight,Decayed,6747527.0
g2CL3b8YmcKyGwQD,16,Aznå,Mage,Aznå,317937.0
g2CL3b8YmcKyGwQD,16,Gethael,DemonHunter,Gethael,1465525.0
g2CL3b8YmcKyGwQD,16,Brglwwgl,Monk,Brglwwgl,780362.0
g2CL3b8YmcKyGwQD,16,Sarahfi,Paladin,Chontosh,2971483.0
g2CL3b8YmcKyGwQD,16,Decayed,DeathKnight,Chontosh,2082062.0
g2CL3b8YmcKyGwQD,16,Gethael,DemonHunter,Chontosh,1935246.0
g2CL3b8YmcKyGwQD,16,Chontosh,Paladin,Chontosh,1850192.0
g2CL3b8YmcKyGwQD,16,Krogal,Hunter,Chontosh,1395709.0
g2CL3b8YmcKyGwQD,16,Sarahfi,Paladin,Sarahfi,3527160.0
g2CL3b8YmcKyGwQD,16,Brglwwgl,Monk,Sarahfi,108195.0
g2CL3b8YmcKyGwQD,16,Chontosh,Paladin,Sarahfi,97929.0
g2CL3b8YmcKyGwQD,16,Krogal,Hunter,Sarahfi,94650.0
g2CL3b8YmcKyGwQD,16,Decayed,DeathKnight,Sarahfi,75958.0
g2CL3b8YmcKyGwQD,16,Dàmnàtion,DemonHunter,Dàmnàtion,961468.0
g2CL3b8YmcKyGwQD,16,Azzinotica,DemonHunter,Azzinotica,1561080.0
g2CL3b8YmcKyGwQD,16,Krogal,Hunter,Krogal,273821.0
g2CL3b8YmcKyGwQD,16,Evilisuponu,Warlock,Evilisuponu,533713.0
g2CL3b8YmcKyGwQD,16,Thehealer,Priest,Thehealer,2427346.0
g2CL3b8YmcKyGwQD,16,Evilisuponu,Warlock,Thehealer,1891687.0
g2CL3b8YmcKyGwQD,16,Chontosh,Paladin,Thehealer,1517028.0
g2CL3b8YmcKyGwQD,16,Decayed,DeathKnight,Thehealer,1424119.0
g2CL3b8YmcKyGwQD,16,Sarahfi,Paladin,Thehealer,1334214.0
g2CL3b8YmcKyGwQD,17,Decayed,DeathKnight,Decayed,8812397.0
g2CL3b8YmcKyGwQD,17,Aznå,Mage,Aznå,1137532.0
g2CL3b8YmcKyGwQD,17,Gethael,DemonHunter,Gethael,939414.0
g2CL3b8YmcKyGwQD,17,Thehealer,Priest,Gethael,23102.0
g2CL3b8YmcKyGwQD,17,Brglwwgl,Monk,Brglwwgl,1047591.0
g2CL3b8YmcKyGwQD,17,Decayed,DeathKnight,Brglwwgl,10983.0
g2CL3b8YmcKyGwQD,17,Sarahfi,Paladin,Chontosh,2880936.0
g2CL3b8YmcKyGwQD,17,Decayed,DeathKnight,Chontosh,2416652.0
g2CL3b8YmcKyGwQD,17,Chontosh,Paladin,Chontosh,2400130.0
g2CL3b8YmcKyGwQD,17,Krogal,Hunter,Chontosh,1827136.0
g2CL3b8YmcKyGwQD,17,Dàmnàtion,DemonHunter,Chontosh,1781811.0
g2CL3b8YmcKyGwQD,17,Sarahfi,Paladin,Sarahfi,4666292.0
g2CL3b8YmcKyGwQD,17,Decayed,DeathKnight,Sarahfi,126363.0
g2CL3b8YmcKyGwQD,17,Chontosh,Paladin,Sarahfi,116149.0
g2CL3b8YmcKyGwQD,17,Dàmnàtion,DemonHunter,Sarahfi,103123.0
g2CL3b8YmcKyGwQD,17,Brglwwgl,Monk,Sarahfi,103117.0
g2CL3b8YmcKyGwQD,17,Dàmnàtion,DemonHunter,Dàmnàtion,1735628.0
g2CL3b8YmcKyGwQD,17,Sarahfi,Paladin,Dàmnàtion,1435273.0
g2CL3b8YmcKyGwQD,17,Brglwwgl,Monk,Dàmnàtion,246950.0
g2CL3b8YmcKyGwQD,17,Azzinotica,DemonHunter,Azzinotica,1454532.0
g2CL3b8YmcKyGwQD,17,Krogal,Hunter,Krogal,335081.0
g2CL3b8YmcKyGwQD,17,Evilisuponu,Warlock,Evilisuponu,754688.0
g2CL3b8YmcKyGwQD,17,Thehealer,Priest,Thehealer,3179174.0
g2CL3b8YmcKyGwQD,17,Evilisuponu,Warlock,Thehealer,2079142.0
g2CL3b8YmcKyGwQD,17,Decayed,DeathKnight,Thehealer,2050636.0
g2CL3b8YmcKyGwQD,17,Brglwwgl,Monk,Thehealer,2049094.0
g2CL3b8YmcKyGwQD,17,Dàmnàtion,DemonHunter,Thehealer,1889048.0
g2CL3b8YmcKyGwQD,19,Decayed,DeathKnight,Decayed,8075901.0
g2CL3b8YmcKyGwQD,19,Aznå,Mage,Aznå,875265.0
g2CL3b8YmcKyGwQD,19,Gethael,DemonHunter,Gethael,1644322.0
g2CL3b8YmcKyGwQD,19,Sarahfi,Paladin,Gethael,91822.0
g2CL3b8YmcKyGwQD,19,Decayed,DeathKnight,Gethael,11262.0
g2CL3b8YmcKyGwQD,19,Thehealer,Priest,Gethael,10396.0
g2CL3b8YmcKyGwQD,19,Evilisuponu,Warlock,Gethael,846.0
g2CL3b8YmcKyGwQD,19,Brglwwgl,Monk,Brglwwgl,500091.0
g2CL3b8YmcKyGwQD,19,Chontosh,Paladin,Chontosh,3508936.0
g2CL3b8YmcKyGwQD,19,Decayed,DeathKnight,Chontosh,2981155.0
g2CL3b8YmcKyGwQD,19,Sarahfi,Paladin,Chontosh,2782208.0
g2CL3b8YmcKyGwQD,19,Dàmnàtion,DemonHunter,Chontosh,2386065.0
g2CL3b8YmcKyGwQD,19,Krogal,Hunter,Chontosh,1826056.0
g2CL3b8YmcKyGwQD,19,Sarahfi,Paladin,Sarahfi,5175272.0
g2CL3b8YmcKyGwQD,19,Decayed,DeathKnight,Sarahfi,120967.0
g2CL3b8YmcKyGwQD,19,Chontosh,Paladin,Sarahfi,115091.0
g2CL3b8YmcKyGwQD,19,Dàmnàtion,DemonHunter,Sarahfi,82617.0
g2CL3b8YmcKyGwQD,19,Evilisuponu,Warlock,Sarahfi,80123.0
g2CL3b8YmcKyGwQD,19,Dàmnàtion,DemonHunter,Dàmnàtion,1589053.0
g2CL3b8YmcKyGwQD,19,Decayed,DeathKnight,Dàmnàtion,123495.0
g2CL3b8YmcKyGwQD,19,Chontosh,Paladin,Dàmnàtion,9481.0
g2CL3b8YmcKyGwQD,19,Azzinotica,DemonHunter,Dàmnàtion,8395.0
g2CL3b8YmcKyGwQD,19,Brglwwgl,Monk,Dàmnàtion,6077.0
g2CL3b8YmcKyGwQD,19,Azzinotica,DemonHunter,Azzinotica,1595337.0
g2CL3b8YmcKyGwQD,19,Krogal,Hunter,Krogal,552218.0
g2CL3b8YmcKyGwQD,19,Evilisuponu,Warlock,Evilisuponu,815443.0
g2CL3b8YmcKyGwQD,19,Thehealer,Priest,Thehealer,2848806.0
g2CL3b8YmcKyGwQD,19,Chontosh,Paladin,Thehealer,1723295.0
g2CL3b8YmcKyGwQD,19,Sarahfi,Paladin,Thehealer,1644020.0
g2CL3b8YmcKyGwQD,19,Krogal,Hunter,Thehealer,1600150.0
g2CL3b8YmcKyGwQD,19,Evilisuponu,Warlock,Thehealer,1513769.0
g2CL3b8YmcKyGwQD,20,Decayed,DeathKnight,Decayed,16433195.0
g2CL3b8YmcKyGwQD,20,Aznå,Mage,Aznå,1385927.0
g2CL3b8YmcKyGwQD,20,Gethael,DemonHunter,Gethael,4493041.0
g2CL3b8YmcKyGwQD,20,Brglwwgl,Monk,Brglwwgl,1294824.0
g2CL3b8YmcKyGwQD,20,Chontosh,Paladin,Chontosh,6356475.0
g2CL3b8YmcKyGwQD,20,Sarahfi,Paladin,Chontosh,5186714.0
g2CL3b8YmcKyGwQD,20,Krogal,Hunter,Chontosh,4851828.0
g2CL3b8YmcKyGwQD,20,Decayed,DeathKnight,Chontosh,3986529.0
g2CL3b8YmcKyGwQD,20,Evilisuponu,Warlock,Chontosh,2939123.0
g2CL3b8YmcKyGwQD,20,Sarahfi,Paladin,Sarahfi,9478553.0
g2CL3b8YmcKyGwQD,20,Decayed,DeathKnight,Sarahfi,363655.0
g2CL3b8YmcKyGwQD,20,Chontosh,Paladin,Sarahfi,273470.0
g2CL3b8YmcKyGwQD,20,Gethael,DemonHunter,Sarahfi,167531.0
g2CL3b8YmcKyGwQD,20,Brglwwgl,Monk,Sarahfi,147284.0
g2CL3b8YmcKyGwQD,20,Dàmnàtion,DemonHunter,Dàmnàtion,1536932.0
g2CL3b8YmcKyGwQD,20,Decayed,DeathKnight,Dàmnàtion,34415.0
g2CL3b8YmcKyGwQD,20,Sarahfi,Paladin,Dàmnàtion,33774.0
g2CL3b8YmcKyGwQD,20,Azzinotica,DemonHunter,Azzinotica,3833485.0
g2CL3b8YmcKyGwQD,20,Krogal,Hunter,Krogal,1081017.0
g2CL3b8YmcKyGwQD,20,Evilisuponu,Warlock,Evilisuponu,1092456.0
g2CL3b8YmcKyGwQD,20,Thehealer,Priest,Thehealer,5540603.0
g2CL3b8YmcKyGwQD,20,Decayed,DeathKnight,Thehealer,3921116.0
g2CL3b8YmcKyGwQD,20,Evilisuponu,Warlock,Thehealer,3262235.0
g2CL3b8YmcKyGwQD,20,Sarahfi,Paladin,Thehealer,2508719.0
g2CL3b8YmcKyGwQD,20,Krogal,Hunter,Thehealer,2288184.0
g2CL3b8YmcKyGwQD,21,Decayed,DeathKnight,Decayed,8353117.0
g2CL3b8YmcKyGwQD,21,Aznå,Mage,Aznå,369587.0
g2CL3b8YmcKyGwQD,21,Gethael,DemonHunter,Gethael,872935.0
g2CL3b8YmcKyGwQD,21,Brglwwgl,Monk,Brglwwgl,377765.0
g2CL3b8YmcKyGwQD,21,Decayed,DeathKnight,Chontosh,2560666.0
g2CL3b8YmcKyGwQD,21,Krogal,Hunter,Chontosh,977959.0
g2CL3b8YmcKyGwQD,21,Chontosh,Paladin,Chontosh,973166.0
g2CL3b8YmcKyGwQD,21,Brglwwgl,Monk,Chontosh,819044.0
g2CL3b8YmcKyGwQD,21,Aznå,Mage,Chontosh,757426.0
g2CL3b8YmcKyGwQD,21,Sarahfi,Paladin,Sarahfi,2660048.0
g2CL3b8YmcKyGwQD,21,Decayed,DeathKnight,Sarahfi,76641.0
g2CL3b8YmcKyGwQD,21,Chontosh,Paladin,Sarahfi,35837.0
g2CL3b8YmcKyGwQD,21,Dàmnàtion,DemonHunter,Sarahfi,32776.0
g2CL3b8YmcKyGwQD,21,Evilisuponu,Warlock,Sarahfi,29876.0
g2CL3b8YmcKyGwQD,21,Dàmnàtion,DemonHunter,Dàmnàtion,687529.0
g2CL3b8YmcKyGwQD,21,Decayed,DeathKnight,Dàmnàtion,170289.0
g2CL3b8YmcKyGwQD,21,Azzinotica,DemonHunter,Azzinotica,1493393.0
g2CL3b8YmcKyGwQD,21,Krogal,Hunter,Krogal,65353.0
g2CL3b8YmcKyGwQD,21,Evilisuponu,Warlock,Evilisuponu,362656.0
g2CL3b8YmcKyGwQD,21,Thehealer,Priest,Thehealer,1180040.0
g2CL3b8YmcKyGwQD,21,Krogal,Hunter,Thehealer,1057285.0
g2CL3b8YmcKyGwQD,21,Decayed,DeathKnight,Thehealer,1043889.0
g2CL3b8YmcKyGwQD,21,Chontosh,Paladin,Thehealer,886668.0
g2CL3b8YmcKyGwQD,21,Aznå,Mage,Thehealer,655457.0
g2CL3b8YmcKyGwQD,5,Dauminish,DemonHunter,Dauminish,987844.0
g2CL3b8YmcKyGwQD,5,Azzinotica,DemonHunter,Azzinotica,1225257.0
g2CL3b8YmcKyGwQD,5,Krogal,Hunter,Krogal,266998.0
g2CL3b8YmcKyGwQD,5,Evilisuponu,Warlock,Evilisuponu,565359.0
g2CL3b8YmcKyGwQD,5,Pinsleepe,Mage,Pinsleepe,736466.0
g2CL3b8YmcKyGwQD,5,Thehealer,Priest,Thehealer,2237664.0
g2CL3b8YmcKyGwQD,5,Evilisuponu,Warlock,Thehealer,1331288.0
g2CL3b8YmcKyGwQD,5,Splittail,Hunter,Thehealer,1130637.0
g2CL3b8YmcKyGwQD,5,Chontosh,Paladin,Thehealer,1124789.0
g2CL3b8YmcKyGwQD,5,Dàmàn,Warlock,Thehealer,808210.0
g2CL3b8YmcKyGwQD,5,Zifnab,Mage,Zifnab,836220.0
g2CL3b8YmcKyGwQD,5,Kielus,Paladin,Kielus,1168948.0
g2CL3b8YmcKyGwQD,5,Stabbygirl,Rogue,Kielus,35670.0
g2CL3b8YmcKyGwQD,5,Thehealer,Priest,Kielus,25617.0
g2CL3b8YmcKyGwQD,5,Ezhrah,Monk,Kielus,23480.0
g2CL3b8YmcKyGwQD,5,Dauminish,DemonHunter,Kielus,21410.0
g2CL3b8YmcKyGwQD,5,Stabbygirl,Rogue,Stabbygirl,999349.0
g2CL3b8YmcKyGwQD,5,Gethael,DemonHunter,Gethael,713511.0
g2CL3b8YmcKyGwQD,5,Brglwwgl,Monk,Brglwwgl,653136.0
g2CL3b8YmcKyGwQD,5,Chontosh,Paladin,Chontosh,2242927.0
g2CL3b8YmcKyGwQD,5,Pinsleepe,Mage,Chontosh,1533963.0
g2CL3b8YmcKyGwQD,5,Evilisuponu,Warlock,Chontosh,1069911.0
g2CL3b8YmcKyGwQD,5,Krogal,Hunter,Chontosh,1023779.0
g2CL3b8YmcKyGwQD,5,Ezhrah,Monk,Chontosh,923946.0
g2CL3b8YmcKyGwQD,5,Ezhrah,Monk,Ezhrah,1377722.0
g2CL3b8YmcKyGwQD,5,Brglwwgl,Monk,Ezhrah,44729.0
g2CL3b8YmcKyGwQD,5,Stabbygirl,Rogue,Ezhrah,39002.0
g2CL3b8YmcKyGwQD,5,Datoka,Shaman,Ezhrah,7798.0
g2CL3b8YmcKyGwQD,5,Datoka,Shaman,Datoka,1782543.0
g2CL3b8YmcKyGwQD,5,Chontosh,Paladin,Datoka,1690528.0
g2CL3b8YmcKyGwQD,5,Evilisuponu,Warlock,Datoka,896468.0
g2CL3b8YmcKyGwQD,5,Dàmàn,Warlock,Datoka,850891.0
g2CL3b8YmcKyGwQD,5,Kielus,Paladin,Datoka,741037.0
g2CL3b8YmcKyGwQD,5,Sarahfi,Paladin,Sarahfi,2288420.0
g2CL3b8YmcKyGwQD,5,Brglwwgl,Monk,Sarahfi,108104.0
g2CL3b8YmcKyGwQD,5,Dàmàn,Warlock,Sarahfi,74573.0
g2CL3b8YmcKyGwQD,5,Azzinotica,DemonHunter,Sarahfi,64646.0
g2CL3b8YmcKyGwQD,5,Kielus,Paladin,Sarahfi,63959.0
g2CL3b8YmcKyGwQD,5,Tazara,Evoker,Tazara,2333294.0
g2CL3b8YmcKyGwQD,5,Chontosh,Paladin,Tazara,1183409.0
g2CL3b8YmcKyGwQD,5,Brglwwgl,Monk,Tazara,638318.0
g2CL3b8YmcKyGwQD,5,Dàmàn,Warlock,Tazara,624728.0
g2CL3b8YmcKyGwQD,5,Azzinotica,DemonHunter,Tazara,428322.0
g2CL3b8YmcKyGwQD,5,Dàmàn,Warlock,Dàmàn,438200.0
g2CL3b8YmcKyGwQD,8,Dauminish,DemonHunter,Dauminish,1052681.0
g2CL3b8YmcKyGwQD,8,Azzinotica,DemonHunter,Azzinotica,1406108.0
g2CL3b8YmcKyGwQD,8,Krogal,Hunter,Krogal,360867.0
g2CL3b8YmcKyGwQD,8,Pinsleepe,Mage,Pinsleepe,1048098.0
g2CL3b8YmcKyGwQD,8,Evilisuponu,Warlock,Evilisuponu,803068.0
g2CL3b8YmcKyGwQD,8,Ezhrah,Monk,Thehealer,2073335.0
g2CL3b8YmcKyGwQD,8,Thehealer,Priest,Thehealer,1997907.0
g2CL3b8YmcKyGwQD,8,Splittail,Hunter,Thehealer,1674219.0
g2CL3b8YmcKyGwQD,8,Krogal,Hunter,Thehealer,1293129.0
g2CL3b8YmcKyGwQD,8,Evilisuponu,Warlock,Thehealer,943205.0
g2CL3b8YmcKyGwQD,8,Zifnab,Mage,Zifnab,333078.0
g2CL3b8YmcKyGwQD,8,Kielus,Paladin,Kielus,1506084.0
g2CL3b8YmcKyGwQD,8,Ezhrah,Monk,Kielus,53753.0
g2CL3b8YmcKyGwQD,8,Splittail,Hunter,Kielus,43261.0
g2CL3b8YmcKyGwQD,8,Azzinotica,DemonHunter,Kielus,36608.0
g2CL3b8YmcKyGwQD,8,Dàmàn,Warlock,Kielus,34840.0
g2CL3b8YmcKyGwQD,8,Splittail,Hunter,Splittail,918.0
g2CL3b8YmcKyGwQD,8,Stabbygirl,Rogue,Stabbygirl,1490525.0
g2CL3b8YmcKyGwQD,8,Gethael,DemonHunter,Gethael,1527353.0
g2CL3b8YmcKyGwQD,8,Brglwwgl,Monk,Brglwwgl,1133428.0
g2CL3b8YmcKyGwQD,8,Splittail,Hunter,Brglwwgl,8567.0
g2CL3b8YmcKyGwQD,8,Ezhrah,Monk,Chontosh,3352401.0
g2CL3b8YmcKyGwQD,8,Zifnab,Mage,Chontosh,2227394.0
g2CL3b8YmcKyGwQD,8,Pinsleepe,Mage,Chontosh,1976017.0
g2CL3b8YmcKyGwQD,8,Chontosh,Paladin,Chontosh,1349424.0
g2CL3b8YmcKyGwQD,8,Splittail,Hunter,Chontosh,1248385.0
g2CL3b8YmcKyGwQD,8,Ezhrah,Monk,Ezhrah,4152278.0
g2CL3b8YmcKyGwQD,8,Sarahfi,Paladin,Ezhrah,113905.0
g2CL3b8YmcKyGwQD,8,Zifnab,Mage,Ezhrah,87924.0
g2CL3b8YmcKyGwQD,8,Gethael,DemonHunter,Ezhrah,50643.0
g2CL3b8YmcKyGwQD,8,Dàmàn,Warlock,Ezhrah,34712.0
g2CL3b8YmcKyGwQD,8,Datoka,Shaman,Datoka,1692454.0
g2CL3b8YmcKyGwQD,8,Ezhrah,Monk,Datoka,1657254.0
g2CL3b8YmcKyGwQD,8,Stabbygirl,Rogue,Datoka,1226984.0
g2CL3b8YmcKyGwQD,8,Kielus,Paladin,Datoka,1054059.0
g2CL3b8YmcKyGwQD,8,Zifnab,Mage,Datoka,918910.0
g2CL3b8YmcKyGwQD,8,Sarahfi,Paladin,Sarahfi,4405846.0
g2CL3b8YmcKyGwQD,8,Ezhrah,Monk,Sarahfi,250588.0
g2CL3b8YmcKyGwQD,8,Brglwwgl,Monk,Sarahfi,160419.0
g2CL3b8YmcKyGwQD,8,Zifnab,Mage,Sarahfi,78446.0
g2CL3b8YmcKyGwQD,8,Kielus,Paladin,Sarahfi,77544.0
g2CL3b8YmcKyGwQD,8,Ezhrah,Monk,Tazara,2271236.0
g2CL3b8YmcKyGwQD,8,Tazara,Evoker,Tazara,2092831.0
g2CL3b8YmcKyGwQD,8,Splittail,Hunter,Tazara,1143972.0
g2CL3b8YmcKyGwQD,8,Chontosh,Paladin,Tazara,969424.0
g2CL3b8YmcKyGwQD,8,Krogal,Hunter,Tazara,872321.0
g2CL3b8YmcKyGwQD,8,Dàmàn,Warlock,Dàmàn,814337.0
GBXcvzpjkJAxCH6P,10,Naaven,Paladin,Mypriiest,13103899.0
GBXcvzpjkJAxCH6P,10,Mypriiest,Priest,Mypriiest,10266810.0
GBXcvzpjkJAxCH6P,10,Greyseer,Hunter,Mypriiest,8973629.0
GBXcvzpjkJAxCH6P,10,Shockabeotch,Shaman,Mypriiest,8601432.0
GBXcvzpjkJAxCH6P,10,Beez,Mage,Mypriiest,8335010.0
GBXcvzpjkJAxCH6P,10,Edalem,DemonHunter,Edalem,8033935.0
GBXcvzpjkJAxCH6P,10,Shockabeotch,Shaman,Edalem,461296.0
GBXcvzpjkJAxCH6P,10,Greyseer,Hunter,Edalem,436658.0
GBXcvzpjkJAxCH6P,10,Mypriiest,Priest,Edalem,288269.0
GBXcvzpjkJAxCH6P,10,Chontosh,Paladin,Edalem,112415.0
GBXcvzpjkJAxCH6P,10,Ahhoy,Paladin,Ahhoy,4368825.0
GBXcvzpjkJAxCH6P,10,Manodedios,Paladin,Ahhoy,443913.0
GBXcvzpjkJAxCH6P,10,Muktukk,DeathKnight,Ahhoy,417187.0
GBXcvzpjkJAxCH6P,10,Høss,Warrior,Ahhoy,358397.0
GBXcvzpjkJAxCH6P,10,Edarnir,Paladin,Ahhoy,332943.0
GBXcvzpjkJAxCH6P,10,Muktukk,DeathKnight,Muktukk,37858229.0
GBXcvzpjkJAxCH6P,10,Naaven,Paladin,Naaven,21218747.0
GBXcvzpjkJAxCH6P,10,Erebus,Rogue,Naaven,478744.0
GBXcvzpjkJAxCH6P,10,Greyseer,Hunter,Naaven,430817.0
GBXcvzpjkJAxCH6P,10,Chontosh,Paladin,Naaven,383980.0
GBXcvzpjkJAxCH6P,10,Edalem,DemonHunter,Naaven,383712.0
GBXcvzpjkJAxCH6P,10,Beez,Mage,Beez,4247584.0
GBXcvzpjkJAxCH6P,10,Maztajake,Druid,Beez,18425.0
GBXcvzpjkJAxCH6P,10,Vênarial,Mage,Vênarial,5543308.0
GBXcvzpjkJAxCH6P,10,Erebus,Rogue,Erebus,4412638.0
GBXcvzpjkJAxCH6P,10,Maztajake,Druid,Maztajake,1038295.0
GBXcvzpjkJAxCH6P,10,Khiurae,Shaman,Khiurae,3398463.0
GBXcvzpjkJAxCH6P,10,Naaven,Paladin,Khiurae,1682296.0
GBXcvzpjkJAxCH6P,10,Shockabeotch,Shaman,Shockabeotch,2639275.0
GBXcvzpjkJAxCH6P,10,Naaven,Paladin,Shockabeotch,1559262.0
GBXcvzpjkJAxCH6P,10,Chontosh,Paladin,Chontosh,11862332.0
GBXcvzpjkJAxCH6P,10,Maztajake,Druid,Chontosh,11076786.0
GBXcvzpjkJAxCH6P,10,Naaven,Paladin,Chontosh,10109817.0
GBXcvzpjkJAxCH6P,10,Shockabeotch,Shaman,Chontosh,9101860.0
GBXcvzpjkJAxCH6P,10,Greyseer,Hunter,Chontosh,8013688.0
GBXcvzpjkJAxCH6P,10,Manodedios,Paladin,Manodedios,4108077.0
GBXcvzpjkJAxCH6P,10,Muktukk,DeathKnight,Manodedios,289337.0
GBXcvzpjkJAxCH6P,10,Høss,Warrior,Manodedios,240493.0
GBXcvzpjkJAxCH6P,10,Ahhoy,Paladin,Manodedios,238612.0
GBXcvzpjkJAxCH6P,10,Edarnir,Paladin,Manodedios,215503.0
GBXcvzpjkJAxCH6P,10,Serraphhiimm,Warlock,Serraphhiimm,4556810.0
GBXcvzpjkJAxCH6P,10,Holè,Mage,Holè,4681067.0
GBXcvzpjkJAxCH6P,10,Vênarial,Mage,Holè,10374.0
GBXcvzpjkJAxCH6P,10,Muktukk,DeathKnight,Bubblebie,16479916.0
GBXcvzpjkJAxCH6P,10,Edarnir,Paladin,Bubblebie,10273194.0
GBXcvzpjkJAxCH6P,10,Bubblebie,Paladin,Bubblebie,9279804.0
GBXcvzpjkJAxCH6P,10,Vênarial,Mage,Bubblebie,8749382.0
GBXcvzpjkJAxCH6P,10,Khiurae,Shaman,Bubblebie,7763341.0
GBXcvzpjkJAxCH6P,10,Aiondormu,Evoker,Aiondormu,3987242.0
GBXcvzpjkJAxCH6P,10,Manodedios,Paladin,Aiondormu,237547.0
GBXcvzpjkJAxCH6P,10,Holè,Mage,Aiondormu,232236.0
GBXcvzpjkJAxCH6P,10,Khiurae,Shaman,Aiondormu,173895.0
GBXcvzpjkJAxCH6P,10,Edarnir,Paladin,Aiondormu,76513.0
GBXcvzpjkJAxCH6P,10,Greyseer,Hunter,Greyseer,762473.0
GBXcvzpjkJAxCH6P,10,Maztajake,Druid,Greyseer,35788.0
GBXcvzpjkJAxCH6P,10,Mypriiest,Priest,Greyseer,15551.0
GBXcvzpjkJAxCH6P,10,Edarnir,Paladin,Edarnir,10706690.0
GBXcvzpjkJAxCH6P,10,Høss,Warrior,Edarnir,10243665.0
GBXcvzpjkJAxCH6P,10,Aiondormu,Evoker,Edarnir,7719057.0
GBXcvzpjkJAxCH6P,10,Bubblebie,Paladin,Edarnir,7698230.0
GBXcvzpjkJAxCH6P,10,Ahhoy,Paladin,Edarnir,7596048.0
GBXcvzpjkJAxCH6P,10,Høss,Warrior,Høss,5010642.0
GBXcvzpjkJAxCH6P,17,Mypriiest,Priest,Mypriiest,7332715.0
GBXcvzpjkJAxCH6P,17,Manodedios,Paladin,Mypriiest,6265256.0
GBXcvzpjkJAxCH6P,17,Naaven,Paladin,Mypriiest,5921480.0
GBXcvzpjkJAxCH6P,17,Ecuasygnat,Shaman,Mypriiest,5327681.0
GBXcvzpjkJAxCH6P,17,Serraphhiimm,Warlock,Mypriiest,4575258.0
GBXcvzpjkJAxCH6P,17,Edalem,DemonHunter,Edalem,6719203.0
GBXcvzpjkJAxCH6P,17,Thaya,Mage,Edalem,59232.0
GBXcvzpjkJAxCH6P,17,Aiondormu,Evoker,Edalem,35211.0
GBXcvzpjkJAxCH6P,17,Maztajake,Druid,Edalem,33981.0
GBXcvzpjkJAxCH6P,17,Høss,Warrior,Edalem,33856.0
GBXcvzpjkJAxCH6P,17,Ahhoy,Paladin,Ahhoy,7587916.0
GBXcvzpjkJAxCH6P,17,Serraphhiimm,Warlock,Ahhoy,5490029.0
GBXcvzpjkJAxCH6P,17,Chontosh,Paladin,Ahhoy,5385276.0
GBXcvzpjkJAxCH6P,17,Thaya,Mage,Ahhoy,5308737.0
GBXcvzpjkJAxCH6P,17,Maztajake,Druid,Ahhoy,5291848.0
GBXcvzpjkJAxCH6P,17,Chontosh,Paladin,Chontosh,7450708.0
GBXcvzpjkJAxCH6P,17,Shockabeotch,Shaman,Chontosh,4778513.0
GBXcvzpjkJAxCH6P,17,Thaya,Mage,Chontosh,4681237.0
GBXcvzpjkJAxCH6P,17,Edarnir,Paladin,Chontosh,3831977.0
GBXcvzpjkJAxCH6P,17,Mypriiest,Priest,Chontosh,3677340.0
GBXcvzpjkJAxCH6P,17,Manodedios,Paladin,Manodedios,2558549.0
GBXcvzpjkJAxCH6P,17,Edalem,DemonHunter,Manodedios,174028.0
GBXcvzpjkJAxCH6P,17,Høss,Warrior,Manodedios,159926.0
GBXcvzpjkJAxCH6P,17,Aiondormu,Evoker,Manodedios,155606.0
GBXcvzpjkJAxCH6P,17,Shockabeotch,Shaman,Manodedios,144678.0
GBXcvzpjkJAxCH6P,17,Serraphhiimm,Warlock,Serraphhiimm,3720642.0
GBXcvzpjkJAxCH6P,17,Ecuasygnat,Shaman,Ecuasygnat,1866089.0
GBXcvzpjkJAxCH6P,17,Aiondormu,Evoker,Aiondormu,2660177.0
GBXcvzpjkJAxCH6P,17,Mypriiest,Priest,Aiondormu,97901.0
GBXcvzpjkJAxCH6P,17,Ecuasygnat,Shaman,Aiondormu,96956.0
GBXcvzpjkJAxCH6P,17,Edalem,DemonHunter,Aiondormu,54589.0
GBXcvzpjkJAxCH6P,17,Beez,Mage,Aiondormu,54472.0
GBXcvzpjkJAxCH6P,17,Naaven,Paladin,Naaven,15258860.0
GBXcvzpjkJAxCH6P,17,Manodedios,Paladin,Naaven,249974.0
GBXcvzpjkJAxCH6P,17,Ahhoy,Paladin,Naaven,192192.0
GBXcvzpjkJAxCH6P,17,Edalem,DemonHunter,Naaven,170538.0
GBXcvzpjkJAxCH6P,17,Høss,Warrior,Naaven,160963.0
GBXcvzpjkJAxCH6P,17,Thaya,Mage,Thaya,4413493.0
GBXcvzpjkJAxCH6P,17,Beez,Mage,Beez,2469067.0
GBXcvzpjkJAxCH6P,17,Serraphhiimm,Warlock,Beez,16981.0
GBXcvzpjkJAxCH6P,17,Høss,Warrior,Beez,15534.0
GBXcvzpjkJAxCH6P,17,Vênarial,Mage,Vênarial,5470007.0
GBXcvzpjkJAxCH6P,17,Erebus,Rogue,Erebus,3644813.0
GBXcvzpjkJAxCH6P,17,Edarnir,Paladin,Edarnir,5676412.0
GBXcvzpjkJAxCH6P,17,Naaven,Paladin,Edarnir,5584639.0
GBXcvzpjkJAxCH6P,17,Ahhoy,Paladin,Edarnir,4423265.0
GBXcvzpjkJAxCH6P,17,Beez,Mage,Edarnir,4168445.0
GBXcvzpjkJAxCH6P,17,Høss,Warrior,Edarnir,4130173.0
GBXcvzpjkJAxCH6P,17,Maztajake,Druid,Maztajake,1282369.0
GBXcvzpjkJAxCH6P,17,Faestrix,DemonHunter,Faestrix,21004016.0
GBXcvzpjkJAxCH6P,17,Shockabeotch,Shaman,Faestrix,316836.0
GBXcvzpjkJAxCH6P,17,Høss,Warrior,Faestrix,311224.0
GBXcvzpjkJAxCH6P,17,Beez,Mage,Faestrix,285761.0
GBXcvzpjkJAxCH6P,17,Edalem,DemonHunter,Faestrix,268566.0
GBXcvzpjkJAxCH6P,17,Høss,Warrior,Høss,4216570.0
GBXcvzpjkJAxCH6P,17,Thaya,Mage,Høss,13335.0
GBXcvzpjkJAxCH6P,17,Typhia,DemonHunter,Typhia,6215806.0
GBXcvzpjkJAxCH6P,17,Edarnir,Paladin,Typhia,69229.0
GBXcvzpjkJAxCH6P,17,Beez,Mage,Typhia,52731.0
GBXcvzpjkJAxCH6P,17,Ahhoy,Paladin,Typhia,34939.0
GBXcvzpjkJAxCH6P,17,Chontosh,Paladin,Typhia,23386.0
GBXcvzpjkJAxCH6P,17,Frankllinn,Shaman,Frankllinn,3409641.0
GBXcvzpjkJAxCH6P,17,Shockabeotch,Shaman,Shockabeotch,2749610.0
GBXcvzpjkJAxCH6P,1,Khiurae,Shaman,Mypriiest,5635396.0
GBXcvzpjkJAxCH6P,1,Mypriiest,Priest,Mypriiest,5618379.0
GBXcvzpjkJAxCH6P,1,Aiondormu,Evoker,Mypriiest,4907194.0
GBXcvzpjkJAxCH6P,1,Manodedios,Paladin,Mypriiest,4843834.0
GBXcvzpjkJAxCH6P,1,Naaven,Paladin,Mypriiest,4708891.0
GBXcvzpjkJAxCH6P,1,Edalem,DemonHunter,Edalem,6203912.0
GBXcvzpjkJAxCH6P,1,Aiondormu,Evoker,Edalem,136716.0
GBXcvzpjkJAxCH6P,1,Erebus,Rogue,Edalem,73827.0
GBXcvzpjkJAxCH6P,1,Maztajake,Druid,Edalem,38293.0
GBXcvzpjkJAxCH6P,1,Chontosh,Paladin,Edalem,37866.0
GBXcvzpjkJAxCH6P,1,Ahhoy,Paladin,Ahhoy,3733319.0
GBXcvzpjkJAxCH6P,1,Naaven,Paladin,Ahhoy,391957.0
GBXcvzpjkJAxCH6P,1,Bubblebie,Paladin,Ahhoy,207911.0
GBXcvzpjkJAxCH6P,1,Manodedios,Paladin,Ahhoy,200856.0
GBXcvzpjkJAxCH6P,1,Greyseer,Hunter,Ahhoy,141833.0
GBXcvzpjkJAxCH6P,1,Muktukk,DeathKnight,Muktukk,15238615.0
GBXcvzpjkJAxCH6P,1,Naaven,Paladin,Naaven,11745927.0
GBXcvzpjkJAxCH6P,1,Høss,Warrior,Naaven,204084.0
GBXcvzpjkJAxCH6P,1,Greyseer,Hunter,Naaven,151666.0
GBXcvzpjkJAxCH6P,1,Erebus,Rogue,Naaven,136920.0
GBXcvzpjkJAxCH6P,1,Holè,Mage,Naaven,121200.0
GBXcvzpjkJAxCH6P,1,Beez,Mage,Beez,2586531.0
GBXcvzpjkJAxCH6P,1,Vênarial,Mage,Vênarial,3190914.0
GBXcvzpjkJAxCH6P,1,Erebus,Rogue,Erebus,3744926.0
GBXcvzpjkJAxCH6P,1,Maztajake,Druid,Maztajake,488750.0
GBXcvzpjkJAxCH6P,1,Khiurae,Shaman,Khiurae,2157051.0
GBXcvzpjkJAxCH6P,1,Naaven,Paladin,Khiurae,591795.0
GBXcvzpjkJAxCH6P,1,Shockabeotch,Shaman,Shockabeotch,1064020.0
GBXcvzpjkJAxCH6P,1,Maztajake,Druid,Chontosh,4942965.0
GBXcvzpjkJAxCH6P,1,Greyseer,Hunter,Chontosh,4890336.0
GBXcvzpjkJAxCH6P,1,Chontosh,Paladin,Chontosh,4765401.0
GBXcvzpjkJAxCH6P,1,Manodedios,Paladin,Chontosh,4317011.0
GBXcvzpjkJAxCH6P,1,Naaven,Paladin,Chontosh,4102936.0
GBXcvzpjkJAxCH6P,1,Manodedios,Paladin,Manodedios,1418801.0
GBXcvzpjkJAxCH6P,1,Høss,Warrior,Manodedios,213542.0
GBXcvzpjkJAxCH6P,1,Ahhoy,Paladin,Manodedios,173673.0
GBXcvzpjkJAxCH6P,1,Shockabeotch,Shaman,Manodedios,172865.0
GBXcvzpjkJAxCH6P,1,Muktukk,DeathKnight,Manodedios,165976.0
GBXcvzpjkJAxCH6P,1,Holè,Mage,Holè,3675969.0
GBXcvzpjkJAxCH6P,1,Edarnir,Paladin,Holè,11115.0
GBXcvzpjkJAxCH6P,1,Serraphhiimm,Warlock,Serraphhiimm,4153283.0
GBXcvzpjkJAxCH6P,1,Bubblebie,Paladin,Bubblebie,4900570.0
GBXcvzpjkJAxCH6P,1,Edarnir,Paladin,Bubblebie,3639224.0
GBXcvzpjkJAxCH6P,1,Chontosh,Paladin,Bubblebie,3523710.0
GBXcvzpjkJAxCH6P,1,Naaven,Paladin,Bubblebie,3431988.0
GBXcvzpjkJAxCH6P,1,Shockabeotch,Shaman,Bubblebie,3373729.0
GBXcvzpjkJAxCH6P,1,Aiondormu,Evoker,Aiondormu,2096432.0
GBXcvzpjkJAxCH6P,1,Beez,Mage,Aiondormu,223545.0
GBXcvzpjkJAxCH6P,1,Edalem,DemonHunter,Aiondormu,100817.0
GBXcvzpjkJAxCH6P,1,Ahhoy,Paladin,Aiondormu,72600.0
GBXcvzpjkJAxCH6P,1,Serraphhiimm,Warlock,Aiondormu,71119.0
GBXcvzpjkJAxCH6P,1,Greyseer,Hunter,Greyseer,788360.0
GBXcvzpjkJAxCH6P,1,Edarnir,Paladin,Edarnir,5366319.0
GBXcvzpjkJAxCH6P,1,Beez,Mage,Edarnir,4380247.0
GBXcvzpjkJAxCH6P,1,Manodedios,Paladin,Edarnir,3731538.0
GBXcvzpjkJAxCH6P,1,Shockabeotch,Shaman,Edarnir,3221232.0
GBXcvzpjkJAxCH6P,1,Vênarial,Mage,Edarnir,3137725.0
GBXcvzpjkJAxCH6P,1,Høss,Warrior,Høss,3310255.0
GBXcvzpjkJAxCH6P,22,Faestrix,DemonHunter,Mypriiest,7339348.0
GBXcvzpjkJAxCH6P,22,Mypriiest,Priest,Mypriiest,6232623.0
GBXcvzpjkJAxCH6P,22,Edarnir,Paladin,Mypriiest,5973607.0
GBXcvzpjkJAxCH6P,22,Naaven,Paladin,Mypriiest,5664836.0
GBXcvzpjkJAxCH6P,22,Ahhoy,Paladin,Mypriiest,4551241.0
GBXcvzpjkJAxCH6P,22,Edalem,DemonHunter,Edalem,5925650.0
GBXcvzpjkJAxCH6P,22,Shockabeotch,Shaman,Edalem,394452.0
GBXcvzpjkJAxCH6P,22,Ahhoy,Paladin,Edalem,97161.0
GBXcvzpjkJAxCH6P,22,Erebus,Rogue,Edalem,65671.0
GBXcvzpjkJAxCH6P,22,Srrampage,Mage,Edalem,61488.0
GBXcvzpjkJAxCH6P,22,Srrampage,Mage,Srrampage,4933461.0
GBXcvzpjkJAxCH6P,22,Faestrix,DemonHunter,Chontosh,6282683.0
GBXcvzpjkJAxCH6P,22,Naaven,Paladin,Chontosh,5810045.0
GBXcvzpjkJAxCH6P,22,Ahhoy,Paladin,Chontosh,5732978.0
GBXcvzpjkJAxCH6P,22,Edarnir,Paladin,Chontosh,4466508.0
GBXcvzpjkJAxCH6P,22,Shockabeotch,Shaman,Chontosh,3949610.0
GBXcvzpjkJAxCH6P,22,Kynrena,Hunter,Kynrena,3839495.0
GBXcvzpjkJAxCH6P,22,Thaya,Mage,Kynrena,11827.0
GBXcvzpjkJAxCH6P,22,Faestrix,DemonHunter,Ahhoy,8297313.0
GBXcvzpjkJAxCH6P,22,Ahhoy,Paladin,Ahhoy,7750829.0
GBXcvzpjkJAxCH6P,22,Naaven,Paladin,Ahhoy,7551453.0
GBXcvzpjkJAxCH6P,22,Edarnir,Paladin,Ahhoy,6119290.0
GBXcvzpjkJAxCH6P,22,Shockabeotch,Shaman,Ahhoy,6028396.0
GBXcvzpjkJAxCH6P,22,Serraphhiimm,Warlock,Serraphhiimm,4351126.0
GBXcvzpjkJAxCH6P,22,Ecuasygnat,Shaman,Ecuasygnat,1793257.0
GBXcvzpjkJAxCH6P,22,Edarnir,Paladin,Ecuasygnat,31892.0
GBXcvzpjkJAxCH6P,22,Maztajake,Druid,Ecuasygnat,8814.0
GBXcvzpjkJAxCH6P,22,Aiondormu,Evoker,Aiondormu,1607239.0
GBXcvzpjkJAxCH6P,22,Naaven,Paladin,Aiondormu,48942.0
GBXcvzpjkJAxCH6P,22,Erebus,Rogue,Aiondormu,24489.0
GBXcvzpjkJAxCH6P,22,Naaven,Paladin,Naaven,16670732.0
GBXcvzpjkJAxCH6P,22,Serraphhiimm,Warlock,Naaven,259999.0
GBXcvzpjkJAxCH6P,22,Chontosh,Paladin,Naaven,251591.0
GBXcvzpjkJAxCH6P,22,Faestrix,DemonHunter,Naaven,241964.0
GBXcvzpjkJAxCH6P,22,Ahhoy,Paladin,Naaven,225496.0
GBXcvzpjkJAxCH6P,22,Vênarial,Mage,Vênarial,4465586.0
GBXcvzpjkJAxCH6P,22,Beez,Mage,Vênarial,14068.0
GBXcvzpjkJAxCH6P,22,Beez,Mage,Beez,3399772.0
GBXcvzpjkJAxCH6P,22,Thaya,Mage,Thaya,3263321.0
GBXcvzpjkJAxCH6P,22,Erebus,Rogue,Erebus,3921108.0
GBXcvzpjkJAxCH6P,22,Naaven,Paladin,Edarnir,7533640.0
GBXcvzpjkJAxCH6P,22,Edarnir,Paladin,Edarnir,5429549.0
GBXcvzpjkJAxCH6P,22,Erebus,Rogue,Edarnir,4216537.0
GBXcvzpjkJAxCH6P,22,Beez,Mage,Edarnir,4093716.0
GBXcvzpjkJAxCH6P,22,Srrampage,Mage,Edarnir,3873544.0
GBXcvzpjkJAxCH6P,22,Maztajake,Druid,Maztajake,190382.0
GBXcvzpjkJAxCH6P,22,Faestrix,DemonHunter,Faestrix,19650640.0
GBXcvzpjkJAxCH6P,22,Aiondormu,Evoker,Faestrix,96070.0
GBXcvzpjkJAxCH6P,22,Thaya,Mage,Faestrix,74090.0
GBXcvzpjkJAxCH6P,22,Srrampage,Mage,Faestrix,62828.0
GBXcvzpjkJAxCH6P,22,Erebus,Rogue,Faestrix,61495.0
GBXcvzpjkJAxCH6P,22,Yunahpabo,Warrior,Yunahpabo,6442003.0
GBXcvzpjkJAxCH6P,22,Erebus,Rogue,Yunahpabo,71865.0
GBXcvzpjkJAxCH6P,22,Srrampage,Mage,Yunahpabo,46732.0
GBXcvzpjkJAxCH6P,22,Aiondormu,Evoker,Yunahpabo,33383.0
GBXcvzpjkJAxCH6P,22,Edalem,DemonHunter,Yunahpabo,27445.0
GBXcvzpjkJAxCH6P,22,Høss,Warrior,Høss,6517956.0
GBXcvzpjkJAxCH6P,22,Erebus,Rogue,Høss,26666.0
GBXcvzpjkJAxCH6P,22,Thaya,Mage,Høss,20200.0
GBXcvzpjkJAxCH6P,22,Aiondormu,Evoker,Høss,17778.0
GBXcvzpjkJAxCH6P,22,Maztajake,Druid,Høss,16950.0
GBXcvzpjkJAxCH6P,22,Shockabeotch,Shaman,Shockabeotch,2274425.0
GBXcvzpjkJAxCH6P,22,Maztajake,Druid,Shockabeotch,15413.0
GBXcvzpjkJAxCH6P,29,Lulara,Priest,Mypriiest,939836.0
GBXcvzpjkJAxCH6P,29,Serraphhiimm,Warlock,Mypriiest,910979.0
GBXcvzpjkJAxCH6P,29,Kynrena,Hunter,Mypriiest,883597.0
GBXcvzpjkJAxCH6P,29,Missnun,Monk,Mypriiest,861202.0
GBXcvzpjkJAxCH6P,29,Hogo,Paladin,Mypriiest,759292.0
GBXcvzpjkJAxCH6P,29,Lulara,Priest,Lulara,1243100.0
GBXcvzpjkJAxCH6P,29,Shockabeotch,Shaman,Lulara,191885.0
GBXcvzpjkJAxCH6P,29,Aiondormu,Evoker,Lulara,141092.0
GBXcvzpjkJAxCH6P,29,Kynrena,Hunter,Lulara,119734.0
GBXcvzpjkJAxCH6P,29,Kaifados,Warlock,Lulara,94726.0
GBXcvzpjkJAxCH6P,29,Edalem,DemonHunter,Edalem,1748495.0
GBXcvzpjkJAxCH6P,29,Srrampage,Mage,Edalem,30413.0
GBXcvzpjkJAxCH6P,29,Thaya,Mage,Edalem,741.0
GBXcvzpjkJAxCH6P,29,Srrampage,Mage,Srrampage,1560034.0
GBXcvzpjkJAxCH6P,29,Kynrena,Hunter,Ahhoy,779850.0
GBXcvzpjkJAxCH6P,29,Calzonadie,DeathKnight,Ahhoy,702131.0
GBXcvzpjkJAxCH6P,29,Missnun,Monk,Ahhoy,666593.0
GBXcvzpjkJAxCH6P,29,Ahhoy,Paladin,Ahhoy,665102.0
GBXcvzpjkJAxCH6P,29,Chontosh,Paladin,Ahhoy,519229.0
GBXcvzpjkJAxCH6P,29,Vênarial,Mage,Vênarial,576125.0
GBXcvzpjkJAxCH6P,29,Thaya,Mage,Thaya,342241.0
GBXcvzpjkJAxCH6P,29,Maztajake,Druid,Maztajake,234632.0
GBXcvzpjkJAxCH6P,29,Srrampage,Mage,Hogo,1763263.0
GBXcvzpjkJAxCH6P,29,Hogo,Paladin,Hogo,1678438.0
GBXcvzpjkJAxCH6P,29,Kaifados,Warlock,Hogo,1604380.0
GBXcvzpjkJAxCH6P,29,Kynrena,Hunter,Hogo,1512506.0
GBXcvzpjkJAxCH6P,29,Serraphhiimm,Warlock,Hogo,1334677.0
GBXcvzpjkJAxCH6P,29,Kaifados,Warlock,Kaifados,986915.0
GBXcvzpjkJAxCH6P,29,Kynrena,Hunter,Kaifados,13342.0
GBXcvzpjkJAxCH6P,29,Shockabeotch,Shaman,Shockabeotch,704996.0
GBXcvzpjkJAxCH6P,29,Missnun,Monk,Missnun,735221.0
GBXcvzpjkJAxCH6P,29,Lulara,Priest,Chontosh,1160102.0
GBXcvzpjkJAxCH6P,29,Chontosh,Paladin,Chontosh,927306.0
GBXcvzpjkJAxCH6P,29,Kynrena,Hunter,Chontosh,551025.0
GBXcvzpjkJAxCH6P,29,Vênarial,Mage,Chontosh,430703.0
GBXcvzpjkJAxCH6P,29,Kaifados,Warlock,Chontosh,409674.0
GBXcvzpjkJAxCH6P,29,Calzonadie,DeathKnight,Calzonadie,2186108.0
GBXcvzpjkJAxCH6P,29,Kynrena,Hunter,Kynrena,401783.0
GBXcvzpjkJAxCH6P,29,Serraphhiimm,Warlock,Serraphhiimm,677412.0
GBXcvzpjkJAxCH6P,29,Aiondormu,Evoker,Aiondormu,208137.0
GBXcvzpjkJAxCH6P,29,Maztajake,Druid,Aiondormu,105208.0
GBXcvzpjkJAxCH6P,29,Serraphhiimm,Warlock,Aiondormu,101646.0
GBXcvzpjkJAxCH6P,29,Hogo,Paladin,Aiondormu,54713.0
GBXcvzpjkJAxCH6P,29,Vênarial,Mage,Aiondormu,51872.0
GBXcvzpjkJAxCH6P,29,Yunahpabo,Warrior,Yunahpabo,254207.0
GBXcvzpjkJAxCH6P,29,Høss,Warrior,Høss,144081.0
GBXcvzpjkJAxCH6P,29,Finalwisper,Hunter,Finalwisper,357620.0
GBXcvzpjkJAxCH6P,29,Missnun,Monk,Finalwisper,5616.0
GBXcvzpjkJAxCH6P,7,Erebus,Rogue,Mypriiest,2552365.0
GBXcvzpjkJAxCH6P,7,Shockabeotch,Shaman,Mypriiest,2204888.0
GBXcvzpjkJAxCH6P,7,Naaven,Paladin,Mypriiest,2196361.0
GBXcvzpjkJAxCH6P,7,Maztajake,Druid,Mypriiest,2057402.0
GBXcvzpjkJAxCH6P,7,Mypriiest,Priest,Mypriiest,1622900.0
GBXcvzpjkJAxCH6P,7,Edalem,DemonHunter,Edalem,1343600.0
GBXcvzpjkJAxCH6P,7,Erebus,Rogue,Edalem,36317.0
GBXcvzpjkJAxCH6P,7,Holè,Mage,Edalem,30326.0
GBXcvzpjkJAxCH6P,7,Aiondormu,Evoker,Edalem,1482.0
GBXcvzpjkJAxCH6P,7,Naaven,Paladin,Chontosh,2563585.0
GBXcvzpjkJAxCH6P,7,Chontosh,Paladin,Chontosh,1918553.0
GBXcvzpjkJAxCH6P,7,Erebus,Rogue,Chontosh,1445563.0
GBXcvzpjkJAxCH6P,7,Shockabeotch,Shaman,Chontosh,1313758.0
GBXcvzpjkJAxCH6P,7,Beez,Mage,Chontosh,1305808.0
GBXcvzpjkJAxCH6P,7,Ahhoy,Paladin,Ahhoy,1482019.0
GBXcvzpjkJAxCH6P,7,Høss,Warrior,Ahhoy,113866.0
GBXcvzpjkJAxCH6P,7,Edarnir,Paladin,Ahhoy,111093.0
GBXcvzpjkJAxCH6P,7,Muktukk,DeathKnight,Ahhoy,96664.0
GBXcvzpjkJAxCH6P,7,Khiurae,Shaman,Ahhoy,91729.0
GBXcvzpjkJAxCH6P,7,Muktukk,DeathKnight,Muktukk,8807530.0
GBXcvzpjkJAxCH6P,7,Khiurae,Shaman,Muktukk,17034.0
GBXcvzpjkJAxCH6P,7,Holè,Mage,Muktukk,16296.0
GBXcvzpjkJAxCH6P,7,Manodedios,Paladin,Manodedios,813491.0
GBXcvzpjkJAxCH6P,7,Høss,Warrior,Manodedios,47593.0
GBXcvzpjkJAxCH6P,7,Ahhoy,Paladin,Manodedios,44072.0
GBXcvzpjkJAxCH6P,7,Muktukk,DeathKnight,Manodedios,38693.0
GBXcvzpjkJAxCH6P,7,Khiurae,Shaman,Manodedios,34989.0
GBXcvzpjkJAxCH6P,7,Serraphhiimm,Warlock,Serraphhiimm,848003.0
GBXcvzpjkJAxCH6P,7,Holè,Mage,Holè,323953.0
GBXcvzpjkJAxCH6P,7,Bubblebie,Paladin,Bubblebie,2875793.0
GBXcvzpjkJAxCH6P,7,Muktukk,DeathKnight,Bubblebie,2767727.0
GBXcvzpjkJAxCH6P,7,Edarnir,Paladin,Bubblebie,2247340.0
GBXcvzpjkJAxCH6P,7,Ahhoy,Paladin,Bubblebie,2038703.0
GBXcvzpjkJAxCH6P,7,Khiurae,Shaman,Bubblebie,1611898.0
GBXcvzpjkJAxCH6P,7,Aiondormu,Evoker,Aiondormu,620783.0
GBXcvzpjkJAxCH6P,7,Holè,Mage,Aiondormu,50326.0
GBXcvzpjkJAxCH6P,7,Edarnir,Paladin,Aiondormu,49595.0
GBXcvzpjkJAxCH6P,7,Naaven,Paladin,Naaven,3268651.0
GBXcvzpjkJAxCH6P,7,Erebus,Rogue,Naaven,141609.0
GBXcvzpjkJAxCH6P,7,Shockabeotch,Shaman,Naaven,117228.0
GBXcvzpjkJAxCH6P,7,Maztajake,Druid,Naaven,52752.0
GBXcvzpjkJAxCH6P,7,Edalem,DemonHunter,Naaven,43507.0
GBXcvzpjkJAxCH6P,7,Vênarial,Mage,Vênarial,1317648.0
GBXcvzpjkJAxCH6P,7,Bubblebie,Paladin,Vênarial,28975.0
GBXcvzpjkJAxCH6P,7,Beez,Mage,Beez,738100.0
GBXcvzpjkJAxCH6P,7,Erebus,Rogue,Erebus,1584527.0
GBXcvzpjkJAxCH6P,7,Greyseer,Hunter,Greyseer,400359.0
GBXcvzpjkJAxCH6P,7,Shockabeotch,Shaman,Greyseer,17746.0
GBXcvzpjkJAxCH6P,7,Erebus,Rogue,Greyseer,17742.0
GBXcvzpjkJAxCH6P,7,Khiurae,Shaman,Edarnir,2141316.0
GBXcvzpjkJAxCH6P,7,Høss,Warrior,Edarnir,2106847.0
GBXcvzpjkJAxCH6P,7,Bubblebie,Paladin,Edarnir,2006643.0
GBXcvzpjkJAxCH6P,7,Edarnir,Paladin,Edarnir,1801591.0
GBXcvzpjkJAxCH6P,7,Manodedios,Paladin,Edarnir,1711540.0
GBXcvzpjkJAxCH6P,7,Maztajake,Druid,Maztajake,550039.0
GBXcvzpjkJAxCH6P,7,Greyseer,Hunter,Maztajake,17548.0
GBXcvzpjkJAxCH6P,7,Høss,Warrior,Høss,1679347.0
GBXcvzpjkJAxCH6P,7,Khiurae,Shaman,Khiurae,919005.0
GBXcvzpjkJAxCH6P,7,Naaven,Paladin,Khiurae,350483.0
GBXcvzpjkJAxCH6P,7,Shockabeotch,Shaman,Shockabeotch,659090.0
GBXcvzpjkJAxCH6P,7,Naaven,Paladin,Shockabeotch,287247.0
GBXcvzpjkJAxCH6P,9,Mypriiest,Priest,Mypriiest,7938668.0
GBXcvzpjkJAxCH6P,9,Beez,Mage,Mypriiest,7131765.0
GBXcvzpjkJAxCH6P,9,Naaven,Paladin,Mypriiest,6460676.0
GBXcvzpjkJAxCH6P,9,Maztajake,Druid,Mypriiest,6288283.0
GBXcvzpjkJAxCH6P,9,Shockabeotch,Shaman,Mypriiest,6237577.0
GBXcvzpjkJAxCH6P,9,Edalem,DemonHunter,Edalem,4475471.0
GBXcvzpjkJAxCH6P,9,Shockabeotch,Shaman,Edalem,65959.0
GBXcvzpjkJAxCH6P,9,Chontosh,Paladin,Edalem,35922.0
GBXcvzpjkJAxCH6P,9,Mypriiest,Priest,Edalem,34458.0
GBXcvzpjkJAxCH6P,9,Erebus,Rogue,Edalem,33438.0
GBXcvzpjkJAxCH6P,9,Ahhoy,Paladin,Ahhoy,3062656.0
GBXcvzpjkJAxCH6P,9,Høss,Warrior,Ahhoy,275843.0
GBXcvzpjkJAxCH6P,9,Manodedios,Paladin,Ahhoy,210428.0
GBXcvzpjkJAxCH6P,9,Bubblebie,Paladin,Ahhoy,207101.0
GBXcvzpjkJAxCH6P,9,Edarnir,Paladin,Ahhoy,204926.0
GBXcvzpjkJAxCH6P,9,Muktukk,DeathKnight,Muktukk,27566958.0
GBXcvzpjkJAxCH6P,9,Naaven,Paladin,Naaven,14188827.0
GBXcvzpjkJAxCH6P,9,Erebus,Rogue,Naaven,318737.0
GBXcvzpjkJAxCH6P,9,Shockabeotch,Shaman,Naaven,292947.0
GBXcvzpjkJAxCH6P,9,Chontosh,Paladin,Naaven,258609.0
GBXcvzpjkJAxCH6P,9,Serraphhiimm,Warlock,Naaven,207670.0
GBXcvzpjkJAxCH6P,9,Beez,Mage,Beez,2986849.0
GBXcvzpjkJAxCH6P,9,Vênarial,Mage,Vênarial,4390884.0
GBXcvzpjkJAxCH6P,9,Erebus,Rogue,Erebus,3275820.0
GBXcvzpjkJAxCH6P,9,Maztajake,Druid,Maztajake,1116730.0
GBXcvzpjkJAxCH6P,9,Khiurae,Shaman,Khiurae,3337389.0
GBXcvzpjkJAxCH6P,9,Naaven,Paladin,Khiurae,1234524.0
GBXcvzpjkJAxCH6P,9,Holè,Mage,Khiurae,31136.0
GBXcvzpjkJAxCH6P,9,Vênarial,Mage,Khiurae,29651.0
GBXcvzpjkJAxCH6P,9,Muktukk,DeathKnight,Khiurae,18571.0
GBXcvzpjkJAxCH6P,9,Shockabeotch,Shaman,Shockabeotch,3407314.0
GBXcvzpjkJAxCH6P,9,Naaven,Paladin,Shockabeotch,1082792.0
GBXcvzpjkJAxCH6P,9,Naaven,Paladin,Chontosh,8243884.0
GBXcvzpjkJAxCH6P,9,Shockabeotch,Shaman,Chontosh,7667034.0
GBXcvzpjkJAxCH6P,9,Chontosh,Paladin,Chontosh,7599045.0
GBXcvzpjkJAxCH6P,9,Maztajake,Druid,Chontosh,6010261.0
GBXcvzpjkJAxCH6P,9,Beez,Mage,Chontosh,5890857.0
GBXcvzpjkJAxCH6P,9,Manodedios,Paladin,Manodedios,4505504.0
GBXcvzpjkJAxCH6P,9,Muktukk,DeathKnight,Manodedios,187107.0
GBXcvzpjkJAxCH6P,9,Høss,Warrior,Manodedios,185216.0
GBXcvzpjkJAxCH6P,9,Bubblebie,Paladin,Manodedios,181614.0
GBXcvzpjkJAxCH6P,9,Ahhoy,Paladin,Manodedios,142202.0
GBXcvzpjkJAxCH6P,9,Serraphhiimm,Warlock,Serraphhiimm,3787423.0
GBXcvzpjkJAxCH6P,9,Holè,Mage,Holè,3380304.0
GBXcvzpjkJAxCH6P,9,Edarnir,Paladin,Holè,11111.0
GBXcvzpjkJAxCH6P,9,Muktukk,DeathKnight,Bubblebie,10192772.0
GBXcvzpjkJAxCH6P,9,Edarnir,Paladin,Bubblebie,8624616.0
GBXcvzpjkJAxCH6P,9,Holè,Mage,Bubblebie,5365421.0
GBXcvzpjkJAxCH6P,9,Vênarial,Mage,Bubblebie,5267933.0
GBXcvzpjkJAxCH6P,9,Manodedios,Paladin,Bubblebie,5246048.0
GBXcvzpjkJAxCH6P,9,Aiondormu,Evoker,Aiondormu,3579948.0
GBXcvzpjkJAxCH6P,9,Edarnir,Paladin,Aiondormu,177604.0
GBXcvzpjkJAxCH6P,9,Holè,Mage,Aiondormu,159608.0
GBXcvzpjkJAxCH6P,9,Manodedios,Paladin,Aiondormu,108765.0
GBXcvzpjkJAxCH6P,9,Høss,Warrior,Aiondormu,49420.0
GBXcvzpjkJAxCH6P,9,Greyseer,Hunter,Greyseer,258858.0
GBXcvzpjkJAxCH6P,9,Edarnir,Paladin,Edarnir,7329293.0
GBXcvzpjkJAxCH6P,9,Høss,Warrior,Edarnir,7210241.0
GBXcvzpjkJAxCH6P,9,Bubblebie,Paladin,Edarnir,6569271.0
GBXcvzpjkJAxCH6P,9,Aiondormu,Evoker,Edarnir,6066797.0
GBXcvzpjkJAxCH6P,9,Khiurae,Shaman,Edarnir,5829567.0
GBXcvzpjkJAxCH6P,9,Høss,Warrior,Høss,3295830.0
H3WNRQj9wTF2kmc4,10,Lìllith,Warlock,Lìllith,2238524.0
H3WNRQj9wTF2kmc4,10,Danzilla,Hunter,Lìllith,8895.0
H3WNRQj9wTF2kmc4,10,Averlis,Druid,Lìllith,8315.0
H3WNRQj9wTF2kmc4,10,Littlejohn,DeathKnight,Littlejohn,2395378.0
H3WNRQj9wTF2kmc4,10,Scamanes,Shaman,Littlejohn,17200.0
H3WNRQj9wTF2kmc4,10,Ämon,Druid,Littlejohn,10888.0
H3WNRQj9wTF2kmc4,10,Sälazar,Mage,Littlejohn,9721.0
H3WNRQj9wTF2kmc4,10,Asharia,DemonHunter,Asharia,3341523.0
H3WNRQj9wTF2kmc4,10,Czera,Monk,Asharia,37123.0
H3WNRQj9wTF2kmc4,10,Soliloquy,Priest,Asharia,17780.0
H3WNRQj9wTF2kmc4,10,Sälazar,Mage,Asharia,17777.0
H3WNRQj9wTF2kmc4,10,Scamanes,Shaman,Asharia,16298.0
H3WNRQj9wTF2kmc4,10,Scamanes,Shaman,Scamanes,2484300.0
H3WNRQj9wTF2kmc4,10,Kainz,Warrior,Scamanes,73821.0
H3WNRQj9wTF2kmc4,10,Decayed,DeathKnight,Scamanes,55479.0
H3WNRQj9wTF2kmc4,10,Grapefantuh,Shaman,Scamanes,27393.0
H3WNRQj9wTF2kmc4,10,Maztajake,Druid,Scamanes,26709.0
H3WNRQj9wTF2kmc4,10,Decayed,DeathKnight,Decayed,10093821.0
H3WNRQj9wTF2kmc4,10,Spàdes,Warrior,Decayed,12946.0
H3WNRQj9wTF2kmc4,10,Greyseer,Hunter,Greyseer,717268.0
H3WNRQj9wTF2kmc4,10,Grapefantuh,Shaman,Greyseer,5923.0
H3WNRQj9wTF2kmc4,10,Kainz,Warrior,Kainz,2454556.0
H3WNRQj9wTF2kmc4,10,Danzilla,Hunter,Danzilla,293787.0
H3WNRQj9wTF2kmc4,10,Runé,Shaman,Danzilla,12605.0
H3WNRQj9wTF2kmc4,10,Geckofursona,Evoker,Geckofursona,4742679.0
H3WNRQj9wTF2kmc4,10,Greyseer,Hunter,Geckofursona,1699804.0
H3WNRQj9wTF2kmc4,10,Decayed,DeathKnight,Geckofursona,1696346.0
H3WNRQj9wTF2kmc4,10,Chickynuggy,Hunter,Geckofursona,1636125.0
H3WNRQj9wTF2kmc4,10,Soliloquy,Priest,Geckofursona,1429051.0
H3WNRQj9wTF2kmc4,10,Shinier,Paladin,Shinier,4967783.0
H3WNRQj9wTF2kmc4,10,Lìllith,Warlock,Shinier,4121558.0
H3WNRQj9wTF2kmc4,10,Greyseer,Hunter,Shinier,3860019.0
H3WNRQj9wTF2kmc4,10,Sälazar,Mage,Shinier,3823836.0
H3WNRQj9wTF2kmc4,10,Decayed,DeathKnight,Shinier,3627231.0
H3WNRQj9wTF2kmc4,10,Czera,Monk,Czera,1525472.0
H3WNRQj9wTF2kmc4,10,Averlis,Druid,Czera,15708.0
H3WNRQj9wTF2kmc4,10,Maztajake,Druid,Maztajake,1966320.0
H3WNRQj9wTF2kmc4,10,Kainz,Warrior,Hex Lord Malacrass,620278.0
H3WNRQj9wTF2kmc4,10,Scamanes,Shaman,Hex Lord Malacrass,526459.0
H3WNRQj9wTF2kmc4,10,Sälazar,Mage,Hex Lord Malacrass,461235.0
H3WNRQj9wTF2kmc4,10,Czera,Monk,Hex Lord Malacrass,444174.0
H3WNRQj9wTF2kmc4,10,Greyseer,Hunter,Hex Lord Malacrass,427714.0
H3WNRQj9wTF2kmc4,10,Decayed,DeathKnight,Chontosh,2813942.0
H3WNRQj9wTF2kmc4,10,Chontosh,Paladin,Chontosh,2805423.0
H3WNRQj9wTF2kmc4,10,Demonbläde,DemonHunter,Chontosh,2464232.0
H3WNRQj9wTF2kmc4,10,Czera,Monk,Chontosh,1895127.0
H3WNRQj9wTF2kmc4,10,Scamanes,Shaman,Chontosh,1620092.0
H3WNRQj9wTF2kmc4,10,Averlis,Druid,Averlis,745131.0
H3WNRQj9wTF2kmc4,10,Maztajake,Druid,Averlis,339866.0
H3WNRQj9wTF2kmc4,10,Novachronos,Mage,Averlis,331784.0
H3WNRQj9wTF2kmc4,10,Viserion,Evoker,Averlis,193621.0
H3WNRQj9wTF2kmc4,10,Lìllith,Warlock,Averlis,155381.0
H3WNRQj9wTF2kmc4,10,Sälazar,Mage,Sälazar,3574782.0
H3WNRQj9wTF2kmc4,10,Runé,Shaman,Runé,2759695.0
H3WNRQj9wTF2kmc4,10,Mets,Hunter,Mets,19073.0
H3WNRQj9wTF2kmc4,10,Viserion,Evoker,Viserion,2976838.0
H3WNRQj9wTF2kmc4,10,Littlejohn,DeathKnight,Viserion,339505.0
H3WNRQj9wTF2kmc4,10,Scamanes,Shaman,Viserion,179872.0
H3WNRQj9wTF2kmc4,10,Novachronos,Mage,Viserion,159383.0
H3WNRQj9wTF2kmc4,10,Chickynuggy,Hunter,Viserion,155050.0
H3WNRQj9wTF2kmc4,10,Grapefantuh,Shaman,Grapefantuh,2779237.0
H3WNRQj9wTF2kmc4,10,Chickynuggy,Hunter,Grapefantuh,17773.0
H3WNRQj9wTF2kmc4,10,Viserion,Evoker,Grapefantuh,13896.0
H3WNRQj9wTF2kmc4,10,Scamanes,Shaman,Grapefantuh,13555.0
H3WNRQj9wTF2kmc4,10,Chickynuggy,Hunter,Chickynuggy,2886276.0
H3WNRQj9wTF2kmc4,10,Averlis,Druid,Chickynuggy,14956.0
H3WNRQj9wTF2kmc4,10,Ämon,Druid,Ämon,1539693.0
H3WNRQj9wTF2kmc4,10,Danzilla,Hunter,Ämon,396350.0
H3WNRQj9wTF2kmc4,10,Demonbläde,DemonHunter,Ämon,389361.0
H3WNRQj9wTF2kmc4,10,Decayed,DeathKnight,Ämon,368747.0
H3WNRQj9wTF2kmc4,10,Sälazar,Mage,Ämon,305882.0
H3WNRQj9wTF2kmc4,10,Spàdes,Warrior,Spàdes,399501.0
H3WNRQj9wTF2kmc4,10,Soliloquy,Priest,Soliloquy,4611590.0
H3WNRQj9wTF2kmc4,10,Maztajake,Druid,Soliloquy,876839.0
H3WNRQj9wTF2kmc4,10,Czera,Monk,Soliloquy,726294.0
H3WNRQj9wTF2kmc4,10,Viserion,Evoker,Soliloquy,597963.0
H3WNRQj9wTF2kmc4,10,Runé,Shaman,Soliloquy,534560.0
H3WNRQj9wTF2kmc4,10,Demonbläde,DemonHunter,Demonbläde,5558964.0
H3WNRQj9wTF2kmc4,10,Danzilla,Hunter,Demonbläde,61716.0
H3WNRQj9wTF2kmc4,10,Chontosh,Paladin,Demonbläde,34017.0
H3WNRQj9wTF2kmc4,10,Czera,Monk,Demonbläde,32915.0
H3WNRQj9wTF2kmc4,10,Chickynuggy,Hunter,Demonbläde,31056.0
H3WNRQj9wTF2kmc4,10,Novachronos,Mage,Novachronos,2008072.0
H3WNRQj9wTF2kmc4,11,Lìllith,Warlock,Lìllith,2145250.0
H3WNRQj9wTF2kmc4,11,Ämon,Druid,Lìllith,16962.0
H3WNRQj9wTF2kmc4,11,Mets,Hunter,Lìllith,16310.0
H3WNRQj9wTF2kmc4,11,Littlejohn,DeathKnight,Littlejohn,2032511.0
H3WNRQj9wTF2kmc4,11,Spàdes,Warrior,Littlejohn,31577.0
H3WNRQj9wTF2kmc4,11,Averlis,Druid,Littlejohn,23365.0
H3WNRQj9wTF2kmc4,11,Novachronos,Mage,Littlejohn,11966.0
H3WNRQj9wTF2kmc4,11,Greyseer,Hunter,Littlejohn,11964.0
H3WNRQj9wTF2kmc4,11,Asharia,DemonHunter,Asharia,3799370.0
H3WNRQj9wTF2kmc4,11,Novachronos,Mage,Asharia,185881.0
H3WNRQj9wTF2kmc4,11,Greyseer,Hunter,Asharia,166272.0
H3WNRQj9wTF2kmc4,11,Scamanes,Shaman,Asharia,113950.0
H3WNRQj9wTF2kmc4,11,Danzilla,Hunter,Asharia,68507.0
H3WNRQj9wTF2kmc4,11,Scamanes,Shaman,Scamanes,2224374.0
H3WNRQj9wTF2kmc4,11,Decayed,DeathKnight,Decayed,14293700.0
H3WNRQj9wTF2kmc4,11,Viserion,Evoker,Decayed,18087.0
H3WNRQj9wTF2kmc4,11,Ämon,Druid,Decayed,16909.0
H3WNRQj9wTF2kmc4,11,Spàdes,Warrior,Decayed,13708.0
H3WNRQj9wTF2kmc4,11,Sälazar,Mage,Decayed,12560.0
H3WNRQj9wTF2kmc4,11,Greyseer,Hunter,Greyseer,803088.0
H3WNRQj9wTF2kmc4,11,Kainz,Warrior,Kainz,1848659.0
H3WNRQj9wTF2kmc4,11,Danzilla,Hunter,Danzilla,310731.0
H3WNRQj9wTF2kmc4,11,Geckofursona,Evoker,Geckofursona,2791488.0
H3WNRQj9wTF2kmc4,11,Viserion,Evoker,Geckofursona,1650862.0
H3WNRQj9wTF2kmc4,11,Greyseer,Hunter,Geckofursona,1413935.0
H3WNRQj9wTF2kmc4,11,Spàdes,Warrior,Geckofursona,1392747.0
H3WNRQj9wTF2kmc4,11,Grapefantuh,Shaman,Geckofursona,1310934.0
H3WNRQj9wTF2kmc4,11,Shinier,Paladin,Shinier,4224210.0
H3WNRQj9wTF2kmc4,11,Lìllith,Warlock,Shinier,3913015.0
H3WNRQj9wTF2kmc4,11,Decayed,DeathKnight,Shinier,3622908.0
H3WNRQj9wTF2kmc4,11,Kainz,Warrior,Shinier,3607978.0
H3WNRQj9wTF2kmc4,11,Greyseer,Hunter,Shinier,3281544.0
H3WNRQj9wTF2kmc4,11,Czera,Monk,Czera,429060.0
H3WNRQj9wTF2kmc4,11,Maztajake,Druid,Maztajake,1049814.0
H3WNRQj9wTF2kmc4,11,Novachronos,Mage,Maztajake,15967.0
H3WNRQj9wTF2kmc4,11,Greyseer,Hunter,Hex Lord Malacrass,427714.0
H3WNRQj9wTF2kmc4,11,Grapefantuh,Shaman,Hex Lord Malacrass,427714.0
H3WNRQj9wTF2kmc4,11,Maztajake,Druid,Hex Lord Malacrass,427714.0
H3WNRQj9wTF2kmc4,11,Kainz,Warrior,Hex Lord Malacrass,427714.0
H3WNRQj9wTF2kmc4,11,Lìllith,Warlock,Hex Lord Malacrass,427714.0
H3WNRQj9wTF2kmc4,11,Decayed,DeathKnight,Chontosh,3696403.0
H3WNRQj9wTF2kmc4,11,Demonbläde,DemonHunter,Chontosh,3248525.0
H3WNRQj9wTF2kmc4,11,Ämon,Druid,Chontosh,2275352.0
H3WNRQj9wTF2kmc4,11,Maztajake,Druid,Chontosh,2238797.0
H3WNRQj9wTF2kmc4,11,Spàdes,Warrior,Chontosh,2211612.0
H3WNRQj9wTF2kmc4,11,Averlis,Druid,Averlis,715621.0
H3WNRQj9wTF2kmc4,11,Geckofursona,Evoker,Averlis,264075.0
H3WNRQj9wTF2kmc4,11,Asharia,DemonHunter,Averlis,209683.0
H3WNRQj9wTF2kmc4,11,Danzilla,Hunter,Averlis,166108.0
H3WNRQj9wTF2kmc4,11,Novachronos,Mage,Averlis,161553.0
H3WNRQj9wTF2kmc4,11,Sälazar,Mage,Sälazar,2435960.0
H3WNRQj9wTF2kmc4,11,Runé,Shaman,Runé,454123.0
H3WNRQj9wTF2kmc4,11,Viserion,Evoker,Viserion,1136259.0
H3WNRQj9wTF2kmc4,11,Spàdes,Warrior,Viserion,218186.0
H3WNRQj9wTF2kmc4,11,Grapefantuh,Shaman,Viserion,207365.0
H3WNRQj9wTF2kmc4,11,Mets,Hunter,Viserion,200490.0
H3WNRQj9wTF2kmc4,11,Averlis,Druid,Viserion,190552.0
H3WNRQj9wTF2kmc4,11,Mets,Hunter,Mets,345308.0
H3WNRQj9wTF2kmc4,11,Danzilla,Hunter,Mets,25953.0
H3WNRQj9wTF2kmc4,11,Soliloquy,Priest,Mets,17795.0
H3WNRQj9wTF2kmc4,11,Grapefantuh,Shaman,Grapefantuh,2210533.0
H3WNRQj9wTF2kmc4,11,Ämon,Druid,Grapefantuh,21717.0
H3WNRQj9wTF2kmc4,11,Sälazar,Mage,Grapefantuh,17773.0
H3WNRQj9wTF2kmc4,11,Chickynuggy,Hunter,Chickynuggy,520805.0
H3WNRQj9wTF2kmc4,11,Ämon,Druid,Ämon,715813.0
H3WNRQj9wTF2kmc4,11,Averlis,Druid,Ämon,445788.0
H3WNRQj9wTF2kmc4,11,Chontosh,Paladin,Ämon,336149.0
H3WNRQj9wTF2kmc4,11,Mets,Hunter,Ämon,329909.0
H3WNRQj9wTF2kmc4,11,Novachronos,Mage,Ämon,285781.0
H3WNRQj9wTF2kmc4,11,Spàdes,Warrior,Spàdes,1230062.0
H3WNRQj9wTF2kmc4,11,Lìllith,Warlock,Spàdes,15539.0
H3WNRQj9wTF2kmc4,11,Soliloquy,Priest,Soliloquy,6786295.0
H3WNRQj9wTF2kmc4,11,Novachronos,Mage,Soliloquy,1434873.0
H3WNRQj9wTF2kmc4,11,Greyseer,Hunter,Soliloquy,1326512.0
H3WNRQj9wTF2kmc4,11,Spàdes,Warrior,Soliloquy,1175606.0
H3WNRQj9wTF2kmc4,11,Grapefantuh,Shaman,Soliloquy,1173336.0
H3WNRQj9wTF2kmc4,11,Demonbläde,DemonHunter,Demonbläde,7514829.0
H3WNRQj9wTF2kmc4,11,Spàdes,Warrior,Demonbläde,112712.0
H3WNRQj9wTF2kmc4,11,Greyseer,Hunter,Demonbläde,110079.0
H3WNRQj9wTF2kmc4,11,Littlejohn,DeathKnight,Demonbläde,72314.0
H3WNRQj9wTF2kmc4,11,Shinier,Paladin,Demonbläde,70224.0
H3WNRQj9wTF2kmc4,11,Novachronos,Mage,Novachronos,1975309.0
H3WNRQj9wTF2kmc4,12,Spàdes,Warrior,Spàdes,30353.0
H3WNRQj9wTF2kmc4,12,Shinier,Paladin,Shinier,4018446.0
H3WNRQj9wTF2kmc4,12,Spàdes,Warrior,Shinier,45723.0
H3WNRQj9wTF2kmc4,12,Czera,Monk,Shinier,12338.0
H3WNRQj9wTF2kmc4,12,Averlis,Druid,Shinier,1792.0
H3WNRQj9wTF2kmc4,12,Runé,Shaman,Runé,43874.0
H3WNRQj9wTF2kmc4,12,Viserion,Evoker,Viserion,1616398.0
H3WNRQj9wTF2kmc4,12,Spàdes,Warrior,Viserion,23538.0
H3WNRQj9wTF2kmc4,12,Chontosh,Paladin,Viserion,18362.0
H3WNRQj9wTF2kmc4,12,Geckofursona,Evoker,Geckofursona,741252.0
H3WNRQj9wTF2kmc4,12,Chontosh,Paladin,Geckofursona,280831.0
H3WNRQj9wTF2kmc4,12,Spàdes,Warrior,Geckofursona,66215.0
H3WNRQj9wTF2kmc4,12,Viserion,Evoker,Geckofursona,33565.0
H3WNRQj9wTF2kmc4,12,Greyseer,Hunter,Geckofursona,33565.0
H3WNRQj9wTF2kmc4,12,Czera,Monk,Czera,52395.0
H3WNRQj9wTF2kmc4,12,Littlejohn,DeathKnight,Littlejohn,6712562.0
H3WNRQj9wTF2kmc4,12,Averlis,Druid,Littlejohn,16334.0
H3WNRQj9wTF2kmc4,12,Chontosh,Paladin,Chontosh,318378.0
H3WNRQj9wTF2kmc4,12,Averlis,Druid,Chontosh,88381.0
H3WNRQj9wTF2kmc4,12,Spàdes,Warrior,Chontosh,26386.0
H3WNRQj9wTF2kmc4,12,Chickynuggy,Hunter,Chontosh,13541.0
H3WNRQj9wTF2kmc4,12,Greyseer,Hunter,Chontosh,1206.0
H3WNRQj9wTF2kmc4,12,Sälazar,Mage,Sälazar,678950.0
H3WNRQj9wTF2kmc4,12,Lìllith,Warlock,Lìllith,98414.0
H3WNRQj9wTF2kmc4,12,Scamanes,Shaman,Scamanes,47114.0
H3WNRQj9wTF2kmc4,13,Shinier,Paladin,Shinier,3973829.0
H3WNRQj9wTF2kmc4,13,Danzilla,Hunter,Shinier,37446.0
H3WNRQj9wTF2kmc4,13,Scamanes,Shaman,Shinier,14668.0
H3WNRQj9wTF2kmc4,13,Runé,Shaman,Runé,481741.0
H3WNRQj9wTF2kmc4,13,Decayed,DeathKnight,Decayed,6192433.0
H3WNRQj9wTF2kmc4,13,Czera,Monk,Czera,4280.0
H3WNRQj9wTF2kmc4,13,Grapefantuh,Shaman,Grapefantuh,46526.0
H3WNRQj9wTF2kmc4,13,Lìllith,Warlock,Lìllith,121542.0
H3WNRQj9wTF2kmc4,13,Spàdes,Warrior,Spàdes,15777.0
H3WNRQj9wTF2kmc4,13,Geckofursona,Evoker,Geckofursona,737585.0
H3WNRQj9wTF2kmc4,13,Sälazar,Mage,Geckofursona,18296.0
H3WNRQj9wTF2kmc4,13,Littlejohn,DeathKnight,Littlejohn,6937220.0
H3WNRQj9wTF2kmc4,13,Danzilla,Hunter,Chontosh,30014.0
H3WNRQj9wTF2kmc4,13,Chontosh,Paladin,Chontosh,21100.0
H3WNRQj9wTF2kmc4,13,Scamanes,Shaman,Chontosh,15338.0
H3WNRQj9wTF2kmc4,13,Soliloquy,Priest,Soliloquy,86216.0
H3WNRQj9wTF2kmc4,13,Averlis,Druid,Averlis,94093.0
H3WNRQj9wTF2kmc4,13,Spàdes,Warrior,Averlis,13259.0
H3WNRQj9wTF2kmc4,13,Sälazar,Mage,Sälazar,66072.0
H3WNRQj9wTF2kmc4,13,Scamanes,Shaman,Scamanes,36008.0
H3WNRQj9wTF2kmc4,14,Lìllith,Warlock,Lìllith,1636956.0
H3WNRQj9wTF2kmc4,14,Asharia,DemonHunter,Lìllith,17051.0
H3WNRQj9wTF2kmc4,14,Littlejohn,DeathKnight,Littlejohn,7667535.0
H3WNRQj9wTF2kmc4,14,Averlis,Druid,Littlejohn,33601.0
H3WNRQj9wTF2kmc4,14,Runé,Shaman,Littlejohn,11965.0
H3WNRQj9wTF2kmc4,14,Viserion,Evoker,Littlejohn,9152.0
H3WNRQj9wTF2kmc4,14,Danzilla,Hunter,Littlejohn,8226.0
H3WNRQj9wTF2kmc4,14,Asharia,DemonHunter,Asharia,2335082.0
H3WNRQj9wTF2kmc4,14,Kainz,Warrior,Asharia,33566.0
H3WNRQj9wTF2kmc4,14,Danzilla,Hunter,Asharia,1482.0
H3WNRQj9wTF2kmc4,14,Scamanes,Shaman,Scamanes,1514804.0
H3WNRQj9wTF2kmc4,14,Decayed,DeathKnight,Decayed,8847542.0
H3WNRQj9wTF2kmc4,14,Greyseer,Hunter,Greyseer,235716.0
H3WNRQj9wTF2kmc4,14,Kainz,Warrior,Kainz,899614.0
H3WNRQj9wTF2kmc4,14,Danzilla,Hunter,Danzilla,464601.0
H3WNRQj9wTF2kmc4,14,Novachronos,Mage,Danzilla,33368.0
H3WNRQj9wTF2kmc4,14,Runé,Shaman,Danzilla,17796.0
H3WNRQj9wTF2kmc4,14,Geckofursona,Evoker,Geckofursona,3922657.0
H3WNRQj9wTF2kmc4,14,Scamanes,Shaman,Geckofursona,1719683.0
H3WNRQj9wTF2kmc4,14,Lìllith,Warlock,Geckofursona,1493432.0
H3WNRQj9wTF2kmc4,14,Danzilla,Hunter,Geckofursona,1448563.0
H3WNRQj9wTF2kmc4,14,Chickynuggy,Hunter,Geckofursona,1426707.0
H3WNRQj9wTF2kmc4,14,Shinier,Paladin,Shinier,6511462.0
H3WNRQj9wTF2kmc4,14,Scamanes,Shaman,Shinier,2956749.0
H3WNRQj9wTF2kmc4,14,Mets,Hunter,Shinier,2938224.0
H3WNRQj9wTF2kmc4,14,Danzilla,Hunter,Shinier,2628926.0
H3WNRQj9wTF2kmc4,14,Runé,Shaman,Shinier,2574292.0
H3WNRQj9wTF2kmc4,14,Czera,Monk,Czera,1471400.0
H3WNRQj9wTF2kmc4,14,Maztajake,Druid,Maztajake,983355.0
H3WNRQj9wTF2kmc4,14,Viserion,Evoker,Maztajake,18630.0
H3WNRQj9wTF2kmc4,14,Danzilla,Hunter,Maztajake,17504.0
H3WNRQj9wTF2kmc4,14,Danzilla,Hunter,Hex Lord Malacrass,22733398.0
H3WNRQj9wTF2kmc4,14,Runé,Shaman,Hex Lord Malacrass,790403.0
H3WNRQj9wTF2kmc4,14,Shinier,Paladin,Hex Lord Malacrass,427714.0
H3WNRQj9wTF2kmc4,14,Viserion,Evoker,Hex Lord Malacrass,427714.0
H3WNRQj9wTF2kmc4,14,Kainz,Warrior,Hex Lord Malacrass,427714.0
H3WNRQj9wTF2kmc4,14,Chontosh,Paladin,Chontosh,5845530.0
H3WNRQj9wTF2kmc4,14,Demonbläde,DemonHunter,Chontosh,2672905.0
H3WNRQj9wTF2kmc4,14,Decayed,DeathKnight,Chontosh,2293862.0
H3WNRQj9wTF2kmc4,14,Maztajake,Druid,Chontosh,1869053.0
H3WNRQj9wTF2kmc4,14,Grapefantuh,Shaman,Chontosh,1789031.0
H3WNRQj9wTF2kmc4,14,Averlis,Druid,Averlis,515815.0
H3WNRQj9wTF2kmc4,14,Runé,Shaman,Averlis,17538.0
H3WNRQj9wTF2kmc4,14,Sälazar,Mage,Sälazar,2527571.0
H3WNRQj9wTF2kmc4,14,Runé,Shaman,Runé,2107711.0
H3WNRQj9wTF2kmc4,14,Sälazar,Mage,Runé,13033.0
H3WNRQj9wTF2kmc4,14,Spàdes,Warrior,Runé,6106.0
H3WNRQj9wTF2kmc4,14,Mets,Hunter,Mets,666141.0
H3WNRQj9wTF2kmc4,14,Lìllith,Warlock,Mets,17794.0
H3WNRQj9wTF2kmc4,14,Spàdes,Warrior,Mets,12219.0
H3WNRQj9wTF2kmc4,14,Viserion,Evoker,Viserion,1214995.0
H3WNRQj9wTF2kmc4,14,Novachronos,Mage,Viserion,158248.0
H3WNRQj9wTF2kmc4,14,Grapefantuh,Shaman,Viserion,145890.0
H3WNRQj9wTF2kmc4,14,Mets,Hunter,Viserion,135536.0
H3WNRQj9wTF2kmc4,14,Littlejohn,DeathKnight,Viserion,128926.0
H3WNRQj9wTF2kmc4,14,Grapefantuh,Shaman,Grapefantuh,2139829.0
H3WNRQj9wTF2kmc4,14,Chickynuggy,Hunter,Chickynuggy,2599943.0
H3WNRQj9wTF2kmc4,14,Novachronos,Mage,Chickynuggy,17788.0
H3WNRQj9wTF2kmc4,14,Danzilla,Hunter,Chickynuggy,17740.0
H3WNRQj9wTF2kmc4,14,Ämon,Druid,Ämon,479863.0
H3WNRQj9wTF2kmc4,14,Kainz,Warrior,Ämon,17246.0
H3WNRQj9wTF2kmc4,14,Spàdes,Warrior,Spàdes,1324500.0
H3WNRQj9wTF2kmc4,14,Novachronos,Mage,Spàdes,18667.0
H3WNRQj9wTF2kmc4,14,Soliloquy,Priest,Soliloquy,4883270.0
H3WNRQj9wTF2kmc4,14,Averlis,Druid,Soliloquy,1011758.0
H3WNRQj9wTF2kmc4,14,Runé,Shaman,Soliloquy,989386.0
H3WNRQj9wTF2kmc4,14,Novachronos,Mage,Soliloquy,771727.0
H3WNRQj9wTF2kmc4,14,Grapefantuh,Shaman,Soliloquy,742845.0
H3WNRQj9wTF2kmc4,14,Demonbläde,DemonHunter,Demonbläde,5359282.0
H3WNRQj9wTF2kmc4,14,Danzilla,Hunter,Demonbläde,35490.0
H3WNRQj9wTF2kmc4,14,Averlis,Druid,Demonbläde,35373.0
H3WNRQj9wTF2kmc4,14,Mets,Hunter,Demonbläde,17747.0
H3WNRQj9wTF2kmc4,14,Sälazar,Mage,Demonbläde,14050.0
H3WNRQj9wTF2kmc4,14,Novachronos,Mage,Novachronos,2518030.0
H3WNRQj9wTF2kmc4,15,Lìllith,Warlock,Lìllith,1269062.0
H3WNRQj9wTF2kmc4,15,Littlejohn,DeathKnight,Littlejohn,1994973.0
H3WNRQj9wTF2kmc4,15,Runé,Shaman,Littlejohn,20210.0
H3WNRQj9wTF2kmc4,15,Averlis,Druid,Littlejohn,12443.0
H3WNRQj9wTF2kmc4,15,Asharia,DemonHunter,Asharia,873614.0
H3WNRQj9wTF2kmc4,15,Averlis,Druid,Asharia,15406.0
H3WNRQj9wTF2kmc4,15,Scamanes,Shaman,Scamanes,139116.0
H3WNRQj9wTF2kmc4,15,Decayed,DeathKnight,Decayed,7296165.0
H3WNRQj9wTF2kmc4,15,Czera,Monk,Decayed,14945.0
H3WNRQj9wTF2kmc4,15,Danzilla,Hunter,Decayed,10626.0
H3WNRQj9wTF2kmc4,15,Greyseer,Hunter,Greyseer,46776.0
H3WNRQj9wTF2kmc4,15,Kainz,Warrior,Kainz,1747958.0
H3WNRQj9wTF2kmc4,15,Danzilla,Hunter,Danzilla,141923.0
H3WNRQj9wTF2kmc4,15,Geckofursona,Evoker,Geckofursona,786784.0
H3WNRQj9wTF2kmc4,15,Viserion,Evoker,Geckofursona,650406.0
H3WNRQj9wTF2kmc4,15,Soliloquy,Priest,Geckofursona,533371.0
H3WNRQj9wTF2kmc4,15,Grapefantuh,Shaman,Geckofursona,520495.0
H3WNRQj9wTF2kmc4,15,Novachronos,Mage,Geckofursona,472660.0
H3WNRQj9wTF2kmc4,15,Decayed,DeathKnight,Shinier,3619641.0
H3WNRQj9wTF2kmc4,15,Viserion,Evoker,Shinier,2767914.0
H3WNRQj9wTF2kmc4,15,Grapefantuh,Shaman,Shinier,2573393.0
H3WNRQj9wTF2kmc4,15,Shinier,Paladin,Shinier,2317727.0
H3WNRQj9wTF2kmc4,15,Littlejohn,DeathKnight,Shinier,2306018.0
H3WNRQj9wTF2kmc4,15,Czera,Monk,Czera,824241.0
H3WNRQj9wTF2kmc4,15,Maztajake,Druid,Maztajake,38246.0
H3WNRQj9wTF2kmc4,15,Decayed,DeathKnight,Chontosh,2358798.0
H3WNRQj9wTF2kmc4,15,Chontosh,Paladin,Chontosh,1475239.0
H3WNRQj9wTF2kmc4,15,Maztajake,Druid,Chontosh,1427033.0
H3WNRQj9wTF2kmc4,15,Czera,Monk,Chontosh,1411034.0
H3WNRQj9wTF2kmc4,15,Grapefantuh,Shaman,Chontosh,1389403.0
H3WNRQj9wTF2kmc4,15,Averlis,Druid,Averlis,463547.0
H3WNRQj9wTF2kmc4,15,Sälazar,Mage,Sälazar,595742.0
H3WNRQj9wTF2kmc4,15,Runé,Shaman,Runé,869263.0
H3WNRQj9wTF2kmc4,15,Viserion,Evoker,Viserion,1117885.0
H3WNRQj9wTF2kmc4,15,Grapefantuh,Shaman,Viserion,168097.0
H3WNRQj9wTF2kmc4,15,Littlejohn,DeathKnight,Viserion,139369.0
H3WNRQj9wTF2kmc4,15,Maztajake,Druid,Viserion,126188.0
H3WNRQj9wTF2kmc4,15,Novachronos,Mage,Viserion,114217.0
H3WNRQj9wTF2kmc4,15,Mets,Hunter,Mets,12157.0
H3WNRQj9wTF2kmc4,15,Grapefantuh,Shaman,Grapefantuh,732032.0
H3WNRQj9wTF2kmc4,15,Chickynuggy,Hunter,Chickynuggy,1562166.0
H3WNRQj9wTF2kmc4,15,Ämon,Druid,Ämon,319334.0
H3WNRQj9wTF2kmc4,15,Spàdes,Warrior,Spàdes,1415956.0
H3WNRQj9wTF2kmc4,15,Soliloquy,Priest,Soliloquy,2822779.0
H3WNRQj9wTF2kmc4,15,Lìllith,Warlock,Soliloquy,1249942.0
H3WNRQj9wTF2kmc4,15,Decayed,DeathKnight,Soliloquy,951107.0
H3WNRQj9wTF2kmc4,15,Ämon,Druid,Soliloquy,845380.0
H3WNRQj9wTF2kmc4,15,Kainz,Warrior,Soliloquy,765512.0
H3WNRQj9wTF2kmc4,15,Demonbläde,DemonHunter,Demonbläde,2031977.0
H3WNRQj9wTF2kmc4,15,Danzilla,Hunter,Demonbläde,23757.0
H3WNRQj9wTF2kmc4,15,Runé,Shaman,Demonbläde,17746.0
H3WNRQj9wTF2kmc4,15,Novachronos,Mage,Novachronos,745753.0
H3WNRQj9wTF2kmc4,16,Lìllith,Warlock,Lìllith,871741.0
H3WNRQj9wTF2kmc4,16,Littlejohn,DeathKnight,Littlejohn,2097249.0
H3WNRQj9wTF2kmc4,16,Danzilla,Hunter,Littlejohn,22436.0
H3WNRQj9wTF2kmc4,16,Spàdes,Warrior,Littlejohn,12324.0
H3WNRQj9wTF2kmc4,16,Greyseer,Hunter,Littlejohn,11967.0
H3WNRQj9wTF2kmc4,16,Czera,Monk,Littlejohn,10111.0
H3WNRQj9wTF2kmc4,16,Asharia,DemonHunter,Asharia,682258.0
H3WNRQj9wTF2kmc4,16,Danzilla,Hunter,Asharia,17779.0
H3WNRQj9wTF2kmc4,16,Averlis,Druid,Asharia,15407.0
H3WNRQj9wTF2kmc4,16,Scamanes,Shaman,Scamanes,2126301.0
H3WNRQj9wTF2kmc4,16,Maztajake,Druid,Scamanes,31338.0
H3WNRQj9wTF2kmc4,16,Shinier,Paladin,Scamanes,24471.0
H3WNRQj9wTF2kmc4,16,Decayed,DeathKnight,Scamanes,21772.0
H3WNRQj9wTF2kmc4,16,Decayed,DeathKnight,Decayed,11038253.0
H3WNRQj9wTF2kmc4,16,Danzilla,Hunter,Decayed,14776.0
H3WNRQj9wTF2kmc4,16,Greyseer,Hunter,Greyseer,398442.0
H3WNRQj9wTF2kmc4,16,Kainz,Warrior,Greyseer,6094.0
H3WNRQj9wTF2kmc4,16,Kainz,Warrior,Kainz,1848798.0
H3WNRQj9wTF2kmc4,16,Danzilla,Hunter,Danzilla,990532.0
H3WNRQj9wTF2kmc4,16,Kainz,Warrior,Danzilla,28257.0
H3WNRQj9wTF2kmc4,16,Averlis,Druid,Danzilla,18508.0
H3WNRQj9wTF2kmc4,16,Geckofursona,Evoker,Geckofursona,3634790.0
H3WNRQj9wTF2kmc4,16,Runé,Shaman,Geckofursona,1372689.0
H3WNRQj9wTF2kmc4,16,Viserion,Evoker,Geckofursona,1366475.0
H3WNRQj9wTF2kmc4,16,Czera,Monk,Geckofursona,1129620.0
H3WNRQj9wTF2kmc4,16,Scamanes,Shaman,Geckofursona,993247.0
H3WNRQj9wTF2kmc4,16,Shinier,Paladin,Shinier,4945208.0
H3WNRQj9wTF2kmc4,16,Averlis,Druid,Shinier,4355202.0
H3WNRQj9wTF2kmc4,16,Scamanes,Shaman,Shinier,4341084.0
H3WNRQj9wTF2kmc4,16,Greyseer,Hunter,Shinier,3978347.0
H3WNRQj9wTF2kmc4,16,Decayed,DeathKnight,Shinier,3711373.0
H3WNRQj9wTF2kmc4,16,Czera,Monk,Czera,1750208.0
H3WNRQj9wTF2kmc4,16,Maztajake,Druid,Maztajake,963099.0
H3WNRQj9wTF2kmc4,16,Danzilla,Hunter,Maztajake,18264.0
H3WNRQj9wTF2kmc4,16,Greyseer,Hunter,Maztajake,17487.0
H3WNRQj9wTF2kmc4,16,Kainz,Warrior,Hex Lord Malacrass,20446234.0
H3WNRQj9wTF2kmc4,16,Lìllith,Warlock,Hex Lord Malacrass,19468523.0
H3WNRQj9wTF2kmc4,16,Averlis,Druid,Hex Lord Malacrass,18687661.0
H3WNRQj9wTF2kmc4,16,Chickynuggy,Hunter,Hex Lord Malacrass,13161461.0
H3WNRQj9wTF2kmc4,16,Viserion,Evoker,Hex Lord Malacrass,427714.0
H3WNRQj9wTF2kmc4,16,Chontosh,Paladin,Chontosh,3574887.0
H3WNRQj9wTF2kmc4,16,Decayed,DeathKnight,Chontosh,2798550.0
H3WNRQj9wTF2kmc4,16,Maztajake,Druid,Chontosh,2519880.0
H3WNRQj9wTF2kmc4,16,Demonbläde,DemonHunter,Chontosh,2191349.0
H3WNRQj9wTF2kmc4,16,Chickynuggy,Hunter,Chontosh,2162679.0
H3WNRQj9wTF2kmc4,16,Averlis,Druid,Averlis,934307.0
H3WNRQj9wTF2kmc4,16,Greyseer,Hunter,Averlis,521136.0
H3WNRQj9wTF2kmc4,16,Viserion,Evoker,Averlis,484172.0
H3WNRQj9wTF2kmc4,16,Kainz,Warrior,Averlis,391975.0
H3WNRQj9wTF2kmc4,16,Danzilla,Hunter,Averlis,379152.0
H3WNRQj9wTF2kmc4,16,Sälazar,Mage,Sälazar,3269892.0
H3WNRQj9wTF2kmc4,16,Czera,Monk,Sälazar,18491.0
H3WNRQj9wTF2kmc4,16,Runé,Shaman,Runé,2194078.0
H3WNRQj9wTF2kmc4,16,Mets,Hunter,Mets,14518.0
H3WNRQj9wTF2kmc4,16,Viserion,Evoker,Viserion,1568618.0
H3WNRQj9wTF2kmc4,16,Averlis,Druid,Viserion,176264.0
H3WNRQj9wTF2kmc4,16,Scamanes,Shaman,Viserion,172229.0
H3WNRQj9wTF2kmc4,16,Littlejohn,DeathKnight,Viserion,163576.0
H3WNRQj9wTF2kmc4,16,Spàdes,Warrior,Viserion,150681.0
H3WNRQj9wTF2kmc4,16,Grapefantuh,Shaman,Grapefantuh,1192679.0
H3WNRQj9wTF2kmc4,16,Chickynuggy,Hunter,Chickynuggy,1714613.0
H3WNRQj9wTF2kmc4,16,Czera,Monk,Chickynuggy,30752.0
H3WNRQj9wTF2kmc4,16,Danzilla,Hunter,Chickynuggy,2964.0
H3WNRQj9wTF2kmc4,16,Ämon,Druid,Ämon,978728.0
H3WNRQj9wTF2kmc4,16,Spàdes,Warrior,Spàdes,1614534.0
H3WNRQj9wTF2kmc4,16,Averlis,Druid,Spàdes,49317.0
H3WNRQj9wTF2kmc4,16,Soliloquy,Priest,Soliloquy,4703923.0
H3WNRQj9wTF2kmc4,16,Scamanes,Shaman,Soliloquy,1703086.0
H3WNRQj9wTF2kmc4,16,Lìllith,Warlock,Soliloquy,1444856.0
H3WNRQj9wTF2kmc4,16,Viserion,Evoker,Soliloquy,1327773.0
H3WNRQj9wTF2kmc4,16,Greyseer,Hunter,Soliloquy,1232985.0
H3WNRQj9wTF2kmc4,16,Demonbläde,DemonHunter,Demonbläde,8232707.0
H3WNRQj9wTF2kmc4,16,Danzilla,Hunter,Demonbläde,92059.0
H3WNRQj9wTF2kmc4,16,Averlis,Druid,Demonbläde,54602.0
H3WNRQj9wTF2kmc4,16,Novachronos,Mage,Demonbläde,52500.0
H3WNRQj9wTF2kmc4,16,Sälazar,Mage,Demonbläde,29578.0
H3WNRQj9wTF2kmc4,16,Novachronos,Mage,Novachronos,2548057.0
H3WNRQj9wTF2kmc4,17,Lìllith,Warlock,Lìllith,1738105.0
H3WNRQj9wTF2kmc4,17,Runé,Shaman,Lìllith,17784.0
H3WNRQj9wTF2kmc4,17,Asharia,DemonHunter,Lìllith,14824.0
H3WNRQj9wTF2kmc4,17,Littlejohn,DeathKnight,Littlejohn,1846272.0
H3WNRQj9wTF2kmc4,17,Czera,Monk,Littlejohn,17888.0
H3WNRQj9wTF2kmc4,17,Kainz,Warrior,Littlejohn,12323.0
H3WNRQj9wTF2kmc4,17,Danzilla,Hunter,Littlejohn,11964.0
H3WNRQj9wTF2kmc4,17,Averlis,Druid,Littlejohn,11665.0
H3WNRQj9wTF2kmc4,17,Asharia,DemonHunter,Asharia,3348855.0
H3WNRQj9wTF2kmc4,17,Geckofursona,Evoker,Asharia,101804.0
H3WNRQj9wTF2kmc4,17,Scamanes,Shaman,Asharia,86820.0
H3WNRQj9wTF2kmc4,17,Czera,Monk,Asharia,84564.0
H3WNRQj9wTF2kmc4,17,Danzilla,Hunter,Asharia,57764.0
H3WNRQj9wTF2kmc4,17,Scamanes,Shaman,Scamanes,648300.0
H3WNRQj9wTF2kmc4,17,Decayed,DeathKnight,Decayed,11583258.0
H3WNRQj9wTF2kmc4,17,Danzilla,Hunter,Decayed,21176.0
H3WNRQj9wTF2kmc4,17,Greyseer,Hunter,Greyseer,459764.0
H3WNRQj9wTF2kmc4,17,Maztajake,Druid,Greyseer,14781.0
H3WNRQj9wTF2kmc4,17,Kainz,Warrior,Kainz,1048794.0
H3WNRQj9wTF2kmc4,17,Danzilla,Hunter,Danzilla,894178.0
H3WNRQj9wTF2kmc4,17,Geckofursona,Evoker,Geckofursona,4286304.0
H3WNRQj9wTF2kmc4,17,Decayed,DeathKnight,Geckofursona,2845450.0
H3WNRQj9wTF2kmc4,17,Lìllith,Warlock,Geckofursona,2750450.0
H3WNRQj9wTF2kmc4,17,Scamanes,Shaman,Geckofursona,2483472.0
H3WNRQj9wTF2kmc4,17,Viserion,Evoker,Geckofursona,2105538.0
H3WNRQj9wTF2kmc4,17,Greyseer,Hunter,Shinier,3749219.0
H3WNRQj9wTF2kmc4,17,Viserion,Evoker,Shinier,3403172.0
H3WNRQj9wTF2kmc4,17,Shinier,Paladin,Shinier,3235862.0
H3WNRQj9wTF2kmc4,17,Grapefantuh,Shaman,Shinier,2953081.0
H3WNRQj9wTF2kmc4,17,Danzilla,Hunter,Shinier,2861368.0
H3WNRQj9wTF2kmc4,17,Czera,Monk,Czera,948424.0
H3WNRQj9wTF2kmc4,17,Maztajake,Druid,Maztajake,684659.0
H3WNRQj9wTF2kmc4,17,Danzilla,Hunter,Maztajake,45664.0
H3WNRQj9wTF2kmc4,17,Soliloquy,Priest,Maztajake,18248.0
H3WNRQj9wTF2kmc4,17,Czera,Monk,Maztajake,17397.0
H3WNRQj9wTF2kmc4,17,Danzilla,Hunter,Hex Lord Malacrass,630573.0
H3WNRQj9wTF2kmc4,17,Czera,Monk,Hex Lord Malacrass,531903.0
H3WNRQj9wTF2kmc4,17,Runé,Shaman,Hex Lord Malacrass,427714.0
H3WNRQj9wTF2kmc4,17,Greyseer,Hunter,Hex Lord Malacrass,427714.0
H3WNRQj9wTF2kmc4,17,Grapefantuh,Shaman,Hex Lord Malacrass,427714.0
H3WNRQj9wTF2kmc4,17,Chontosh,Paladin,Chontosh,2251034.0
H3WNRQj9wTF2kmc4,17,Maztajake,Druid,Chontosh,1594788.0
H3WNRQj9wTF2kmc4,17,Ämon,Druid,Chontosh,1488634.0
H3WNRQj9wTF2kmc4,17,Grapefantuh,Shaman,Chontosh,1390501.0
H3WNRQj9wTF2kmc4,17,Averlis,Druid,Chontosh,1306164.0
H3WNRQj9wTF2kmc4,17,Averlis,Druid,Averlis,479916.0
H3WNRQj9wTF2kmc4,17,Geckofursona,Evoker,Averlis,469202.0
H3WNRQj9wTF2kmc4,17,Decayed,DeathKnight,Averlis,375884.0
H3WNRQj9wTF2kmc4,17,Grapefantuh,Shaman,Averlis,267878.0
H3WNRQj9wTF2kmc4,17,Maztajake,Druid,Averlis,258676.0
H3WNRQj9wTF2kmc4,17,Sälazar,Mage,Sälazar,1719214.0
H3WNRQj9wTF2kmc4,17,Runé,Shaman,Runé,2510304.0
H3WNRQj9wTF2kmc4,17,Greyseer,Hunter,Runé,13715.0
H3WNRQj9wTF2kmc4,17,Littlejohn,DeathKnight,Runé,4742.0
H3WNRQj9wTF2kmc4,17,Mets,Hunter,Mets,143489.0
H3WNRQj9wTF2kmc4,17,Runé,Shaman,Mets,17795.0
H3WNRQj9wTF2kmc4,17,Viserion,Evoker,Viserion,1188084.0
H3WNRQj9wTF2kmc4,17,Grapefantuh,Shaman,Viserion,247539.0
H3WNRQj9wTF2kmc4,17,Maztajake,Druid,Viserion,234618.0
H3WNRQj9wTF2kmc4,17,Chickynuggy,Hunter,Viserion,226314.0
H3WNRQj9wTF2kmc4,17,Littlejohn,DeathKnight,Viserion,224966.0
H3WNRQj9wTF2kmc4,17,Grapefantuh,Shaman,Grapefantuh,1272037.0
H3WNRQj9wTF2kmc4,17,Danzilla,Hunter,Grapefantuh,20345.0
H3WNRQj9wTF2kmc4,17,Chickynuggy,Hunter,Chickynuggy,2587999.0
H3WNRQj9wTF2kmc4,17,Viserion,Evoker,Chickynuggy,18144.0
H3WNRQj9wTF2kmc4,17,Sälazar,Mage,Chickynuggy,17790.0
H3WNRQj9wTF2kmc4,17,Soliloquy,Priest,Chickynuggy,17789.0
H3WNRQj9wTF2kmc4,17,Ämon,Druid,Ämon,414051.0
H3WNRQj9wTF2kmc4,17,Sälazar,Mage,Ämon,17509.0
H3WNRQj9wTF2kmc4,17,Spàdes,Warrior,Spàdes,824975.0
H3WNRQj9wTF2kmc4,17,Soliloquy,Priest,Soliloquy,3705409.0
H3WNRQj9wTF2kmc4,17,Greyseer,Hunter,Soliloquy,1334902.0
H3WNRQj9wTF2kmc4,17,Kainz,Warrior,Soliloquy,1265277.0
H3WNRQj9wTF2kmc4,17,Averlis,Druid,Soliloquy,1116222.0
H3WNRQj9wTF2kmc4,17,Grapefantuh,Shaman,Soliloquy,1106591.0
H3WNRQj9wTF2kmc4,17,Demonbläde,DemonHunter,Demonbläde,7640247.0
H3WNRQj9wTF2kmc4,17,Soliloquy,Priest,Demonbläde,1543475.0
H3WNRQj9wTF2kmc4,17,Danzilla,Hunter,Demonbläde,74417.0
H3WNRQj9wTF2kmc4,17,Decayed,DeathKnight,Demonbläde,70317.0
H3WNRQj9wTF2kmc4,17,Averlis,Druid,Demonbläde,32300.0
H3WNRQj9wTF2kmc4,17,Novachronos,Mage,Novachronos,1987174.0
H3WNRQj9wTF2kmc4,18,Lìllith,Warlock,Lìllith,4159364.0
H3WNRQj9wTF2kmc4,18,Danzilla,Hunter,Lìllith,17784.0
H3WNRQj9wTF2kmc4,18,Littlejohn,DeathKnight,Littlejohn,11240734.0
H3WNRQj9wTF2kmc4,18,Danzilla,Hunter,Littlejohn,23952.0
H3WNRQj9wTF2kmc4,18,Sälazar,Mage,Littlejohn,11218.0
H3WNRQj9wTF2kmc4,18,Averlis,Druid,Littlejohn,8555.0
H3WNRQj9wTF2kmc4,18,Asharia,DemonHunter,Asharia,7515338.0
H3WNRQj9wTF2kmc4,18,Grapefantuh,Shaman,Asharia,127114.0
H3WNRQj9wTF2kmc4,18,Czera,Monk,Asharia,111135.0
H3WNRQj9wTF2kmc4,18,Demonbläde,DemonHunter,Asharia,106070.0
H3WNRQj9wTF2kmc4,18,Chickynuggy,Hunter,Asharia,93922.0
H3WNRQj9wTF2kmc4,18,Scamanes,Shaman,Scamanes,1991967.0
H3WNRQj9wTF2kmc4,18,Decayed,DeathKnight,Decayed,27716579.0
H3WNRQj9wTF2kmc4,18,Greyseer,Hunter,Greyseer,1139383.0
H3WNRQj9wTF2kmc4,18,Czera,Monk,Greyseer,6775.0
H3WNRQj9wTF2kmc4,18,Kainz,Warrior,Kainz,3028102.0
H3WNRQj9wTF2kmc4,18,Danzilla,Hunter,Danzilla,211878.0
H3WNRQj9wTF2kmc4,18,Geckofursona,Evoker,Geckofursona,8010065.0
H3WNRQj9wTF2kmc4,18,Decayed,DeathKnight,Geckofursona,3848817.0
H3WNRQj9wTF2kmc4,18,Demonbläde,DemonHunter,Geckofursona,3639453.0
H3WNRQj9wTF2kmc4,18,Lìllith,Warlock,Geckofursona,3185692.0
H3WNRQj9wTF2kmc4,18,Ämon,Druid,Geckofursona,2943546.0
H3WNRQj9wTF2kmc4,18,Decayed,DeathKnight,Shinier,9071630.0
H3WNRQj9wTF2kmc4,18,Shinier,Paladin,Shinier,8221056.0
H3WNRQj9wTF2kmc4,18,Runé,Shaman,Shinier,7847333.0
H3WNRQj9wTF2kmc4,18,Greyseer,Hunter,Shinier,7448699.0
H3WNRQj9wTF2kmc4,18,Demonbläde,DemonHunter,Shinier,6255517.0
H3WNRQj9wTF2kmc4,18,Czera,Monk,Czera,2226526.0
H3WNRQj9wTF2kmc4,18,Maztajake,Druid,Maztajake,1018081.0
H3WNRQj9wTF2kmc4,18,Maztajake,Druid,Hex Lord Malacrass,1283142.0
H3WNRQj9wTF2kmc4,18,Lìllith,Warlock,Hex Lord Malacrass,855428.0
H3WNRQj9wTF2kmc4,18,Viserion,Evoker,Hex Lord Malacrass,855428.0
H3WNRQj9wTF2kmc4,18,Greyseer,Hunter,Hex Lord Malacrass,855428.0
H3WNRQj9wTF2kmc4,18,Grapefantuh,Shaman,Hex Lord Malacrass,855428.0
H3WNRQj9wTF2kmc4,18,Demonbläde,DemonHunter,Chontosh,6338290.0
H3WNRQj9wTF2kmc4,18,Decayed,DeathKnight,Chontosh,5349549.0
H3WNRQj9wTF2kmc4,18,Chontosh,Paladin,Chontosh,4062472.0
H3WNRQj9wTF2kmc4,18,Novachronos,Mage,Chontosh,3478440.0
H3WNRQj9wTF2kmc4,18,Chickynuggy,Hunter,Chontosh,3323469.0
H3WNRQj9wTF2kmc4,18,Averlis,Druid,Averlis,860550.0
H3WNRQj9wTF2kmc4,18,Greyseer,Hunter,Averlis,429266.0
H3WNRQj9wTF2kmc4,18,Lìllith,Warlock,Averlis,314619.0
H3WNRQj9wTF2kmc4,18,Scamanes,Shaman,Averlis,256926.0
H3WNRQj9wTF2kmc4,18,Geckofursona,Evoker,Averlis,230654.0
H3WNRQj9wTF2kmc4,18,Sälazar,Mage,Sälazar,4210566.0
H3WNRQj9wTF2kmc4,18,Runé,Shaman,Sälazar,17041.0
H3WNRQj9wTF2kmc4,18,Runé,Shaman,Runé,1906004.0
H3WNRQj9wTF2kmc4,18,Scamanes,Shaman,Runé,33669.0
H3WNRQj9wTF2kmc4,18,Mets,Hunter,Mets,185321.0
H3WNRQj9wTF2kmc4,18,Viserion,Evoker,Viserion,2404566.0
H3WNRQj9wTF2kmc4,18,Novachronos,Mage,Viserion,309320.0
H3WNRQj9wTF2kmc4,18,Ämon,Druid,Viserion,262802.0
H3WNRQj9wTF2kmc4,18,Maztajake,Druid,Viserion,244899.0
H3WNRQj9wTF2kmc4,18,Mets,Hunter,Viserion,242741.0
H3WNRQj9wTF2kmc4,18,Grapefantuh,Shaman,Grapefantuh,1742231.0
H3WNRQj9wTF2kmc4,18,Maztajake,Druid,Grapefantuh,34456.0
H3WNRQj9wTF2kmc4,18,Chickynuggy,Hunter,Grapefantuh,6778.0
H3WNRQj9wTF2kmc4,18,Chickynuggy,Hunter,Chickynuggy,4912553.0
H3WNRQj9wTF2kmc4,18,Danzilla,Hunter,Chickynuggy,17002.0
H3WNRQj9wTF2kmc4,18,Sälazar,Mage,Chickynuggy,15522.0
H3WNRQj9wTF2kmc4,18,Ämon,Druid,Ämon,1714513.0
H3WNRQj9wTF2kmc4,18,Runé,Shaman,Ämon,519776.0
H3WNRQj9wTF2kmc4,18,Mets,Hunter,Ämon,437633.0
H3WNRQj9wTF2kmc4,18,Spàdes,Warrior,Ämon,408175.0
H3WNRQj9wTF2kmc4,18,Demonbläde,DemonHunter,Ämon,365851.0
H3WNRQj9wTF2kmc4,18,Spàdes,Warrior,Spàdes,918565.0
H3WNRQj9wTF2kmc4,18,Soliloquy,Priest,Soliloquy,9757973.0
H3WNRQj9wTF2kmc4,18,Averlis,Druid,Soliloquy,3125041.0
H3WNRQj9wTF2kmc4,18,Scamanes,Shaman,Soliloquy,2964546.0
H3WNRQj9wTF2kmc4,18,Greyseer,Hunter,Soliloquy,2872267.0
H3WNRQj9wTF2kmc4,18,Decayed,DeathKnight,Soliloquy,2492782.0
H3WNRQj9wTF2kmc4,18,Demonbläde,DemonHunter,Demonbläde,18406857.0
H3WNRQj9wTF2kmc4,18,Grapefantuh,Shaman,Demonbläde,136565.0
H3WNRQj9wTF2kmc4,18,Lìllith,Warlock,Demonbläde,98964.0
H3WNRQj9wTF2kmc4,18,Sälazar,Mage,Demonbläde,97502.0
H3WNRQj9wTF2kmc4,18,Danzilla,Hunter,Demonbläde,94477.0
H3WNRQj9wTF2kmc4,18,Novachronos,Mage,Novachronos,3653725.0
H3WNRQj9wTF2kmc4,1,Lìllith,Warlock,Lìllith,3963176.0
H3WNRQj9wTF2kmc4,1,Asharia,DemonHunter,Lìllith,10349.0
H3WNRQj9wTF2kmc4,1,Czera,Monk,Lìllith,7709.0
H3WNRQj9wTF2kmc4,1,Littlejohn,DeathKnight,Littlejohn,8028730.0
H3WNRQj9wTF2kmc4,1,Czera,Monk,Littlejohn,32672.0
H3WNRQj9wTF2kmc4,1,Geckofursona,Evoker,Littlejohn,12685.0
H3WNRQj9wTF2kmc4,1,Spàdes,Warrior,Littlejohn,12324.0
H3WNRQj9wTF2kmc4,1,Maztajake,Druid,Littlejohn,9559.0
H3WNRQj9wTF2kmc4,1,Asharia,DemonHunter,Asharia,8151211.0
H3WNRQj9wTF2kmc4,1,Maztajake,Druid,Asharia,39111.0
H3WNRQj9wTF2kmc4,1,Runé,Shaman,Asharia,34050.0
H3WNRQj9wTF2kmc4,1,Kainz,Warrior,Asharia,27449.0
H3WNRQj9wTF2kmc4,1,Viserion,Evoker,Asharia,18478.0
H3WNRQj9wTF2kmc4,1,Scamanes,Shaman,Scamanes,2634491.0
H3WNRQj9wTF2kmc4,1,Decayed,DeathKnight,Scamanes,1350894.0
H3WNRQj9wTF2kmc4,1,Maztajake,Druid,Scamanes,53988.0
H3WNRQj9wTF2kmc4,1,Asharia,DemonHunter,Scamanes,28172.0
H3WNRQj9wTF2kmc4,1,Viserion,Evoker,Scamanes,22976.0
H3WNRQj9wTF2kmc4,1,Decayed,DeathKnight,Decayed,18117593.0
H3WNRQj9wTF2kmc4,1,Czera,Monk,Decayed,18441.0
H3WNRQj9wTF2kmc4,1,Danzilla,Hunter,Decayed,16266.0
H3WNRQj9wTF2kmc4,1,Greyseer,Hunter,Greyseer,109943.0
H3WNRQj9wTF2kmc4,1,Kainz,Warrior,Kainz,6227985.0
H3WNRQj9wTF2kmc4,1,Danzilla,Hunter,Danzilla,217189.0
H3WNRQj9wTF2kmc4,1,Geckofursona,Evoker,Geckofursona,5510689.0
H3WNRQj9wTF2kmc4,1,Mets,Hunter,Geckofursona,3480992.0
H3WNRQj9wTF2kmc4,1,Viserion,Evoker,Geckofursona,3266663.0
H3WNRQj9wTF2kmc4,1,Scamanes,Shaman,Geckofursona,3161507.0
H3WNRQj9wTF2kmc4,1,Grapefantuh,Shaman,Geckofursona,3020639.0
H3WNRQj9wTF2kmc4,1,Shinier,Paladin,Shinier,9202561.0
H3WNRQj9wTF2kmc4,1,Chontosh,Paladin,Shinier,8121477.0
H3WNRQj9wTF2kmc4,1,Scamanes,Shaman,Shinier,7954606.0
H3WNRQj9wTF2kmc4,1,Lìllith,Warlock,Shinier,7191397.0
H3WNRQj9wTF2kmc4,1,Runé,Shaman,Shinier,5595786.0
H3WNRQj9wTF2kmc4,1,Czera,Monk,Czera,2965253.0
H3WNRQj9wTF2kmc4,1,Maztajake,Druid,Maztajake,1158649.0
H3WNRQj9wTF2kmc4,1,Chontosh,Paladin,Chontosh,5138088.0
H3WNRQj9wTF2kmc4,1,Kainz,Warrior,Chontosh,4908612.0
H3WNRQj9wTF2kmc4,1,Maztajake,Druid,Chontosh,4856719.0
H3WNRQj9wTF2kmc4,1,Czera,Monk,Chontosh,4725291.0
H3WNRQj9wTF2kmc4,1,Mets,Hunter,Chontosh,4602202.0
H3WNRQj9wTF2kmc4,1,Ämon,Druid,Averlis,416727.0
H3WNRQj9wTF2kmc4,1,Viserion,Evoker,Averlis,405065.0
H3WNRQj9wTF2kmc4,1,Averlis,Druid,Averlis,371114.0
H3WNRQj9wTF2kmc4,1,Mets,Hunter,Averlis,297749.0
H3WNRQj9wTF2kmc4,1,Chontosh,Paladin,Averlis,263351.0
H3WNRQj9wTF2kmc4,1,Sälazar,Mage,Sälazar,5774145.0
H3WNRQj9wTF2kmc4,1,Myroguëë,Rogue,Sälazar,17781.0
H3WNRQj9wTF2kmc4,1,Kainz,Warrior,Sälazar,17551.0
H3WNRQj9wTF2kmc4,1,Myroguëë,Rogue,Myroguëë,4841516.0
H3WNRQj9wTF2kmc4,1,Runé,Shaman,Runé,2984466.0
H3WNRQj9wTF2kmc4,1,Decayed,DeathKnight,Runé,840217.0
H3WNRQj9wTF2kmc4,1,Mets,Hunter,Mets,993790.0
H3WNRQj9wTF2kmc4,1,Demonbläde,DemonHunter,Mets,16312.0
H3WNRQj9wTF2kmc4,1,Viserion,Evoker,Viserion,2202156.0
H3WNRQj9wTF2kmc4,1,Maztajake,Druid,Viserion,505451.0
H3WNRQj9wTF2kmc4,1,Mets,Hunter,Viserion,497672.0
H3WNRQj9wTF2kmc4,1,Scamanes,Shaman,Viserion,486005.0
H3WNRQj9wTF2kmc4,1,Ämon,Druid,Viserion,325102.0
H3WNRQj9wTF2kmc4,1,Grapefantuh,Shaman,Grapefantuh,2914503.0
H3WNRQj9wTF2kmc4,1,Chickynuggy,Hunter,Chickynuggy,1469295.0
H3WNRQj9wTF2kmc4,1,Ämon,Druid,Ämon,763112.0
H3WNRQj9wTF2kmc4,1,Spàdes,Warrior,Spàdes,6601276.0
H3WNRQj9wTF2kmc4,1,Demonbläde,DemonHunter,Demonbläde,12198665.0
H3WNRQj9wTF2kmc4,1,Chontosh,Paladin,Demonbläde,49879.0
H3WNRQj9wTF2kmc4,1,Danzilla,Hunter,Demonbläde,37538.0
H3WNRQj9wTF2kmc4,1,Maztajake,Druid,Demonbläde,37341.0
H3WNRQj9wTF2kmc4,1,Kainz,Warrior,Demonbläde,31987.0
H3WNRQj9wTF2kmc4,1,Soliloquy,Priest,Soliloquy,10641866.0
H3WNRQj9wTF2kmc4,1,Maztajake,Druid,Soliloquy,2491780.0
H3WNRQj9wTF2kmc4,1,Lìllith,Warlock,Soliloquy,2472106.0
H3WNRQj9wTF2kmc4,1,Runé,Shaman,Soliloquy,2212308.0
H3WNRQj9wTF2kmc4,1,Viserion,Evoker,Soliloquy,2069695.0
H3WNRQj9wTF2kmc4,1,Novachronos,Mage,Novachronos,1585305.0
H3WNRQj9wTF2kmc4,5,Shinier,Paladin,Shinier,975383.0
H3WNRQj9wTF2kmc4,5,Chickynuggy,Hunter,Shinier,591362.0
H3WNRQj9wTF2kmc4,5,Grapefantuh,Shaman,Shinier,590615.0
H3WNRQj9wTF2kmc4,5,Czera,Monk,Shinier,386892.0
H3WNRQj9wTF2kmc4,5,Decayed,DeathKnight,Shinier,333249.0
H3WNRQj9wTF2kmc4,5,Czera,Monk,Czera,288807.0
H3WNRQj9wTF2kmc4,5,Spàdes,Warrior,Czera,13727.0
H3WNRQj9wTF2kmc4,5,Maztajake,Druid,Maztajake,744200.0
H3WNRQj9wTF2kmc4,5,Lìllith,Warlock,Lìllith,772432.0
H3WNRQj9wTF2kmc4,5,Littlejohn,DeathKnight,Littlejohn,319361.0
H3WNRQj9wTF2kmc4,5,Kainz,Warrior,Littlejohn,12325.0
H3WNRQj9wTF2kmc4,5,Spàdes,Warrior,Littlejohn,9243.0
H3WNRQj9wTF2kmc4,5,Chontosh,Paladin,Chontosh,852642.0
H3WNRQj9wTF2kmc4,5,Chickynuggy,Hunter,Chontosh,272037.0
H3WNRQj9wTF2kmc4,5,Decayed,DeathKnight,Chontosh,174370.0
H3WNRQj9wTF2kmc4,5,Scamanes,Shaman,Chontosh,156543.0
H3WNRQj9wTF2kmc4,5,Runé,Shaman,Chontosh,155431.0
H3WNRQj9wTF2kmc4,5,Averlis,Druid,Averlis,1011731.0
H3WNRQj9wTF2kmc4,5,Scamanes,Shaman,Averlis,518768.0
H3WNRQj9wTF2kmc4,5,Maztajake,Druid,Averlis,464809.0
H3WNRQj9wTF2kmc4,5,Greyseer,Hunter,Averlis,417984.0
H3WNRQj9wTF2kmc4,5,Myroguëë,Rogue,Averlis,397637.0
H3WNRQj9wTF2kmc4,5,Sälazar,Mage,Sälazar,1390927.0
H3WNRQj9wTF2kmc4,5,Asharia,DemonHunter,Asharia,251762.0
H3WNRQj9wTF2kmc4,5,Chickynuggy,Hunter,Asharia,17771.0
H3WNRQj9wTF2kmc4,5,Danzilla,Hunter,Asharia,1481.0
H3WNRQj9wTF2kmc4,5,Scamanes,Shaman,Scamanes,885157.0
H3WNRQj9wTF2kmc4,5,Decayed,DeathKnight,Scamanes,370713.0
H3WNRQj9wTF2kmc4,5,Chickynuggy,Hunter,Scamanes,19340.0
H3WNRQj9wTF2kmc4,5,Soliloquy,Priest,Scamanes,17099.0
H3WNRQj9wTF2kmc4,5,Myroguëë,Rogue,Myroguëë,1320977.0
H3WNRQj9wTF2kmc4,5,Runé,Shaman,Runé,637411.0
H3WNRQj9wTF2kmc4,5,Decayed,DeathKnight,Runé,210805.0
H3WNRQj9wTF2kmc4,5,Decayed,DeathKnight,Decayed,13822335.0
H3WNRQj9wTF2kmc4,5,Viserion,Evoker,Viserion,151581.0
H3WNRQj9wTF2kmc4,5,Grapefantuh,Shaman,Viserion,109898.0
H3WNRQj9wTF2kmc4,5,Mets,Hunter,Viserion,86956.0
H3WNRQj9wTF2kmc4,5,Greyseer,Hunter,Viserion,71692.0
H3WNRQj9wTF2kmc4,5,Geckofursona,Evoker,Viserion,35257.0
H3WNRQj9wTF2kmc4,5,Mets,Hunter,Mets,371998.0
H3WNRQj9wTF2kmc4,5,Danzilla,Hunter,Mets,17795.0
H3WNRQj9wTF2kmc4,5,Greyseer,Hunter,Greyseer,404177.0
H3WNRQj9wTF2kmc4,5,Grapefantuh,Shaman,Grapefantuh,658780.0
H3WNRQj9wTF2kmc4,5,Chickynuggy,Hunter,Chickynuggy,669570.0
H3WNRQj9wTF2kmc4,5,Danzilla,Hunter,Chickynuggy,30257.0
H3WNRQj9wTF2kmc4,5,Czera,Monk,Chickynuggy,17980.0
H3WNRQj9wTF2kmc4,5,Kainz,Warrior,Kainz,76074.0
H3WNRQj9wTF2kmc4,5,Danzilla,Hunter,Danzilla,504965.0
H3WNRQj9wTF2kmc4,5,Viserion,Evoker,Danzilla,12338.0
H3WNRQj9wTF2kmc4,5,Ämon,Druid,Ämon,2222086.0
H3WNRQj9wTF2kmc4,5,Demonbläde,DemonHunter,Ämon,699460.0
H3WNRQj9wTF2kmc4,5,Spàdes,Warrior,Spàdes,154608.0
H3WNRQj9wTF2kmc4,5,Geckofursona,Evoker,Geckofursona,2908043.0
H3WNRQj9wTF2kmc4,5,Maztajake,Druid,Geckofursona,2353892.0
H3WNRQj9wTF2kmc4,5,Myroguëë,Rogue,Geckofursona,1984181.0
H3WNRQj9wTF2kmc4,5,Mets,Hunter,Geckofursona,1793376.0
H3WNRQj9wTF2kmc4,5,Decayed,DeathKnight,Geckofursona,1440097.0
H3WNRQj9wTF2kmc4,5,Soliloquy,Priest,Soliloquy,2651455.0
H3WNRQj9wTF2kmc4,5,Scamanes,Shaman,Soliloquy,1223470.0
H3WNRQj9wTF2kmc4,5,Decayed,DeathKnight,Soliloquy,1116079.0
H3WNRQj9wTF2kmc4,5,Myroguëë,Rogue,Soliloquy,919417.0
H3WNRQj9wTF2kmc4,5,Averlis,Druid,Soliloquy,909683.0
H3WNRQj9wTF2kmc4,5,Demonbläde,DemonHunter,Demonbläde,413458.0
H3WNRQj9wTF2kmc4,5,Kainz,Warrior,Demonbläde,18279.0
H3WNRQj9wTF2kmc4,5,Chickynuggy,Hunter,Demonbläde,17746.0
H3WNRQj9wTF2kmc4,5,Novachronos,Mage,Novachronos,750653.0
H3WNRQj9wTF2kmc4,6,Lìllith,Warlock,Lìllith,2294760.0
H3WNRQj9wTF2kmc4,6,Littlejohn,DeathKnight,Littlejohn,5593073.0
H3WNRQj9wTF2kmc4,6,Danzilla,Hunter,Littlejohn,20189.0
H3WNRQj9wTF2kmc4,6,Chickynuggy,Hunter,Littlejohn,11965.0
H3WNRQj9wTF2kmc4,6,Spàdes,Warrior,Littlejohn,10782.0
H3WNRQj9wTF2kmc4,6,Viserion,Evoker,Littlejohn,9917.0
H3WNRQj9wTF2kmc4,6,Asharia,DemonHunter,Asharia,5732249.0
H3WNRQj9wTF2kmc4,6,Danzilla,Hunter,Asharia,56276.0
H3WNRQj9wTF2kmc4,6,Averlis,Druid,Asharia,28955.0
H3WNRQj9wTF2kmc4,6,Myroguëë,Rogue,Asharia,26656.0
H3WNRQj9wTF2kmc4,6,Chontosh,Paladin,Asharia,26655.0
H3WNRQj9wTF2kmc4,6,Scamanes,Shaman,Scamanes,2594107.0
H3WNRQj9wTF2kmc4,6,Decayed,DeathKnight,Scamanes,750638.0
H3WNRQj9wTF2kmc4,6,Chickynuggy,Hunter,Scamanes,11868.0
H3WNRQj9wTF2kmc4,6,Asharia,DemonHunter,Scamanes,10386.0
H3WNRQj9wTF2kmc4,6,Decayed,DeathKnight,Decayed,14915563.0
H3WNRQj9wTF2kmc4,6,Greyseer,Hunter,Greyseer,1362472.0
H3WNRQj9wTF2kmc4,6,Kainz,Warrior,Greyseer,6100.0
H3WNRQj9wTF2kmc4,6,Kainz,Warrior,Kainz,3761347.0
H3WNRQj9wTF2kmc4,6,Danzilla,Hunter,Danzilla,452913.0
H3WNRQj9wTF2kmc4,6,Viserion,Evoker,Danzilla,18153.0
H3WNRQj9wTF2kmc4,6,Geckofursona,Evoker,Geckofursona,4392023.0
H3WNRQj9wTF2kmc4,6,Grapefantuh,Shaman,Geckofursona,2188551.0
H3WNRQj9wTF2kmc4,6,Lìllith,Warlock,Geckofursona,2126244.0
H3WNRQj9wTF2kmc4,6,Decayed,DeathKnight,Geckofursona,1854793.0
H3WNRQj9wTF2kmc4,6,Ämon,Druid,Geckofursona,1765415.0
H3WNRQj9wTF2kmc4,6,Shinier,Paladin,Shinier,5088426.0
H3WNRQj9wTF2kmc4,6,Kainz,Warrior,Shinier,4799615.0
H3WNRQj9wTF2kmc4,6,Novachronos,Mage,Shinier,4609790.0
H3WNRQj9wTF2kmc4,6,Mets,Hunter,Shinier,4379036.0
H3WNRQj9wTF2kmc4,6,Scamanes,Shaman,Shinier,4266332.0
H3WNRQj9wTF2kmc4,6,Czera,Monk,Czera,2435129.0
H3WNRQj9wTF2kmc4,6,Maztajake,Druid,Maztajake,1256837.0
H3WNRQj9wTF2kmc4,6,Grapefantuh,Shaman,Maztajake,18264.0
H3WNRQj9wTF2kmc4,6,Chontosh,Paladin,Chontosh,5116157.0
H3WNRQj9wTF2kmc4,6,Myroguëë,Rogue,Chontosh,3302106.0
H3WNRQj9wTF2kmc4,6,Czera,Monk,Chontosh,3058893.0
H3WNRQj9wTF2kmc4,6,Maztajake,Druid,Chontosh,3043734.0
H3WNRQj9wTF2kmc4,6,Greyseer,Hunter,Chontosh,2607133.0
H3WNRQj9wTF2kmc4,6,Averlis,Druid,Averlis,937715.0
H3WNRQj9wTF2kmc4,6,Maztajake,Druid,Averlis,450256.0
H3WNRQj9wTF2kmc4,6,Chontosh,Paladin,Averlis,435461.0
H3WNRQj9wTF2kmc4,6,Ämon,Druid,Averlis,310126.0
H3WNRQj9wTF2kmc4,6,Grapefantuh,Shaman,Averlis,293383.0
H3WNRQj9wTF2kmc4,6,Sälazar,Mage,Sälazar,1559994.0
H3WNRQj9wTF2kmc4,6,Myroguëë,Rogue,Myroguëë,3513804.0
H3WNRQj9wTF2kmc4,6,Runé,Shaman,Runé,2451847.0
H3WNRQj9wTF2kmc4,6,Decayed,DeathKnight,Runé,514306.0
H3WNRQj9wTF2kmc4,6,Viserion,Evoker,Viserion,1500556.0
H3WNRQj9wTF2kmc4,6,Littlejohn,DeathKnight,Viserion,381614.0
H3WNRQj9wTF2kmc4,6,Mets,Hunter,Viserion,326644.0
H3WNRQj9wTF2kmc4,6,Grapefantuh,Shaman,Viserion,231593.0
H3WNRQj9wTF2kmc4,6,Czera,Monk,Viserion,226772.0
H3WNRQj9wTF2kmc4,6,Mets,Hunter,Mets,895932.0
H3WNRQj9wTF2kmc4,6,Scamanes,Shaman,Mets,17784.0
H3WNRQj9wTF2kmc4,6,Danzilla,Hunter,Mets,17783.0
H3WNRQj9wTF2kmc4,6,Grapefantuh,Shaman,Grapefantuh,1914129.0
H3WNRQj9wTF2kmc4,6,Chickynuggy,Hunter,Chickynuggy,2160739.0
H3WNRQj9wTF2kmc4,6,Lìllith,Warlock,Chickynuggy,31046.0
H3WNRQj9wTF2kmc4,6,Maztajake,Druid,Chickynuggy,20351.0
H3WNRQj9wTF2kmc4,6,Greyseer,Hunter,Chickynuggy,17788.0
H3WNRQj9wTF2kmc4,6,Ämon,Druid,Ämon,1161332.0
H3WNRQj9wTF2kmc4,6,Spàdes,Warrior,Spàdes,3791193.0
H3WNRQj9wTF2kmc4,6,Demonbläde,DemonHunter,Demonbläde,9161268.0
H3WNRQj9wTF2kmc4,6,Soliloquy,Priest,Demonbläde,151895.0
H3WNRQj9wTF2kmc4,6,Viserion,Evoker,Demonbläde,76092.0
H3WNRQj9wTF2kmc4,6,Czera,Monk,Demonbläde,54349.0
H3WNRQj9wTF2kmc4,6,Mets,Hunter,Demonbläde,53841.0
H3WNRQj9wTF2kmc4,6,Soliloquy,Priest,Soliloquy,6242894.0
H3WNRQj9wTF2kmc4,6,Averlis,Druid,Soliloquy,1476356.0
H3WNRQj9wTF2kmc4,6,Scamanes,Shaman,Soliloquy,1183755.0
H3WNRQj9wTF2kmc4,6,Myroguëë,Rogue,Soliloquy,1135029.0
H3WNRQj9wTF2kmc4,6,Littlejohn,DeathKnight,Soliloquy,1050974.0
H3WNRQj9wTF2kmc4,6,Novachronos,Mage,Novachronos,4130580.0
H3WNRQj9wTF2kmc4,6,Mets,Hunter,Novachronos,17794.0
H3WNRQj9wTF2kmc4,7,Lìllith,Warlock,Lìllith,4593726.0
H3WNRQj9wTF2kmc4,7,Shinier,Paladin,Lìllith,18515.0
H3WNRQj9wTF2kmc4,7,Littlejohn,DeathKnight,Littlejohn,8439203.0
H3WNRQj9wTF2kmc4,7,Danzilla,Hunter,Littlejohn,47112.0
H3WNRQj9wTF2kmc4,7,Runé,Shaman,Littlejohn,35150.0
H3WNRQj9wTF2kmc4,7,Averlis,Druid,Littlejohn,24111.0
H3WNRQj9wTF2kmc4,7,Maztajake,Druid,Littlejohn,12444.0
H3WNRQj9wTF2kmc4,7,Asharia,DemonHunter,Asharia,6116758.0
H3WNRQj9wTF2kmc4,7,Myroguëë,Rogue,Asharia,145959.0
H3WNRQj9wTF2kmc4,7,Kainz,Warrior,Asharia,144759.0
H3WNRQj9wTF2kmc4,7,Spàdes,Warrior,Asharia,96126.0
H3WNRQj9wTF2kmc4,7,Maztajake,Druid,Asharia,90118.0
H3WNRQj9wTF2kmc4,7,Scamanes,Shaman,Scamanes,4234001.0
H3WNRQj9wTF2kmc4,7,Decayed,DeathKnight,Scamanes,1590682.0
H3WNRQj9wTF2kmc4,7,Myroguëë,Rogue,Scamanes,52499.0
H3WNRQj9wTF2kmc4,7,Demonbläde,DemonHunter,Scamanes,52430.0
H3WNRQj9wTF2kmc4,7,Greyseer,Hunter,Scamanes,44503.0
H3WNRQj9wTF2kmc4,7,Decayed,DeathKnight,Decayed,26601706.0
H3WNRQj9wTF2kmc4,7,Greyseer,Hunter,Greyseer,2338673.0
H3WNRQj9wTF2kmc4,7,Lìllith,Warlock,Greyseer,11844.0
H3WNRQj9wTF2kmc4,7,Averlis,Druid,Greyseer,6159.0
H3WNRQj9wTF2kmc4,7,Kainz,Warrior,Kainz,7873592.0
H3WNRQj9wTF2kmc4,7,Danzilla,Hunter,Danzilla,1497939.0
H3WNRQj9wTF2kmc4,7,Geckofursona,Evoker,Geckofursona,7065206.0
H3WNRQj9wTF2kmc4,7,Greyseer,Hunter,Geckofursona,3893088.0
H3WNRQj9wTF2kmc4,7,Ämon,Druid,Geckofursona,3409084.0
H3WNRQj9wTF2kmc4,7,Maztajake,Druid,Geckofursona,3002823.0
H3WNRQj9wTF2kmc4,7,Runé,Shaman,Geckofursona,2790632.0
H3WNRQj9wTF2kmc4,7,Shinier,Paladin,Shinier,9300632.0
H3WNRQj9wTF2kmc4,7,Greyseer,Hunter,Shinier,8333707.0
H3WNRQj9wTF2kmc4,7,Danzilla,Hunter,Shinier,7843204.0
H3WNRQj9wTF2kmc4,7,Chickynuggy,Hunter,Shinier,7475563.0
H3WNRQj9wTF2kmc4,7,Viserion,Evoker,Shinier,7038329.0
H3WNRQj9wTF2kmc4,7,Czera,Monk,Czera,3585886.0
H3WNRQj9wTF2kmc4,7,Maztajake,Druid,Maztajake,2589601.0
H3WNRQj9wTF2kmc4,7,Demonbläde,DemonHunter,Chontosh,3731180.0
H3WNRQj9wTF2kmc4,7,Decayed,DeathKnight,Chontosh,3683577.0
H3WNRQj9wTF2kmc4,7,Chontosh,Paladin,Chontosh,3153805.0
H3WNRQj9wTF2kmc4,7,Czera,Monk,Chontosh,2733961.0
H3WNRQj9wTF2kmc4,7,Danzilla,Hunter,Chontosh,2630000.0
H3WNRQj9wTF2kmc4,7,Averlis,Druid,Averlis,1764857.0
H3WNRQj9wTF2kmc4,7,Mets,Hunter,Averlis,420477.0
H3WNRQj9wTF2kmc4,7,Greyseer,Hunter,Averlis,346931.0
H3WNRQj9wTF2kmc4,7,Myroguëë,Rogue,Averlis,271968.0
H3WNRQj9wTF2kmc4,7,Sälazar,Mage,Averlis,267890.0
H3WNRQj9wTF2kmc4,7,Sälazar,Mage,Sälazar,5937792.0
H3WNRQj9wTF2kmc4,7,Danzilla,Hunter,Sälazar,17781.0
H3WNRQj9wTF2kmc4,7,Spàdes,Warrior,Sälazar,17550.0
H3WNRQj9wTF2kmc4,7,Averlis,Druid,Sälazar,12328.0
H3WNRQj9wTF2kmc4,7,Myroguëë,Rogue,Myroguëë,6322063.0
H3WNRQj9wTF2kmc4,7,Runé,Shaman,Runé,4368470.0
H3WNRQj9wTF2kmc4,7,Decayed,DeathKnight,Runé,1136183.0
H3WNRQj9wTF2kmc4,7,Maztajake,Druid,Runé,47046.0
H3WNRQj9wTF2kmc4,7,Mets,Hunter,Mets,741129.0
H3WNRQj9wTF2kmc4,7,Kainz,Warrior,Mets,18324.0
H3WNRQj9wTF2kmc4,7,Viserion,Evoker,Viserion,2703913.0
H3WNRQj9wTF2kmc4,7,Maztajake,Druid,Viserion,571650.0
H3WNRQj9wTF2kmc4,7,Ämon,Druid,Viserion,508500.0
H3WNRQj9wTF2kmc4,7,Novachronos,Mage,Viserion,447617.0
H3WNRQj9wTF2kmc4,7,Mets,Hunter,Viserion,402826.0
H3WNRQj9wTF2kmc4,7,Grapefantuh,Shaman,Grapefantuh,3238313.0
H3WNRQj9wTF2kmc4,7,Chickynuggy,Hunter,Chickynuggy,4643685.0
H3WNRQj9wTF2kmc4,7,Danzilla,Hunter,Chickynuggy,33264.0
H3WNRQj9wTF2kmc4,7,Shinier,Paladin,Chickynuggy,19568.0
H3WNRQj9wTF2kmc4,7,Runé,Shaman,Chickynuggy,17792.0
H3WNRQj9wTF2kmc4,7,Ämon,Druid,Ämon,1949165.0
H3WNRQj9wTF2kmc4,7,Myroguëë,Rogue,Ämon,490811.0
H3WNRQj9wTF2kmc4,7,Mets,Hunter,Ämon,409472.0
H3WNRQj9wTF2kmc4,7,Scamanes,Shaman,Ämon,324793.0
H3WNRQj9wTF2kmc4,7,Novachronos,Mage,Ämon,272479.0
H3WNRQj9wTF2kmc4,7,Spàdes,Warrior,Spàdes,8397120.0
H3WNRQj9wTF2kmc4,7,Demonbläde,DemonHunter,Demonbläde,22232595.0
H3WNRQj9wTF2kmc4,7,Czera,Monk,Demonbläde,179739.0
H3WNRQj9wTF2kmc4,7,Sälazar,Mage,Demonbläde,179721.0
H3WNRQj9wTF2kmc4,7,Runé,Shaman,Demonbläde,155081.0
H3WNRQj9wTF2kmc4,7,Kainz,Warrior,Demonbläde,138528.0
H3WNRQj9wTF2kmc4,7,Soliloquy,Priest,Soliloquy,12978208.0
H3WNRQj9wTF2kmc4,7,Greyseer,Hunter,Soliloquy,3018078.0
H3WNRQj9wTF2kmc4,7,Lìllith,Warlock,Soliloquy,2864612.0
H3WNRQj9wTF2kmc4,7,Myroguëë,Rogue,Soliloquy,2153486.0
H3WNRQj9wTF2kmc4,7,Maztajake,Druid,Soliloquy,2016410.0
H3WNRQj9wTF2kmc4,7,Novachronos,Mage,Novachronos,5376815.0
hY2VNwq1nWfMKFxm,14,Mets,Hunter,Mets,165758.0
hY2VNwq1nWfMKFxm,14,Asharia,DemonHunter,Asharia,5207481.0
hY2VNwq1nWfMKFxm,14,Averlis,Druid,Asharia,18495.0
hY2VNwq1nWfMKFxm,14,Sälazar,Mage,Asharia,17783.0
hY2VNwq1nWfMKFxm,14,Chontosh,Paladin,Asharia,16153.0
hY2VNwq1nWfMKFxm,14,Decayed,DeathKnight,Asharia,7406.0
hY2VNwq1nWfMKFxm,14,Greyseer,Hunter,Chontosh,5987615.0
hY2VNwq1nWfMKFxm,14,Chontosh,Paladin,Chontosh,5434845.0
hY2VNwq1nWfMKFxm,14,Decayed,DeathKnight,Chontosh,4793972.0
hY2VNwq1nWfMKFxm,14,Scamanes,Shaman,Chontosh,3941092.0
hY2VNwq1nWfMKFxm,14,Stellanoova,Monk,Chontosh,3771656.0
hY2VNwq1nWfMKFxm,14,Boomchicky,Hunter,Boomchicky,3584597.0
hY2VNwq1nWfMKFxm,14,Averlis,Druid,Boomchicky,17749.0
hY2VNwq1nWfMKFxm,14,Scamanes,Shaman,Scamanes,2249647.0
hY2VNwq1nWfMKFxm,14,Chinashop,Shaman,Scamanes,1143824.0
hY2VNwq1nWfMKFxm,14,Chinashop,Shaman,Chinashop,1859116.0
hY2VNwq1nWfMKFxm,14,Shinier,Paladin,Shinier,7707031.0
hY2VNwq1nWfMKFxm,14,Decayed,DeathKnight,Shinier,7070459.0
hY2VNwq1nWfMKFxm,14,Greyseer,Hunter,Shinier,6824128.0
hY2VNwq1nWfMKFxm,14,Scamanes,Shaman,Shinier,6251596.0
hY2VNwq1nWfMKFxm,14,Mydrood,Druid,Shinier,6101100.0
hY2VNwq1nWfMKFxm,14,Greyseer,Hunter,Greyseer,299360.0
hY2VNwq1nWfMKFxm,14,Maztajake,Druid,Maztajake,986286.0
hY2VNwq1nWfMKFxm,14,Lìllith,Warlock,Lìllith,4077721.0
hY2VNwq1nWfMKFxm,14,Averlis,Druid,Lìllith,20005.0
hY2VNwq1nWfMKFxm,14,Ämon,Druid,Lìllith,19647.0
hY2VNwq1nWfMKFxm,14,Decayed,DeathKnight,Decayed,22322613.0
hY2VNwq1nWfMKFxm,14,Lìllith,Warlock,Decayed,276852.0
hY2VNwq1nWfMKFxm,14,Sälazar,Mage,Sälazar,5298086.0
hY2VNwq1nWfMKFxm,14,Novachronos,Mage,Novachronos,4521217.0
hY2VNwq1nWfMKFxm,14,Stellanoova,Monk,Stellanoova,10063133.0
hY2VNwq1nWfMKFxm,14,Boomchicky,Hunter,Stellanoova,408176.0
hY2VNwq1nWfMKFxm,14,Scamanes,Shaman,Stellanoova,397568.0
hY2VNwq1nWfMKFxm,14,Decayed,DeathKnight,Stellanoova,373949.0
hY2VNwq1nWfMKFxm,14,Averlis,Druid,Averlis,1349551.0
hY2VNwq1nWfMKFxm,14,Chinashop,Shaman,Averlis,443835.0
hY2VNwq1nWfMKFxm,14,Ämon,Druid,Averlis,393329.0
hY2VNwq1nWfMKFxm,14,Mets,Hunter,Averlis,364392.0
hY2VNwq1nWfMKFxm,14,Maztajake,Druid,Averlis,346234.0
hY2VNwq1nWfMKFxm,14,Stellanoova,Monk,Mydrood,4777128.0
hY2VNwq1nWfMKFxm,14,Mets,Hunter,Mydrood,4257395.0
hY2VNwq1nWfMKFxm,14,Mydrood,Druid,Mydrood,3722033.0
hY2VNwq1nWfMKFxm,14,Chinashop,Shaman,Mydrood,3235854.0
hY2VNwq1nWfMKFxm,14,Decayed,DeathKnight,Mydrood,3221845.0
hY2VNwq1nWfMKFxm,14,Soliloquy,Priest,Soliloquy,6848669.0
hY2VNwq1nWfMKFxm,14,Geckofursona,Evoker,Soliloquy,411651.0
hY2VNwq1nWfMKFxm,14,Maztajake,Druid,Soliloquy,356758.0
hY2VNwq1nWfMKFxm,14,Averlis,Druid,Soliloquy,303811.0
hY2VNwq1nWfMKFxm,14,Chontosh,Paladin,Soliloquy,298557.0
hY2VNwq1nWfMKFxm,14,Ämon,Druid,Ämon,1468634.0
hY2VNwq1nWfMKFxm,14,Geckofursona,Evoker,Geckofursona,8541314.0
hY2VNwq1nWfMKFxm,14,Decayed,DeathKnight,Geckofursona,5919176.0
hY2VNwq1nWfMKFxm,14,Maztajake,Druid,Geckofursona,4461419.0
hY2VNwq1nWfMKFxm,14,Stellanoova,Monk,Geckofursona,4308970.0
hY2VNwq1nWfMKFxm,14,Scamanes,Shaman,Geckofursona,3774481.0
hY2VNwq1nWfMKFxm,18,Mets,Hunter,Mets,1413340.0
hY2VNwq1nWfMKFxm,18,Averlis,Druid,Mets,16933.0
hY2VNwq1nWfMKFxm,18,Asharia,DemonHunter,Asharia,6986174.0
hY2VNwq1nWfMKFxm,18,Chinashop,Shaman,Asharia,440627.0
hY2VNwq1nWfMKFxm,18,Scamanes,Shaman,Asharia,421520.0
hY2VNwq1nWfMKFxm,18,Shinier,Paladin,Asharia,384655.0
hY2VNwq1nWfMKFxm,18,Geckofursona,Evoker,Asharia,175114.0
hY2VNwq1nWfMKFxm,18,Chontosh,Paladin,Chontosh,7485683.0
hY2VNwq1nWfMKFxm,18,Novachronos,Mage,Chontosh,6282048.0
hY2VNwq1nWfMKFxm,18,Mets,Hunter,Chontosh,5787560.0
hY2VNwq1nWfMKFxm,18,Greyseer,Hunter,Chontosh,5230683.0
hY2VNwq1nWfMKFxm,18,Sälazar,Mage,Chontosh,4579554.0
hY2VNwq1nWfMKFxm,18,Kainz,Warrior,Kainz,3931976.0
hY2VNwq1nWfMKFxm,18,Boomchicky,Hunter,Boomchicky,4080202.0
hY2VNwq1nWfMKFxm,18,Maztajake,Druid,Boomchicky,15898.0
hY2VNwq1nWfMKFxm,18,Scamanes,Shaman,Scamanes,3800872.0
hY2VNwq1nWfMKFxm,18,Chinashop,Shaman,Scamanes,1612066.0
hY2VNwq1nWfMKFxm,18,Stellanoova,Monk,Scamanes,27068.0
hY2VNwq1nWfMKFxm,18,Mets,Hunter,Scamanes,23484.0
hY2VNwq1nWfMKFxm,18,Soliloquy,Priest,Scamanes,16648.0
hY2VNwq1nWfMKFxm,18,Chinashop,Shaman,Chinashop,1343940.0
hY2VNwq1nWfMKFxm,18,Shinier,Paladin,Shinier,13853132.0
hY2VNwq1nWfMKFxm,18,Stellanoova,Monk,Shinier,10193421.0
hY2VNwq1nWfMKFxm,18,Decayed,DeathKnight,Shinier,10143710.0
hY2VNwq1nWfMKFxm,18,Scamanes,Shaman,Shinier,8889879.0
hY2VNwq1nWfMKFxm,18,Greyseer,Hunter,Shinier,8871726.0
hY2VNwq1nWfMKFxm,18,Greyseer,Hunter,Greyseer,2348558.0
hY2VNwq1nWfMKFxm,18,Novachronos,Mage,Greyseer,43694.0
hY2VNwq1nWfMKFxm,18,Maztajake,Druid,Maztajake,901505.0
hY2VNwq1nWfMKFxm,18,Lìllith,Warlock,Lìllith,5320406.0
hY2VNwq1nWfMKFxm,18,Decayed,DeathKnight,Decayed,27363523.0
hY2VNwq1nWfMKFxm,18,Kainz,Warrior,Decayed,276852.0
hY2VNwq1nWfMKFxm,18,Sälazar,Mage,Sälazar,3792569.0
hY2VNwq1nWfMKFxm,18,Lìllith,Warlock,Sälazar,13066.0
hY2VNwq1nWfMKFxm,18,Novachronos,Mage,Novachronos,6218907.0
hY2VNwq1nWfMKFxm,18,Greyseer,Hunter,Novachronos,11127.0
hY2VNwq1nWfMKFxm,18,Stellanoova,Monk,Stellanoova,18938123.0
hY2VNwq1nWfMKFxm,18,Decayed,DeathKnight,Stellanoova,794629.0
hY2VNwq1nWfMKFxm,18,Kainz,Warrior,Stellanoova,562330.0
hY2VNwq1nWfMKFxm,18,Boomchicky,Hunter,Stellanoova,504002.0
hY2VNwq1nWfMKFxm,18,Geckofursona,Evoker,Stellanoova,422878.0
hY2VNwq1nWfMKFxm,18,Averlis,Druid,Averlis,1478690.0
hY2VNwq1nWfMKFxm,18,Stellanoova,Monk,Mydrood,5301551.0
hY2VNwq1nWfMKFxm,18,Mydrood,Druid,Mydrood,4739765.0
hY2VNwq1nWfMKFxm,18,Boomchicky,Hunter,Mydrood,3851172.0
hY2VNwq1nWfMKFxm,18,Decayed,DeathKnight,Mydrood,3609455.0
hY2VNwq1nWfMKFxm,18,Ämon,Druid,Mydrood,3358475.0
hY2VNwq1nWfMKFxm,18,Soliloquy,Priest,Soliloquy,7726291.0
hY2VNwq1nWfMKFxm,18,Chinashop,Shaman,Soliloquy,370831.0
hY2VNwq1nWfMKFxm,18,Mets,Hunter,Soliloquy,246011.0
hY2VNwq1nWfMKFxm,18,Ämon,Druid,Soliloquy,244008.0
hY2VNwq1nWfMKFxm,18,Novachronos,Mage,Soliloquy,242281.0
hY2VNwq1nWfMKFxm,18,Ämon,Druid,Ämon,1656951.0
hY2VNwq1nWfMKFxm,18,Geckofursona,Evoker,Geckofursona,11676457.0
hY2VNwq1nWfMKFxm,18,Stellanoova,Monk,Geckofursona,8342591.0
hY2VNwq1nWfMKFxm,18,Decayed,DeathKnight,Geckofursona,8106472.0
hY2VNwq1nWfMKFxm,18,Chinashop,Shaman,Geckofursona,4516041.0
hY2VNwq1nWfMKFxm,18,Kainz,Warrior,Geckofursona,4335392.0
hY2VNwq1nWfMKFxm,1,Mets,Hunter,Mets,40220.0
hY2VNwq1nWfMKFxm,1,Asharia,DemonHunter,Asharia,1523876.0
hY2VNwq1nWfMKFxm,1,Mydrood,Druid,Asharia,38619.0
hY2VNwq1nWfMKFxm,1,Novachronos,Mage,Asharia,35586.0
hY2VNwq1nWfMKFxm,1,Greyseer,Hunter,Asharia,23711.0
hY2VNwq1nWfMKFxm,1,Lìllith,Warlock,Asharia,17783.0
hY2VNwq1nWfMKFxm,1,Decayed,DeathKnight,Chontosh,4672637.0
hY2VNwq1nWfMKFxm,1,Chontosh,Paladin,Chontosh,2142988.0
hY2VNwq1nWfMKFxm,1,Boomchicky,Hunter,Chontosh,1513444.0
hY2VNwq1nWfMKFxm,1,Mets,Hunter,Chontosh,1412417.0
hY2VNwq1nWfMKFxm,1,Geckofursona,Evoker,Chontosh,969182.0
hY2VNwq1nWfMKFxm,1,Boomchicky,Hunter,Boomchicky,605550.0
hY2VNwq1nWfMKFxm,1,Scamanes,Shaman,Scamanes,470011.0
hY2VNwq1nWfMKFxm,1,Stellanoova,Monk,Scamanes,340981.0
hY2VNwq1nWfMKFxm,1,Chinashop,Shaman,Chinashop,447980.0
hY2VNwq1nWfMKFxm,1,Shinier,Paladin,Shinier,2803796.0
hY2VNwq1nWfMKFxm,1,Stellanoova,Monk,Shinier,2354910.0
hY2VNwq1nWfMKFxm,1,Novachronos,Mage,Shinier,2273262.0
hY2VNwq1nWfMKFxm,1,Lìllith,Warlock,Shinier,2005305.0
hY2VNwq1nWfMKFxm,1,Scamanes,Shaman,Shinier,1074165.0
hY2VNwq1nWfMKFxm,1,Greyseer,Hunter,Greyseer,47279.0
hY2VNwq1nWfMKFxm,1,Maztajake,Druid,Maztajake,594093.0
hY2VNwq1nWfMKFxm,1,Sälazar,Mage,Maztajake,18271.0
hY2VNwq1nWfMKFxm,1,Soliloquy,Priest,Maztajake,12180.0
hY2VNwq1nWfMKFxm,1,Lìllith,Warlock,Lìllith,1047886.0
hY2VNwq1nWfMKFxm,1,Averlis,Druid,Lìllith,13381.0
hY2VNwq1nWfMKFxm,1,Decayed,DeathKnight,Decayed,5974161.0
hY2VNwq1nWfMKFxm,1,Sälazar,Mage,Sälazar,1265540.0
hY2VNwq1nWfMKFxm,1,Novachronos,Mage,Novachronos,976627.0
hY2VNwq1nWfMKFxm,1,Stellanoova,Monk,Stellanoova,3674339.0
hY2VNwq1nWfMKFxm,1,Novachronos,Mage,Stellanoova,248017.0
hY2VNwq1nWfMKFxm,1,Lìllith,Warlock,Stellanoova,230337.0
hY2VNwq1nWfMKFxm,1,Averlis,Druid,Stellanoova,193240.0
hY2VNwq1nWfMKFxm,1,Averlis,Druid,Averlis,491822.0
hY2VNwq1nWfMKFxm,1,Mydrood,Druid,Mydrood,1638122.0
hY2VNwq1nWfMKFxm,1,Stellanoova,Monk,Mydrood,1527708.0
hY2VNwq1nWfMKFxm,1,Chinashop,Shaman,Mydrood,1335274.0
hY2VNwq1nWfMKFxm,1,Lìllith,Warlock,Mydrood,1216958.0
hY2VNwq1nWfMKFxm,1,Scamanes,Shaman,Mydrood,1028702.0
hY2VNwq1nWfMKFxm,1,Soliloquy,Priest,Soliloquy,971252.0
hY2VNwq1nWfMKFxm,1,Sälazar,Mage,Soliloquy,57744.0
hY2VNwq1nWfMKFxm,1,Maztajake,Druid,Soliloquy,45655.0
hY2VNwq1nWfMKFxm,1,Greyseer,Hunter,Soliloquy,40717.0
hY2VNwq1nWfMKFxm,1,Ämon,Druid,Ämon,328777.0
hY2VNwq1nWfMKFxm,1,Decayed,DeathKnight,Geckofursona,3370702.0
hY2VNwq1nWfMKFxm,1,Geckofursona,Evoker,Geckofursona,2433771.0
hY2VNwq1nWfMKFxm,1,Ämon,Druid,Geckofursona,1582324.0
hY2VNwq1nWfMKFxm,1,Mets,Hunter,Geckofursona,1343705.0
hY2VNwq1nWfMKFxm,1,Maztajake,Druid,Geckofursona,1208177.0
hY2VNwq1nWfMKFxm,20,Mets,Hunter,Mets,272135.0
hY2VNwq1nWfMKFxm,20,Asharia,DemonHunter,Asharia,7333633.0
hY2VNwq1nWfMKFxm,20,Mydrood,Druid,Asharia,35312.0
hY2VNwq1nWfMKFxm,20,Averlis,Druid,Asharia,18795.0
hY2VNwq1nWfMKFxm,20,Novachronos,Mage,Asharia,16301.0
hY2VNwq1nWfMKFxm,20,Boomchicky,Hunter,Asharia,14820.0
hY2VNwq1nWfMKFxm,20,Maztajake,Druid,Chontosh,2837722.0
hY2VNwq1nWfMKFxm,20,Decayed,DeathKnight,Chontosh,2445467.0
hY2VNwq1nWfMKFxm,20,Averlis,Druid,Chontosh,2307782.0
hY2VNwq1nWfMKFxm,20,Scamanes,Shaman,Chontosh,2277288.0
hY2VNwq1nWfMKFxm,20,Sälazar,Mage,Chontosh,2033497.0
hY2VNwq1nWfMKFxm,20,Kainz,Warrior,Kainz,5272251.0
hY2VNwq1nWfMKFxm,20,Boomchicky,Hunter,Boomchicky,4312642.0
hY2VNwq1nWfMKFxm,20,Scamanes,Shaman,Scamanes,3050652.0
hY2VNwq1nWfMKFxm,20,Chinashop,Shaman,Scamanes,1368751.0
hY2VNwq1nWfMKFxm,20,Chinashop,Shaman,Chinashop,1976654.0
hY2VNwq1nWfMKFxm,20,Shinier,Paladin,Shinier,10422998.0
hY2VNwq1nWfMKFxm,20,Decayed,DeathKnight,Shinier,9336890.0
hY2VNwq1nWfMKFxm,20,Novachronos,Mage,Shinier,7242508.0
hY2VNwq1nWfMKFxm,20,Averlis,Druid,Shinier,6457922.0
hY2VNwq1nWfMKFxm,20,Scamanes,Shaman,Shinier,6291025.0
hY2VNwq1nWfMKFxm,20,Greyseer,Hunter,Greyseer,327783.0
hY2VNwq1nWfMKFxm,20,Mydrood,Druid,Greyseer,18424.0
hY2VNwq1nWfMKFxm,20,Maztajake,Druid,Maztajake,1638735.0
hY2VNwq1nWfMKFxm,20,Lìllith,Warlock,Lìllith,4774701.0
hY2VNwq1nWfMKFxm,20,Decayed,DeathKnight,Decayed,27375767.0
hY2VNwq1nWfMKFxm,20,Mydrood,Druid,Decayed,133418.0
hY2VNwq1nWfMKFxm,20,Shinier,Paladin,Decayed,18431.0
hY2VNwq1nWfMKFxm,20,Sälazar,Mage,Sälazar,4663350.0
hY2VNwq1nWfMKFxm,20,Novachronos,Mage,Novachronos,3754973.0
hY2VNwq1nWfMKFxm,20,Stellanoova,Monk,Stellanoova,13816947.0
hY2VNwq1nWfMKFxm,20,Decayed,DeathKnight,Stellanoova,781393.0
hY2VNwq1nWfMKFxm,20,Boomchicky,Hunter,Stellanoova,544345.0
hY2VNwq1nWfMKFxm,20,Scamanes,Shaman,Stellanoova,339746.0
hY2VNwq1nWfMKFxm,20,Averlis,Druid,Averlis,1398558.0
hY2VNwq1nWfMKFxm,20,Geckofursona,Evoker,Averlis,476853.0
hY2VNwq1nWfMKFxm,20,Maztajake,Druid,Averlis,452557.0
hY2VNwq1nWfMKFxm,20,Novachronos,Mage,Averlis,421796.0
hY2VNwq1nWfMKFxm,20,Chinashop,Shaman,Averlis,407947.0
hY2VNwq1nWfMKFxm,20,Mets,Hunter,Mydrood,4969388.0
hY2VNwq1nWfMKFxm,20,Stellanoova,Monk,Mydrood,4625006.0
hY2VNwq1nWfMKFxm,20,Averlis,Druid,Mydrood,3445596.0
hY2VNwq1nWfMKFxm,20,Mydrood,Druid,Mydrood,3267550.0
hY2VNwq1nWfMKFxm,20,Lìllith,Warlock,Mydrood,2347156.0
hY2VNwq1nWfMKFxm,20,Soliloquy,Priest,Soliloquy,4114403.0
hY2VNwq1nWfMKFxm,20,Novachronos,Mage,Soliloquy,110555.0
hY2VNwq1nWfMKFxm,20,Mets,Hunter,Soliloquy,104084.0
hY2VNwq1nWfMKFxm,20,Ämon,Druid,Ämon,1021842.0
hY2VNwq1nWfMKFxm,20,Geckofursona,Evoker,Geckofursona,8369862.0
hY2VNwq1nWfMKFxm,20,Stellanoova,Monk,Geckofursona,6025671.0
hY2VNwq1nWfMKFxm,20,Decayed,DeathKnight,Geckofursona,5122965.0
hY2VNwq1nWfMKFxm,20,Chinashop,Shaman,Geckofursona,4486329.0
hY2VNwq1nWfMKFxm,20,Maztajake,Druid,Geckofursona,3795626.0
hY2VNwq1nWfMKFxm,22,Mets,Hunter,Mets,1314476.0
hY2VNwq1nWfMKFxm,22,Chinashop,Shaman,Mets,15543.0
hY2VNwq1nWfMKFxm,22,Asharia,DemonHunter,Asharia,9388626.0
hY2VNwq1nWfMKFxm,22,Kainz,Warrior,Asharia,643021.0
hY2VNwq1nWfMKFxm,22,Boomchicky,Hunter,Asharia,363045.0
hY2VNwq1nWfMKFxm,22,Greyseer,Hunter,Asharia,361747.0
hY2VNwq1nWfMKFxm,22,Decayed,DeathKnight,Asharia,341334.0
hY2VNwq1nWfMKFxm,22,Chontosh,Paladin,Chontosh,7297976.0
hY2VNwq1nWfMKFxm,22,Decayed,DeathKnight,Chontosh,7066718.0
hY2VNwq1nWfMKFxm,22,Averlis,Druid,Chontosh,6758733.0
hY2VNwq1nWfMKFxm,22,Greyseer,Hunter,Chontosh,6353748.0
hY2VNwq1nWfMKFxm,22,Mydrood,Druid,Chontosh,5973149.0
hY2VNwq1nWfMKFxm,22,Kainz,Warrior,Kainz,6168777.0
hY2VNwq1nWfMKFxm,22,Chontosh,Paladin,Kainz,13340.0
hY2VNwq1nWfMKFxm,22,Boomchicky,Hunter,Boomchicky,5705039.0
hY2VNwq1nWfMKFxm,22,Shinier,Paladin,Boomchicky,17066.0
hY2VNwq1nWfMKFxm,22,Scamanes,Shaman,Scamanes,3520276.0
hY2VNwq1nWfMKFxm,22,Chinashop,Shaman,Scamanes,770175.0
hY2VNwq1nWfMKFxm,22,Novachronos,Mage,Scamanes,9640.0
hY2VNwq1nWfMKFxm,22,Chinashop,Shaman,Chinashop,1498623.0
hY2VNwq1nWfMKFxm,22,Shinier,Paladin,Shinier,12882083.0
hY2VNwq1nWfMKFxm,22,Greyseer,Hunter,Shinier,9196469.0
hY2VNwq1nWfMKFxm,22,Chinashop,Shaman,Shinier,8721576.0
hY2VNwq1nWfMKFxm,22,Mydrood,Druid,Shinier,8166953.0
hY2VNwq1nWfMKFxm,22,Novachronos,Mage,Shinier,7699891.0
hY2VNwq1nWfMKFxm,22,Greyseer,Hunter,Greyseer,1698318.0
hY2VNwq1nWfMKFxm,22,Mets,Hunter,Greyseer,35547.0
hY2VNwq1nWfMKFxm,22,Maztajake,Druid,Maztajake,1972544.0
hY2VNwq1nWfMKFxm,22,Novachronos,Mage,Maztajake,439307.0
hY2VNwq1nWfMKFxm,22,Lìllith,Warlock,Maztajake,435715.0
hY2VNwq1nWfMKFxm,22,Averlis,Druid,Maztajake,321311.0
hY2VNwq1nWfMKFxm,22,Greyseer,Hunter,Maztajake,232536.0
hY2VNwq1nWfMKFxm,22,Lìllith,Warlock,Lìllith,5672492.0
hY2VNwq1nWfMKFxm,22,Decayed,DeathKnight,Decayed,29437195.0
hY2VNwq1nWfMKFxm,22,Mydrood,Druid,Decayed,17083.0
hY2VNwq1nWfMKFxm,22,Sälazar,Mage,Sälazar,6953696.0
hY2VNwq1nWfMKFxm,22,Greyseer,Hunter,Sälazar,17044.0
hY2VNwq1nWfMKFxm,22,Averlis,Druid,Sälazar,15707.0
hY2VNwq1nWfMKFxm,22,Chontosh,Paladin,Sälazar,15554.0
hY2VNwq1nWfMKFxm,22,Mydrood,Druid,Sälazar,4586.0
hY2VNwq1nWfMKFxm,22,Novachronos,Mage,Novachronos,5817165.0
hY2VNwq1nWfMKFxm,22,Geckofursona,Evoker,Novachronos,18083.0
hY2VNwq1nWfMKFxm,22,Mydrood,Druid,Novachronos,14093.0
hY2VNwq1nWfMKFxm,22,Stellanoova,Monk,Stellanoova,18610075.0
hY2VNwq1nWfMKFxm,22,Kainz,Warrior,Stellanoova,689095.0
hY2VNwq1nWfMKFxm,22,Geckofursona,Evoker,Stellanoova,676873.0
hY2VNwq1nWfMKFxm,22,Scamanes,Shaman,Stellanoova,587328.0
hY2VNwq1nWfMKFxm,22,Decayed,DeathKnight,Stellanoova,441866.0
hY2VNwq1nWfMKFxm,22,Averlis,Druid,Averlis,1814567.0
hY2VNwq1nWfMKFxm,22,Chinashop,Shaman,Averlis,822379.0
hY2VNwq1nWfMKFxm,22,Geckofursona,Evoker,Averlis,595173.0
hY2VNwq1nWfMKFxm,22,Maztajake,Druid,Averlis,398896.0
hY2VNwq1nWfMKFxm,22,Soliloquy,Priest,Averlis,391778.0
hY2VNwq1nWfMKFxm,22,Stellanoova,Monk,Mydrood,7238024.0
hY2VNwq1nWfMKFxm,22,Mydrood,Druid,Mydrood,6979175.0
hY2VNwq1nWfMKFxm,22,Mets,Hunter,Mydrood,6828631.0
hY2VNwq1nWfMKFxm,22,Ämon,Druid,Mydrood,4858537.0
hY2VNwq1nWfMKFxm,22,Maztajake,Druid,Mydrood,4419846.0
hY2VNwq1nWfMKFxm,22,Soliloquy,Priest,Soliloquy,8153700.0
hY2VNwq1nWfMKFxm,22,Geckofursona,Evoker,Soliloquy,420735.0
hY2VNwq1nWfMKFxm,22,Sälazar,Mage,Soliloquy,363641.0
hY2VNwq1nWfMKFxm,22,Mets,Hunter,Soliloquy,270812.0
hY2VNwq1nWfMKFxm,22,Lìllith,Warlock,Soliloquy,252231.0
hY2VNwq1nWfMKFxm,22,Ämon,Druid,Ämon,1871644.0
hY2VNwq1nWfMKFxm,22,Geckofursona,Evoker,Geckofursona,9324484.0
hY2VNwq1nWfMKFxm,22,Decayed,DeathKnight,Geckofursona,7472232.0
hY2VNwq1nWfMKFxm,22,Chinashop,Shaman,Geckofursona,5442620.0
hY2VNwq1nWfMKFxm,22,Stellanoova,Monk,Geckofursona,5061792.0
hY2VNwq1nWfMKFxm,22,Maztajake,Druid,Geckofursona,5019146.0
hY2VNwq1nWfMKFxm,2,Mets,Hunter,Mets,1136184.0
hY2VNwq1nWfMKFxm,2,Asharia,DemonHunter,Asharia,975934.0
hY2VNwq1nWfMKFxm,2,Mydrood,Druid,Asharia,51685.0
hY2VNwq1nWfMKFxm,2,Scamanes,Shaman,Asharia,16301.0
hY2VNwq1nWfMKFxm,2,Greyseer,Hunter,Asharia,11855.0
hY2VNwq1nWfMKFxm,2,Averlis,Druid,Asharia,9248.0
hY2VNwq1nWfMKFxm,2,Decayed,DeathKnight,Chontosh,6250294.0
hY2VNwq1nWfMKFxm,2,Maztajake,Druid,Chontosh,2938207.0
hY2VNwq1nWfMKFxm,2,Sälazar,Mage,Chontosh,2718123.0
hY2VNwq1nWfMKFxm,2,Soliloquy,Priest,Chontosh,2504360.0
hY2VNwq1nWfMKFxm,2,Chontosh,Paladin,Chontosh,2273734.0
hY2VNwq1nWfMKFxm,2,Boomchicky,Hunter,Boomchicky,459018.0
hY2VNwq1nWfMKFxm,2,Scamanes,Shaman,Scamanes,544225.0
hY2VNwq1nWfMKFxm,2,Stellanoova,Monk,Scamanes,246888.0
hY2VNwq1nWfMKFxm,2,Chinashop,Shaman,Chinashop,447980.0
hY2VNwq1nWfMKFxm,2,Stellanoova,Monk,Shinier,4436409.0
hY2VNwq1nWfMKFxm,2,Novachronos,Mage,Shinier,4193415.0
hY2VNwq1nWfMKFxm,2,Shinier,Paladin,Shinier,3916611.0
hY2VNwq1nWfMKFxm,2,Mydrood,Druid,Shinier,3195219.0
hY2VNwq1nWfMKFxm,2,Averlis,Druid,Shinier,2753850.0
hY2VNwq1nWfMKFxm,2,Greyseer,Hunter,Greyseer,78054.0
hY2VNwq1nWfMKFxm,2,Maztajake,Druid,Maztajake,529221.0
hY2VNwq1nWfMKFxm,2,Lìllith,Warlock,Lìllith,888084.0
hY2VNwq1nWfMKFxm,2,Decayed,DeathKnight,Decayed,9824238.0
hY2VNwq1nWfMKFxm,2,Chontosh,Paladin,Decayed,16280.0
hY2VNwq1nWfMKFxm,2,Sälazar,Mage,Sälazar,1957412.0
hY2VNwq1nWfMKFxm,2,Novachronos,Mage,Novachronos,1597082.0
hY2VNwq1nWfMKFxm,2,Averlis,Druid,Novachronos,7713.0
hY2VNwq1nWfMKFxm,2,Stellanoova,Monk,Stellanoova,3357539.0
hY2VNwq1nWfMKFxm,2,Scamanes,Shaman,Stellanoova,98057.0
hY2VNwq1nWfMKFxm,2,Shinier,Paladin,Stellanoova,76285.0
hY2VNwq1nWfMKFxm,2,Averlis,Druid,Stellanoova,25956.0
hY2VNwq1nWfMKFxm,2,Averlis,Druid,Averlis,387313.0
hY2VNwq1nWfMKFxm,2,Stellanoova,Monk,Mydrood,1725503.0
hY2VNwq1nWfMKFxm,2,Mydrood,Druid,Mydrood,1213928.0
hY2VNwq1nWfMKFxm,2,Averlis,Druid,Mydrood,1157094.0
hY2VNwq1nWfMKFxm,2,Lìllith,Warlock,Mydrood,971518.0
hY2VNwq1nWfMKFxm,2,Soliloquy,Priest,Mydrood,938399.0
hY2VNwq1nWfMKFxm,2,Soliloquy,Priest,Soliloquy,1708328.0
hY2VNwq1nWfMKFxm,2,Decayed,DeathKnight,Soliloquy,93593.0
hY2VNwq1nWfMKFxm,2,Ämon,Druid,Soliloquy,59590.0
hY2VNwq1nWfMKFxm,2,Chontosh,Paladin,Soliloquy,58504.0
hY2VNwq1nWfMKFxm,2,Maztajake,Druid,Soliloquy,58376.0
hY2VNwq1nWfMKFxm,2,Ämon,Druid,Ämon,624848.0
hY2VNwq1nWfMKFxm,2,Decayed,DeathKnight,Geckofursona,3688735.0
hY2VNwq1nWfMKFxm,2,Mets,Hunter,Geckofursona,2192995.0
hY2VNwq1nWfMKFxm,2,Maztajake,Druid,Geckofursona,1738845.0
hY2VNwq1nWfMKFxm,2,Ämon,Druid,Geckofursona,1539600.0
hY2VNwq1nWfMKFxm,2,Chontosh,Paladin,Geckofursona,1417557.0
hY2VNwq1nWfMKFxm,3,Mets,Hunter,Mets,951488.0
hY2VNwq1nWfMKFxm,3,Maztajake,Druid,Mets,14630.0
hY2VNwq1nWfMKFxm,3,Soliloquy,Priest,Mets,11846.0
hY2VNwq1nWfMKFxm,3,Sälazar,Mage,Mets,2961.0
hY2VNwq1nWfMKFxm,3,Asharia,DemonHunter,Asharia,11645801.0
hY2VNwq1nWfMKFxm,3,Stellanoova,Monk,Asharia,509835.0
hY2VNwq1nWfMKFxm,3,Mydrood,Druid,Asharia,272136.0
hY2VNwq1nWfMKFxm,3,Averlis,Druid,Asharia,225996.0
hY2VNwq1nWfMKFxm,3,Shinier,Paladin,Asharia,138178.0
hY2VNwq1nWfMKFxm,3,Decayed,DeathKnight,Chontosh,23250980.0
hY2VNwq1nWfMKFxm,3,Boomchicky,Hunter,Chontosh,14255553.0
hY2VNwq1nWfMKFxm,3,Sälazar,Mage,Chontosh,13731390.0
hY2VNwq1nWfMKFxm,3,Mets,Hunter,Chontosh,13707165.0
hY2VNwq1nWfMKFxm,3,Ämon,Druid,Chontosh,13508419.0
hY2VNwq1nWfMKFxm,3,Boomchicky,Hunter,Boomchicky,5429548.0
hY2VNwq1nWfMKFxm,3,Scamanes,Shaman,Scamanes,1405623.0
hY2VNwq1nWfMKFxm,3,Stellanoova,Monk,Scamanes,798167.0
hY2VNwq1nWfMKFxm,3,Chinashop,Shaman,Chinashop,826652.0
hY2VNwq1nWfMKFxm,3,Stellanoova,Monk,Shinier,27121857.0
hY2VNwq1nWfMKFxm,3,Chinashop,Shaman,Shinier,19069457.0
hY2VNwq1nWfMKFxm,3,Shinier,Paladin,Shinier,18682540.0
hY2VNwq1nWfMKFxm,3,Greyseer,Hunter,Shinier,15717937.0
hY2VNwq1nWfMKFxm,3,Averlis,Druid,Shinier,14353994.0
hY2VNwq1nWfMKFxm,3,Greyseer,Hunter,Greyseer,678393.0
hY2VNwq1nWfMKFxm,3,Maztajake,Druid,Maztajake,2252539.0
hY2VNwq1nWfMKFxm,3,Lìllith,Warlock,Lìllith,5907878.0
hY2VNwq1nWfMKFxm,3,Chinashop,Shaman,Lìllith,16297.0
hY2VNwq1nWfMKFxm,3,Mydrood,Druid,Lìllith,12356.0
hY2VNwq1nWfMKFxm,3,Decayed,DeathKnight,Decayed,43447278.0
hY2VNwq1nWfMKFxm,3,Sälazar,Mage,Sälazar,8272286.0
hY2VNwq1nWfMKFxm,3,Geckofursona,Evoker,Sälazar,18067.0
hY2VNwq1nWfMKFxm,3,Novachronos,Mage,Novachronos,2258062.0
hY2VNwq1nWfMKFxm,3,Stellanoova,Monk,Stellanoova,29906786.0
hY2VNwq1nWfMKFxm,3,Averlis,Druid,Stellanoova,963111.0
hY2VNwq1nWfMKFxm,3,Shinier,Paladin,Stellanoova,750540.0
hY2VNwq1nWfMKFxm,3,Asharia,DemonHunter,Stellanoova,688289.0
hY2VNwq1nWfMKFxm,3,Scamanes,Shaman,Stellanoova,514149.0
hY2VNwq1nWfMKFxm,3,Averlis,Druid,Averlis,2473337.0
hY2VNwq1nWfMKFxm,3,Stellanoova,Monk,Mydrood,22825333.0
hY2VNwq1nWfMKFxm,3,Mydrood,Druid,Mydrood,16714097.0
hY2VNwq1nWfMKFxm,3,Greyseer,Hunter,Mydrood,11829235.0
hY2VNwq1nWfMKFxm,3,Chinashop,Shaman,Mydrood,10608277.0
hY2VNwq1nWfMKFxm,3,Averlis,Druid,Mydrood,10470156.0
hY2VNwq1nWfMKFxm,3,Soliloquy,Priest,Soliloquy,8722370.0
hY2VNwq1nWfMKFxm,3,Decayed,DeathKnight,Soliloquy,483305.0
hY2VNwq1nWfMKFxm,3,Ämon,Druid,Soliloquy,374124.0
hY2VNwq1nWfMKFxm,3,Mets,Hunter,Soliloquy,334840.0
hY2VNwq1nWfMKFxm,3,Geckofursona,Evoker,Soliloquy,334153.0
hY2VNwq1nWfMKFxm,3,Ämon,Druid,Ämon,3458625.0
hY2VNwq1nWfMKFxm,3,Chontosh,Paladin,Ämon,501151.0
hY2VNwq1nWfMKFxm,3,Maztajake,Druid,Ämon,387678.0
hY2VNwq1nWfMKFxm,3,Decayed,DeathKnight,Ämon,375238.0
hY2VNwq1nWfMKFxm,3,Mets,Hunter,Ämon,313425.0
hY2VNwq1nWfMKFxm,3,Decayed,DeathKnight,Geckofursona,17071393.0
hY2VNwq1nWfMKFxm,3,Geckofursona,Evoker,Geckofursona,16342839.0
hY2VNwq1nWfMKFxm,3,Ämon,Druid,Geckofursona,14372527.0
hY2VNwq1nWfMKFxm,3,Mets,Hunter,Geckofursona,12335235.0
hY2VNwq1nWfMKFxm,3,Maztajake,Druid,Geckofursona,11967984.0
hY2VNwq1nWfMKFxm,9,Mets,Hunter,Mets,1052362.0
hY2VNwq1nWfMKFxm,9,Mydrood,Druid,Mets,39438.0
hY2VNwq1nWfMKFxm,9,Shinier,Paladin,Mets,14371.0
hY2VNwq1nWfMKFxm,9,Asharia,DemonHunter,Asharia,8083190.0
hY2VNwq1nWfMKFxm,9,Lìllith,Warlock,Asharia,453713.0
hY2VNwq1nWfMKFxm,9,Stellanoova,Monk,Asharia,301508.0
hY2VNwq1nWfMKFxm,9,Mydrood,Druid,Asharia,296133.0
hY2VNwq1nWfMKFxm,9,Ämon,Druid,Asharia,139454.0
hY2VNwq1nWfMKFxm,9,Chontosh,Paladin,Chontosh,8999425.0
hY2VNwq1nWfMKFxm,9,Sälazar,Mage,Chontosh,6710055.0
hY2VNwq1nWfMKFxm,9,Maztajake,Druid,Chontosh,5767330.0
hY2VNwq1nWfMKFxm,9,Novachronos,Mage,Chontosh,5750915.0
hY2VNwq1nWfMKFxm,9,Mydrood,Druid,Chontosh,5709728.0
hY2VNwq1nWfMKFxm,9,Boomchicky,Hunter,Boomchicky,4818238.0
hY2VNwq1nWfMKFxm,9,Mets,Hunter,Boomchicky,12614.0
hY2VNwq1nWfMKFxm,9,Sälazar,Mage,Boomchicky,11687.0
hY2VNwq1nWfMKFxm,9,Scamanes,Shaman,Scamanes,3102221.0
hY2VNwq1nWfMKFxm,9,Chinashop,Shaman,Scamanes,1502253.0
hY2VNwq1nWfMKFxm,9,Averlis,Druid,Scamanes,18288.0
hY2VNwq1nWfMKFxm,9,Chinashop,Shaman,Chinashop,1322600.0
hY2VNwq1nWfMKFxm,9,Shinier,Paladin,Shinier,10779687.0
hY2VNwq1nWfMKFxm,9,Stellanoova,Monk,Shinier,8439621.0
hY2VNwq1nWfMKFxm,9,Novachronos,Mage,Shinier,8411179.0
hY2VNwq1nWfMKFxm,9,Decayed,DeathKnight,Shinier,7895605.0
hY2VNwq1nWfMKFxm,9,Mydrood,Druid,Shinier,7450078.0
hY2VNwq1nWfMKFxm,9,Greyseer,Hunter,Greyseer,410586.0
hY2VNwq1nWfMKFxm,9,Maztajake,Druid,Maztajake,1755361.0
hY2VNwq1nWfMKFxm,9,Shinier,Paladin,Maztajake,22058.0
hY2VNwq1nWfMKFxm,9,Lìllith,Warlock,Lìllith,6817556.0
hY2VNwq1nWfMKFxm,9,Decayed,DeathKnight,Decayed,27405163.0
hY2VNwq1nWfMKFxm,9,Sälazar,Mage,Sälazar,6861128.0
hY2VNwq1nWfMKFxm,9,Novachronos,Mage,Sälazar,14821.0
hY2VNwq1nWfMKFxm,9,Novachronos,Mage,Novachronos,7630020.0
hY2VNwq1nWfMKFxm,9,Scamanes,Shaman,Novachronos,15575.0
hY2VNwq1nWfMKFxm,9,Averlis,Druid,Novachronos,8516.0
hY2VNwq1nWfMKFxm,9,Stellanoova,Monk,Stellanoova,20951449.0
hY2VNwq1nWfMKFxm,9,Decayed,DeathKnight,Stellanoova,1018035.0
hY2VNwq1nWfMKFxm,9,Boomchicky,Hunter,Stellanoova,495873.0
hY2VNwq1nWfMKFxm,9,Lìllith,Warlock,Stellanoova,385552.0
hY2VNwq1nWfMKFxm,9,Averlis,Druid,Averlis,1452603.0
hY2VNwq1nWfMKFxm,9,Chinashop,Shaman,Averlis,133675.0
hY2VNwq1nWfMKFxm,9,Ämon,Druid,Averlis,113150.0
hY2VNwq1nWfMKFxm,9,Soliloquy,Priest,Averlis,62821.0
hY2VNwq1nWfMKFxm,9,Mydrood,Druid,Mydrood,10748865.0
hY2VNwq1nWfMKFxm,9,Decayed,DeathKnight,Mydrood,8467795.0
hY2VNwq1nWfMKFxm,9,Stellanoova,Monk,Mydrood,7835327.0
hY2VNwq1nWfMKFxm,9,Mets,Hunter,Mydrood,7022047.0
hY2VNwq1nWfMKFxm,9,Soliloquy,Priest,Mydrood,5611683.0
hY2VNwq1nWfMKFxm,9,Soliloquy,Priest,Soliloquy,8733154.0
hY2VNwq1nWfMKFxm,9,Geckofursona,Evoker,Soliloquy,247369.0
hY2VNwq1nWfMKFxm,9,Maztajake,Druid,Soliloquy,238440.0
hY2VNwq1nWfMKFxm,9,Scamanes,Shaman,Soliloquy,219498.0
hY2VNwq1nWfMKFxm,9,Ämon,Druid,Ämon,2625345.0
hY2VNwq1nWfMKFxm,9,Geckofursona,Evoker,Geckofursona,11430569.0
hY2VNwq1nWfMKFxm,9,Stellanoova,Monk,Geckofursona,7917486.0
hY2VNwq1nWfMKFxm,9,Decayed,DeathKnight,Geckofursona,6706096.0
hY2VNwq1nWfMKFxm,9,Chinashop,Shaman,Geckofursona,5482819.0
hY2VNwq1nWfMKFxm,9,Scamanes,Shaman,Geckofursona,5380133.0
LMnThDVqdjya46v2,1,Tavendar,Paladin,Tavendar,1049125.0
LMnThDVqdjya46v2,1,Primeval,Shaman,Tavendar,1000255.0
LMnThDVqdjya46v2,1,Synkro,Monk,Tavendar,915432.0
LMnThDVqdjya46v2,1,Decayed,DeathKnight,Tavendar,856626.0
LMnThDVqdjya46v2,1,Chontosh,Paladin,Tavendar,819297.0
LMnThDVqdjya46v2,1,Synkro,Monk,Synkro,4930293.0
LMnThDVqdjya46v2,1,Mannarchy,Paladin,Synkro,340680.0
LMnThDVqdjya46v2,1,Panes,Paladin,Synkro,211577.0
LMnThDVqdjya46v2,1,Aurëus,Paladin,Synkro,188892.0
LMnThDVqdjya46v2,1,Meowrawrxo,Druid,Synkro,155059.0
LMnThDVqdjya46v2,1,Meowrawrxo,Druid,Meowrawrxo,709029.0
LMnThDVqdjya46v2,1,Primeval,Shaman,Meowrawrxo,238391.0
LMnThDVqdjya46v2,1,Lìllith,Warlock,Meowrawrxo,136966.0
LMnThDVqdjya46v2,1,Tavendar,Paladin,Meowrawrxo,127874.0
LMnThDVqdjya46v2,1,Dystrophee,DeathKnight,Meowrawrxo,123595.0
LMnThDVqdjya46v2,1,Dystrophee,DeathKnight,Dystrophee,908937.0
LMnThDVqdjya46v2,1,Maztajake,Druid,Maztajake,369208.0
LMnThDVqdjya46v2,1,Monfro,Hunter,Maztajake,208885.0
LMnThDVqdjya46v2,1,Chontosh,Paladin,Maztajake,143064.0
LMnThDVqdjya46v2,1,Soliloquy,Priest,Maztajake,141189.0
LMnThDVqdjya46v2,1,Greyseer,Hunter,Maztajake,137597.0
LMnThDVqdjya46v2,1,Chontosh,Paladin,Chontosh,1672012.0
LMnThDVqdjya46v2,1,Monfro,Hunter,Chontosh,1308914.0
LMnThDVqdjya46v2,1,Meowrawrxo,Druid,Chontosh,934587.0
LMnThDVqdjya46v2,1,Greyseer,Hunter,Chontosh,911616.0
LMnThDVqdjya46v2,1,Siare,Warlock,Chontosh,822964.0
LMnThDVqdjya46v2,1,Primeval,Shaman,Primeval,1315502.0
LMnThDVqdjya46v2,1,Viserion,Evoker,Primeval,1260983.0
LMnThDVqdjya46v2,1,Synkro,Monk,Primeval,1075522.0
LMnThDVqdjya46v2,1,Chontosh,Paladin,Primeval,964982.0
LMnThDVqdjya46v2,1,Lìllith,Warlock,Primeval,885541.0
LMnThDVqdjya46v2,1,Soliloquy,Priest,Soliloquy,2294719.0
LMnThDVqdjya46v2,1,Maztajake,Druid,Soliloquy,1366804.0
LMnThDVqdjya46v2,1,Averlis,Druid,Soliloquy,1030388.0
LMnThDVqdjya46v2,1,Greyseer,Hunter,Soliloquy,985229.0
LMnThDVqdjya46v2,1,Meowrawrxo,Druid,Soliloquy,854614.0
LMnThDVqdjya46v2,1,Mannarchy,Paladin,Mannarchy,994644.0
LMnThDVqdjya46v2,1,Primeval,Shaman,Mannarchy,19569.0
LMnThDVqdjya46v2,1,Panes,Paladin,Mannarchy,19282.0
LMnThDVqdjya46v2,1,Meowrawrxo,Druid,Mannarchy,16192.0
LMnThDVqdjya46v2,1,Ilidank,DemonHunter,Mannarchy,16097.0
LMnThDVqdjya46v2,1,Monfro,Hunter,Monfro,80230.0
LMnThDVqdjya46v2,1,Mannarchy,Paladin,Monfro,5931.0
LMnThDVqdjya46v2,1,Aurëus,Paladin,Aurëus,1005958.0
LMnThDVqdjya46v2,1,Panes,Paladin,Aurëus,44766.0
LMnThDVqdjya46v2,1,Synkro,Monk,Aurëus,34400.0
LMnThDVqdjya46v2,1,Viserion,Evoker,Aurëus,33477.0
LMnThDVqdjya46v2,1,Meowrawrxo,Druid,Aurëus,33139.0
LMnThDVqdjya46v2,1,Siare,Warlock,Siare,1133535.0
LMnThDVqdjya46v2,1,Panes,Paladin,Panes,905875.0
LMnThDVqdjya46v2,1,Aurëus,Paladin,Panes,24782.0
LMnThDVqdjya46v2,1,Dystrophee,DeathKnight,Panes,23872.0
LMnThDVqdjya46v2,1,Synkro,Monk,Panes,23008.0
LMnThDVqdjya46v2,1,Mannarchy,Paladin,Panes,18636.0
LMnThDVqdjya46v2,1,Viserion,Evoker,Viserion,535642.0
LMnThDVqdjya46v2,1,Ilidank,DemonHunter,Viserion,155184.0
LMnThDVqdjya46v2,1,Averlis,Druid,Viserion,112546.0
LMnThDVqdjya46v2,1,Chontosh,Paladin,Viserion,98259.0
LMnThDVqdjya46v2,1,Dystrophee,DeathKnight,Viserion,85674.0
LMnThDVqdjya46v2,1,Averlis,Druid,Averlis,436785.0
LMnThDVqdjya46v2,1,Primeval,Shaman,Averlis,214663.0
LMnThDVqdjya46v2,1,Greyseer,Hunter,Averlis,209730.0
LMnThDVqdjya46v2,1,Meowrawrxo,Druid,Averlis,209111.0
LMnThDVqdjya46v2,1,Viserion,Evoker,Averlis,205051.0
LMnThDVqdjya46v2,1,Lìllith,Warlock,Lìllith,1029949.0
LMnThDVqdjya46v2,1,Dystrophee,DeathKnight,Lìllith,5935.0
LMnThDVqdjya46v2,1,Greyseer,Hunter,Greyseer,91797.0
LMnThDVqdjya46v2,1,Decayed,DeathKnight,Decayed,6055773.0
LMnThDVqdjya46v2,1,Ilidank,DemonHunter,Ilidank,2139353.0
LMnThDVqdjya46v2,1,Greyseer,Hunter,Ilidank,5934.0
LMnThDVqdjya46v2,2,Dystrophee,DeathKnight,Dystrophee,977297.0
LMnThDVqdjya46v2,2,Decayed,DeathKnight,Primeval,2471930.0
LMnThDVqdjya46v2,2,Primeval,Shaman,Primeval,1829764.0
LMnThDVqdjya46v2,2,Maztajake,Druid,Primeval,1045125.0
LMnThDVqdjya46v2,2,Meowrawrxo,Druid,Primeval,1009164.0
LMnThDVqdjya46v2,2,Greyseer,Hunter,Primeval,848799.0
LMnThDVqdjya46v2,2,Mannarchy,Paladin,Mannarchy,586983.0
LMnThDVqdjya46v2,2,Panes,Paladin,Mannarchy,22131.0
LMnThDVqdjya46v2,2,Primeval,Shaman,Mannarchy,15964.0
LMnThDVqdjya46v2,2,Claye,Shaman,Mannarchy,15631.0
LMnThDVqdjya46v2,2,Dystrophee,DeathKnight,Mannarchy,15347.0
LMnThDVqdjya46v2,2,Monfro,Hunter,Monfro,211555.0
LMnThDVqdjya46v2,2,Primeval,Shaman,Monfro,5931.0
LMnThDVqdjya46v2,2,Aurëus,Paladin,Aurëus,1141539.0
LMnThDVqdjya46v2,2,Averlis,Druid,Aurëus,33000.0
LMnThDVqdjya46v2,2,Dystrophee,DeathKnight,Aurëus,30914.0
LMnThDVqdjya46v2,2,Greyseer,Hunter,Aurëus,27664.0
LMnThDVqdjya46v2,2,Primeval,Shaman,Aurëus,27081.0
LMnThDVqdjya46v2,2,Siare,Warlock,Siare,1061928.0
LMnThDVqdjya46v2,2,Panes,Paladin,Panes,982022.0
LMnThDVqdjya46v2,2,Aurëus,Paladin,Panes,23273.0
LMnThDVqdjya46v2,2,Dystrophee,DeathKnight,Panes,22164.0
LMnThDVqdjya46v2,2,Synkro,Monk,Panes,20805.0
LMnThDVqdjya46v2,2,Decayed,DeathKnight,Panes,19158.0
LMnThDVqdjya46v2,2,Viserion,Evoker,Viserion,664068.0
LMnThDVqdjya46v2,2,Lìllith,Warlock,Viserion,205320.0
LMnThDVqdjya46v2,2,Panes,Paladin,Viserion,184070.0
LMnThDVqdjya46v2,2,Meowrawrxo,Druid,Viserion,161952.0
LMnThDVqdjya46v2,2,Dystrophee,DeathKnight,Viserion,137246.0
LMnThDVqdjya46v2,2,Decayed,DeathKnight,Decayed,8012504.0
LMnThDVqdjya46v2,2,Ilidank,DemonHunter,Ilidank,1416340.0
LMnThDVqdjya46v2,2,Soliloquy,Priest,Ilidank,197551.0
LMnThDVqdjya46v2,2,Siare,Warlock,Ilidank,95905.0
LMnThDVqdjya46v2,2,Monfro,Hunter,Ilidank,30120.0
LMnThDVqdjya46v2,2,Maztajake,Druid,Ilidank,27907.0
LMnThDVqdjya46v2,2,Synkro,Monk,Synkro,4054146.0
LMnThDVqdjya46v2,2,Decayed,DeathKnight,Synkro,332175.0
LMnThDVqdjya46v2,2,Aurëus,Paladin,Synkro,228740.0
LMnThDVqdjya46v2,2,Panes,Paladin,Synkro,189686.0
LMnThDVqdjya46v2,2,Primeval,Shaman,Synkro,142100.0
LMnThDVqdjya46v2,2,Meowrawrxo,Druid,Meowrawrxo,1236874.0
LMnThDVqdjya46v2,2,Siare,Warlock,Meowrawrxo,233332.0
LMnThDVqdjya46v2,2,Monfro,Hunter,Meowrawrxo,203930.0
LMnThDVqdjya46v2,2,Soliloquy,Priest,Meowrawrxo,203220.0
LMnThDVqdjya46v2,2,Lìllith,Warlock,Meowrawrxo,203162.0
LMnThDVqdjya46v2,2,Maztajake,Druid,Maztajake,559137.0
LMnThDVqdjya46v2,2,Averlis,Druid,Maztajake,116414.0
LMnThDVqdjya46v2,2,Primeval,Shaman,Maztajake,111708.0
LMnThDVqdjya46v2,2,Lìllith,Warlock,Maztajake,98176.0
LMnThDVqdjya46v2,2,Greyseer,Hunter,Maztajake,95514.0
LMnThDVqdjya46v2,2,Claye,Shaman,Claye,1691717.0
LMnThDVqdjya46v2,2,Synkro,Monk,Claye,1045399.0
LMnThDVqdjya46v2,2,Decayed,DeathKnight,Claye,971033.0
LMnThDVqdjya46v2,2,Meowrawrxo,Druid,Claye,898282.0
LMnThDVqdjya46v2,2,Monfro,Hunter,Claye,811146.0
LMnThDVqdjya46v2,2,Viserion,Evoker,Chontosh,1385493.0
LMnThDVqdjya46v2,2,Chontosh,Paladin,Chontosh,1214223.0
LMnThDVqdjya46v2,2,Monfro,Hunter,Chontosh,1152201.0
LMnThDVqdjya46v2,2,Greyseer,Hunter,Chontosh,850585.0
LMnThDVqdjya46v2,2,Lìllith,Warlock,Chontosh,816164.0
LMnThDVqdjya46v2,2,Soliloquy,Priest,Soliloquy,2417016.0
LMnThDVqdjya46v2,2,Siare,Warlock,Soliloquy,971402.0
LMnThDVqdjya46v2,2,Monfro,Hunter,Soliloquy,965296.0
LMnThDVqdjya46v2,2,Viserion,Evoker,Soliloquy,797507.0
LMnThDVqdjya46v2,2,Maztajake,Druid,Soliloquy,746355.0
LMnThDVqdjya46v2,2,Averlis,Druid,Averlis,516843.0
LMnThDVqdjya46v2,2,Panes,Paladin,Averlis,228292.0
LMnThDVqdjya46v2,2,Greyseer,Hunter,Averlis,190070.0
LMnThDVqdjya46v2,2,Viserion,Evoker,Averlis,153129.0
LMnThDVqdjya46v2,2,Monfro,Hunter,Averlis,148152.0
LMnThDVqdjya46v2,2,Lìllith,Warlock,Lìllith,840674.0
LMnThDVqdjya46v2,2,Maztajake,Druid,Lìllith,6172.0
LMnThDVqdjya46v2,2,Greyseer,Hunter,Greyseer,224816.0
LMnThDVqdjya46v2,2,Averlis,Druid,Greyseer,9332.0
LMnThDVqdjya46v2,3,Dystrophee,DeathKnight,Dystrophee,883921.0
LMnThDVqdjya46v2,3,Decayed,DeathKnight,Primeval,1842311.0
LMnThDVqdjya46v2,3,Primeval,Shaman,Primeval,1468385.0
LMnThDVqdjya46v2,3,Lìllith,Warlock,Primeval,1089974.0
LMnThDVqdjya46v2,3,Maztajake,Druid,Primeval,928969.0
LMnThDVqdjya46v2,3,Siare,Warlock,Primeval,837759.0
LMnThDVqdjya46v2,3,Mannarchy,Paladin,Mannarchy,1102378.0
LMnThDVqdjya46v2,3,Panes,Paladin,Mannarchy,33297.0
LMnThDVqdjya46v2,3,Averlis,Druid,Mannarchy,32805.0
LMnThDVqdjya46v2,3,Primeval,Shaman,Mannarchy,32742.0
LMnThDVqdjya46v2,3,Aurëus,Paladin,Mannarchy,25818.0
LMnThDVqdjya46v2,3,Monfro,Hunter,Monfro,372574.0
LMnThDVqdjya46v2,3,Aurëus,Paladin,Aurëus,1374242.0
LMnThDVqdjya46v2,3,Chontosh,Paladin,Aurëus,27007.0
LMnThDVqdjya46v2,3,Averlis,Druid,Aurëus,18832.0
LMnThDVqdjya46v2,3,Claye,Shaman,Aurëus,16385.0
LMnThDVqdjya46v2,3,Soliloquy,Priest,Aurëus,16307.0
LMnThDVqdjya46v2,3,Siare,Warlock,Siare,1104893.0
LMnThDVqdjya46v2,3,Panes,Paladin,Panes,1145432.0
LMnThDVqdjya46v2,3,Averlis,Druid,Panes,31214.0
LMnThDVqdjya46v2,3,Primeval,Shaman,Panes,27645.0
LMnThDVqdjya46v2,3,Synkro,Monk,Panes,27171.0
LMnThDVqdjya46v2,3,Dystrophee,DeathKnight,Panes,19434.0
LMnThDVqdjya46v2,3,Viserion,Evoker,Viserion,946331.0
LMnThDVqdjya46v2,3,Monfro,Hunter,Viserion,164132.0
LMnThDVqdjya46v2,3,Aurëus,Paladin,Viserion,158225.0
LMnThDVqdjya46v2,3,Dystrophee,DeathKnight,Viserion,152853.0
LMnThDVqdjya46v2,3,Mannarchy,Paladin,Viserion,144383.0
LMnThDVqdjya46v2,3,Decayed,DeathKnight,Decayed,6478046.0
LMnThDVqdjya46v2,3,Ilidank,DemonHunter,Ilidank,1949615.0
LMnThDVqdjya46v2,3,Siare,Warlock,Ilidank,5935.0
LMnThDVqdjya46v2,3,Lìllith,Warlock,Ilidank,5935.0
LMnThDVqdjya46v2,3,Synkro,Monk,Synkro,7118890.0
LMnThDVqdjya46v2,3,Meowrawrxo,Druid,Synkro,591051.0
LMnThDVqdjya46v2,3,Panes,Paladin,Synkro,324065.0
LMnThDVqdjya46v2,3,Decayed,DeathKnight,Synkro,256111.0
LMnThDVqdjya46v2,3,Dystrophee,DeathKnight,Synkro,155393.0
LMnThDVqdjya46v2,3,Meowrawrxo,Druid,Meowrawrxo,561469.0
LMnThDVqdjya46v2,3,Dystrophee,DeathKnight,Meowrawrxo,259606.0
LMnThDVqdjya46v2,3,Lìllith,Warlock,Meowrawrxo,206629.0
LMnThDVqdjya46v2,3,Soliloquy,Priest,Meowrawrxo,170391.0
LMnThDVqdjya46v2,3,Greyseer,Hunter,Meowrawrxo,146199.0
LMnThDVqdjya46v2,3,Maztajake,Druid,Maztajake,319714.0
LMnThDVqdjya46v2,3,Claye,Shaman,Claye,2240104.0
LMnThDVqdjya46v2,3,Synkro,Monk,Claye,1055758.0
LMnThDVqdjya46v2,3,Siare,Warlock,Claye,1053059.0
LMnThDVqdjya46v2,3,Chontosh,Paladin,Claye,1050182.0
LMnThDVqdjya46v2,3,Primeval,Shaman,Claye,1018889.0
LMnThDVqdjya46v2,3,Decayed,DeathKnight,Chontosh,1992812.0
LMnThDVqdjya46v2,3,Synkro,Monk,Chontosh,1408248.0
LMnThDVqdjya46v2,3,Chontosh,Paladin,Chontosh,1191772.0
LMnThDVqdjya46v2,3,Mannarchy,Paladin,Chontosh,937917.0
LMnThDVqdjya46v2,3,Meowrawrxo,Druid,Chontosh,935625.0
LMnThDVqdjya46v2,3,Soliloquy,Priest,Soliloquy,1728048.0
LMnThDVqdjya46v2,3,Viserion,Evoker,Soliloquy,722377.0
LMnThDVqdjya46v2,3,Decayed,DeathKnight,Soliloquy,714586.0
LMnThDVqdjya46v2,3,Lìllith,Warlock,Soliloquy,647139.0
LMnThDVqdjya46v2,3,Panes,Paladin,Soliloquy,635467.0
LMnThDVqdjya46v2,3,Averlis,Druid,Averlis,491630.0
LMnThDVqdjya46v2,3,Maztajake,Druid,Averlis,245620.0
LMnThDVqdjya46v2,3,Viserion,Evoker,Averlis,226425.0
LMnThDVqdjya46v2,3,Chontosh,Paladin,Averlis,196178.0
LMnThDVqdjya46v2,3,Soliloquy,Priest,Averlis,159036.0
LMnThDVqdjya46v2,3,Lìllith,Warlock,Lìllith,1386457.0
LMnThDVqdjya46v2,3,Greyseer,Hunter,Lìllith,11870.0
LMnThDVqdjya46v2,3,Dystrophee,DeathKnight,Lìllith,5935.0
LMnThDVqdjya46v2,3,Greyseer,Hunter,Greyseer,56461.0
LMnThDVqdjya46v2,3,Lìllith,Warlock,Greyseer,6808.0
LMnThDVqdjya46v2,3,Ilidank,DemonHunter,Greyseer,3605.0
LMnThDVqdjya46v2,4,Dystrophee,DeathKnight,Dystrophee,2379664.0
LMnThDVqdjya46v2,4,Primeval,Shaman,Primeval,3742274.0
LMnThDVqdjya46v2,4,Decayed,DeathKnight,Primeval,2884016.0
LMnThDVqdjya46v2,4,Viserion,Evoker,Primeval,2643740.0
LMnThDVqdjya46v2,4,Maztajake,Druid,Primeval,2309469.0
LMnThDVqdjya46v2,4,Lìllith,Warlock,Primeval,2224653.0
LMnThDVqdjya46v2,4,Mannarchy,Paladin,Mannarchy,1955875.0
LMnThDVqdjya46v2,4,Claye,Shaman,Mannarchy,54730.0
LMnThDVqdjya46v2,4,Primeval,Shaman,Mannarchy,50561.0
LMnThDVqdjya46v2,4,Viserion,Evoker,Mannarchy,48327.0
LMnThDVqdjya46v2,4,Ilidank,DemonHunter,Mannarchy,43330.0
LMnThDVqdjya46v2,4,Monfro,Hunter,Monfro,558711.0
LMnThDVqdjya46v2,4,Aurëus,Paladin,Aurëus,838208.0
LMnThDVqdjya46v2,4,Primeval,Shaman,Aurëus,67802.0
LMnThDVqdjya46v2,4,Viserion,Evoker,Aurëus,61963.0
LMnThDVqdjya46v2,4,Dystrophee,DeathKnight,Aurëus,48483.0
LMnThDVqdjya46v2,4,Meowrawrxo,Druid,Aurëus,48014.0
LMnThDVqdjya46v2,4,Siare,Warlock,Siare,648625.0
LMnThDVqdjya46v2,4,Panes,Paladin,Panes,1454801.0
LMnThDVqdjya46v2,4,Viserion,Evoker,Panes,32793.0
LMnThDVqdjya46v2,4,Mannarchy,Paladin,Panes,32440.0
LMnThDVqdjya46v2,4,Monfro,Hunter,Panes,26535.0
LMnThDVqdjya46v2,4,Lìllith,Warlock,Panes,26481.0
LMnThDVqdjya46v2,4,Viserion,Evoker,Viserion,1483156.0
LMnThDVqdjya46v2,4,Ilidank,DemonHunter,Viserion,201289.0
LMnThDVqdjya46v2,4,Dystrophee,DeathKnight,Viserion,185817.0
LMnThDVqdjya46v2,4,Claye,Shaman,Viserion,143019.0
LMnThDVqdjya46v2,4,Maztajake,Druid,Viserion,116230.0
LMnThDVqdjya46v2,4,Decayed,DeathKnight,Decayed,17080871.0
LMnThDVqdjya46v2,4,Ilidank,DemonHunter,Ilidank,4126497.0
LMnThDVqdjya46v2,4,Maztajake,Druid,Ilidank,283128.0
LMnThDVqdjya46v2,4,Viserion,Evoker,Ilidank,30922.0
LMnThDVqdjya46v2,4,Monfro,Hunter,Ilidank,25226.0
LMnThDVqdjya46v2,4,Primeval,Shaman,Ilidank,23114.0
LMnThDVqdjya46v2,4,Synkro,Monk,Synkro,9010979.0
LMnThDVqdjya46v2,4,Decayed,DeathKnight,Synkro,569020.0
LMnThDVqdjya46v2,4,Dystrophee,DeathKnight,Synkro,364687.0
LMnThDVqdjya46v2,4,Meowrawrxo,Druid,Synkro,288970.0
LMnThDVqdjya46v2,4,Panes,Paladin,Synkro,246552.0
LMnThDVqdjya46v2,4,Meowrawrxo,Druid,Meowrawrxo,478902.0
LMnThDVqdjya46v2,4,Monfro,Hunter,Meowrawrxo,394650.0
LMnThDVqdjya46v2,4,Primeval,Shaman,Meowrawrxo,385955.0
LMnThDVqdjya46v2,4,Aurëus,Paladin,Meowrawrxo,327016.0
LMnThDVqdjya46v2,4,Panes,Paladin,Meowrawrxo,264108.0
LMnThDVqdjya46v2,4,Maztajake,Druid,Maztajake,576292.0
LMnThDVqdjya46v2,4,Claye,Shaman,Claye,4613373.0
LMnThDVqdjya46v2,4,Chontosh,Paladin,Claye,2196829.0
LMnThDVqdjya46v2,4,Viserion,Evoker,Claye,2027038.0
LMnThDVqdjya46v2,4,Primeval,Shaman,Claye,1895761.0
LMnThDVqdjya46v2,4,Mannarchy,Paladin,Claye,1564220.0
LMnThDVqdjya46v2,4,Chontosh,Paladin,Chontosh,4011127.0
LMnThDVqdjya46v2,4,Decayed,DeathKnight,Chontosh,2539499.0
LMnThDVqdjya46v2,4,Claye,Shaman,Chontosh,2199011.0
LMnThDVqdjya46v2,4,Viserion,Evoker,Chontosh,2050861.0
LMnThDVqdjya46v2,4,Synkro,Monk,Chontosh,1796762.0
LMnThDVqdjya46v2,4,Soliloquy,Priest,Soliloquy,2151055.0
LMnThDVqdjya46v2,4,Lìllith,Warlock,Soliloquy,745485.0
LMnThDVqdjya46v2,4,Greyseer,Hunter,Soliloquy,688779.0
LMnThDVqdjya46v2,4,Primeval,Shaman,Soliloquy,645217.0
LMnThDVqdjya46v2,4,Monfro,Hunter,Soliloquy,630086.0
LMnThDVqdjya46v2,4,Averlis,Druid,Averlis,350297.0
LMnThDVqdjya46v2,4,Lìllith,Warlock,Lìllith,1541868.0
LMnThDVqdjya46v2,4,Averlis,Druid,Lìllith,6172.0
LMnThDVqdjya46v2,4,Greyseer,Hunter,Greyseer,526231.0
LMnThDVqdjya46v2,4,Lìllith,Warlock,Greyseer,14061.0
LMnThDVqdjya46v2,5,Dystrophee,DeathKnight,Dystrophee,2676394.0
LMnThDVqdjya46v2,5,Primeval,Shaman,Primeval,4139972.0
LMnThDVqdjya46v2,5,Siare,Warlock,Primeval,3146076.0
LMnThDVqdjya46v2,5,Maztajake,Druid,Primeval,2692537.0
LMnThDVqdjya46v2,5,Monfro,Hunter,Primeval,2609913.0
LMnThDVqdjya46v2,5,Decayed,DeathKnight,Primeval,2521567.0
LMnThDVqdjya46v2,5,Mannarchy,Paladin,Mannarchy,2871983.0
LMnThDVqdjya46v2,5,Meowrawrxo,Druid,Mannarchy,102181.0
LMnThDVqdjya46v2,5,Viserion,Evoker,Mannarchy,93786.0
LMnThDVqdjya46v2,5,Dystrophee,DeathKnight,Mannarchy,92844.0
LMnThDVqdjya46v2,5,Aurëus,Paladin,Mannarchy,61707.0
LMnThDVqdjya46v2,5,Monfro,Hunter,Monfro,839987.0
LMnThDVqdjya46v2,5,Viserion,Evoker,Monfro,12098.0
LMnThDVqdjya46v2,5,Aurëus,Paladin,Aurëus,2295112.0
LMnThDVqdjya46v2,5,Primeval,Shaman,Aurëus,110530.0
LMnThDVqdjya46v2,5,Viserion,Evoker,Aurëus,107376.0
LMnThDVqdjya46v2,5,Dystrophee,DeathKnight,Aurëus,107075.0
LMnThDVqdjya46v2,5,Claye,Shaman,Aurëus,94716.0
LMnThDVqdjya46v2,5,Siare,Warlock,Siare,2578206.0
LMnThDVqdjya46v2,5,Panes,Paladin,Panes,2297923.0
LMnThDVqdjya46v2,5,Meowrawrxo,Druid,Panes,54081.0
LMnThDVqdjya46v2,5,Mannarchy,Paladin,Panes,48078.0
LMnThDVqdjya46v2,5,Dystrophee,DeathKnight,Panes,42328.0
LMnThDVqdjya46v2,5,Claye,Shaman,Panes,37239.0
LMnThDVqdjya46v2,5,Viserion,Evoker,Viserion,1571317.0
LMnThDVqdjya46v2,5,Monfro,Hunter,Viserion,303683.0
LMnThDVqdjya46v2,5,Dystrophee,DeathKnight,Viserion,294868.0
LMnThDVqdjya46v2,5,Decayed,DeathKnight,Viserion,217022.0
LMnThDVqdjya46v2,5,Aurëus,Paladin,Viserion,209241.0
LMnThDVqdjya46v2,5,Decayed,DeathKnight,Decayed,16195967.0
LMnThDVqdjya46v2,5,Ilidank,DemonHunter,Ilidank,4098587.0
LMnThDVqdjya46v2,5,Viserion,Evoker,Ilidank,646321.0
LMnThDVqdjya46v2,5,Primeval,Shaman,Ilidank,258170.0
LMnThDVqdjya46v2,5,Dystrophee,DeathKnight,Ilidank,165361.0
LMnThDVqdjya46v2,5,Soliloquy,Priest,Ilidank,109734.0
LMnThDVqdjya46v2,5,Synkro,Monk,Synkro,11245348.0
LMnThDVqdjya46v2,5,Meowrawrxo,Druid,Synkro,614558.0
LMnThDVqdjya46v2,5,Decayed,DeathKnight,Synkro,519952.0
LMnThDVqdjya46v2,5,Averlis,Druid,Synkro,330188.0
LMnThDVqdjya46v2,5,Panes,Paladin,Synkro,320844.0
LMnThDVqdjya46v2,5,Meowrawrxo,Druid,Meowrawrxo,2314967.0
LMnThDVqdjya46v2,5,Viserion,Evoker,Meowrawrxo,495620.0
LMnThDVqdjya46v2,5,Greyseer,Hunter,Meowrawrxo,375521.0
LMnThDVqdjya46v2,5,Primeval,Shaman,Meowrawrxo,356178.0
LMnThDVqdjya46v2,5,Decayed,DeathKnight,Meowrawrxo,330829.0
LMnThDVqdjya46v2,5,Maztajake,Druid,Maztajake,906013.0
LMnThDVqdjya46v2,5,Mannarchy,Paladin,Maztajake,212102.0
LMnThDVqdjya46v2,5,Siare,Warlock,Maztajake,184836.0
LMnThDVqdjya46v2,5,Chontosh,Paladin,Maztajake,162984.0
LMnThDVqdjya46v2,5,Monfro,Hunter,Maztajake,161827.0
LMnThDVqdjya46v2,5,Claye,Shaman,Claye,4762234.0
LMnThDVqdjya46v2,5,Chontosh,Paladin,Claye,1966073.0
LMnThDVqdjya46v2,5,Greyseer,Hunter,Claye,1898522.0
LMnThDVqdjya46v2,5,Primeval,Shaman,Claye,1836556.0
LMnThDVqdjya46v2,5,Maztajake,Druid,Claye,1796626.0
LMnThDVqdjya46v2,5,Chontosh,Paladin,Chontosh,3373598.0
LMnThDVqdjya46v2,5,Synkro,Monk,Chontosh,2852546.0
LMnThDVqdjya46v2,5,Averlis,Druid,Chontosh,2831114.0
LMnThDVqdjya46v2,5,Viserion,Evoker,Chontosh,2546328.0
LMnThDVqdjya46v2,5,Greyseer,Hunter,Chontosh,2479035.0
LMnThDVqdjya46v2,5,Soliloquy,Priest,Soliloquy,4998400.0
LMnThDVqdjya46v2,5,Averlis,Druid,Soliloquy,1612242.0
LMnThDVqdjya46v2,5,Monfro,Hunter,Soliloquy,1546559.0
LMnThDVqdjya46v2,5,Viserion,Evoker,Soliloquy,1403823.0
LMnThDVqdjya46v2,5,Mannarchy,Paladin,Soliloquy,1251000.0
LMnThDVqdjya46v2,5,Averlis,Druid,Averlis,1426559.0
LMnThDVqdjya46v2,5,Chontosh,Paladin,Averlis,227846.0
LMnThDVqdjya46v2,5,Panes,Paladin,Averlis,197851.0
LMnThDVqdjya46v2,5,Lìllith,Warlock,Averlis,185672.0
LMnThDVqdjya46v2,5,Decayed,DeathKnight,Averlis,143526.0
LMnThDVqdjya46v2,5,Lìllith,Warlock,Lìllith,1427038.0
LMnThDVqdjya46v2,5,Averlis,Druid,Lìllith,6172.0
LMnThDVqdjya46v2,5,Greyseer,Hunter,Greyseer,678336.0
LMnThDVqdjya46v2,5,Averlis,Druid,Greyseer,13105.0
LMnThDVqdjya46v2,5,Monfro,Hunter,Greyseer,10320.0
MhK4B7L8VF1rvNw6,10,Lìllith,Warlock,Lìllith,949288.0
MhK4B7L8VF1rvNw6,10,Spàdes,Warrior,Spàdes,315074.0
MhK4B7L8VF1rvNw6,10,Asharia,DemonHunter,Asharia,1098454.0
MhK4B7L8VF1rvNw6,10,Lìllith,Warlock,Asharia,134.0
MhK4B7L8VF1rvNw6,10,Caelum,Paladin,Caelum,869960.0
MhK4B7L8VF1rvNw6,10,Mannarchy,Paladin,Caelum,12262.0
MhK4B7L8VF1rvNw6,10,Abrakadavar,Mage,Caelum,11494.0
MhK4B7L8VF1rvNw6,10,Grapey,DeathKnight,Caelum,6881.0
MhK4B7L8VF1rvNw6,10,Dotdotboom,Warlock,Caelum,6209.0
MhK4B7L8VF1rvNw6,10,Viserion,Evoker,Viserion,1650408.0
MhK4B7L8VF1rvNw6,10,Decayed,DeathKnight,Viserion,1416911.0
MhK4B7L8VF1rvNw6,10,Grapey,DeathKnight,Viserion,949271.0
MhK4B7L8VF1rvNw6,10,Spàdes,Warrior,Viserion,557961.0
MhK4B7L8VF1rvNw6,10,Dotdotboom,Warlock,Viserion,553151.0
MhK4B7L8VF1rvNw6,10,Abrakadavar,Mage,Abrakadavar,579081.0
MhK4B7L8VF1rvNw6,10,Sinfxl,Mage,Sinfxl,699292.0
MhK4B7L8VF1rvNw6,10,Grapey,DeathKnight,Chontosh,684283.0
MhK4B7L8VF1rvNw6,10,Chontosh,Paladin,Chontosh,608967.0
MhK4B7L8VF1rvNw6,10,Averlis,Druid,Chontosh,504921.0
MhK4B7L8VF1rvNw6,10,Sinfxl,Mage,Chontosh,460224.0
MhK4B7L8VF1rvNw6,10,Decayed,DeathKnight,Chontosh,436657.0
MhK4B7L8VF1rvNw6,10,Primeval,Shaman,Primeval,1838256.0
MhK4B7L8VF1rvNw6,10,Decayed,DeathKnight,Primeval,1239742.0
MhK4B7L8VF1rvNw6,10,Grapey,DeathKnight,Primeval,901108.0
MhK4B7L8VF1rvNw6,10,Averlis,Druid,Primeval,849414.0
MhK4B7L8VF1rvNw6,10,Sinfxl,Mage,Primeval,594125.0
MhK4B7L8VF1rvNw6,10,Decayed,DeathKnight,Decayed,6118854.0
MhK4B7L8VF1rvNw6,10,Asharia,DemonHunter,Decayed,12503.0
MhK4B7L8VF1rvNw6,10,Viserion,Evoker,Decayed,12503.0
MhK4B7L8VF1rvNw6,10,Dotdotboom,Warlock,Dotdotboom,438289.0
MhK4B7L8VF1rvNw6,10,Meowrawrxo,Druid,Meowrawrxo,1102457.0
MhK4B7L8VF1rvNw6,10,Averlis,Druid,Meowrawrxo,106600.0
MhK4B7L8VF1rvNw6,10,Abrakadavar,Mage,Meowrawrxo,100130.0
MhK4B7L8VF1rvNw6,10,Hellspawn,DemonHunter,Meowrawrxo,59888.0
MhK4B7L8VF1rvNw6,10,Chontosh,Paladin,Meowrawrxo,55007.0
MhK4B7L8VF1rvNw6,10,Czy,Paladin,Czy,1140714.0
MhK4B7L8VF1rvNw6,10,Grapey,DeathKnight,Czy,589747.0
MhK4B7L8VF1rvNw6,10,Averlis,Druid,Czy,586164.0
MhK4B7L8VF1rvNw6,10,Abrakadavar,Mage,Czy,572174.0
MhK4B7L8VF1rvNw6,10,Hellspawn,DemonHunter,Czy,422064.0
MhK4B7L8VF1rvNw6,10,Siare,Warlock,Siare,650635.0
MhK4B7L8VF1rvNw6,10,Ämon,Druid,Ämon,890333.0
MhK4B7L8VF1rvNw6,10,Grapey,DeathKnight,Ämon,111120.0
MhK4B7L8VF1rvNw6,10,Meowrawrxo,Druid,Ämon,107697.0
MhK4B7L8VF1rvNw6,10,Sinfxl,Mage,Ämon,84356.0
MhK4B7L8VF1rvNw6,10,Viserion,Evoker,Ämon,44096.0
MhK4B7L8VF1rvNw6,10,Myroguëë,Rogue,Myroguëë,899846.0
MhK4B7L8VF1rvNw6,10,Mannarchy,Paladin,Mannarchy,878299.0
MhK4B7L8VF1rvNw6,10,Averlis,Druid,Mannarchy,14025.0
MhK4B7L8VF1rvNw6,10,Caelum,Paladin,Mannarchy,11830.0
MhK4B7L8VF1rvNw6,10,Spàdes,Warrior,Mannarchy,7643.0
MhK4B7L8VF1rvNw6,10,Grapey,DeathKnight,Mannarchy,5899.0
MhK4B7L8VF1rvNw6,10,Grapey,DeathKnight,Grapey,5650172.0
MhK4B7L8VF1rvNw6,10,Averlis,Druid,Averlis,892305.0
MhK4B7L8VF1rvNw6,10,Hellspawn,DemonHunter,Hellspawn,266862.0
MhK4B7L8VF1rvNw6,10,Hörnstar,DemonHunter,Hörnstar,998088.0
MhK4B7L8VF1rvNw6,10,Myroguëë,Rogue,Hörnstar,77405.0
MhK4B7L8VF1rvNw6,10,Averlis,Druid,Hörnstar,37468.0
MhK4B7L8VF1rvNw6,10,Asharia,DemonHunter,Hörnstar,5326.0
MhK4B7L8VF1rvNw6,11,Lìllith,Warlock,Lìllith,2236986.0
MhK4B7L8VF1rvNw6,11,Spàdes,Warrior,Spàdes,1113780.0
MhK4B7L8VF1rvNw6,11,Asharia,DemonHunter,Asharia,2931279.0
MhK4B7L8VF1rvNw6,11,Caelum,Paladin,Caelum,2438449.0
MhK4B7L8VF1rvNw6,11,Czy,Paladin,Caelum,54540.0
MhK4B7L8VF1rvNw6,11,Decayed,DeathKnight,Caelum,44376.0
MhK4B7L8VF1rvNw6,11,Chontosh,Paladin,Caelum,35727.0
MhK4B7L8VF1rvNw6,11,Hörnstar,DemonHunter,Caelum,34865.0
MhK4B7L8VF1rvNw6,11,Viserion,Evoker,Viserion,5835598.0
MhK4B7L8VF1rvNw6,11,Decayed,DeathKnight,Viserion,1579223.0
MhK4B7L8VF1rvNw6,11,Lìllith,Warlock,Viserion,1188102.0
MhK4B7L8VF1rvNw6,11,Asharia,DemonHunter,Viserion,1124567.0
MhK4B7L8VF1rvNw6,11,Chontosh,Paladin,Viserion,1120137.0
MhK4B7L8VF1rvNw6,11,Abrakadavar,Mage,Abrakadavar,389278.0
MhK4B7L8VF1rvNw6,11,Sinfxl,Mage,Sinfxl,2032412.0
MhK4B7L8VF1rvNw6,11,Chontosh,Paladin,Chontosh,3485951.0
MhK4B7L8VF1rvNw6,11,Decayed,DeathKnight,Chontosh,2544013.0
MhK4B7L8VF1rvNw6,11,Ämon,Druid,Chontosh,1828494.0
MhK4B7L8VF1rvNw6,11,Mannarchy,Paladin,Chontosh,1374006.0
MhK4B7L8VF1rvNw6,11,Grapey,DeathKnight,Chontosh,1368819.0
MhK4B7L8VF1rvNw6,11,Primeval,Shaman,Primeval,5568682.0
MhK4B7L8VF1rvNw6,11,Decayed,DeathKnight,Primeval,4605174.0
MhK4B7L8VF1rvNw6,11,Siare,Warlock,Primeval,2387812.0
MhK4B7L8VF1rvNw6,11,Lìllith,Warlock,Primeval,2295398.0
MhK4B7L8VF1rvNw6,11,Caelum,Paladin,Primeval,2136951.0
MhK4B7L8VF1rvNw6,11,Decayed,DeathKnight,Decayed,19715034.0
MhK4B7L8VF1rvNw6,11,Grapey,DeathKnight,Decayed,14303.0
MhK4B7L8VF1rvNw6,11,Asharia,DemonHunter,Decayed,13293.0
MhK4B7L8VF1rvNw6,11,Viserion,Evoker,Decayed,13293.0
MhK4B7L8VF1rvNw6,11,Dotdotboom,Warlock,Dotdotboom,753590.0
MhK4B7L8VF1rvNw6,11,Meowrawrxo,Druid,Meowrawrxo,2780346.0
MhK4B7L8VF1rvNw6,11,Spàdes,Warrior,Meowrawrxo,141829.0
MhK4B7L8VF1rvNw6,11,Decayed,DeathKnight,Meowrawrxo,104812.0
MhK4B7L8VF1rvNw6,11,Czy,Paladin,Meowrawrxo,101547.0
MhK4B7L8VF1rvNw6,11,Myroguëë,Rogue,Meowrawrxo,100900.0
MhK4B7L8VF1rvNw6,11,Czy,Paladin,Czy,3365982.0
MhK4B7L8VF1rvNw6,11,Decayed,DeathKnight,Czy,2658649.0
MhK4B7L8VF1rvNw6,11,Caelum,Paladin,Czy,2564784.0
MhK4B7L8VF1rvNw6,11,Chontosh,Paladin,Czy,2181830.0
MhK4B7L8VF1rvNw6,11,Ämon,Druid,Czy,2098138.0
MhK4B7L8VF1rvNw6,11,Siare,Warlock,Siare,2555687.0
MhK4B7L8VF1rvNw6,11,Ämon,Druid,Ämon,1751838.0
MhK4B7L8VF1rvNw6,11,Czy,Paladin,Ämon,191884.0
MhK4B7L8VF1rvNw6,11,Lìllith,Warlock,Ämon,109198.0
MhK4B7L8VF1rvNw6,11,Hörnstar,DemonHunter,Ämon,65409.0
MhK4B7L8VF1rvNw6,11,Meowrawrxo,Druid,Ämon,65373.0
MhK4B7L8VF1rvNw6,11,Myroguëë,Rogue,Myroguëë,2149669.0
MhK4B7L8VF1rvNw6,11,Grapey,DeathKnight,Grapey,9646046.0
MhK4B7L8VF1rvNw6,11,Mannarchy,Paladin,Mannarchy,1531077.0
MhK4B7L8VF1rvNw6,11,Myroguëë,Rogue,Mannarchy,47128.0
MhK4B7L8VF1rvNw6,11,Meowrawrxo,Druid,Mannarchy,34108.0
MhK4B7L8VF1rvNw6,11,Hörnstar,DemonHunter,Mannarchy,33620.0
MhK4B7L8VF1rvNw6,11,Caelum,Paladin,Mannarchy,28613.0
MhK4B7L8VF1rvNw6,11,Averlis,Druid,Averlis,1463799.0
MhK4B7L8VF1rvNw6,11,Ämon,Druid,Averlis,118875.0
MhK4B7L8VF1rvNw6,11,Chontosh,Paladin,Averlis,97632.0
MhK4B7L8VF1rvNw6,11,Mannarchy,Paladin,Averlis,69192.0
MhK4B7L8VF1rvNw6,11,Dotdotboom,Warlock,Averlis,29708.0
MhK4B7L8VF1rvNw6,11,Hellspawn,DemonHunter,Hellspawn,483202.0
MhK4B7L8VF1rvNw6,11,Hörnstar,DemonHunter,Hörnstar,4029978.0
MhK4B7L8VF1rvNw6,11,Abrakadavar,Mage,Hörnstar,23703.0
MhK4B7L8VF1rvNw6,11,Caelum,Paladin,Hörnstar,18091.0
MhK4B7L8VF1rvNw6,11,Viserion,Evoker,Hörnstar,14512.0
MhK4B7L8VF1rvNw6,11,Asharia,DemonHunter,Hörnstar,10428.0
MhK4B7L8VF1rvNw6,12,Lìllith,Warlock,Lìllith,1330066.0
MhK4B7L8VF1rvNw6,12,Spàdes,Warrior,Spàdes,1543547.0
MhK4B7L8VF1rvNw6,12,Asharia,DemonHunter,Asharia,3248665.0
MhK4B7L8VF1rvNw6,12,Ämon,Druid,Asharia,136277.0
MhK4B7L8VF1rvNw6,12,Decayed,DeathKnight,Asharia,115179.0
MhK4B7L8VF1rvNw6,12,Myroguëë,Rogue,Asharia,66361.0
MhK4B7L8VF1rvNw6,12,Spàdes,Warrior,Asharia,66191.0
MhK4B7L8VF1rvNw6,12,Caelum,Paladin,Caelum,1417748.0
MhK4B7L8VF1rvNw6,12,Asharia,DemonHunter,Caelum,29728.0
MhK4B7L8VF1rvNw6,12,Chontosh,Paladin,Caelum,23944.0
MhK4B7L8VF1rvNw6,12,Mannarchy,Paladin,Caelum,22465.0
MhK4B7L8VF1rvNw6,12,Averlis,Druid,Caelum,21987.0
MhK4B7L8VF1rvNw6,12,Viserion,Evoker,Viserion,2901433.0
MhK4B7L8VF1rvNw6,12,Decayed,DeathKnight,Viserion,1641251.0
MhK4B7L8VF1rvNw6,12,Asharia,DemonHunter,Viserion,1407323.0
MhK4B7L8VF1rvNw6,12,Lìllith,Warlock,Viserion,1132551.0
MhK4B7L8VF1rvNw6,12,Meowrawrxo,Druid,Viserion,1090360.0
MhK4B7L8VF1rvNw6,12,Abrakadavar,Mage,Abrakadavar,1168213.0
MhK4B7L8VF1rvNw6,12,Sinfxl,Mage,Sinfxl,1225309.0
MhK4B7L8VF1rvNw6,12,Chontosh,Paladin,Chontosh,3525913.0
MhK4B7L8VF1rvNw6,12,Sinfxl,Mage,Chontosh,2061692.0
MhK4B7L8VF1rvNw6,12,Decayed,DeathKnight,Chontosh,1717008.0
MhK4B7L8VF1rvNw6,12,Ämon,Druid,Chontosh,1462924.0
MhK4B7L8VF1rvNw6,12,Abrakadavar,Mage,Chontosh,1448488.0
MhK4B7L8VF1rvNw6,12,Primeval,Shaman,Primeval,2608525.0
MhK4B7L8VF1rvNw6,12,Decayed,DeathKnight,Primeval,2405423.0
MhK4B7L8VF1rvNw6,12,Grapey,DeathKnight,Primeval,1575325.0
MhK4B7L8VF1rvNw6,12,Myroguëë,Rogue,Primeval,1510918.0
MhK4B7L8VF1rvNw6,12,Dotdotboom,Warlock,Primeval,1405827.0
MhK4B7L8VF1rvNw6,12,Decayed,DeathKnight,Decayed,12817405.0
MhK4B7L8VF1rvNw6,12,Grapey,DeathKnight,Decayed,41967.0
MhK4B7L8VF1rvNw6,12,Spàdes,Warrior,Decayed,23060.0
MhK4B7L8VF1rvNw6,12,Siare,Warlock,Decayed,12658.0
MhK4B7L8VF1rvNw6,12,Lìllith,Warlock,Decayed,12193.0
MhK4B7L8VF1rvNw6,12,Dotdotboom,Warlock,Dotdotboom,1324790.0
MhK4B7L8VF1rvNw6,12,Meowrawrxo,Druid,Meowrawrxo,1830310.0
MhK4B7L8VF1rvNw6,12,Decayed,DeathKnight,Meowrawrxo,101216.0
MhK4B7L8VF1rvNw6,12,Sinfxl,Mage,Meowrawrxo,85319.0
MhK4B7L8VF1rvNw6,12,Chontosh,Paladin,Meowrawrxo,75260.0
MhK4B7L8VF1rvNw6,12,Myroguëë,Rogue,Meowrawrxo,73934.0
MhK4B7L8VF1rvNw6,12,Chontosh,Paladin,Czy,2932214.0
MhK4B7L8VF1rvNw6,12,Asharia,DemonHunter,Czy,2196938.0
MhK4B7L8VF1rvNw6,12,Myroguëë,Rogue,Czy,2146413.0
MhK4B7L8VF1rvNw6,12,Siare,Warlock,Czy,1471737.0
MhK4B7L8VF1rvNw6,12,Grapey,DeathKnight,Czy,1325213.0
MhK4B7L8VF1rvNw6,12,Siare,Warlock,Siare,884045.0
MhK4B7L8VF1rvNw6,12,Ämon,Druid,Ämon,800916.0
MhK4B7L8VF1rvNw6,12,Myroguëë,Rogue,Ämon,100435.0
MhK4B7L8VF1rvNw6,12,Decayed,DeathKnight,Ämon,97237.0
MhK4B7L8VF1rvNw6,12,Chontosh,Paladin,Ämon,83273.0
MhK4B7L8VF1rvNw6,12,Spàdes,Warrior,Ämon,60999.0
MhK4B7L8VF1rvNw6,12,Myroguëë,Rogue,Myroguëë,1548590.0
MhK4B7L8VF1rvNw6,12,Mannarchy,Paladin,Mannarchy,1081088.0
MhK4B7L8VF1rvNw6,12,Averlis,Druid,Mannarchy,25346.0
MhK4B7L8VF1rvNw6,12,Grapey,DeathKnight,Mannarchy,24414.0
MhK4B7L8VF1rvNw6,12,Dotdotboom,Warlock,Mannarchy,24259.0
MhK4B7L8VF1rvNw6,12,Caelum,Paladin,Mannarchy,22496.0
MhK4B7L8VF1rvNw6,12,Grapey,DeathKnight,Grapey,10046555.0
MhK4B7L8VF1rvNw6,12,Averlis,Druid,Averlis,1215769.0
MhK4B7L8VF1rvNw6,12,Hellspawn,DemonHunter,Hellspawn,1853273.0
MhK4B7L8VF1rvNw6,12,Siare,Warlock,Hellspawn,8789.0
MhK4B7L8VF1rvNw6,12,Czy,Paladin,Hellspawn,6468.0
MhK4B7L8VF1rvNw6,12,Hörnstar,DemonHunter,Hörnstar,2018880.0
MhK4B7L8VF1rvNw6,12,Chontosh,Paladin,Hörnstar,118887.0
MhK4B7L8VF1rvNw6,12,Siare,Warlock,Hörnstar,102136.0
MhK4B7L8VF1rvNw6,14,Lìllith,Warlock,Lìllith,746821.0
MhK4B7L8VF1rvNw6,14,Spàdes,Warrior,Spàdes,435995.0
MhK4B7L8VF1rvNw6,14,Asharia,DemonHunter,Asharia,1316005.0
MhK4B7L8VF1rvNw6,14,Myroguëë,Rogue,Asharia,27814.0
MhK4B7L8VF1rvNw6,14,Grapey,DeathKnight,Asharia,9172.0
MhK4B7L8VF1rvNw6,14,Caelum,Paladin,Caelum,1101766.0
MhK4B7L8VF1rvNw6,14,Siare,Warlock,Caelum,21895.0
MhK4B7L8VF1rvNw6,14,Ämon,Druid,Caelum,19179.0
MhK4B7L8VF1rvNw6,14,Dotdotboom,Warlock,Caelum,18130.0
MhK4B7L8VF1rvNw6,14,Grapey,DeathKnight,Caelum,17235.0
MhK4B7L8VF1rvNw6,14,Viserion,Evoker,Viserion,2518240.0
MhK4B7L8VF1rvNw6,14,Asharia,DemonHunter,Viserion,1025411.0
MhK4B7L8VF1rvNw6,14,Grapey,DeathKnight,Viserion,949379.0
MhK4B7L8VF1rvNw6,14,Ämon,Druid,Viserion,867520.0
MhK4B7L8VF1rvNw6,14,Hörnstar,DemonHunter,Viserion,669740.0
MhK4B7L8VF1rvNw6,14,Abrakadavar,Mage,Abrakadavar,739547.0
MhK4B7L8VF1rvNw6,14,Sinfxl,Mage,Sinfxl,1025724.0
MhK4B7L8VF1rvNw6,14,Chontosh,Paladin,Chontosh,2227015.0
MhK4B7L8VF1rvNw6,14,Abrakadavar,Mage,Chontosh,1598486.0
MhK4B7L8VF1rvNw6,14,Ämon,Druid,Chontosh,1581932.0
MhK4B7L8VF1rvNw6,14,Grapey,DeathKnight,Chontosh,1286776.0
MhK4B7L8VF1rvNw6,14,Decayed,DeathKnight,Chontosh,1107533.0
MhK4B7L8VF1rvNw6,14,Primeval,Shaman,Primeval,2909768.0
MhK4B7L8VF1rvNw6,14,Decayed,DeathKnight,Primeval,1861638.0
MhK4B7L8VF1rvNw6,14,Dotdotboom,Warlock,Primeval,1619664.0
MhK4B7L8VF1rvNw6,14,Ämon,Druid,Primeval,1089877.0
MhK4B7L8VF1rvNw6,14,Lìllith,Warlock,Primeval,1019663.0
MhK4B7L8VF1rvNw6,14,Decayed,DeathKnight,Decayed,6544001.0
MhK4B7L8VF1rvNw6,14,Mannarchy,Paladin,Decayed,13273.0
MhK4B7L8VF1rvNw6,14,Caelum,Paladin,Decayed,13273.0
MhK4B7L8VF1rvNw6,14,Dotdotboom,Warlock,Dotdotboom,741401.0
MhK4B7L8VF1rvNw6,14,Meowrawrxo,Druid,Meowrawrxo,667919.0
MhK4B7L8VF1rvNw6,14,Decayed,DeathKnight,Meowrawrxo,58994.0
MhK4B7L8VF1rvNw6,14,Ämon,Druid,Meowrawrxo,49827.0
MhK4B7L8VF1rvNw6,14,Chontosh,Paladin,Meowrawrxo,13720.0
MhK4B7L8VF1rvNw6,14,Mannarchy,Paladin,Meowrawrxo,5078.0
MhK4B7L8VF1rvNw6,14,Czy,Paladin,Czy,1118790.0
MhK4B7L8VF1rvNw6,14,Chontosh,Paladin,Czy,1081224.0
MhK4B7L8VF1rvNw6,14,Ämon,Druid,Czy,922063.0
MhK4B7L8VF1rvNw6,14,Grapey,DeathKnight,Czy,893244.0
MhK4B7L8VF1rvNw6,14,Meowrawrxo,Druid,Czy,867078.0
MhK4B7L8VF1rvNw6,14,Siare,Warlock,Siare,906230.0
MhK4B7L8VF1rvNw6,14,Ämon,Druid,Ämon,480387.0
MhK4B7L8VF1rvNw6,14,Hellspawn,DemonHunter,Ämon,59778.0
MhK4B7L8VF1rvNw6,14,Hörnstar,DemonHunter,Ämon,59699.0
MhK4B7L8VF1rvNw6,14,Primeval,Shaman,Ämon,56523.0
MhK4B7L8VF1rvNw6,14,Viserion,Evoker,Ämon,17622.0
MhK4B7L8VF1rvNw6,14,Myroguëë,Rogue,Myroguëë,995061.0
MhK4B7L8VF1rvNw6,14,Grapey,DeathKnight,Grapey,6597779.0
MhK4B7L8VF1rvNw6,14,Mannarchy,Paladin,Mannarchy,523975.0
MhK4B7L8VF1rvNw6,14,Lìllith,Warlock,Mannarchy,30180.0
MhK4B7L8VF1rvNw6,14,Caelum,Paladin,Mannarchy,28943.0
MhK4B7L8VF1rvNw6,14,Siare,Warlock,Mannarchy,27440.0
MhK4B7L8VF1rvNw6,14,Primeval,Shaman,Mannarchy,24660.0
MhK4B7L8VF1rvNw6,14,Averlis,Druid,Averlis,217310.0
MhK4B7L8VF1rvNw6,14,Hellspawn,DemonHunter,Hellspawn,1008594.0
MhK4B7L8VF1rvNw6,14,Hörnstar,DemonHunter,Hörnstar,1313612.0
MhK4B7L8VF1rvNw6,14,Caelum,Paladin,Hörnstar,7019.0
MhK4B7L8VF1rvNw6,15,Lìllith,Warlock,Lìllith,1596395.0
MhK4B7L8VF1rvNw6,15,Spàdes,Warrior,Spàdes,1241146.0
MhK4B7L8VF1rvNw6,15,Asharia,DemonHunter,Asharia,1667873.0
MhK4B7L8VF1rvNw6,15,Chontosh,Paladin,Asharia,128291.0
MhK4B7L8VF1rvNw6,15,Lìllith,Warlock,Asharia,59467.0
MhK4B7L8VF1rvNw6,15,Primeval,Shaman,Asharia,55570.0
MhK4B7L8VF1rvNw6,15,Hellspawn,DemonHunter,Asharia,26857.0
MhK4B7L8VF1rvNw6,15,Caelum,Paladin,Caelum,60244.0
MhK4B7L8VF1rvNw6,15,Mannarchy,Paladin,Caelum,4735.0
MhK4B7L8VF1rvNw6,15,Myroguëë,Rogue,Caelum,4258.0
MhK4B7L8VF1rvNw6,15,Asharia,DemonHunter,Caelum,3407.0
MhK4B7L8VF1rvNw6,15,Decayed,DeathKnight,Caelum,3160.0
MhK4B7L8VF1rvNw6,15,Abrakadavar,Mage,Abrakadavar,1010014.0
MhK4B7L8VF1rvNw6,15,Viserion,Evoker,Viserion,2092422.0
MhK4B7L8VF1rvNw6,15,Siare,Warlock,Viserion,903133.0
MhK4B7L8VF1rvNw6,15,Decayed,DeathKnight,Viserion,872410.0
MhK4B7L8VF1rvNw6,15,Chontosh,Paladin,Viserion,821085.0
MhK4B7L8VF1rvNw6,15,Meowrawrxo,Druid,Viserion,797733.0
MhK4B7L8VF1rvNw6,15,Sinfxl,Mage,Sinfxl,28494.0
MhK4B7L8VF1rvNw6,15,Chontosh,Paladin,Chontosh,4334462.0
MhK4B7L8VF1rvNw6,15,Abrakadavar,Mage,Chontosh,2403090.0
MhK4B7L8VF1rvNw6,15,Ämon,Druid,Chontosh,2113581.0
MhK4B7L8VF1rvNw6,15,Czy,Paladin,Chontosh,1819168.0
MhK4B7L8VF1rvNw6,15,Grapey,DeathKnight,Chontosh,1813763.0
MhK4B7L8VF1rvNw6,15,Primeval,Shaman,Primeval,4687858.0
MhK4B7L8VF1rvNw6,15,Decayed,DeathKnight,Primeval,2890189.0
MhK4B7L8VF1rvNw6,15,Grapey,DeathKnight,Primeval,1674352.0
MhK4B7L8VF1rvNw6,15,Myroguëë,Rogue,Primeval,1655423.0
MhK4B7L8VF1rvNw6,15,Spàdes,Warrior,Primeval,1460128.0
MhK4B7L8VF1rvNw6,15,Decayed,DeathKnight,Decayed,9965907.0
MhK4B7L8VF1rvNw6,15,Spàdes,Warrior,Decayed,7746.0
MhK4B7L8VF1rvNw6,15,Myroguëë,Rogue,Decayed,7746.0
MhK4B7L8VF1rvNw6,15,Dotdotboom,Warlock,Dotdotboom,648746.0
MhK4B7L8VF1rvNw6,15,Meowrawrxo,Druid,Meowrawrxo,1058593.0
MhK4B7L8VF1rvNw6,15,Decayed,DeathKnight,Meowrawrxo,85768.0
MhK4B7L8VF1rvNw6,15,Grapey,DeathKnight,Meowrawrxo,42922.0
MhK4B7L8VF1rvNw6,15,Mannarchy,Paladin,Meowrawrxo,32804.0
MhK4B7L8VF1rvNw6,15,Hörnstar,DemonHunter,Meowrawrxo,27579.0
MhK4B7L8VF1rvNw6,15,Czy,Paladin,Czy,2604458.0
MhK4B7L8VF1rvNw6,15,Decayed,DeathKnight,Czy,2054689.0
MhK4B7L8VF1rvNw6,15,Chontosh,Paladin,Czy,2054683.0
MhK4B7L8VF1rvNw6,15,Grapey,DeathKnight,Czy,2050027.0
MhK4B7L8VF1rvNw6,15,Siare,Warlock,Czy,1419340.0
MhK4B7L8VF1rvNw6,15,Siare,Warlock,Siare,1425747.0
MhK4B7L8VF1rvNw6,15,Ämon,Druid,Ämon,666813.0
MhK4B7L8VF1rvNw6,15,Spàdes,Warrior,Ämon,136104.0
MhK4B7L8VF1rvNw6,15,Hellspawn,DemonHunter,Ämon,98107.0
MhK4B7L8VF1rvNw6,15,Myroguëë,Rogue,Ämon,90057.0
MhK4B7L8VF1rvNw6,15,Chontosh,Paladin,Ämon,10644.0
MhK4B7L8VF1rvNw6,15,Myroguëë,Rogue,Myroguëë,1420578.0
MhK4B7L8VF1rvNw6,15,Mannarchy,Paladin,Mannarchy,909198.0
MhK4B7L8VF1rvNw6,15,Grapey,DeathKnight,Mannarchy,31773.0
MhK4B7L8VF1rvNw6,15,Czy,Paladin,Mannarchy,30920.0
MhK4B7L8VF1rvNw6,15,Primeval,Shaman,Mannarchy,28054.0
MhK4B7L8VF1rvNw6,15,Dotdotboom,Warlock,Mannarchy,23095.0
MhK4B7L8VF1rvNw6,15,Grapey,DeathKnight,Grapey,10696150.0
MhK4B7L8VF1rvNw6,15,Decayed,DeathKnight,Grapey,133827.0
MhK4B7L8VF1rvNw6,15,Averlis,Druid,Averlis,99945.0
MhK4B7L8VF1rvNw6,15,Hellspawn,DemonHunter,Hellspawn,1439422.0
MhK4B7L8VF1rvNw6,15,Primeval,Shaman,Hellspawn,75945.0
MhK4B7L8VF1rvNw6,15,Viserion,Evoker,Hellspawn,38046.0
MhK4B7L8VF1rvNw6,15,Lìllith,Warlock,Hellspawn,36632.0
MhK4B7L8VF1rvNw6,15,Spàdes,Warrior,Hellspawn,34504.0
MhK4B7L8VF1rvNw6,15,Hörnstar,DemonHunter,Hörnstar,1895710.0
MhK4B7L8VF1rvNw6,1,Lìllith,Warlock,Lìllith,1235735.0
MhK4B7L8VF1rvNw6,1,Spàdes,Warrior,Spàdes,84832.0
MhK4B7L8VF1rvNw6,1,Grapey,DeathKnight,War Chaplain Senn,900438.0
MhK4B7L8VF1rvNw6,1,Chontosh,Paladin,War Chaplain Senn,871638.0
MhK4B7L8VF1rvNw6,1,Primeval,Shaman,War Chaplain Senn,871542.0
MhK4B7L8VF1rvNw6,1,Czy,Paladin,War Chaplain Senn,869391.0
MhK4B7L8VF1rvNw6,1,Abrakadavar,Mage,War Chaplain Senn,861964.0
MhK4B7L8VF1rvNw6,1,Asharia,DemonHunter,Asharia,3333320.0
MhK4B7L8VF1rvNw6,1,Abrakadavar,Mage,Asharia,26583.0
MhK4B7L8VF1rvNw6,1,Mannarchy,Paladin,Asharia,17587.0
MhK4B7L8VF1rvNw6,1,Grapey,DeathKnight,Asharia,17256.0
MhK4B7L8VF1rvNw6,1,Caelum,Paladin,Caelum,2266297.0
MhK4B7L8VF1rvNw6,1,Decayed,DeathKnight,Caelum,343260.0
MhK4B7L8VF1rvNw6,1,Myroguëë,Rogue,Caelum,51109.0
MhK4B7L8VF1rvNw6,1,Czy,Paladin,Caelum,47405.0
MhK4B7L8VF1rvNw6,1,Mannarchy,Paladin,Caelum,40657.0
MhK4B7L8VF1rvNw6,1,Abrakadavar,Mage,Abrakadavar,1272641.0
MhK4B7L8VF1rvNw6,1,Viserion,Evoker,Viserion,549999.0
MhK4B7L8VF1rvNw6,1,Lìllith,Warlock,Viserion,273932.0
MhK4B7L8VF1rvNw6,1,Czy,Paladin,Viserion,271191.0
MhK4B7L8VF1rvNw6,1,Decayed,DeathKnight,Viserion,270617.0
MhK4B7L8VF1rvNw6,1,Averlis,Druid,Viserion,264468.0
MhK4B7L8VF1rvNw6,1,Sinfxl,Mage,Sinfxl,1756126.0
MhK4B7L8VF1rvNw6,1,Decayed,DeathKnight,Chontosh,3637392.0
MhK4B7L8VF1rvNw6,1,Chontosh,Paladin,Chontosh,3069502.0
MhK4B7L8VF1rvNw6,1,Grapey,DeathKnight,Chontosh,2118081.0
MhK4B7L8VF1rvNw6,1,Czy,Paladin,Chontosh,2015020.0
MhK4B7L8VF1rvNw6,1,Mannarchy,Paladin,Chontosh,1951334.0
MhK4B7L8VF1rvNw6,1,Grapey,DeathKnight,Primeval,5718299.0
MhK4B7L8VF1rvNw6,1,Primeval,Shaman,Primeval,4713306.0
MhK4B7L8VF1rvNw6,1,Decayed,DeathKnight,Primeval,2649987.0
MhK4B7L8VF1rvNw6,1,Siare,Warlock,Primeval,2419398.0
MhK4B7L8VF1rvNw6,1,Averlis,Druid,Primeval,2157851.0
MhK4B7L8VF1rvNw6,1,Decayed,DeathKnight,Decayed,18071865.0
MhK4B7L8VF1rvNw6,1,Meowrawrxo,Druid,Meowrawrxo,1717941.0
MhK4B7L8VF1rvNw6,1,Grapey,DeathKnight,Meowrawrxo,84850.0
MhK4B7L8VF1rvNw6,1,Lìllith,Warlock,Meowrawrxo,56881.0
MhK4B7L8VF1rvNw6,1,Hellspawn,DemonHunter,Meowrawrxo,41841.0
MhK4B7L8VF1rvNw6,1,Mannarchy,Paladin,Meowrawrxo,33113.0
MhK4B7L8VF1rvNw6,1,Czy,Paladin,Czy,2871008.0
MhK4B7L8VF1rvNw6,1,Mannarchy,Paladin,Czy,2513255.0
MhK4B7L8VF1rvNw6,1,Sinfxl,Mage,Czy,2042775.0
MhK4B7L8VF1rvNw6,1,Averlis,Druid,Czy,1953090.0
MhK4B7L8VF1rvNw6,1,Lìllith,Warlock,Czy,1860881.0
MhK4B7L8VF1rvNw6,1,Siare,Warlock,Siare,2044685.0
MhK4B7L8VF1rvNw6,1,Ämon,Druid,Ämon,143183.0
MhK4B7L8VF1rvNw6,1,Myroguëë,Rogue,Myroguëë,1896901.0
MhK4B7L8VF1rvNw6,1,Grapey,DeathKnight,Grapey,11951941.0
MhK4B7L8VF1rvNw6,1,Siare,Warlock,Grapey,102948.0
MhK4B7L8VF1rvNw6,1,Mannarchy,Paladin,Mannarchy,2070476.0
MhK4B7L8VF1rvNw6,1,Decayed,DeathKnight,Mannarchy,97715.0
MhK4B7L8VF1rvNw6,1,Myroguëë,Rogue,Mannarchy,62565.0
MhK4B7L8VF1rvNw6,1,Grapey,DeathKnight,Mannarchy,49671.0
MhK4B7L8VF1rvNw6,1,Caelum,Paladin,Mannarchy,47626.0
MhK4B7L8VF1rvNw6,1,Averlis,Druid,Averlis,1579351.0
MhK4B7L8VF1rvNw6,1,Primeval,Shaman,Averlis,75722.0
MhK4B7L8VF1rvNw6,1,Hellspawn,DemonHunter,Averlis,66635.0
MhK4B7L8VF1rvNw6,1,Sinfxl,Mage,Averlis,64077.0
MhK4B7L8VF1rvNw6,1,Abrakadavar,Mage,Averlis,26666.0
MhK4B7L8VF1rvNw6,1,Hellspawn,DemonHunter,Hellspawn,1027356.0
MhK4B7L8VF1rvNw6,1,Hörnstar,DemonHunter,Hörnstar,349832.0
MhK4B7L8VF1rvNw6,2,Spàdes,Warrior,Spàdes,711574.0
MhK4B7L8VF1rvNw6,2,Lìllith,Warlock,Lìllith,1088536.0
MhK4B7L8VF1rvNw6,2,Grapey,DeathKnight,War Chaplain Senn,899437.0
MhK4B7L8VF1rvNw6,2,Chontosh,Paladin,War Chaplain Senn,872049.0
MhK4B7L8VF1rvNw6,2,Primeval,Shaman,War Chaplain Senn,842173.0
MhK4B7L8VF1rvNw6,2,Caelum,Paladin,War Chaplain Senn,842055.0
MhK4B7L8VF1rvNw6,2,Myroguëë,Rogue,War Chaplain Senn,814473.0
MhK4B7L8VF1rvNw6,2,Asharia,DemonHunter,Asharia,3832761.0
MhK4B7L8VF1rvNw6,2,Caelum,Paladin,Caelum,1917972.0
MhK4B7L8VF1rvNw6,2,Primeval,Shaman,Caelum,57242.0
MhK4B7L8VF1rvNw6,2,Meowrawrxo,Druid,Caelum,52826.0
MhK4B7L8VF1rvNw6,2,Abrakadavar,Mage,Caelum,51690.0
MhK4B7L8VF1rvNw6,2,Czy,Paladin,Caelum,46282.0
MhK4B7L8VF1rvNw6,2,Abrakadavar,Mage,Abrakadavar,1197458.0
MhK4B7L8VF1rvNw6,2,Viserion,Evoker,Viserion,3914113.0
MhK4B7L8VF1rvNw6,2,Grapey,DeathKnight,Viserion,2167193.0
MhK4B7L8VF1rvNw6,2,Abrakadavar,Mage,Viserion,1453630.0
MhK4B7L8VF1rvNw6,2,Chontosh,Paladin,Viserion,1336393.0
MhK4B7L8VF1rvNw6,2,Caelum,Paladin,Viserion,1272140.0
MhK4B7L8VF1rvNw6,2,Sinfxl,Mage,Sinfxl,2205447.0
MhK4B7L8VF1rvNw6,2,Grapey,DeathKnight,Chontosh,4587683.0
MhK4B7L8VF1rvNw6,2,Chontosh,Paladin,Chontosh,3841848.0
MhK4B7L8VF1rvNw6,2,Sinfxl,Mage,Chontosh,2403385.0
MhK4B7L8VF1rvNw6,2,Decayed,DeathKnight,Chontosh,2307320.0
MhK4B7L8VF1rvNw6,2,Mannarchy,Paladin,Chontosh,1937458.0
MhK4B7L8VF1rvNw6,2,Grapey,DeathKnight,Primeval,7991685.0
MhK4B7L8VF1rvNw6,2,Primeval,Shaman,Primeval,3382793.0
MhK4B7L8VF1rvNw6,2,Decayed,DeathKnight,Primeval,3158692.0
MhK4B7L8VF1rvNw6,2,Caelum,Paladin,Primeval,1771914.0
MhK4B7L8VF1rvNw6,2,Myroguëë,Rogue,Primeval,1770022.0
MhK4B7L8VF1rvNw6,2,Decayed,DeathKnight,Decayed,15355858.0
MhK4B7L8VF1rvNw6,2,Mannarchy,Paladin,Decayed,12910.0
MhK4B7L8VF1rvNw6,2,Viserion,Evoker,Decayed,12910.0
MhK4B7L8VF1rvNw6,2,Sinfxl,Mage,Decayed,12750.0
MhK4B7L8VF1rvNw6,2,Abrakadavar,Mage,Decayed,12750.0
MhK4B7L8VF1rvNw6,2,Meowrawrxo,Druid,Meowrawrxo,2265295.0
MhK4B7L8VF1rvNw6,2,Grapey,DeathKnight,Meowrawrxo,126658.0
MhK4B7L8VF1rvNw6,2,Abrakadavar,Mage,Meowrawrxo,105473.0
MhK4B7L8VF1rvNw6,2,Czy,Paladin,Meowrawrxo,99767.0
MhK4B7L8VF1rvNw6,2,Decayed,DeathKnight,Meowrawrxo,87668.0
MhK4B7L8VF1rvNw6,2,Grapey,DeathKnight,Czy,3172607.0
MhK4B7L8VF1rvNw6,2,Decayed,DeathKnight,Czy,2584013.0
MhK4B7L8VF1rvNw6,2,Czy,Paladin,Czy,2518244.0
MhK4B7L8VF1rvNw6,2,Myroguëë,Rogue,Czy,1777176.0
MhK4B7L8VF1rvNw6,2,Ämon,Druid,Czy,1498887.0
MhK4B7L8VF1rvNw6,2,Siare,Warlock,Siare,188716.0
MhK4B7L8VF1rvNw6,2,Ämon,Druid,Ämon,1053451.0
MhK4B7L8VF1rvNw6,2,Sinfxl,Mage,Ämon,84622.0
MhK4B7L8VF1rvNw6,2,Abrakadavar,Mage,Ämon,81894.0
MhK4B7L8VF1rvNw6,2,Caelum,Paladin,Ämon,13258.0
MhK4B7L8VF1rvNw6,2,Myroguëë,Rogue,Myroguëë,2309971.0
MhK4B7L8VF1rvNw6,2,Grapey,DeathKnight,Grapey,13173709.0
MhK4B7L8VF1rvNw6,2,Mannarchy,Paladin,Mannarchy,1996406.0
MhK4B7L8VF1rvNw6,2,Primeval,Shaman,Mannarchy,63520.0
MhK4B7L8VF1rvNw6,2,Czy,Paladin,Mannarchy,51174.0
MhK4B7L8VF1rvNw6,2,Abrakadavar,Mage,Mannarchy,46810.0
MhK4B7L8VF1rvNw6,2,Chontosh,Paladin,Mannarchy,46770.0
MhK4B7L8VF1rvNw6,2,Averlis,Druid,Averlis,396105.0
MhK4B7L8VF1rvNw6,2,Hellspawn,DemonHunter,Hellspawn,53035.0
MhK4B7L8VF1rvNw6,2,Hörnstar,DemonHunter,Hörnstar,2973284.0
MhK4B7L8VF1rvNw6,2,Viserion,Evoker,Hörnstar,17706.0
MhK4B7L8VF1rvNw6,2,Caelum,Paladin,Hörnstar,5051.0
MhK4B7L8VF1rvNw6,3,Lìllith,Warlock,Lìllith,995880.0
MhK4B7L8VF1rvNw6,3,Spàdes,Warrior,Spàdes,400268.0
MhK4B7L8VF1rvNw6,3,Myroguëë,Rogue,War Chaplain Senn,411107.0
MhK4B7L8VF1rvNw6,3,Primeval,Shaman,War Chaplain Senn,411106.0
MhK4B7L8VF1rvNw6,3,Viserion,Evoker,War Chaplain Senn,411104.0
MhK4B7L8VF1rvNw6,3,Caelum,Paladin,War Chaplain Senn,411103.0
MhK4B7L8VF1rvNw6,3,Averlis,Druid,War Chaplain Senn,411103.0
MhK4B7L8VF1rvNw6,3,Asharia,DemonHunter,Asharia,1057961.0
MhK4B7L8VF1rvNw6,3,Caelum,Paladin,Caelum,1502266.0
MhK4B7L8VF1rvNw6,3,Decayed,DeathKnight,Caelum,23149.0
MhK4B7L8VF1rvNw6,3,Abrakadavar,Mage,Caelum,18012.0
MhK4B7L8VF1rvNw6,3,Czy,Paladin,Caelum,15995.0
MhK4B7L8VF1rvNw6,3,Lìllith,Warlock,Caelum,15803.0
MhK4B7L8VF1rvNw6,3,Abrakadavar,Mage,Abrakadavar,313885.0
MhK4B7L8VF1rvNw6,3,Viserion,Evoker,Viserion,1726273.0
MhK4B7L8VF1rvNw6,3,Lìllith,Warlock,Viserion,669519.0
MhK4B7L8VF1rvNw6,3,Averlis,Druid,Viserion,528104.0
MhK4B7L8VF1rvNw6,3,Chontosh,Paladin,Viserion,508641.0
MhK4B7L8VF1rvNw6,3,Decayed,DeathKnight,Viserion,487356.0
MhK4B7L8VF1rvNw6,3,Sinfxl,Mage,Sinfxl,962785.0
MhK4B7L8VF1rvNw6,3,Chontosh,Paladin,Chontosh,1711893.0
MhK4B7L8VF1rvNw6,3,Sinfxl,Mage,Chontosh,1101682.0
MhK4B7L8VF1rvNw6,3,Decayed,DeathKnight,Chontosh,1079654.0
MhK4B7L8VF1rvNw6,3,Czy,Paladin,Chontosh,1030549.0
MhK4B7L8VF1rvNw6,3,Grapey,DeathKnight,Chontosh,911554.0
MhK4B7L8VF1rvNw6,3,Decayed,DeathKnight,Primeval,2157261.0
MhK4B7L8VF1rvNw6,3,Primeval,Shaman,Primeval,1729807.0
MhK4B7L8VF1rvNw6,3,Grapey,DeathKnight,Primeval,1257931.0
MhK4B7L8VF1rvNw6,3,Spàdes,Warrior,Primeval,659487.0
MhK4B7L8VF1rvNw6,3,Caelum,Paladin,Primeval,644322.0
MhK4B7L8VF1rvNw6,3,Decayed,DeathKnight,Decayed,5078524.0
MhK4B7L8VF1rvNw6,3,Caelum,Paladin,Decayed,12489.0
MhK4B7L8VF1rvNw6,3,Meowrawrxo,Druid,Decayed,7625.0
MhK4B7L8VF1rvNw6,3,Meowrawrxo,Druid,Meowrawrxo,1041604.0
MhK4B7L8VF1rvNw6,3,Myroguëë,Rogue,Meowrawrxo,65239.0
MhK4B7L8VF1rvNw6,3,Caelum,Paladin,Meowrawrxo,48180.0
MhK4B7L8VF1rvNw6,3,Abrakadavar,Mage,Meowrawrxo,34062.0
MhK4B7L8VF1rvNw6,3,Primeval,Shaman,Meowrawrxo,25617.0
MhK4B7L8VF1rvNw6,3,Meowrawrxo,Druid,Czy,794143.0
MhK4B7L8VF1rvNw6,3,Decayed,DeathKnight,Czy,747721.0
MhK4B7L8VF1rvNw6,3,Mannarchy,Paladin,Czy,686511.0
MhK4B7L8VF1rvNw6,3,Czy,Paladin,Czy,637823.0
MhK4B7L8VF1rvNw6,3,Sinfxl,Mage,Czy,608076.0
MhK4B7L8VF1rvNw6,3,Siare,Warlock,Siare,855360.0
MhK4B7L8VF1rvNw6,3,Ämon,Druid,Ämon,301501.0
MhK4B7L8VF1rvNw6,3,Myroguëë,Rogue,Myroguëë,668805.0
MhK4B7L8VF1rvNw6,3,Mannarchy,Paladin,Mannarchy,665607.0
MhK4B7L8VF1rvNw6,3,Viserion,Evoker,Mannarchy,15592.0
MhK4B7L8VF1rvNw6,3,Caelum,Paladin,Mannarchy,13695.0
MhK4B7L8VF1rvNw6,3,Hellspawn,DemonHunter,Mannarchy,13471.0
MhK4B7L8VF1rvNw6,3,Sinfxl,Mage,Mannarchy,12445.0
MhK4B7L8VF1rvNw6,3,Grapey,DeathKnight,Grapey,5416479.0
MhK4B7L8VF1rvNw6,3,Averlis,Druid,Averlis,557308.0
MhK4B7L8VF1rvNw6,3,Hellspawn,DemonHunter,Hellspawn,814756.0
MhK4B7L8VF1rvNw6,3,Hörnstar,DemonHunter,Hörnstar,1082429.0
MhK4B7L8VF1rvNw6,3,Meowrawrxo,Druid,Hörnstar,244674.0
MhK4B7L8VF1rvNw6,3,Czy,Paladin,Hörnstar,212115.0
MhK4B7L8VF1rvNw6,3,Grapey,DeathKnight,Hörnstar,140709.0
MhK4B7L8VF1rvNw6,3,Spàdes,Warrior,Hörnstar,108830.0
MhK4B7L8VF1rvNw6,4,Hörnstar,DemonHunter,Hörnstar,3155406.0
MhK4B7L8VF1rvNw6,4,Abrakadavar,Mage,Hörnstar,98208.0
MhK4B7L8VF1rvNw6,4,Viserion,Evoker,Hörnstar,40630.0
MhK4B7L8VF1rvNw6,4,Averlis,Druid,Hörnstar,23756.0
MhK4B7L8VF1rvNw6,4,Meowrawrxo,Druid,Hörnstar,16855.0
MhK4B7L8VF1rvNw6,4,Decayed,DeathKnight,Decayed,11393906.0
MhK4B7L8VF1rvNw6,4,Siare,Warlock,Decayed,25776.0
MhK4B7L8VF1rvNw6,4,Abrakadavar,Mage,Decayed,13176.0
MhK4B7L8VF1rvNw6,4,Spàdes,Warrior,Decayed,12600.0
MhK4B7L8VF1rvNw6,4,Viserion,Evoker,Decayed,12547.0
MhK4B7L8VF1rvNw6,4,Myroguëë,Rogue,Myroguëë,1878317.0
MhK4B7L8VF1rvNw6,4,Siare,Warlock,Siare,1133867.0
MhK4B7L8VF1rvNw6,4,Grapey,DeathKnight,Primeval,4262798.0
MhK4B7L8VF1rvNw6,4,Decayed,DeathKnight,Primeval,3696843.0
MhK4B7L8VF1rvNw6,4,Primeval,Shaman,Primeval,3012845.0
MhK4B7L8VF1rvNw6,4,Siare,Warlock,Primeval,1878451.0
MhK4B7L8VF1rvNw6,4,Spàdes,Warrior,Primeval,1570121.0
MhK4B7L8VF1rvNw6,4,Grapey,DeathKnight,Chontosh,2942909.0
MhK4B7L8VF1rvNw6,4,Chontosh,Paladin,Chontosh,2807068.0
MhK4B7L8VF1rvNw6,4,Sinfxl,Mage,Chontosh,2396367.0
MhK4B7L8VF1rvNw6,4,Czy,Paladin,Chontosh,2115451.0
MhK4B7L8VF1rvNw6,4,Abrakadavar,Mage,Chontosh,1994178.0
MhK4B7L8VF1rvNw6,4,Hellspawn,DemonHunter,Hellspawn,2169098.0
MhK4B7L8VF1rvNw6,4,Grapey,DeathKnight,Grapey,14147528.0
MhK4B7L8VF1rvNw6,4,Asharia,DemonHunter,Asharia,3085817.0
MhK4B7L8VF1rvNw6,4,Meowrawrxo,Druid,Meowrawrxo,2044138.0
MhK4B7L8VF1rvNw6,4,Decayed,DeathKnight,Meowrawrxo,144360.0
MhK4B7L8VF1rvNw6,4,Viserion,Evoker,Meowrawrxo,122064.0
MhK4B7L8VF1rvNw6,4,Caelum,Paladin,Meowrawrxo,112514.0
MhK4B7L8VF1rvNw6,4,Grapey,DeathKnight,Meowrawrxo,108883.0
MhK4B7L8VF1rvNw6,4,Lìllith,Warlock,Lìllith,1183600.0
MhK4B7L8VF1rvNw6,4,Abrakadavar,Mage,Abrakadavar,1139002.0
MhK4B7L8VF1rvNw6,4,Czy,Paladin,Czy,2534120.0
MhK4B7L8VF1rvNw6,4,Lìllith,Warlock,Czy,1632363.0
MhK4B7L8VF1rvNw6,4,Mannarchy,Paladin,Czy,1496657.0
MhK4B7L8VF1rvNw6,4,Decayed,DeathKnight,Czy,1475334.0
MhK4B7L8VF1rvNw6,4,Primeval,Shaman,Czy,1433894.0
MhK4B7L8VF1rvNw6,4,Siare,Warlock,War Chaplain Senn,931776.0
MhK4B7L8VF1rvNw6,4,Primeval,Shaman,War Chaplain Senn,930274.0
MhK4B7L8VF1rvNw6,4,Averlis,Druid,War Chaplain Senn,930181.0
MhK4B7L8VF1rvNw6,4,Caelum,Paladin,War Chaplain Senn,929955.0
MhK4B7L8VF1rvNw6,4,Czy,Paladin,War Chaplain Senn,928240.0
MhK4B7L8VF1rvNw6,4,Ämon,Druid,Ämon,213995.0
MhK4B7L8VF1rvNw6,4,Mannarchy,Paladin,Mannarchy,1678984.0
MhK4B7L8VF1rvNw6,4,Spàdes,Warrior,Mannarchy,46644.0
MhK4B7L8VF1rvNw6,4,Lìllith,Warlock,Mannarchy,39806.0
MhK4B7L8VF1rvNw6,4,Hörnstar,DemonHunter,Mannarchy,38166.0
MhK4B7L8VF1rvNw6,4,Primeval,Shaman,Mannarchy,36854.0
MhK4B7L8VF1rvNw6,4,Sinfxl,Mage,Sinfxl,1046705.0
MhK4B7L8VF1rvNw6,4,Averlis,Druid,Averlis,874737.0
MhK4B7L8VF1rvNw6,4,Spàdes,Warrior,Spàdes,1669714.0
MhK4B7L8VF1rvNw6,4,Viserion,Evoker,Viserion,3359544.0
MhK4B7L8VF1rvNw6,4,Chontosh,Paladin,Viserion,1548138.0
MhK4B7L8VF1rvNw6,4,Grapey,DeathKnight,Viserion,1530647.0
MhK4B7L8VF1rvNw6,4,Decayed,DeathKnight,Viserion,1324749.0
MhK4B7L8VF1rvNw6,4,Lìllith,Warlock,Viserion,987589.0
MhK4B7L8VF1rvNw6,4,Caelum,Paladin,Caelum,1716023.0
MhK4B7L8VF1rvNw6,4,Lìllith,Warlock,Caelum,40823.0
MhK4B7L8VF1rvNw6,4,Hellspawn,DemonHunter,Caelum,30728.0
MhK4B7L8VF1rvNw6,4,Siare,Warlock,Caelum,30410.0
MhK4B7L8VF1rvNw6,4,Sinfxl,Mage,Caelum,29410.0
MhK4B7L8VF1rvNw6,9,Lìllith,Warlock,Lìllith,83103.0
MhK4B7L8VF1rvNw6,9,Spàdes,Warrior,Spàdes,6152.0
MhK4B7L8VF1rvNw6,9,Czy,Paladin,Czy,50687.0
MhK4B7L8VF1rvNw6,9,Asharia,DemonHunter,Czy,8947.0
MhK4B7L8VF1rvNw6,9,Siare,Warlock,Siare,122113.0
MhK4B7L8VF1rvNw6,9,Ämon,Druid,Ämon,222033.0
MhK4B7L8VF1rvNw6,9,Grapey,DeathKnight,Ämon,80833.0
MhK4B7L8VF1rvNw6,9,Siare,Warlock,Ämon,66648.0
MhK4B7L8VF1rvNw6,9,Caelum,Paladin,Caelum,67201.0
MhK4B7L8VF1rvNw6,9,Abrakadavar,Mage,Abrakadavar,243961.0
MhK4B7L8VF1rvNw6,9,Spàdes,Warrior,Viserion,12178.0
MhK4B7L8VF1rvNw6,9,Hörnstar,DemonHunter,Viserion,10400.0
MhK4B7L8VF1rvNw6,9,Primeval,Shaman,Viserion,8078.0
MhK4B7L8VF1rvNw6,9,Chontosh,Paladin,Viserion,6044.0
MhK4B7L8VF1rvNw6,9,Averlis,Druid,Viserion,5986.0
MhK4B7L8VF1rvNw6,9,Myroguëë,Rogue,Myroguëë,374786.0
MhK4B7L8VF1rvNw6,9,Sinfxl,Mage,Sinfxl,141380.0
MhK4B7L8VF1rvNw6,9,Mannarchy,Paladin,Mannarchy,54451.0
MhK4B7L8VF1rvNw6,9,Grapey,DeathKnight,Grapey,194431.0
MhK4B7L8VF1rvNw6,9,Chontosh,Paladin,Chontosh,165591.0
MhK4B7L8VF1rvNw6,9,Averlis,Druid,Chontosh,8588.0
MhK4B7L8VF1rvNw6,9,Mannarchy,Paladin,Chontosh,8359.0
MhK4B7L8VF1rvNw6,9,Averlis,Druid,Averlis,58922.0
MhK4B7L8VF1rvNw6,9,Primeval,Shaman,Primeval,215591.0
MhK4B7L8VF1rvNw6,9,Decayed,DeathKnight,Primeval,16442.0
MhK4B7L8VF1rvNw6,9,Decayed,DeathKnight,Decayed,2766028.0
MhK4B7L8VF1rvNw6,9,Hörnstar,DemonHunter,Hörnstar,17310.0
mYdNtv2y6cRWXB4z,10,Lìllith,Warlock,Lìllith,3903243.0
mYdNtv2y6cRWXB4z,10,Novachronos,Mage,Lìllith,29017.0
mYdNtv2y6cRWXB4z,10,Greyseer,Hunter,Lìllith,28901.0
mYdNtv2y6cRWXB4z,10,Sinfxl,Mage,Sinfxl,1902915.0
mYdNtv2y6cRWXB4z,10,Chontosh,Paladin,Sinfxl,124041.0
mYdNtv2y6cRWXB4z,10,Shinier,Paladin,Sinfxl,124041.0
mYdNtv2y6cRWXB4z,10,Sälazar,Mage,Sälazar,4240134.0
mYdNtv2y6cRWXB4z,10,Sinfxl,Mage,Sälazar,17043.0
mYdNtv2y6cRWXB4z,10,Novachronos,Mage,Novachronos,4494524.0
mYdNtv2y6cRWXB4z,10,Boomchicky,Hunter,Boomchicky,3155109.0
mYdNtv2y6cRWXB4z,10,Sinfxl,Mage,Boomchicky,47490.0
mYdNtv2y6cRWXB4z,10,Stellanoova,Monk,Chontosh,5058575.0
mYdNtv2y6cRWXB4z,10,Sälazar,Mage,Chontosh,4184973.0
mYdNtv2y6cRWXB4z,10,Decayed,DeathKnight,Chontosh,4065502.0
mYdNtv2y6cRWXB4z,10,Maztajake,Druid,Chontosh,3946138.0
mYdNtv2y6cRWXB4z,10,Chontosh,Paladin,Chontosh,3616827.0
mYdNtv2y6cRWXB4z,10,Soliloquy,Priest,Soliloquy,7809877.0
mYdNtv2y6cRWXB4z,10,Lìllith,Warlock,Soliloquy,2285423.0
mYdNtv2y6cRWXB4z,10,Maztajake,Druid,Soliloquy,2261681.0
mYdNtv2y6cRWXB4z,10,Chontosh,Paladin,Soliloquy,1899957.0
mYdNtv2y6cRWXB4z,10,Averlis,Druid,Soliloquy,1816726.0
mYdNtv2y6cRWXB4z,10,Grapefantuh,Shaman,Grapefantuh,1819473.0
mYdNtv2y6cRWXB4z,10,Ämon,Druid,Ämon,1309979.0
mYdNtv2y6cRWXB4z,10,Averlis,Druid,Averlis,2076182.0
mYdNtv2y6cRWXB4z,10,Decayed,DeathKnight,Averlis,256248.0
mYdNtv2y6cRWXB4z,10,Lìllith,Warlock,Averlis,212155.0
mYdNtv2y6cRWXB4z,10,Sinfxl,Mage,Averlis,190717.0
mYdNtv2y6cRWXB4z,10,Novachronos,Mage,Averlis,157110.0
mYdNtv2y6cRWXB4z,10,Maztajake,Druid,Maztajake,576873.0
mYdNtv2y6cRWXB4z,10,Danzilla,Hunter,Danzilla,422862.0
mYdNtv2y6cRWXB4z,10,Mets,Hunter,Mets,61779.0
mYdNtv2y6cRWXB4z,10,Greyseer,Hunter,Greyseer,720775.0
mYdNtv2y6cRWXB4z,10,Littlejohn,DeathKnight,Littlejohn,3601024.0
mYdNtv2y6cRWXB4z,10,Sinfxl,Mage,Littlejohn,49402.0
mYdNtv2y6cRWXB4z,10,Novachronos,Mage,Littlejohn,32172.0
mYdNtv2y6cRWXB4z,10,Averlis,Druid,Littlejohn,18673.0
mYdNtv2y6cRWXB4z,10,Greyseer,Hunter,Littlejohn,16460.0
mYdNtv2y6cRWXB4z,10,Shinier,Paladin,Shinier,7081769.0
mYdNtv2y6cRWXB4z,10,Greyseer,Hunter,Shinier,5120936.0
mYdNtv2y6cRWXB4z,10,Sinfxl,Mage,Shinier,4517314.0
mYdNtv2y6cRWXB4z,10,Stellanoova,Monk,Shinier,4483750.0
mYdNtv2y6cRWXB4z,10,Kainz,Warrior,Shinier,4270723.0
mYdNtv2y6cRWXB4z,10,Decayed,DeathKnight,Decayed,13219188.0
mYdNtv2y6cRWXB4z,10,Averlis,Druid,Decayed,19727.0
mYdNtv2y6cRWXB4z,10,Spàdes,Warrior,Spàdes,1250840.0
mYdNtv2y6cRWXB4z,10,Kainz,Warrior,Kainz,3499431.0
mYdNtv2y6cRWXB4z,10,Stellanoova,Monk,Stellanoova,7501588.0
mYdNtv2y6cRWXB4z,10,Asharia,DemonHunter,Stellanoova,402673.0
mYdNtv2y6cRWXB4z,10,Greyseer,Hunter,Stellanoova,203981.0
mYdNtv2y6cRWXB4z,10,Lìllith,Warlock,Stellanoova,197862.0
mYdNtv2y6cRWXB4z,10,Asharia,DemonHunter,Asharia,5239607.0
mYdNtv2y6cRWXB4z,10,Sälazar,Mage,Asharia,62240.0
mYdNtv2y6cRWXB4z,10,Sinfxl,Mage,Asharia,50373.0
mYdNtv2y6cRWXB4z,10,Novachronos,Mage,Asharia,44458.0
mYdNtv2y6cRWXB4z,10,Averlis,Druid,Asharia,37916.0
mYdNtv2y6cRWXB4z,10,Geckofursona,Evoker,Geckofursona,4809182.0
mYdNtv2y6cRWXB4z,10,Ämon,Druid,Geckofursona,3329338.0
mYdNtv2y6cRWXB4z,10,Grapefantuh,Shaman,Geckofursona,2928076.0
mYdNtv2y6cRWXB4z,10,Greyseer,Hunter,Geckofursona,2222957.0
mYdNtv2y6cRWXB4z,10,Boomchicky,Hunter,Geckofursona,2117274.0
mYdNtv2y6cRWXB4z,11,Lìllith,Warlock,Lìllith,4259398.0
mYdNtv2y6cRWXB4z,11,Sälazar,Mage,Sälazar,5792304.0
mYdNtv2y6cRWXB4z,11,Novachronos,Mage,Novachronos,5709335.0
mYdNtv2y6cRWXB4z,11,Chontosh,Paladin,Novachronos,132023.0
mYdNtv2y6cRWXB4z,11,Boomchicky,Hunter,Boomchicky,4146795.0
mYdNtv2y6cRWXB4z,11,Kainz,Warrior,Boomchicky,17576.0
mYdNtv2y6cRWXB4z,11,Maztajake,Druid,Boomchicky,16977.0
mYdNtv2y6cRWXB4z,11,Averlis,Druid,Boomchicky,2247.0
mYdNtv2y6cRWXB4z,11,Soliloquy,Priest,Soliloquy,12440470.0
mYdNtv2y6cRWXB4z,11,Grapefantuh,Shaman,Soliloquy,3764508.0
mYdNtv2y6cRWXB4z,11,Greyseer,Hunter,Soliloquy,3111391.0
mYdNtv2y6cRWXB4z,11,Ämon,Druid,Soliloquy,3078922.0
mYdNtv2y6cRWXB4z,11,Shinier,Paladin,Soliloquy,2907894.0
mYdNtv2y6cRWXB4z,11,Stellanoova,Monk,Chontosh,7094820.0
mYdNtv2y6cRWXB4z,11,Decayed,DeathKnight,Chontosh,7045285.0
mYdNtv2y6cRWXB4z,11,Danzilla,Hunter,Chontosh,6309055.0
mYdNtv2y6cRWXB4z,11,Chontosh,Paladin,Chontosh,5924392.0
mYdNtv2y6cRWXB4z,11,Mets,Hunter,Chontosh,4707343.0
mYdNtv2y6cRWXB4z,11,Grapefantuh,Shaman,Grapefantuh,1511296.0
mYdNtv2y6cRWXB4z,11,Ämon,Druid,Ämon,1987762.0
mYdNtv2y6cRWXB4z,11,Averlis,Druid,Averlis,1687046.0
mYdNtv2y6cRWXB4z,11,Maztajake,Druid,Averlis,209497.0
mYdNtv2y6cRWXB4z,11,Runé,Shaman,Averlis,191884.0
mYdNtv2y6cRWXB4z,11,Kainz,Warrior,Averlis,161356.0
mYdNtv2y6cRWXB4z,11,Shinier,Paladin,Averlis,147141.0
mYdNtv2y6cRWXB4z,11,Maztajake,Druid,Maztajake,886605.0
mYdNtv2y6cRWXB4z,11,Kainz,Warrior,Maztajake,226577.0
mYdNtv2y6cRWXB4z,11,Grapefantuh,Shaman,Maztajake,172303.0
mYdNtv2y6cRWXB4z,11,Boomchicky,Hunter,Maztajake,164238.0
mYdNtv2y6cRWXB4z,11,Ämon,Druid,Maztajake,155078.0
mYdNtv2y6cRWXB4z,11,Danzilla,Hunter,Danzilla,976237.0
mYdNtv2y6cRWXB4z,11,Novachronos,Mage,Danzilla,17040.0
mYdNtv2y6cRWXB4z,11,Mets,Hunter,Mets,75997.0
mYdNtv2y6cRWXB4z,11,Greyseer,Hunter,Greyseer,760673.0
mYdNtv2y6cRWXB4z,11,Averlis,Druid,Greyseer,36044.0
mYdNtv2y6cRWXB4z,11,Littlejohn,DeathKnight,Littlejohn,7236623.0
mYdNtv2y6cRWXB4z,11,Averlis,Druid,Littlejohn,97265.0
mYdNtv2y6cRWXB4z,11,Sälazar,Mage,Littlejohn,28431.0
mYdNtv2y6cRWXB4z,11,Spàdes,Warrior,Littlejohn,18494.0
mYdNtv2y6cRWXB4z,11,Runé,Shaman,Littlejohn,17957.0
mYdNtv2y6cRWXB4z,11,Shinier,Paladin,Shinier,8661815.0
mYdNtv2y6cRWXB4z,11,Decayed,DeathKnight,Shinier,7623598.0
mYdNtv2y6cRWXB4z,11,Greyseer,Hunter,Shinier,7379229.0
mYdNtv2y6cRWXB4z,11,Danzilla,Hunter,Shinier,7234056.0
mYdNtv2y6cRWXB4z,11,Runé,Shaman,Shinier,7048041.0
mYdNtv2y6cRWXB4z,11,Decayed,DeathKnight,Decayed,11287025.0
mYdNtv2y6cRWXB4z,11,Averlis,Druid,Decayed,32327.0
mYdNtv2y6cRWXB4z,11,Sälazar,Mage,Decayed,13333.0
mYdNtv2y6cRWXB4z,11,Spàdes,Warrior,Spàdes,2051639.0
mYdNtv2y6cRWXB4z,11,Kainz,Warrior,Kainz,4939106.0
mYdNtv2y6cRWXB4z,11,Stellanoova,Monk,Stellanoova,11975282.0
mYdNtv2y6cRWXB4z,11,Chontosh,Paladin,Stellanoova,309329.0
mYdNtv2y6cRWXB4z,11,Runé,Shaman,Stellanoova,259274.0
mYdNtv2y6cRWXB4z,11,Spàdes,Warrior,Stellanoova,256732.0
mYdNtv2y6cRWXB4z,11,Runé,Shaman,Runé,1625217.0
mYdNtv2y6cRWXB4z,11,Asharia,DemonHunter,Asharia,9037831.0
mYdNtv2y6cRWXB4z,11,Averlis,Druid,Asharia,210352.0
mYdNtv2y6cRWXB4z,11,Danzilla,Hunter,Asharia,69477.0
mYdNtv2y6cRWXB4z,11,Novachronos,Mage,Asharia,50387.0
mYdNtv2y6cRWXB4z,11,Kainz,Warrior,Asharia,50364.0
mYdNtv2y6cRWXB4z,11,Geckofursona,Evoker,Geckofursona,11244921.0
mYdNtv2y6cRWXB4z,11,Maztajake,Druid,Geckofursona,6415114.0
mYdNtv2y6cRWXB4z,11,Decayed,DeathKnight,Geckofursona,5946128.0
mYdNtv2y6cRWXB4z,11,Kainz,Warrior,Geckofursona,5049714.0
mYdNtv2y6cRWXB4z,11,Grapefantuh,Shaman,Geckofursona,4991823.0
mYdNtv2y6cRWXB4z,16,Lìllith,Warlock,Lìllith,618443.0
mYdNtv2y6cRWXB4z,16,Mets,Hunter,Lìllith,16322.0
mYdNtv2y6cRWXB4z,16,Sälazar,Mage,Sälazar,1369547.0
mYdNtv2y6cRWXB4z,16,Novachronos,Mage,Novachronos,641835.0
mYdNtv2y6cRWXB4z,16,Boomchicky,Hunter,Boomchicky,401789.0
mYdNtv2y6cRWXB4z,16,Maztajake,Druid,Chontosh,3309198.0
mYdNtv2y6cRWXB4z,16,Chontosh,Paladin,Chontosh,1809197.0
mYdNtv2y6cRWXB4z,16,Decayed,DeathKnight,Chontosh,1781120.0
mYdNtv2y6cRWXB4z,16,Stellanoova,Monk,Chontosh,1564540.0
mYdNtv2y6cRWXB4z,16,Grapefantuh,Shaman,Chontosh,1422806.0
mYdNtv2y6cRWXB4z,16,Soliloquy,Priest,Soliloquy,1314730.0
mYdNtv2y6cRWXB4z,16,Sälazar,Mage,Soliloquy,668190.0
mYdNtv2y6cRWXB4z,16,Runé,Shaman,Soliloquy,660171.0
mYdNtv2y6cRWXB4z,16,Boomchicky,Hunter,Soliloquy,508637.0
mYdNtv2y6cRWXB4z,16,Stellanoova,Monk,Soliloquy,498153.0
mYdNtv2y6cRWXB4z,16,Grapefantuh,Shaman,Grapefantuh,524014.0
mYdNtv2y6cRWXB4z,16,Ämon,Druid,Ämon,216249.0
mYdNtv2y6cRWXB4z,16,Averlis,Druid,Averlis,345285.0
mYdNtv2y6cRWXB4z,16,Runé,Shaman,Averlis,12199.0
mYdNtv2y6cRWXB4z,16,Maztajake,Druid,Maztajake,467557.0
mYdNtv2y6cRWXB4z,16,Danzilla,Hunter,Danzilla,332325.0
mYdNtv2y6cRWXB4z,16,Stellanoova,Monk,Danzilla,17024.0
mYdNtv2y6cRWXB4z,16,Asharia,DemonHunter,Danzilla,16295.0
mYdNtv2y6cRWXB4z,16,Mets,Hunter,Mets,12151.0
mYdNtv2y6cRWXB4z,16,Greyseer,Hunter,Greyseer,88092.0
mYdNtv2y6cRWXB4z,16,Littlejohn,DeathKnight,Littlejohn,892974.0
mYdNtv2y6cRWXB4z,16,Asharia,DemonHunter,Littlejohn,17208.0
mYdNtv2y6cRWXB4z,16,Kainz,Warrior,Littlejohn,12330.0
mYdNtv2y6cRWXB4z,16,Decayed,DeathKnight,Shinier,2603405.0
mYdNtv2y6cRWXB4z,16,Danzilla,Hunter,Shinier,1880203.0
mYdNtv2y6cRWXB4z,16,Shinier,Paladin,Shinier,1728897.0
mYdNtv2y6cRWXB4z,16,Mets,Hunter,Shinier,1087926.0
mYdNtv2y6cRWXB4z,16,Chontosh,Paladin,Shinier,1040147.0
mYdNtv2y6cRWXB4z,16,Decayed,DeathKnight,Decayed,5533915.0
mYdNtv2y6cRWXB4z,16,Spàdes,Warrior,Spàdes,343324.0
mYdNtv2y6cRWXB4z,16,Kainz,Warrior,Kainz,465697.0
mYdNtv2y6cRWXB4z,16,Stellanoova,Monk,Stellanoova,3186708.0
mYdNtv2y6cRWXB4z,16,Sälazar,Mage,Stellanoova,126124.0
mYdNtv2y6cRWXB4z,16,Kainz,Warrior,Stellanoova,98386.0
mYdNtv2y6cRWXB4z,16,Ämon,Druid,Stellanoova,40836.0
mYdNtv2y6cRWXB4z,16,Runé,Shaman,Runé,503995.0
mYdNtv2y6cRWXB4z,16,Asharia,DemonHunter,Asharia,718432.0
mYdNtv2y6cRWXB4z,16,Kainz,Warrior,Asharia,22894.0
mYdNtv2y6cRWXB4z,16,Novachronos,Mage,Asharia,17783.0
mYdNtv2y6cRWXB4z,16,Sälazar,Mage,Asharia,17782.0
mYdNtv2y6cRWXB4z,16,Danzilla,Hunter,Asharia,2964.0
mYdNtv2y6cRWXB4z,16,Geckofursona,Evoker,Geckofursona,4902714.0
mYdNtv2y6cRWXB4z,16,Stellanoova,Monk,Geckofursona,2424738.0
mYdNtv2y6cRWXB4z,16,Spàdes,Warrior,Geckofursona,1695056.0
mYdNtv2y6cRWXB4z,16,Ämon,Druid,Geckofursona,1445796.0
mYdNtv2y6cRWXB4z,16,Kainz,Warrior,Geckofursona,1435091.0
mYdNtv2y6cRWXB4z,18,Lìllith,Warlock,Lìllith,2114494.0
mYdNtv2y6cRWXB4z,18,Danzilla,Hunter,Lìllith,29676.0
mYdNtv2y6cRWXB4z,18,Mets,Hunter,Lìllith,17784.0
mYdNtv2y6cRWXB4z,18,Sälazar,Mage,Sälazar,3077496.0
mYdNtv2y6cRWXB4z,18,Maztajake,Druid,Sälazar,20336.0
mYdNtv2y6cRWXB4z,18,Novachronos,Mage,Novachronos,3407092.0
mYdNtv2y6cRWXB4z,18,Boomchicky,Hunter,Boomchicky,2577985.0
mYdNtv2y6cRWXB4z,18,Grapefantuh,Shaman,Chontosh,2063766.0
mYdNtv2y6cRWXB4z,18,Chontosh,Paladin,Chontosh,2046088.0
mYdNtv2y6cRWXB4z,18,Asharia,DemonHunter,Chontosh,1885979.0
mYdNtv2y6cRWXB4z,18,Mets,Hunter,Chontosh,1876334.0
mYdNtv2y6cRWXB4z,18,Danzilla,Hunter,Chontosh,1776867.0
mYdNtv2y6cRWXB4z,18,Soliloquy,Priest,Soliloquy,6522838.0
mYdNtv2y6cRWXB4z,18,Ämon,Druid,Soliloquy,2616476.0
mYdNtv2y6cRWXB4z,18,Averlis,Druid,Soliloquy,1968401.0
mYdNtv2y6cRWXB4z,18,Spàdes,Warrior,Soliloquy,1808563.0
mYdNtv2y6cRWXB4z,18,Boomchicky,Hunter,Soliloquy,1802383.0
mYdNtv2y6cRWXB4z,18,Grapefantuh,Shaman,Grapefantuh,1683335.0
mYdNtv2y6cRWXB4z,18,Ämon,Druid,Ämon,1285825.0
mYdNtv2y6cRWXB4z,18,Averlis,Druid,Averlis,933932.0
mYdNtv2y6cRWXB4z,18,Greyseer,Hunter,Averlis,473926.0
mYdNtv2y6cRWXB4z,18,Runé,Shaman,Averlis,425239.0
mYdNtv2y6cRWXB4z,18,Mets,Hunter,Averlis,403381.0
mYdNtv2y6cRWXB4z,18,Danzilla,Hunter,Averlis,304948.0
mYdNtv2y6cRWXB4z,18,Maztajake,Druid,Maztajake,1231264.0
mYdNtv2y6cRWXB4z,18,Greyseer,Hunter,Maztajake,18265.0
mYdNtv2y6cRWXB4z,18,Danzilla,Hunter,Danzilla,619705.0
mYdNtv2y6cRWXB4z,18,Mets,Hunter,Mets,526013.0
mYdNtv2y6cRWXB4z,18,Chontosh,Paladin,Mets,35621.0
mYdNtv2y6cRWXB4z,18,Greyseer,Hunter,Greyseer,1176087.0
mYdNtv2y6cRWXB4z,18,Littlejohn,DeathKnight,Littlejohn,4750423.0
mYdNtv2y6cRWXB4z,18,Stellanoova,Monk,Littlejohn,18676.0
mYdNtv2y6cRWXB4z,18,Sälazar,Mage,Littlejohn,17955.0
mYdNtv2y6cRWXB4z,18,Decayed,DeathKnight,Shinier,13343478.0
mYdNtv2y6cRWXB4z,18,Danzilla,Hunter,Shinier,6707035.0
mYdNtv2y6cRWXB4z,18,Shinier,Paladin,Shinier,6257971.0
mYdNtv2y6cRWXB4z,18,Greyseer,Hunter,Shinier,6207096.0
mYdNtv2y6cRWXB4z,18,Maztajake,Druid,Shinier,5896364.0
mYdNtv2y6cRWXB4z,18,Decayed,DeathKnight,Decayed,17886295.0
mYdNtv2y6cRWXB4z,18,Spàdes,Warrior,Spàdes,1915895.0
mYdNtv2y6cRWXB4z,18,Kainz,Warrior,Kainz,2335532.0
mYdNtv2y6cRWXB4z,18,Stellanoova,Monk,Stellanoova,12563475.0
mYdNtv2y6cRWXB4z,18,Averlis,Druid,Stellanoova,476534.0
mYdNtv2y6cRWXB4z,18,Sälazar,Mage,Stellanoova,439015.0
mYdNtv2y6cRWXB4z,18,Littlejohn,DeathKnight,Stellanoova,271060.0
mYdNtv2y6cRWXB4z,18,Ämon,Druid,Stellanoova,245311.0
mYdNtv2y6cRWXB4z,18,Runé,Shaman,Runé,1225205.0
mYdNtv2y6cRWXB4z,18,Decayed,DeathKnight,Runé,5928.0
mYdNtv2y6cRWXB4z,18,Asharia,DemonHunter,Asharia,4589166.0
mYdNtv2y6cRWXB4z,18,Greyseer,Hunter,Asharia,83006.0
mYdNtv2y6cRWXB4z,18,Danzilla,Hunter,Asharia,44450.0
mYdNtv2y6cRWXB4z,18,Maztajake,Druid,Asharia,35767.0
mYdNtv2y6cRWXB4z,18,Chontosh,Paladin,Asharia,35586.0
mYdNtv2y6cRWXB4z,18,Stellanoova,Monk,Geckofursona,10866623.0
mYdNtv2y6cRWXB4z,18,Geckofursona,Evoker,Geckofursona,6348292.0
mYdNtv2y6cRWXB4z,18,Ämon,Druid,Geckofursona,4299690.0
mYdNtv2y6cRWXB4z,18,Spàdes,Warrior,Geckofursona,3643256.0
mYdNtv2y6cRWXB4z,18,Averlis,Druid,Geckofursona,3555885.0
mYdNtv2y6cRWXB4z,1,Lìllith,Warlock,Lìllith,1514939.0
mYdNtv2y6cRWXB4z,1,Greyseer,Hunter,Lìllith,29643.0
mYdNtv2y6cRWXB4z,1,Sälazar,Mage,Sälazar,744403.0
mYdNtv2y6cRWXB4z,1,Novachronos,Mage,Novachronos,1439198.0
mYdNtv2y6cRWXB4z,1,Decayed,DeathKnight,Novachronos,239021.0
mYdNtv2y6cRWXB4z,1,Mets,Hunter,Novachronos,5935.0
mYdNtv2y6cRWXB4z,1,Boomchicky,Hunter,Boomchicky,1055951.0
mYdNtv2y6cRWXB4z,1,Stellanoova,Monk,Chontosh,2282253.0
mYdNtv2y6cRWXB4z,1,Boomchicky,Hunter,Chontosh,1331690.0
mYdNtv2y6cRWXB4z,1,Chontosh,Paladin,Chontosh,1193304.0
mYdNtv2y6cRWXB4z,1,Danzilla,Hunter,Chontosh,1056074.0
mYdNtv2y6cRWXB4z,1,Spàdes,Warrior,Chontosh,829420.0
mYdNtv2y6cRWXB4z,1,Soliloquy,Priest,Soliloquy,3600711.0
mYdNtv2y6cRWXB4z,1,Decayed,DeathKnight,Soliloquy,1512086.0
mYdNtv2y6cRWXB4z,1,Spàdes,Warrior,Soliloquy,1137642.0
mYdNtv2y6cRWXB4z,1,Lìllith,Warlock,Soliloquy,1068007.0
mYdNtv2y6cRWXB4z,1,Runé,Shaman,Soliloquy,1065075.0
mYdNtv2y6cRWXB4z,1,Grapefantuh,Shaman,Grapefantuh,670120.0
mYdNtv2y6cRWXB4z,1,Ämon,Druid,Ämon,1129909.0
mYdNtv2y6cRWXB4z,1,Maztajake,Druid,Ämon,209767.0
mYdNtv2y6cRWXB4z,1,Averlis,Druid,Averlis,531097.0
mYdNtv2y6cRWXB4z,1,Maztajake,Druid,Maztajake,696320.0
mYdNtv2y6cRWXB4z,1,Danzilla,Hunter,Danzilla,152893.0
mYdNtv2y6cRWXB4z,1,Mets,Hunter,Mets,18465.0
mYdNtv2y6cRWXB4z,1,Greyseer,Hunter,Greyseer,163763.0
mYdNtv2y6cRWXB4z,1,Littlejohn,DeathKnight,Littlejohn,3131306.0
mYdNtv2y6cRWXB4z,1,Stellanoova,Monk,Shinier,9102185.0
mYdNtv2y6cRWXB4z,1,Decayed,DeathKnight,Shinier,3238580.0
mYdNtv2y6cRWXB4z,1,Shinier,Paladin,Shinier,2600324.0
mYdNtv2y6cRWXB4z,1,Runé,Shaman,Shinier,2364276.0
mYdNtv2y6cRWXB4z,1,Averlis,Druid,Shinier,2080030.0
mYdNtv2y6cRWXB4z,1,Spàdes,Warrior,Spàdes,1373334.0
mYdNtv2y6cRWXB4z,1,Decayed,DeathKnight,Decayed,13122775.0
mYdNtv2y6cRWXB4z,1,Spàdes,Warrior,Decayed,16786.0
mYdNtv2y6cRWXB4z,1,Kainz,Warrior,Kainz,652077.0
mYdNtv2y6cRWXB4z,1,Stellanoova,Monk,Stellanoova,8943811.0
mYdNtv2y6cRWXB4z,1,Grapefantuh,Shaman,Stellanoova,279078.0
mYdNtv2y6cRWXB4z,1,Spàdes,Warrior,Stellanoova,172520.0
mYdNtv2y6cRWXB4z,1,Averlis,Druid,Stellanoova,170035.0
mYdNtv2y6cRWXB4z,1,Runé,Shaman,Runé,614515.0
mYdNtv2y6cRWXB4z,1,Asharia,DemonHunter,Asharia,1596226.0
mYdNtv2y6cRWXB4z,1,Greyseer,Hunter,Asharia,23707.0
mYdNtv2y6cRWXB4z,1,Lìllith,Warlock,Asharia,14812.0
mYdNtv2y6cRWXB4z,1,Averlis,Druid,Asharia,13533.0
mYdNtv2y6cRWXB4z,1,Stellanoova,Monk,Geckofursona,3515037.0
mYdNtv2y6cRWXB4z,1,Geckofursona,Evoker,Geckofursona,2130807.0
mYdNtv2y6cRWXB4z,1,Mets,Hunter,Geckofursona,1822310.0
mYdNtv2y6cRWXB4z,1,Decayed,DeathKnight,Geckofursona,1714937.0
mYdNtv2y6cRWXB4z,1,Grapefantuh,Shaman,Geckofursona,1708376.0
mYdNtv2y6cRWXB4z,3,Lìllith,Warlock,Lìllith,2701817.0
mYdNtv2y6cRWXB4z,3,Mets,Hunter,Lìllith,17784.0
mYdNtv2y6cRWXB4z,3,Danzilla,Hunter,Lìllith,10388.0
mYdNtv2y6cRWXB4z,3,Sälazar,Mage,Sälazar,4041336.0
mYdNtv2y6cRWXB4z,3,Novachronos,Mage,Novachronos,3490793.0
mYdNtv2y6cRWXB4z,3,Maztajake,Druid,Novachronos,31093.0
mYdNtv2y6cRWXB4z,3,Greyseer,Hunter,Novachronos,29896.0
mYdNtv2y6cRWXB4z,3,Grapefantuh,Shaman,Novachronos,16720.0
mYdNtv2y6cRWXB4z,3,Ämon,Druid,Novachronos,16548.0
mYdNtv2y6cRWXB4z,3,Boomchicky,Hunter,Boomchicky,3681538.0
mYdNtv2y6cRWXB4z,3,Soliloquy,Priest,Boomchicky,14098.0
mYdNtv2y6cRWXB4z,3,Stellanoova,Monk,Chontosh,4124567.0
mYdNtv2y6cRWXB4z,3,Maztajake,Druid,Chontosh,3982936.0
mYdNtv2y6cRWXB4z,3,Decayed,DeathKnight,Chontosh,3969488.0
mYdNtv2y6cRWXB4z,3,Mets,Hunter,Chontosh,3713098.0
mYdNtv2y6cRWXB4z,3,Chontosh,Paladin,Chontosh,3646473.0
mYdNtv2y6cRWXB4z,3,Soliloquy,Priest,Soliloquy,7984401.0
mYdNtv2y6cRWXB4z,3,Runé,Shaman,Soliloquy,2682151.0
mYdNtv2y6cRWXB4z,3,Stellanoova,Monk,Soliloquy,2468267.0
mYdNtv2y6cRWXB4z,3,Geckofursona,Evoker,Soliloquy,1634168.0
mYdNtv2y6cRWXB4z,3,Mets,Hunter,Soliloquy,1541225.0
mYdNtv2y6cRWXB4z,3,Grapefantuh,Shaman,Grapefantuh,1105562.0
mYdNtv2y6cRWXB4z,3,Ämon,Druid,Ämon,2370516.0
mYdNtv2y6cRWXB4z,3,Boomchicky,Hunter,Ämon,433711.0
mYdNtv2y6cRWXB4z,3,Sälazar,Mage,Ämon,395176.0
mYdNtv2y6cRWXB4z,3,Averlis,Druid,Ämon,343543.0
mYdNtv2y6cRWXB4z,3,Danzilla,Hunter,Ämon,319865.0
mYdNtv2y6cRWXB4z,3,Averlis,Druid,Averlis,1183494.0
mYdNtv2y6cRWXB4z,3,Sälazar,Mage,Averlis,317763.0
mYdNtv2y6cRWXB4z,3,Runé,Shaman,Averlis,314314.0
mYdNtv2y6cRWXB4z,3,Grapefantuh,Shaman,Averlis,234416.0
mYdNtv2y6cRWXB4z,3,Greyseer,Hunter,Averlis,146858.0
mYdNtv2y6cRWXB4z,3,Maztajake,Druid,Maztajake,1225622.0
mYdNtv2y6cRWXB4z,3,Kainz,Warrior,Maztajake,18834.0
mYdNtv2y6cRWXB4z,3,Danzilla,Hunter,Danzilla,1043872.0
mYdNtv2y6cRWXB4z,3,Stellanoova,Monk,Danzilla,19878.0
mYdNtv2y6cRWXB4z,3,Mets,Hunter,Mets,668766.0
mYdNtv2y6cRWXB4z,3,Lìllith,Warlock,Mets,35565.0
mYdNtv2y6cRWXB4z,3,Greyseer,Hunter,Greyseer,955815.0
mYdNtv2y6cRWXB4z,3,Novachronos,Mage,Greyseer,15553.0
mYdNtv2y6cRWXB4z,3,Littlejohn,DeathKnight,Littlejohn,5212315.0
mYdNtv2y6cRWXB4z,3,Chontosh,Paladin,Littlejohn,51623.0
mYdNtv2y6cRWXB4z,3,Greyseer,Hunter,Littlejohn,33667.0
mYdNtv2y6cRWXB4z,3,Averlis,Druid,Littlejohn,21795.0
mYdNtv2y6cRWXB4z,3,Kainz,Warrior,Littlejohn,18494.0
mYdNtv2y6cRWXB4z,3,Spàdes,Warrior,Spàdes,1075357.0
mYdNtv2y6cRWXB4z,3,Decayed,DeathKnight,Shinier,10442097.0
mYdNtv2y6cRWXB4z,3,Shinier,Paladin,Shinier,6121309.0
mYdNtv2y6cRWXB4z,3,Stellanoova,Monk,Shinier,5974340.0
mYdNtv2y6cRWXB4z,3,Greyseer,Hunter,Shinier,4500521.0
mYdNtv2y6cRWXB4z,3,Chontosh,Paladin,Shinier,4013712.0
mYdNtv2y6cRWXB4z,3,Decayed,DeathKnight,Decayed,23793659.0
mYdNtv2y6cRWXB4z,3,Lìllith,Warlock,Decayed,17774.0
mYdNtv2y6cRWXB4z,3,Runé,Shaman,Decayed,17771.0
mYdNtv2y6cRWXB4z,3,Kainz,Warrior,Kainz,3308252.0
mYdNtv2y6cRWXB4z,3,Stellanoova,Monk,Stellanoova,11898151.0
mYdNtv2y6cRWXB4z,3,Kainz,Warrior,Stellanoova,323852.0
mYdNtv2y6cRWXB4z,3,Shinier,Paladin,Stellanoova,281777.0
mYdNtv2y6cRWXB4z,3,Boomchicky,Hunter,Stellanoova,243885.0
mYdNtv2y6cRWXB4z,3,Geckofursona,Evoker,Stellanoova,209034.0
mYdNtv2y6cRWXB4z,3,Runé,Shaman,Runé,1341163.0
mYdNtv2y6cRWXB4z,3,Asharia,DemonHunter,Asharia,6777248.0
mYdNtv2y6cRWXB4z,3,Chontosh,Paladin,Asharia,57531.0
mYdNtv2y6cRWXB4z,3,Kainz,Warrior,Asharia,51873.0
mYdNtv2y6cRWXB4z,3,Novachronos,Mage,Asharia,37288.0
mYdNtv2y6cRWXB4z,3,Mets,Hunter,Asharia,35566.0
mYdNtv2y6cRWXB4z,3,Geckofursona,Evoker,Geckofursona,6241243.0
mYdNtv2y6cRWXB4z,3,Stellanoova,Monk,Geckofursona,4922812.0
mYdNtv2y6cRWXB4z,3,Kainz,Warrior,Geckofursona,3173771.0
mYdNtv2y6cRWXB4z,3,Boomchicky,Hunter,Geckofursona,3019647.0
mYdNtv2y6cRWXB4z,3,Runé,Shaman,Geckofursona,2799306.0
mYdNtv2y6cRWXB4z,4,Lìllith,Warlock,Lìllith,56154.0
mYdNtv2y6cRWXB4z,4,Greyseer,Hunter,Greyseer,18485.0
mYdNtv2y6cRWXB4z,4,Sälazar,Mage,Sälazar,92294.0
mYdNtv2y6cRWXB4z,4,Novachronos,Mage,Novachronos,112312.0
mYdNtv2y6cRWXB4z,4,Chontosh,Paladin,Chontosh,387208.0
mYdNtv2y6cRWXB4z,4,Stellanoova,Monk,Chontosh,304185.0
mYdNtv2y6cRWXB4z,4,Spàdes,Warrior,Chontosh,119457.0
mYdNtv2y6cRWXB4z,4,Grapefantuh,Shaman,Chontosh,97090.0
mYdNtv2y6cRWXB4z,4,Mets,Hunter,Chontosh,50426.0
mYdNtv2y6cRWXB4z,4,Shinier,Paladin,Shinier,208651.0
mYdNtv2y6cRWXB4z,4,Spàdes,Warrior,Shinier,95241.0
mYdNtv2y6cRWXB4z,4,Grapefantuh,Shaman,Shinier,21675.0
mYdNtv2y6cRWXB4z,4,Greyseer,Hunter,Shinier,17972.0
mYdNtv2y6cRWXB4z,4,Lìllith,Warlock,Shinier,12982.0
mYdNtv2y6cRWXB4z,4,Spàdes,Warrior,Spàdes,32511.0
mYdNtv2y6cRWXB4z,4,Decayed,DeathKnight,Decayed,1253151.0
mYdNtv2y6cRWXB4z,4,Greyseer,Hunter,Decayed,12248.0
mYdNtv2y6cRWXB4z,4,Kainz,Warrior,Kainz,219588.0
mYdNtv2y6cRWXB4z,4,Grapefantuh,Shaman,Grapefantuh,486986.0
mYdNtv2y6cRWXB4z,4,Ämon,Druid,Ämon,384764.0
mYdNtv2y6cRWXB4z,4,Spàdes,Warrior,Ämon,18090.0
mYdNtv2y6cRWXB4z,4,Stellanoova,Monk,Stellanoova,219630.0
mYdNtv2y6cRWXB4z,4,Maztajake,Druid,Maztajake,358711.0
mYdNtv2y6cRWXB4z,4,Lìllith,Warlock,Maztajake,13712.0
mYdNtv2y6cRWXB4z,4,Averlis,Druid,Averlis,295243.0
mYdNtv2y6cRWXB4z,4,Lìllith,Warlock,Averlis,13687.0
mYdNtv2y6cRWXB4z,4,Asharia,DemonHunter,Asharia,19217.0
mYdNtv2y6cRWXB4z,4,Greyseer,Hunter,Asharia,7205.0
mYdNtv2y6cRWXB4z,5,Lìllith,Warlock,Lìllith,2492222.0
mYdNtv2y6cRWXB4z,5,Spàdes,Warrior,Lìllith,16028.0
mYdNtv2y6cRWXB4z,5,Sinfxl,Mage,Sinfxl,3318509.0
mYdNtv2y6cRWXB4z,5,Geckofursona,Evoker,Sinfxl,124041.0
mYdNtv2y6cRWXB4z,5,Chontosh,Paladin,Sinfxl,82694.0
mYdNtv2y6cRWXB4z,5,Shinier,Paladin,Sinfxl,82694.0
mYdNtv2y6cRWXB4z,5,Soliloquy,Priest,Sinfxl,41347.0
mYdNtv2y6cRWXB4z,5,Sälazar,Mage,Sälazar,4744931.0
mYdNtv2y6cRWXB4z,5,Novachronos,Mage,Novachronos,3806487.0
mYdNtv2y6cRWXB4z,5,Spàdes,Warrior,Novachronos,6877.0
mYdNtv2y6cRWXB4z,5,Kainz,Warrior,Novachronos,674.0
mYdNtv2y6cRWXB4z,5,Boomchicky,Hunter,Boomchicky,2416099.0
mYdNtv2y6cRWXB4z,5,Mets,Hunter,Chontosh,4977601.0
mYdNtv2y6cRWXB4z,5,Grapefantuh,Shaman,Chontosh,4611564.0
mYdNtv2y6cRWXB4z,5,Decayed,DeathKnight,Chontosh,4541478.0
mYdNtv2y6cRWXB4z,5,Chontosh,Paladin,Chontosh,4186017.0
mYdNtv2y6cRWXB4z,5,Stellanoova,Monk,Chontosh,3950675.0
mYdNtv2y6cRWXB4z,5,Soliloquy,Priest,Soliloquy,9901694.0
mYdNtv2y6cRWXB4z,5,Boomchicky,Hunter,Soliloquy,2540350.0
mYdNtv2y6cRWXB4z,5,Kainz,Warrior,Soliloquy,2406894.0
mYdNtv2y6cRWXB4z,5,Greyseer,Hunter,Soliloquy,2171026.0
mYdNtv2y6cRWXB4z,5,Averlis,Druid,Soliloquy,2160568.0
mYdNtv2y6cRWXB4z,5,Grapefantuh,Shaman,Grapefantuh,189301.0
mYdNtv2y6cRWXB4z,5,Ämon,Druid,Ämon,1008732.0
mYdNtv2y6cRWXB4z,5,Averlis,Druid,Averlis,948981.0
mYdNtv2y6cRWXB4z,5,Maztajake,Druid,Maztajake,507310.0
mYdNtv2y6cRWXB4z,5,Novachronos,Mage,Maztajake,41135.0
mYdNtv2y6cRWXB4z,5,Chontosh,Paladin,Maztajake,17520.0
mYdNtv2y6cRWXB4z,5,Danzilla,Hunter,Danzilla,614649.0
mYdNtv2y6cRWXB4z,5,Mets,Hunter,Mets,64945.0
mYdNtv2y6cRWXB4z,5,Greyseer,Hunter,Greyseer,441466.0
mYdNtv2y6cRWXB4z,5,Littlejohn,DeathKnight,Littlejohn,4303107.0
mYdNtv2y6cRWXB4z,5,Chontosh,Paladin,Littlejohn,86786.0
mYdNtv2y6cRWXB4z,5,Sinfxl,Mage,Littlejohn,33912.0
mYdNtv2y6cRWXB4z,5,Novachronos,Mage,Littlejohn,32923.0
mYdNtv2y6cRWXB4z,5,Maztajake,Druid,Littlejohn,32679.0
mYdNtv2y6cRWXB4z,5,Decayed,DeathKnight,Shinier,7902425.0
mYdNtv2y6cRWXB4z,5,Stellanoova,Monk,Shinier,7580314.0
mYdNtv2y6cRWXB4z,5,Shinier,Paladin,Shinier,7268710.0
mYdNtv2y6cRWXB4z,5,Chontosh,Paladin,Shinier,5806663.0
mYdNtv2y6cRWXB4z,5,Lìllith,Warlock,Shinier,5265668.0
mYdNtv2y6cRWXB4z,5,Spàdes,Warrior,Spàdes,4013585.0
mYdNtv2y6cRWXB4z,5,Decayed,DeathKnight,Decayed,17623802.0
mYdNtv2y6cRWXB4z,5,Maztajake,Druid,Decayed,18483.0
mYdNtv2y6cRWXB4z,5,Sinfxl,Mage,Decayed,17772.0
mYdNtv2y6cRWXB4z,5,Novachronos,Mage,Decayed,14445.0
mYdNtv2y6cRWXB4z,5,Kainz,Warrior,Kainz,3978403.0
mYdNtv2y6cRWXB4z,5,Stellanoova,Monk,Stellanoova,14929363.0
mYdNtv2y6cRWXB4z,5,Kainz,Warrior,Stellanoova,311601.0
mYdNtv2y6cRWXB4z,5,Spàdes,Warrior,Stellanoova,279911.0
mYdNtv2y6cRWXB4z,5,Littlejohn,DeathKnight,Stellanoova,267402.0
mYdNtv2y6cRWXB4z,5,Asharia,DemonHunter,Asharia,5379552.0
mYdNtv2y6cRWXB4z,5,Sinfxl,Mage,Asharia,42976.0
mYdNtv2y6cRWXB4z,5,Chontosh,Paladin,Asharia,41495.0
mYdNtv2y6cRWXB4z,5,Novachronos,Mage,Asharia,38530.0
mYdNtv2y6cRWXB4z,5,Greyseer,Hunter,Asharia,26675.0
mYdNtv2y6cRWXB4z,5,Geckofursona,Evoker,Geckofursona,8183145.0
mYdNtv2y6cRWXB4z,5,Stellanoova,Monk,Geckofursona,7295178.0
mYdNtv2y6cRWXB4z,5,Ämon,Druid,Geckofursona,5242068.0
mYdNtv2y6cRWXB4z,5,Averlis,Druid,Geckofursona,4156467.0
mYdNtv2y6cRWXB4z,5,Kainz,Warrior,Geckofursona,3865837.0
mYdNtv2y6cRWXB4z,7,Lìllith,Warlock,Lìllith,2521987.0
mYdNtv2y6cRWXB4z,7,Sinfxl,Mage,Sinfxl,1714141.0
mYdNtv2y6cRWXB4z,7,Geckofursona,Evoker,Sinfxl,82694.0
mYdNtv2y6cRWXB4z,7,Shinier,Paladin,Sinfxl,41350.0
mYdNtv2y6cRWXB4z,7,Chontosh,Paladin,Sinfxl,41347.0
mYdNtv2y6cRWXB4z,7,Greyseer,Hunter,Sinfxl,5926.0
mYdNtv2y6cRWXB4z,7,Sälazar,Mage,Sälazar,3968867.0
mYdNtv2y6cRWXB4z,7,Shinier,Paladin,Sälazar,14820.0
mYdNtv2y6cRWXB4z,7,Novachronos,Mage,Novachronos,3097444.0
mYdNtv2y6cRWXB4z,7,Boomchicky,Hunter,Novachronos,153289.0
mYdNtv2y6cRWXB4z,7,Kainz,Warrior,Novachronos,62919.0
mYdNtv2y6cRWXB4z,7,Littlejohn,DeathKnight,Novachronos,26105.0
mYdNtv2y6cRWXB4z,7,Boomchicky,Hunter,Boomchicky,2123517.0
mYdNtv2y6cRWXB4z,7,Greyseer,Hunter,Boomchicky,17810.0
mYdNtv2y6cRWXB4z,7,Stellanoova,Monk,Boomchicky,17748.0
mYdNtv2y6cRWXB4z,7,Novachronos,Mage,Chontosh,2576433.0
mYdNtv2y6cRWXB4z,7,Stellanoova,Monk,Chontosh,2531640.0
mYdNtv2y6cRWXB4z,7,Boomchicky,Hunter,Chontosh,2522711.0
mYdNtv2y6cRWXB4z,7,Grapefantuh,Shaman,Chontosh,2500269.0
mYdNtv2y6cRWXB4z,7,Sälazar,Mage,Chontosh,2356625.0
mYdNtv2y6cRWXB4z,7,Soliloquy,Priest,Soliloquy,6967701.0
mYdNtv2y6cRWXB4z,7,Mets,Hunter,Soliloquy,2546159.0
mYdNtv2y6cRWXB4z,7,Greyseer,Hunter,Soliloquy,1987164.0
mYdNtv2y6cRWXB4z,7,Novachronos,Mage,Soliloquy,1933381.0
mYdNtv2y6cRWXB4z,7,Shinier,Paladin,Soliloquy,1849593.0
mYdNtv2y6cRWXB4z,7,Grapefantuh,Shaman,Grapefantuh,1404132.0
mYdNtv2y6cRWXB4z,7,Ämon,Druid,Ämon,1378943.0
mYdNtv2y6cRWXB4z,7,Sälazar,Mage,Ämon,457563.0
mYdNtv2y6cRWXB4z,7,Mets,Hunter,Ämon,453403.0
mYdNtv2y6cRWXB4z,7,Novachronos,Mage,Ämon,15267.0
mYdNtv2y6cRWXB4z,7,Averlis,Druid,Averlis,1152191.0
mYdNtv2y6cRWXB4z,7,Maztajake,Druid,Averlis,463796.0
mYdNtv2y6cRWXB4z,7,Danzilla,Hunter,Averlis,302008.0
mYdNtv2y6cRWXB4z,7,Mets,Hunter,Averlis,299653.0
mYdNtv2y6cRWXB4z,7,Sinfxl,Mage,Averlis,288401.0
mYdNtv2y6cRWXB4z,7,Maztajake,Druid,Maztajake,1203887.0
mYdNtv2y6cRWXB4z,7,Danzilla,Hunter,Danzilla,317128.0
mYdNtv2y6cRWXB4z,7,Mets,Hunter,Mets,71959.0
mYdNtv2y6cRWXB4z,7,Greyseer,Hunter,Greyseer,1470000.0
mYdNtv2y6cRWXB4z,7,Sinfxl,Mage,Greyseer,17032.0
mYdNtv2y6cRWXB4z,7,Littlejohn,DeathKnight,Littlejohn,5279939.0
mYdNtv2y6cRWXB4z,7,Spàdes,Warrior,Littlejohn,33136.0
mYdNtv2y6cRWXB4z,7,Stellanoova,Monk,Littlejohn,18677.0
mYdNtv2y6cRWXB4z,7,Decayed,DeathKnight,Littlejohn,17957.0
mYdNtv2y6cRWXB4z,7,Greyseer,Hunter,Littlejohn,17209.0
mYdNtv2y6cRWXB4z,7,Stellanoova,Monk,Shinier,5873621.0
mYdNtv2y6cRWXB4z,7,Shinier,Paladin,Shinier,5827614.0
mYdNtv2y6cRWXB4z,7,Decayed,DeathKnight,Shinier,4892152.0
mYdNtv2y6cRWXB4z,7,Danzilla,Hunter,Shinier,4792076.0
mYdNtv2y6cRWXB4z,7,Greyseer,Hunter,Shinier,4628135.0
mYdNtv2y6cRWXB4z,7,Decayed,DeathKnight,Decayed,9451112.0
mYdNtv2y6cRWXB4z,7,Spàdes,Warrior,Spàdes,2711607.0
mYdNtv2y6cRWXB4z,7,Kainz,Warrior,Kainz,1102080.0
mYdNtv2y6cRWXB4z,7,Stellanoova,Monk,Stellanoova,7422752.0
mYdNtv2y6cRWXB4z,7,Boomchicky,Hunter,Stellanoova,209750.0
mYdNtv2y6cRWXB4z,7,Averlis,Druid,Stellanoova,175370.0
mYdNtv2y6cRWXB4z,7,Spàdes,Warrior,Stellanoova,160850.0
mYdNtv2y6cRWXB4z,7,Asharia,DemonHunter,Asharia,4877148.0
mYdNtv2y6cRWXB4z,7,Sinfxl,Mage,Asharia,112959.0
mYdNtv2y6cRWXB4z,7,Spàdes,Warrior,Asharia,74643.0
mYdNtv2y6cRWXB4z,7,Greyseer,Hunter,Asharia,48902.0
mYdNtv2y6cRWXB4z,7,Danzilla,Hunter,Asharia,34074.0
mYdNtv2y6cRWXB4z,7,Geckofursona,Evoker,Geckofursona,6553007.0
mYdNtv2y6cRWXB4z,7,Lìllith,Warlock,Geckofursona,3451435.0
mYdNtv2y6cRWXB4z,7,Ämon,Druid,Geckofursona,3332884.0
mYdNtv2y6cRWXB4z,7,Stellanoova,Monk,Geckofursona,3323504.0
mYdNtv2y6cRWXB4z,7,Decayed,DeathKnight,Geckofursona,3312382.0
mYdNtv2y6cRWXB4z,9,Lìllith,Warlock,Lìllith,2498907.0
mYdNtv2y6cRWXB4z,9,Sälazar,Mage,Lìllith,27411.0
mYdNtv2y6cRWXB4z,9,Chontosh,Paladin,Lìllith,19107.0
mYdNtv2y6cRWXB4z,9,Boomchicky,Hunter,Boomchicky,3652465.0
mYdNtv2y6cRWXB4z,9,Averlis,Druid,Boomchicky,15435.0
mYdNtv2y6cRWXB4z,9,Sinfxl,Mage,Boomchicky,3710.0
mYdNtv2y6cRWXB4z,9,Boomchicky,Hunter,Chontosh,4484021.0
mYdNtv2y6cRWXB4z,9,Averlis,Druid,Chontosh,3514158.0
mYdNtv2y6cRWXB4z,9,Maztajake,Druid,Chontosh,3313497.0
mYdNtv2y6cRWXB4z,9,Grapefantuh,Shaman,Chontosh,3309008.0
mYdNtv2y6cRWXB4z,9,Danzilla,Hunter,Chontosh,3040889.0
mYdNtv2y6cRWXB4z,9,Soliloquy,Priest,Soliloquy,9948264.0
mYdNtv2y6cRWXB4z,9,Maztajake,Druid,Soliloquy,2877544.0
mYdNtv2y6cRWXB4z,9,Decayed,DeathKnight,Soliloquy,2369680.0
mYdNtv2y6cRWXB4z,9,Stellanoova,Monk,Soliloquy,2339002.0
mYdNtv2y6cRWXB4z,9,Sinfxl,Mage,Soliloquy,2272531.0
mYdNtv2y6cRWXB4z,9,Grapefantuh,Shaman,Grapefantuh,2012576.0
mYdNtv2y6cRWXB4z,9,Ämon,Druid,Ämon,2051789.0
mYdNtv2y6cRWXB4z,9,Mets,Hunter,Ämon,367016.0
mYdNtv2y6cRWXB4z,9,Maztajake,Druid,Ämon,295237.0
mYdNtv2y6cRWXB4z,9,Littlejohn,DeathKnight,Ämon,258672.0
mYdNtv2y6cRWXB4z,9,Averlis,Druid,Averlis,1421421.0
mYdNtv2y6cRWXB4z,9,Greyseer,Hunter,Averlis,407159.0
mYdNtv2y6cRWXB4z,9,Asharia,DemonHunter,Averlis,266491.0
mYdNtv2y6cRWXB4z,9,Stellanoova,Monk,Averlis,212997.0
mYdNtv2y6cRWXB4z,9,Maztajake,Druid,Averlis,207917.0
mYdNtv2y6cRWXB4z,9,Maztajake,Druid,Maztajake,1087921.0
mYdNtv2y6cRWXB4z,9,Mets,Hunter,Maztajake,18283.0
mYdNtv2y6cRWXB4z,9,Mets,Hunter,Mets,1122738.0
mYdNtv2y6cRWXB4z,9,Stellanoova,Monk,Mets,33598.0
mYdNtv2y6cRWXB4z,9,Averlis,Druid,Mets,18492.0
mYdNtv2y6cRWXB4z,9,Greyseer,Hunter,Greyseer,1473618.0
mYdNtv2y6cRWXB4z,9,Shinier,Paladin,Shinier,7983482.0
mYdNtv2y6cRWXB4z,9,Spàdes,Warrior,Shinier,6935765.0
mYdNtv2y6cRWXB4z,9,Decayed,DeathKnight,Shinier,6663471.0
mYdNtv2y6cRWXB4z,9,Stellanoova,Monk,Shinier,6350407.0
mYdNtv2y6cRWXB4z,9,Averlis,Druid,Shinier,5591476.0
mYdNtv2y6cRWXB4z,9,Kainz,Warrior,Kainz,2343101.0
mYdNtv2y6cRWXB4z,9,Asharia,DemonHunter,Asharia,5998561.0
mYdNtv2y6cRWXB4z,9,Averlis,Druid,Asharia,138949.0
mYdNtv2y6cRWXB4z,9,Sinfxl,Mage,Asharia,54407.0
mYdNtv2y6cRWXB4z,9,Greyseer,Hunter,Asharia,47421.0
mYdNtv2y6cRWXB4z,9,Mets,Hunter,Asharia,44459.0
mYdNtv2y6cRWXB4z,9,Geckofursona,Evoker,Geckofursona,9220497.0
mYdNtv2y6cRWXB4z,9,Ämon,Druid,Geckofursona,4767752.0
mYdNtv2y6cRWXB4z,9,Danzilla,Hunter,Geckofursona,4416598.0
mYdNtv2y6cRWXB4z,9,Decayed,DeathKnight,Geckofursona,4153190.0
mYdNtv2y6cRWXB4z,9,Mets,Hunter,Geckofursona,4151147.0
mYdNtv2y6cRWXB4z,9,Sinfxl,Mage,Sinfxl,3191984.0
mYdNtv2y6cRWXB4z,9,Geckofursona,Evoker,Sinfxl,124041.0
mYdNtv2y6cRWXB4z,9,Soliloquy,Priest,Sinfxl,82694.0
mYdNtv2y6cRWXB4z,9,Chontosh,Paladin,Sinfxl,41347.0
mYdNtv2y6cRWXB4z,9,Averlis,Druid,Sinfxl,13558.0
mYdNtv2y6cRWXB4z,9,Sälazar,Mage,Sälazar,5226291.0
mYdNtv2y6cRWXB4z,9,Averlis,Druid,Sälazar,12331.0
mYdNtv2y6cRWXB4z,9,Novachronos,Mage,Novachronos,5715283.0
mYdNtv2y6cRWXB4z,9,Kainz,Warrior,Novachronos,21999.0
mYdNtv2y6cRWXB4z,9,Littlejohn,DeathKnight,Novachronos,21359.0
mYdNtv2y6cRWXB4z,9,Danzilla,Hunter,Danzilla,1355398.0
mYdNtv2y6cRWXB4z,9,Littlejohn,DeathKnight,Danzilla,17780.0
mYdNtv2y6cRWXB4z,9,Littlejohn,DeathKnight,Littlejohn,6990746.0
mYdNtv2y6cRWXB4z,9,Greyseer,Hunter,Littlejohn,33669.0
mYdNtv2y6cRWXB4z,9,Sinfxl,Mage,Littlejohn,26932.0
mYdNtv2y6cRWXB4z,9,Averlis,Druid,Littlejohn,18676.0
mYdNtv2y6cRWXB4z,9,Geckofursona,Evoker,Littlejohn,18240.0
mYdNtv2y6cRWXB4z,9,Decayed,DeathKnight,Decayed,15444313.0
mYdNtv2y6cRWXB4z,9,Sinfxl,Mage,Decayed,14815.0
mYdNtv2y6cRWXB4z,9,Spàdes,Warrior,Spàdes,2368695.0
mYdNtv2y6cRWXB4z,9,Averlis,Druid,Spàdes,13864.0
mYdNtv2y6cRWXB4z,9,Stellanoova,Monk,Stellanoova,10770375.0
mYdNtv2y6cRWXB4z,9,Boomchicky,Hunter,Stellanoova,333873.0
mYdNtv2y6cRWXB4z,9,Grapefantuh,Shaman,Stellanoova,283389.0
mYdNtv2y6cRWXB4z,9,Shinier,Paladin,Stellanoova,260936.0
mYdNtv2y6cRWXB4z,9,Averlis,Druid,Stellanoova,205600.0
mYTZPFwjfK8xbHQ1,1,Runé,Shaman,Runé,2984466.0
mYTZPFwjfK8xbHQ1,1,Decayed,DeathKnight,Runé,840217.0
mYTZPFwjfK8xbHQ1,1,Sälazar,Mage,Sälazar,5774145.0
mYTZPFwjfK8xbHQ1,1,Myroguëë,Rogue,Sälazar,17781.0
mYTZPFwjfK8xbHQ1,1,Kainz,Warrior,Sälazar,17551.0
mYTZPFwjfK8xbHQ1,1,Demonbläde,DemonHunter,Demonbläde,12198665.0
mYTZPFwjfK8xbHQ1,1,Chontosh,Paladin,Demonbläde,49879.0
mYTZPFwjfK8xbHQ1,1,Danzilla,Hunter,Demonbläde,37538.0
mYTZPFwjfK8xbHQ1,1,Maztajake,Druid,Demonbläde,37341.0
mYTZPFwjfK8xbHQ1,1,Kainz,Warrior,Demonbläde,31987.0
mYTZPFwjfK8xbHQ1,1,Spàdes,Warrior,Spàdes,6601276.0
mYTZPFwjfK8xbHQ1,1,Greyseer,Hunter,Greyseer,109943.0
mYTZPFwjfK8xbHQ1,1,Ämon,Druid,Averlis,416727.0
mYTZPFwjfK8xbHQ1,1,Viserion,Evoker,Averlis,405065.0
mYTZPFwjfK8xbHQ1,1,Averlis,Druid,Averlis,371114.0
mYTZPFwjfK8xbHQ1,1,Mets,Hunter,Averlis,297749.0
mYTZPFwjfK8xbHQ1,1,Chontosh,Paladin,Averlis,263351.0
mYTZPFwjfK8xbHQ1,1,Czera,Monk,Czera,2965253.0
mYTZPFwjfK8xbHQ1,1,Viserion,Evoker,Viserion,2202156.0
mYTZPFwjfK8xbHQ1,1,Maztajake,Druid,Viserion,505451.0
mYTZPFwjfK8xbHQ1,1,Mets,Hunter,Viserion,497672.0
mYTZPFwjfK8xbHQ1,1,Scamanes,Shaman,Viserion,486005.0
mYTZPFwjfK8xbHQ1,1,Ämon,Druid,Viserion,325102.0
mYTZPFwjfK8xbHQ1,1,Maztajake,Druid,Maztajake,1158649.0
mYTZPFwjfK8xbHQ1,1,Chontosh,Paladin,Chontosh,5138088.0
mYTZPFwjfK8xbHQ1,1,Kainz,Warrior,Chontosh,4908612.0
mYTZPFwjfK8xbHQ1,1,Maztajake,Druid,Chontosh,4856719.0
mYTZPFwjfK8xbHQ1,1,Czera,Monk,Chontosh,4725291.0
mYTZPFwjfK8xbHQ1,1,Mets,Hunter,Chontosh,4602202.0
mYTZPFwjfK8xbHQ1,1,Decayed,DeathKnight,Decayed,18117593.0
mYTZPFwjfK8xbHQ1,1,Czera,Monk,Decayed,18441.0
mYTZPFwjfK8xbHQ1,1,Danzilla,Hunter,Decayed,16266.0
mYTZPFwjfK8xbHQ1,1,Danzilla,Hunter,Danzilla,217189.0
mYTZPFwjfK8xbHQ1,1,Kainz,Warrior,Kainz,6227985.0
mYTZPFwjfK8xbHQ1,1,Shinier,Paladin,Shinier,9202561.0
mYTZPFwjfK8xbHQ1,1,Chontosh,Paladin,Shinier,8121477.0
mYTZPFwjfK8xbHQ1,1,Scamanes,Shaman,Shinier,7954606.0
mYTZPFwjfK8xbHQ1,1,Lìllith,Warlock,Shinier,7191397.0
mYTZPFwjfK8xbHQ1,1,Runé,Shaman,Shinier,5595786.0
mYTZPFwjfK8xbHQ1,1,Geckofursona,Evoker,Geckofursona,5510689.0
mYTZPFwjfK8xbHQ1,1,Mets,Hunter,Geckofursona,3480992.0
mYTZPFwjfK8xbHQ1,1,Viserion,Evoker,Geckofursona,3266663.0
mYTZPFwjfK8xbHQ1,1,Scamanes,Shaman,Geckofursona,3161507.0
mYTZPFwjfK8xbHQ1,1,Grapefantuh,Shaman,Geckofursona,3020639.0
mYTZPFwjfK8xbHQ1,1,Grapefantuh,Shaman,Grapefantuh,2914503.0
mYTZPFwjfK8xbHQ1,1,Chickynuggy,Hunter,Chickynuggy,1469295.0
mYTZPFwjfK8xbHQ1,1,Lìllith,Warlock,Lìllith,3963176.0
mYTZPFwjfK8xbHQ1,1,Asharia,DemonHunter,Lìllith,10349.0
mYTZPFwjfK8xbHQ1,1,Czera,Monk,Lìllith,7709.0
mYTZPFwjfK8xbHQ1,1,Myroguëë,Rogue,Myroguëë,4841516.0
mYTZPFwjfK8xbHQ1,1,Littlejohn,DeathKnight,Littlejohn,8028730.0
mYTZPFwjfK8xbHQ1,1,Czera,Monk,Littlejohn,32672.0
mYTZPFwjfK8xbHQ1,1,Geckofursona,Evoker,Littlejohn,12685.0
mYTZPFwjfK8xbHQ1,1,Spàdes,Warrior,Littlejohn,12324.0
mYTZPFwjfK8xbHQ1,1,Maztajake,Druid,Littlejohn,9559.0
mYTZPFwjfK8xbHQ1,1,Soliloquy,Priest,Soliloquy,10641866.0
mYTZPFwjfK8xbHQ1,1,Maztajake,Druid,Soliloquy,2491780.0
mYTZPFwjfK8xbHQ1,1,Lìllith,Warlock,Soliloquy,2472106.0
mYTZPFwjfK8xbHQ1,1,Runé,Shaman,Soliloquy,2212308.0
mYTZPFwjfK8xbHQ1,1,Viserion,Evoker,Soliloquy,2069695.0
mYTZPFwjfK8xbHQ1,1,Novachronos,Mage,Novachronos,1585305.0
mYTZPFwjfK8xbHQ1,1,Mets,Hunter,Mets,993790.0
mYTZPFwjfK8xbHQ1,1,Demonbläde,DemonHunter,Mets,16312.0
mYTZPFwjfK8xbHQ1,1,Asharia,DemonHunter,Asharia,8151211.0
mYTZPFwjfK8xbHQ1,1,Maztajake,Druid,Asharia,39111.0
mYTZPFwjfK8xbHQ1,1,Runé,Shaman,Asharia,34050.0
mYTZPFwjfK8xbHQ1,1,Kainz,Warrior,Asharia,27449.0
mYTZPFwjfK8xbHQ1,1,Viserion,Evoker,Asharia,18478.0
mYTZPFwjfK8xbHQ1,1,Ämon,Druid,Ämon,763112.0
mYTZPFwjfK8xbHQ1,1,Scamanes,Shaman,Scamanes,2634491.0
mYTZPFwjfK8xbHQ1,1,Decayed,DeathKnight,Scamanes,1350894.0
mYTZPFwjfK8xbHQ1,1,Maztajake,Druid,Scamanes,53988.0
mYTZPFwjfK8xbHQ1,1,Asharia,DemonHunter,Scamanes,28172.0
mYTZPFwjfK8xbHQ1,1,Viserion,Evoker,Scamanes,22976.0
mYTZPFwjfK8xbHQ1,2,Runé,Shaman,Runé,4368470.0
mYTZPFwjfK8xbHQ1,2,Decayed,DeathKnight,Runé,1136183.0
mYTZPFwjfK8xbHQ1,2,Maztajake,Druid,Runé,47046.0
mYTZPFwjfK8xbHQ1,2,Sälazar,Mage,Sälazar,5937792.0
mYTZPFwjfK8xbHQ1,2,Danzilla,Hunter,Sälazar,17781.0
mYTZPFwjfK8xbHQ1,2,Spàdes,Warrior,Sälazar,17550.0
mYTZPFwjfK8xbHQ1,2,Averlis,Druid,Sälazar,12328.0
mYTZPFwjfK8xbHQ1,2,Demonbläde,DemonHunter,Demonbläde,22232595.0
mYTZPFwjfK8xbHQ1,2,Czera,Monk,Demonbläde,179739.0
mYTZPFwjfK8xbHQ1,2,Sälazar,Mage,Demonbläde,179721.0
mYTZPFwjfK8xbHQ1,2,Runé,Shaman,Demonbläde,155081.0
mYTZPFwjfK8xbHQ1,2,Kainz,Warrior,Demonbläde,138528.0
mYTZPFwjfK8xbHQ1,2,Spàdes,Warrior,Spàdes,8397120.0
mYTZPFwjfK8xbHQ1,2,Greyseer,Hunter,Greyseer,2338673.0
mYTZPFwjfK8xbHQ1,2,Lìllith,Warlock,Greyseer,11844.0
mYTZPFwjfK8xbHQ1,2,Averlis,Druid,Greyseer,6159.0
mYTZPFwjfK8xbHQ1,2,Averlis,Druid,Averlis,1764857.0
mYTZPFwjfK8xbHQ1,2,Mets,Hunter,Averlis,420477.0
mYTZPFwjfK8xbHQ1,2,Greyseer,Hunter,Averlis,346931.0
mYTZPFwjfK8xbHQ1,2,Myroguëë,Rogue,Averlis,271968.0
mYTZPFwjfK8xbHQ1,2,Sälazar,Mage,Averlis,267890.0
mYTZPFwjfK8xbHQ1,2,Czera,Monk,Czera,3585886.0
mYTZPFwjfK8xbHQ1,2,Viserion,Evoker,Viserion,2703913.0
mYTZPFwjfK8xbHQ1,2,Maztajake,Druid,Viserion,571650.0
mYTZPFwjfK8xbHQ1,2,Ämon,Druid,Viserion,508500.0
mYTZPFwjfK8xbHQ1,2,Novachronos,Mage,Viserion,447617.0
mYTZPFwjfK8xbHQ1,2,Mets,Hunter,Viserion,402826.0
mYTZPFwjfK8xbHQ1,2,Maztajake,Druid,Maztajake,2589601.0
mYTZPFwjfK8xbHQ1,2,Demonbläde,DemonHunter,Chontosh,3731180.0
mYTZPFwjfK8xbHQ1,2,Decayed,DeathKnight,Chontosh,3683577.0
mYTZPFwjfK8xbHQ1,2,Chontosh,Paladin,Chontosh,3153805.0
mYTZPFwjfK8xbHQ1,2,Czera,Monk,Chontosh,2733961.0
mYTZPFwjfK8xbHQ1,2,Danzilla,Hunter,Chontosh,2630000.0
mYTZPFwjfK8xbHQ1,2,Decayed,DeathKnight,Decayed,26601706.0
mYTZPFwjfK8xbHQ1,2,Danzilla,Hunter,Danzilla,1497939.0
mYTZPFwjfK8xbHQ1,2,Kainz,Warrior,Kainz,7873592.0
mYTZPFwjfK8xbHQ1,2,Shinier,Paladin,Shinier,9300632.0
mYTZPFwjfK8xbHQ1,2,Greyseer,Hunter,Shinier,8333707.0
mYTZPFwjfK8xbHQ1,2,Danzilla,Hunter,Shinier,7843204.0
mYTZPFwjfK8xbHQ1,2,Chickynuggy,Hunter,Shinier,7475563.0
mYTZPFwjfK8xbHQ1,2,Viserion,Evoker,Shinier,7038329.0
mYTZPFwjfK8xbHQ1,2,Geckofursona,Evoker,Geckofursona,7065206.0
mYTZPFwjfK8xbHQ1,2,Greyseer,Hunter,Geckofursona,3893088.0
mYTZPFwjfK8xbHQ1,2,Ämon,Druid,Geckofursona,3409084.0
mYTZPFwjfK8xbHQ1,2,Maztajake,Druid,Geckofursona,3002823.0
mYTZPFwjfK8xbHQ1,2,Runé,Shaman,Geckofursona,2790632.0
mYTZPFwjfK8xbHQ1,2,Grapefantuh,Shaman,Grapefantuh,3238313.0
mYTZPFwjfK8xbHQ1,2,Chickynuggy,Hunter,Chickynuggy,4643685.0
mYTZPFwjfK8xbHQ1,2,Danzilla,Hunter,Chickynuggy,33264.0
mYTZPFwjfK8xbHQ1,2,Shinier,Paladin,Chickynuggy,19568.0
mYTZPFwjfK8xbHQ1,2,Runé,Shaman,Chickynuggy,17792.0
mYTZPFwjfK8xbHQ1,2,Lìllith,Warlock,Lìllith,4593726.0
mYTZPFwjfK8xbHQ1,2,Shinier,Paladin,Lìllith,18515.0
mYTZPFwjfK8xbHQ1,2,Myroguëë,Rogue,Myroguëë,6322063.0
mYTZPFwjfK8xbHQ1,2,Littlejohn,DeathKnight,Littlejohn,8439203.0
mYTZPFwjfK8xbHQ1,2,Danzilla,Hunter,Littlejohn,47112.0
mYTZPFwjfK8xbHQ1,2,Runé,Shaman,Littlejohn,35150.0
mYTZPFwjfK8xbHQ1,2,Averlis,Druid,Littlejohn,24111.0
mYTZPFwjfK8xbHQ1,2,Maztajake,Druid,Littlejohn,12444.0
mYTZPFwjfK8xbHQ1,2,Soliloquy,Priest,Soliloquy,12978208.0
mYTZPFwjfK8xbHQ1,2,Greyseer,Hunter,Soliloquy,3018078.0
mYTZPFwjfK8xbHQ1,2,Lìllith,Warlock,Soliloquy,2864612.0
mYTZPFwjfK8xbHQ1,2,Myroguëë,Rogue,Soliloquy,2153486.0
mYTZPFwjfK8xbHQ1,2,Maztajake,Druid,Soliloquy,2016410.0
mYTZPFwjfK8xbHQ1,2,Novachronos,Mage,Novachronos,5376815.0
mYTZPFwjfK8xbHQ1,2,Mets,Hunter,Mets,741129.0
mYTZPFwjfK8xbHQ1,2,Kainz,Warrior,Mets,18324.0
mYTZPFwjfK8xbHQ1,2,Asharia,DemonHunter,Asharia,6116758.0
mYTZPFwjfK8xbHQ1,2,Myroguëë,Rogue,Asharia,145959.0
mYTZPFwjfK8xbHQ1,2,Kainz,Warrior,Asharia,144759.0
mYTZPFwjfK8xbHQ1,2,Spàdes,Warrior,Asharia,96126.0
mYTZPFwjfK8xbHQ1,2,Maztajake,Druid,Asharia,90118.0
mYTZPFwjfK8xbHQ1,2,Ämon,Druid,Ämon,1949165.0
mYTZPFwjfK8xbHQ1,2,Myroguëë,Rogue,Ämon,490811.0
mYTZPFwjfK8xbHQ1,2,Mets,Hunter,Ämon,409472.0
mYTZPFwjfK8xbHQ1,2,Scamanes,Shaman,Ämon,324793.0
mYTZPFwjfK8xbHQ1,2,Novachronos,Mage,Ämon,272479.0
mYTZPFwjfK8xbHQ1,2,Scamanes,Shaman,Scamanes,4234001.0
mYTZPFwjfK8xbHQ1,2,Decayed,DeathKnight,Scamanes,1590682.0
mYTZPFwjfK8xbHQ1,2,Myroguëë,Rogue,Scamanes,52499.0
mYTZPFwjfK8xbHQ1,2,Demonbläde,DemonHunter,Scamanes,52430.0
mYTZPFwjfK8xbHQ1,2,Greyseer,Hunter,Scamanes,44503.0
NQ4D9vqkTjV16MPC,13,Zuriznikov,Druid,Zuriznikov,689530.0
NQ4D9vqkTjV16MPC,13,Greyseer,Hunter,Zuriznikov,102582.0
NQ4D9vqkTjV16MPC,13,Tavendar,Paladin,Zuriznikov,38155.0
NQ4D9vqkTjV16MPC,13,Whilton,Druid,Zuriznikov,34937.0
NQ4D9vqkTjV16MPC,13,Synkro,Monk,Zuriznikov,29339.0
NQ4D9vqkTjV16MPC,13,Greyseer,Hunter,Greyseer,164662.0
NQ4D9vqkTjV16MPC,13,Dahlela,Priest,Dahlela,988756.0
NQ4D9vqkTjV16MPC,13,Whilton,Druid,Dahlela,75054.0
NQ4D9vqkTjV16MPC,13,Cuddaloft,Warlock,Dahlela,69281.0
NQ4D9vqkTjV16MPC,13,Whilton,Druid,Whilton,427596.0
NQ4D9vqkTjV16MPC,13,Greyseer,Hunter,Whilton,53225.0
NQ4D9vqkTjV16MPC,13,Dahlela,Priest,Whilton,46519.0
NQ4D9vqkTjV16MPC,13,Decayed,DeathKnight,Whilton,38267.0
NQ4D9vqkTjV16MPC,13,Synkro,Monk,Whilton,32817.0
NQ4D9vqkTjV16MPC,13,Tavendar,Paladin,Tavendar,1200786.0
NQ4D9vqkTjV16MPC,13,Whilton,Druid,Tavendar,56462.0
NQ4D9vqkTjV16MPC,13,Primeval,Shaman,Tavendar,36245.0
NQ4D9vqkTjV16MPC,13,Chontosh,Paladin,Tavendar,34009.0
NQ4D9vqkTjV16MPC,13,Siare,Warlock,Tavendar,33145.0
NQ4D9vqkTjV16MPC,13,Smexybeasty,Warrior,Smexybeasty,1561707.0
NQ4D9vqkTjV16MPC,13,Siare,Warlock,Siare,781536.0
NQ4D9vqkTjV16MPC,13,Synkro,Monk,Soliloquy,3015958.0
NQ4D9vqkTjV16MPC,13,Soliloquy,Priest,Soliloquy,2470257.0
NQ4D9vqkTjV16MPC,13,Decayed,DeathKnight,Soliloquy,1559353.0
NQ4D9vqkTjV16MPC,13,Primeval,Shaman,Soliloquy,1060988.0
NQ4D9vqkTjV16MPC,13,Averlin,Shaman,Soliloquy,1004378.0
NQ4D9vqkTjV16MPC,13,Averlin,Shaman,Averlin,89692.0
NQ4D9vqkTjV16MPC,13,Synkro,Monk,Synkro,2709986.0
NQ4D9vqkTjV16MPC,13,Zuriznikov,Druid,Synkro,187114.0
NQ4D9vqkTjV16MPC,13,Siare,Warlock,Synkro,122463.0
NQ4D9vqkTjV16MPC,13,Primeval,Shaman,Synkro,102052.0
NQ4D9vqkTjV16MPC,13,Smexybeasty,Warrior,Synkro,82725.0
NQ4D9vqkTjV16MPC,13,Chontosh,Paladin,Chontosh,1943440.0
NQ4D9vqkTjV16MPC,13,Dahlela,Priest,Chontosh,1553696.0
NQ4D9vqkTjV16MPC,13,Cuddaloft,Warlock,Chontosh,1530264.0
NQ4D9vqkTjV16MPC,13,Averlin,Shaman,Chontosh,1504091.0
NQ4D9vqkTjV16MPC,13,Tavendar,Paladin,Chontosh,1468969.0
NQ4D9vqkTjV16MPC,13,Ilidank,DemonHunter,Ilidank,1610452.0
NQ4D9vqkTjV16MPC,13,Synkro,Monk,Ilidank,6789.0
NQ4D9vqkTjV16MPC,13,Cuddaloft,Warlock,Ilidank,6528.0
NQ4D9vqkTjV16MPC,13,Primeval,Shaman,Ilidank,6528.0
NQ4D9vqkTjV16MPC,13,Primeval,Shaman,Primeval,1748158.0
NQ4D9vqkTjV16MPC,13,Synkro,Monk,Primeval,1591597.0
NQ4D9vqkTjV16MPC,13,Greyseer,Hunter,Primeval,1520477.0
NQ4D9vqkTjV16MPC,13,Whilton,Druid,Primeval,1475226.0
NQ4D9vqkTjV16MPC,13,Siare,Warlock,Primeval,1426323.0
NQ4D9vqkTjV16MPC,13,Cuddaloft,Warlock,Cuddaloft,467997.0
NQ4D9vqkTjV16MPC,13,Decayed,DeathKnight,Decayed,3909049.0
NQ4D9vqkTjV16MPC,13,Danzilla,Hunter,Danzilla,170027.0
NQ4D9vqkTjV16MPC,16,Soliloquy,Priest,Soliloquy,4243040.0
NQ4D9vqkTjV16MPC,16,Greyseer,Hunter,Soliloquy,2411679.0
NQ4D9vqkTjV16MPC,16,Synkro,Monk,Soliloquy,2404738.0
NQ4D9vqkTjV16MPC,16,Chontosh,Paladin,Soliloquy,2072743.0
NQ4D9vqkTjV16MPC,16,Zuriznikov,Druid,Soliloquy,1874904.0
NQ4D9vqkTjV16MPC,16,Averlin,Shaman,Averlin,931587.0
NQ4D9vqkTjV16MPC,16,Synkro,Monk,Synkro,4323397.0
NQ4D9vqkTjV16MPC,16,Smexybeasty,Warrior,Synkro,250537.0
NQ4D9vqkTjV16MPC,16,Averlin,Shaman,Synkro,219749.0
NQ4D9vqkTjV16MPC,16,Soliloquy,Priest,Synkro,92849.0
NQ4D9vqkTjV16MPC,16,Greyseer,Hunter,Synkro,74085.0
NQ4D9vqkTjV16MPC,16,Chontosh,Paladin,Chontosh,3295451.0
NQ4D9vqkTjV16MPC,16,Dahlela,Priest,Chontosh,3011749.0
NQ4D9vqkTjV16MPC,16,Averlin,Shaman,Chontosh,2603484.0
NQ4D9vqkTjV16MPC,16,Danzilla,Hunter,Chontosh,2460954.0
NQ4D9vqkTjV16MPC,16,Synkro,Monk,Chontosh,2338917.0
NQ4D9vqkTjV16MPC,16,Ilidank,DemonHunter,Ilidank,2558685.0
NQ4D9vqkTjV16MPC,16,Smexybeasty,Warrior,Ilidank,90227.0
NQ4D9vqkTjV16MPC,16,Siare,Warlock,Ilidank,79790.0
NQ4D9vqkTjV16MPC,16,Synkro,Monk,Ilidank,65479.0
NQ4D9vqkTjV16MPC,16,Decayed,DeathKnight,Ilidank,60028.0
NQ4D9vqkTjV16MPC,16,Primeval,Shaman,Primeval,3279740.0
NQ4D9vqkTjV16MPC,16,Siare,Warlock,Primeval,3212171.0
NQ4D9vqkTjV16MPC,16,Greyseer,Hunter,Primeval,2967879.0
NQ4D9vqkTjV16MPC,16,Danzilla,Hunter,Primeval,2588792.0
NQ4D9vqkTjV16MPC,16,Smexybeasty,Warrior,Primeval,2329574.0
NQ4D9vqkTjV16MPC,16,Zuriznikov,Druid,Zuriznikov,814793.0
NQ4D9vqkTjV16MPC,16,Smexybeasty,Warrior,Zuriznikov,34517.0
NQ4D9vqkTjV16MPC,16,Primeval,Shaman,Zuriznikov,30233.0
NQ4D9vqkTjV16MPC,16,Soliloquy,Priest,Zuriznikov,25833.0
NQ4D9vqkTjV16MPC,16,Greyseer,Hunter,Zuriznikov,22633.0
NQ4D9vqkTjV16MPC,16,Cuddaloft,Warlock,Cuddaloft,97491.0
NQ4D9vqkTjV16MPC,16,Greyseer,Hunter,Greyseer,216937.0
NQ4D9vqkTjV16MPC,16,Primeval,Shaman,Greyseer,5368.0
NQ4D9vqkTjV16MPC,16,Dahlela,Priest,Dahlela,1556101.0
NQ4D9vqkTjV16MPC,16,Greyseer,Hunter,Dahlela,111897.0
NQ4D9vqkTjV16MPC,16,Siare,Warlock,Dahlela,93989.0
NQ4D9vqkTjV16MPC,16,Averlin,Shaman,Dahlela,82275.0
NQ4D9vqkTjV16MPC,16,Chontosh,Paladin,Dahlela,81645.0
NQ4D9vqkTjV16MPC,16,Whilton,Druid,Whilton,53436.0
NQ4D9vqkTjV16MPC,16,Tavendar,Paladin,Tavendar,500917.0
NQ4D9vqkTjV16MPC,16,Dahlela,Priest,Tavendar,17778.0
NQ4D9vqkTjV16MPC,16,Greyseer,Hunter,Tavendar,14660.0
NQ4D9vqkTjV16MPC,16,Siare,Warlock,Tavendar,12853.0
NQ4D9vqkTjV16MPC,16,Chontosh,Paladin,Tavendar,12774.0
NQ4D9vqkTjV16MPC,16,Smexybeasty,Warrior,Smexybeasty,1679395.0
NQ4D9vqkTjV16MPC,16,Decayed,DeathKnight,Decayed,5976465.0
NQ4D9vqkTjV16MPC,16,Siare,Warlock,Siare,890631.0
NQ4D9vqkTjV16MPC,16,Danzilla,Hunter,Danzilla,373771.0
NQ4D9vqkTjV16MPC,19,Zuriznikov,Druid,Zuriznikov,539327.0
NQ4D9vqkTjV16MPC,19,Decayed,DeathKnight,Zuriznikov,116170.0
NQ4D9vqkTjV16MPC,19,Ilidank,DemonHunter,Zuriznikov,62271.0
NQ4D9vqkTjV16MPC,19,Averlin,Shaman,Zuriznikov,61474.0
NQ4D9vqkTjV16MPC,19,Tavendar,Paladin,Zuriznikov,7401.0
NQ4D9vqkTjV16MPC,19,Dahlela,Priest,Dahlela,1303126.0
NQ4D9vqkTjV16MPC,19,Whilton,Druid,Dahlela,127817.0
NQ4D9vqkTjV16MPC,19,Primeval,Shaman,Dahlela,110907.0
NQ4D9vqkTjV16MPC,19,Decayed,DeathKnight,Dahlela,107255.0
NQ4D9vqkTjV16MPC,19,Averlin,Shaman,Dahlela,106376.0
NQ4D9vqkTjV16MPC,19,Whilton,Druid,Whilton,566031.0
NQ4D9vqkTjV16MPC,19,Averlin,Shaman,Whilton,104657.0
NQ4D9vqkTjV16MPC,19,Synkro,Monk,Whilton,89353.0
NQ4D9vqkTjV16MPC,19,Ilidank,DemonHunter,Whilton,33176.0
NQ4D9vqkTjV16MPC,19,Decayed,DeathKnight,Whilton,31015.0
NQ4D9vqkTjV16MPC,19,Tavendar,Paladin,Tavendar,1222815.0
NQ4D9vqkTjV16MPC,19,Chontosh,Paladin,Tavendar,90558.0
NQ4D9vqkTjV16MPC,19,Whilton,Druid,Tavendar,73142.0
NQ4D9vqkTjV16MPC,19,Zuriznikov,Druid,Tavendar,71761.0
NQ4D9vqkTjV16MPC,19,Synkro,Monk,Tavendar,60185.0
NQ4D9vqkTjV16MPC,19,Smexybeasty,Warrior,Smexybeasty,2614529.0
NQ4D9vqkTjV16MPC,19,Danzilla,Hunter,Smexybeasty,6522.0
NQ4D9vqkTjV16MPC,19,Siare,Warlock,Siare,1077986.0
NQ4D9vqkTjV16MPC,19,Soliloquy,Priest,Soliloquy,3495949.0
NQ4D9vqkTjV16MPC,19,Synkro,Monk,Soliloquy,2095994.0
NQ4D9vqkTjV16MPC,19,Decayed,DeathKnight,Soliloquy,1895112.0
NQ4D9vqkTjV16MPC,19,Siare,Warlock,Soliloquy,1894606.0
NQ4D9vqkTjV16MPC,19,Primeval,Shaman,Soliloquy,1738812.0
NQ4D9vqkTjV16MPC,19,Averlin,Shaman,Averlin,539392.0
NQ4D9vqkTjV16MPC,19,Synkro,Monk,Averlin,508238.0
NQ4D9vqkTjV16MPC,19,Synkro,Monk,Synkro,5514472.0
NQ4D9vqkTjV16MPC,19,Decayed,DeathKnight,Synkro,434945.0
NQ4D9vqkTjV16MPC,19,Tavendar,Paladin,Synkro,294165.0
NQ4D9vqkTjV16MPC,19,Smexybeasty,Warrior,Synkro,198198.0
NQ4D9vqkTjV16MPC,19,Decayed,DeathKnight,Chontosh,4432873.0
NQ4D9vqkTjV16MPC,19,Synkro,Monk,Chontosh,3212340.0
NQ4D9vqkTjV16MPC,19,Chontosh,Paladin,Chontosh,2953294.0
NQ4D9vqkTjV16MPC,19,Dahlela,Priest,Chontosh,2914659.0
NQ4D9vqkTjV16MPC,19,Averlin,Shaman,Chontosh,2850374.0
NQ4D9vqkTjV16MPC,19,Ilidank,DemonHunter,Ilidank,2867442.0
NQ4D9vqkTjV16MPC,19,Smexybeasty,Warrior,Ilidank,6724.0
NQ4D9vqkTjV16MPC,19,Tavendar,Paladin,Ilidank,6528.0
NQ4D9vqkTjV16MPC,19,Decayed,DeathKnight,Primeval,3637126.0
NQ4D9vqkTjV16MPC,19,Primeval,Shaman,Primeval,3488414.0
NQ4D9vqkTjV16MPC,19,Danzilla,Hunter,Primeval,2880764.0
NQ4D9vqkTjV16MPC,19,Whilton,Druid,Primeval,2679473.0
NQ4D9vqkTjV16MPC,19,Synkro,Monk,Primeval,2654503.0
NQ4D9vqkTjV16MPC,19,Cuddaloft,Warlock,Cuddaloft,214648.0
NQ4D9vqkTjV16MPC,19,Decayed,DeathKnight,Decayed,10917615.0
NQ4D9vqkTjV16MPC,19,Danzilla,Hunter,Danzilla,378692.0
NQ4D9vqkTjV16MPC,1,Maztajake,Druid,Maztajake,820128.0
NQ4D9vqkTjV16MPC,1,Averlis,Druid,Averlis,1096323.0
NQ4D9vqkTjV16MPC,1,Viserion,Evoker,Averlis,266136.0
NQ4D9vqkTjV16MPC,1,Monfro,Hunter,Averlis,156059.0
NQ4D9vqkTjV16MPC,1,Decayed,DeathKnight,Averlis,132938.0
NQ4D9vqkTjV16MPC,1,Danzilla,Hunter,Averlis,101389.0
NQ4D9vqkTjV16MPC,1,Synkro,Monk,Synkro,5375553.0
NQ4D9vqkTjV16MPC,1,Dystrophee,DeathKnight,Synkro,237546.0
NQ4D9vqkTjV16MPC,1,Decayed,DeathKnight,Synkro,233744.0
NQ4D9vqkTjV16MPC,1,Averlis,Druid,Synkro,203429.0
NQ4D9vqkTjV16MPC,1,Maztajake,Druid,Synkro,138499.0
NQ4D9vqkTjV16MPC,1,Ilidank,DemonHunter,Ilidank,4074475.0
NQ4D9vqkTjV16MPC,1,Chontosh,Paladin,Ilidank,6825.0
NQ4D9vqkTjV16MPC,1,Averlis,Druid,Ilidank,6173.0
NQ4D9vqkTjV16MPC,1,Lìllith,Warlock,Ilidank,5935.0
NQ4D9vqkTjV16MPC,1,Danzilla,Hunter,Ilidank,5935.0
NQ4D9vqkTjV16MPC,1,Primeval,Shaman,Primeval,3997449.0
NQ4D9vqkTjV16MPC,1,Maztajake,Druid,Primeval,3033087.0
NQ4D9vqkTjV16MPC,1,Monfro,Hunter,Primeval,2641264.0
NQ4D9vqkTjV16MPC,1,Viserion,Evoker,Primeval,2615302.0
NQ4D9vqkTjV16MPC,1,Greyseer,Hunter,Primeval,2501080.0
NQ4D9vqkTjV16MPC,1,Decayed,DeathKnight,Decayed,12326762.0
NQ4D9vqkTjV16MPC,1,Dystrophee,DeathKnight,Dystrophee,2182105.0
NQ4D9vqkTjV16MPC,1,Danzilla,Hunter,Danzilla,1146164.0
NQ4D9vqkTjV16MPC,1,Greyseer,Hunter,Greyseer,969287.0
NQ4D9vqkTjV16MPC,1,Maztajake,Druid,Greyseer,14096.0
NQ4D9vqkTjV16MPC,1,Monfro,Hunter,Greyseer,12998.0
NQ4D9vqkTjV16MPC,1,Tavendar,Paladin,Tavendar,3012931.0
NQ4D9vqkTjV16MPC,1,Greyseer,Hunter,Tavendar,1537215.0
NQ4D9vqkTjV16MPC,1,Synkro,Monk,Tavendar,1448824.0
NQ4D9vqkTjV16MPC,1,Danzilla,Hunter,Tavendar,1319617.0
NQ4D9vqkTjV16MPC,1,Averlis,Druid,Tavendar,1167136.0
NQ4D9vqkTjV16MPC,1,Siare,Warlock,Siare,1041880.0
NQ4D9vqkTjV16MPC,1,Viserion,Evoker,Viserion,1376706.0
NQ4D9vqkTjV16MPC,1,Dystrophee,DeathKnight,Viserion,223641.0
NQ4D9vqkTjV16MPC,1,Danzilla,Hunter,Viserion,198404.0
NQ4D9vqkTjV16MPC,1,Monfro,Hunter,Viserion,181258.0
NQ4D9vqkTjV16MPC,1,Averlis,Druid,Viserion,125755.0
NQ4D9vqkTjV16MPC,1,Lìllith,Warlock,Lìllith,2265509.0
NQ4D9vqkTjV16MPC,1,Monfro,Hunter,Monfro,860377.0
NQ4D9vqkTjV16MPC,1,Chontosh,Paladin,Chontosh,3098150.0
NQ4D9vqkTjV16MPC,1,Greyseer,Hunter,Chontosh,2635313.0
NQ4D9vqkTjV16MPC,1,Monfro,Hunter,Chontosh,2408682.0
NQ4D9vqkTjV16MPC,1,Decayed,DeathKnight,Chontosh,2407083.0
NQ4D9vqkTjV16MPC,1,Danzilla,Hunter,Chontosh,2159621.0
NQ4D9vqkTjV16MPC,22,Sinfxl,Mage,Sinfxl,1683861.0
NQ4D9vqkTjV16MPC,22,Chontosh,Paladin,War Chaplain Senn,1186828.0
NQ4D9vqkTjV16MPC,22,Siare,Warlock,War Chaplain Senn,1186828.0
NQ4D9vqkTjV16MPC,22,Whilton,Druid,War Chaplain Senn,1186826.0
NQ4D9vqkTjV16MPC,22,Averlin,Shaman,War Chaplain Senn,1186825.0
NQ4D9vqkTjV16MPC,22,Primeval,Shaman,War Chaplain Senn,1186825.0
NQ4D9vqkTjV16MPC,22,Zuriznikov,Druid,Zuriznikov,14224728.0
NQ4D9vqkTjV16MPC,22,Ilidank,DemonHunter,Zuriznikov,140048.0
NQ4D9vqkTjV16MPC,22,Sinfxl,Mage,Zuriznikov,121356.0
NQ4D9vqkTjV16MPC,22,Whilton,Druid,Zuriznikov,102716.0
NQ4D9vqkTjV16MPC,22,Dahlela,Priest,Zuriznikov,91376.0
NQ4D9vqkTjV16MPC,22,Dahlela,Priest,Dahlela,1513426.0
NQ4D9vqkTjV16MPC,22,Danzilla,Hunter,Dahlela,182838.0
NQ4D9vqkTjV16MPC,22,Zuriznikov,Druid,Dahlela,135336.0
NQ4D9vqkTjV16MPC,22,Ilidank,DemonHunter,Dahlela,134525.0
NQ4D9vqkTjV16MPC,22,Primeval,Shaman,Dahlela,130051.0
NQ4D9vqkTjV16MPC,22,Whilton,Druid,Whilton,694279.0
NQ4D9vqkTjV16MPC,22,Zuriznikov,Druid,Whilton,120125.0
NQ4D9vqkTjV16MPC,22,Decayed,DeathKnight,Whilton,114447.0
NQ4D9vqkTjV16MPC,22,Siare,Warlock,Whilton,30492.0
NQ4D9vqkTjV16MPC,22,Danzilla,Hunter,Whilton,28020.0
NQ4D9vqkTjV16MPC,22,Tavendar,Paladin,Tavendar,199530.0
NQ4D9vqkTjV16MPC,22,Smexybeasty,Warrior,Tavendar,1841.0
NQ4D9vqkTjV16MPC,22,Whilton,Druid,Tavendar,1081.0
NQ4D9vqkTjV16MPC,22,Smexybeasty,Warrior,Smexybeasty,482916.0
NQ4D9vqkTjV16MPC,22,Siare,Warlock,Siare,1366372.0
NQ4D9vqkTjV16MPC,22,Soliloquy,Priest,Soliloquy,5571675.0
NQ4D9vqkTjV16MPC,22,Zuriznikov,Druid,Soliloquy,3495924.0
NQ4D9vqkTjV16MPC,22,Decayed,DeathKnight,Soliloquy,2789097.0
NQ4D9vqkTjV16MPC,22,Dahlela,Priest,Soliloquy,2651102.0
NQ4D9vqkTjV16MPC,22,Siare,Warlock,Soliloquy,2629602.0
NQ4D9vqkTjV16MPC,22,Averlin,Shaman,Averlin,839287.0
NQ4D9vqkTjV16MPC,22,Zuriznikov,Druid,Chontosh,7248074.0
NQ4D9vqkTjV16MPC,22,Decayed,DeathKnight,Chontosh,3711775.0
NQ4D9vqkTjV16MPC,22,Chontosh,Paladin,Chontosh,3609705.0
NQ4D9vqkTjV16MPC,22,Dahlela,Priest,Chontosh,3295288.0
NQ4D9vqkTjV16MPC,22,Sinfxl,Mage,Chontosh,2684040.0
NQ4D9vqkTjV16MPC,22,Ilidank,DemonHunter,Ilidank,3489618.0
NQ4D9vqkTjV16MPC,22,Whilton,Druid,Ilidank,7061.0
NQ4D9vqkTjV16MPC,22,Zuriznikov,Druid,Ilidank,6789.0
NQ4D9vqkTjV16MPC,22,Zuriznikov,Druid,Primeval,8955545.0
NQ4D9vqkTjV16MPC,22,Decayed,DeathKnight,Primeval,4036183.0
NQ4D9vqkTjV16MPC,22,Primeval,Shaman,Primeval,3995480.0
NQ4D9vqkTjV16MPC,22,Whilton,Druid,Primeval,3306635.0
NQ4D9vqkTjV16MPC,22,Siare,Warlock,Primeval,2954241.0
NQ4D9vqkTjV16MPC,22,Decayed,DeathKnight,Decayed,14793546.0
NQ4D9vqkTjV16MPC,22,Danzilla,Hunter,Danzilla,262019.0
NQ4D9vqkTjV16MPC,25,Sinfxl,Mage,Sinfxl,1061045.0
NQ4D9vqkTjV16MPC,25,Zuriznikov,Druid,Zuriznikov,8629021.0
NQ4D9vqkTjV16MPC,25,Sinfxl,Mage,Zuriznikov,160511.0
NQ4D9vqkTjV16MPC,25,Soliloquy,Priest,Zuriznikov,138789.0
NQ4D9vqkTjV16MPC,25,Ilidank,DemonHunter,Zuriznikov,115709.0
NQ4D9vqkTjV16MPC,25,Danzilla,Hunter,Zuriznikov,105808.0
NQ4D9vqkTjV16MPC,25,Dahlela,Priest,Dahlela,1407056.0
NQ4D9vqkTjV16MPC,25,Whilton,Druid,Dahlela,106506.0
NQ4D9vqkTjV16MPC,25,Dracaryspapi,Evoker,Dahlela,74609.0
NQ4D9vqkTjV16MPC,25,Danzilla,Hunter,Dahlela,67121.0
NQ4D9vqkTjV16MPC,25,Sinfxl,Mage,Dahlela,60395.0
NQ4D9vqkTjV16MPC,25,Whilton,Druid,Whilton,484349.0
NQ4D9vqkTjV16MPC,25,Soliloquy,Priest,Whilton,99218.0
NQ4D9vqkTjV16MPC,25,Sinfxl,Mage,Whilton,60047.0
NQ4D9vqkTjV16MPC,25,Zuriznikov,Druid,Whilton,25739.0
NQ4D9vqkTjV16MPC,25,Primeval,Shaman,Whilton,7352.0
NQ4D9vqkTjV16MPC,25,Smexybeasty,Warrior,Smexybeasty,2001537.0
NQ4D9vqkTjV16MPC,25,Soliloquy,Priest,Smexybeasty,6523.0
NQ4D9vqkTjV16MPC,25,Tavendar,Paladin,Tavendar,1527371.0
NQ4D9vqkTjV16MPC,25,Whilton,Druid,Tavendar,75046.0
NQ4D9vqkTjV16MPC,25,Averlin,Shaman,Tavendar,70204.0
NQ4D9vqkTjV16MPC,25,Primeval,Shaman,Tavendar,55905.0
NQ4D9vqkTjV16MPC,25,Ilidank,DemonHunter,Tavendar,53855.0
NQ4D9vqkTjV16MPC,25,Siare,Warlock,Siare,1073765.0
NQ4D9vqkTjV16MPC,25,Soliloquy,Priest,Soliloquy,4247705.0
NQ4D9vqkTjV16MPC,25,Danzilla,Hunter,Soliloquy,2082224.0
NQ4D9vqkTjV16MPC,25,Whilton,Druid,Soliloquy,1916584.0
NQ4D9vqkTjV16MPC,25,Tavendar,Paladin,Soliloquy,1911321.0
NQ4D9vqkTjV16MPC,25,Smexybeasty,Warrior,Soliloquy,1851164.0
NQ4D9vqkTjV16MPC,25,Averlin,Shaman,Averlin,804279.0
NQ4D9vqkTjV16MPC,25,Chontosh,Paladin,Chontosh,3041058.0
NQ4D9vqkTjV16MPC,25,Averlin,Shaman,Chontosh,2823372.0
NQ4D9vqkTjV16MPC,25,Decayed,DeathKnight,Chontosh,2641015.0
NQ4D9vqkTjV16MPC,25,Sinfxl,Mage,Chontosh,2498386.0
NQ4D9vqkTjV16MPC,25,Danzilla,Hunter,Chontosh,2152705.0
NQ4D9vqkTjV16MPC,25,Ilidank,DemonHunter,Ilidank,2193564.0
NQ4D9vqkTjV16MPC,25,Sinfxl,Mage,Ilidank,6528.0
NQ4D9vqkTjV16MPC,25,Averlin,Shaman,Primeval,3432717.0
NQ4D9vqkTjV16MPC,25,Primeval,Shaman,Primeval,2755112.0
NQ4D9vqkTjV16MPC,25,Zuriznikov,Druid,Primeval,2408676.0
NQ4D9vqkTjV16MPC,25,Decayed,DeathKnight,Primeval,2254237.0
NQ4D9vqkTjV16MPC,25,Smexybeasty,Warrior,Primeval,2250834.0
NQ4D9vqkTjV16MPC,25,Decayed,DeathKnight,Decayed,11717104.0
NQ4D9vqkTjV16MPC,25,Danzilla,Hunter,Danzilla,259427.0
NQ4D9vqkTjV16MPC,25,Dracaryspapi,Evoker,Dracaryspapi,549671.0
NQ4D9vqkTjV16MPC,25,Danzilla,Hunter,Dracaryspapi,19453.0
NQ4D9vqkTjV16MPC,25,Sinfxl,Mage,Dracaryspapi,18880.0
NQ4D9vqkTjV16MPC,2,Maztajake,Druid,Maztajake,823711.0
NQ4D9vqkTjV16MPC,2,Averlis,Druid,Averlis,1475528.0
NQ4D9vqkTjV16MPC,2,Lìllith,Warlock,Averlis,190488.0
NQ4D9vqkTjV16MPC,2,Maztajake,Druid,Averlis,169908.0
NQ4D9vqkTjV16MPC,2,Danzilla,Hunter,Averlis,161099.0
NQ4D9vqkTjV16MPC,2,Greyseer,Hunter,Averlis,127250.0
NQ4D9vqkTjV16MPC,2,Synkro,Monk,Synkro,9023755.0
NQ4D9vqkTjV16MPC,2,Primeval,Shaman,Synkro,662308.0
NQ4D9vqkTjV16MPC,2,Decayed,DeathKnight,Synkro,629893.0
NQ4D9vqkTjV16MPC,2,Ilidank,DemonHunter,Synkro,513728.0
NQ4D9vqkTjV16MPC,2,Monfro,Hunter,Synkro,333259.0
NQ4D9vqkTjV16MPC,2,Ilidank,DemonHunter,Ilidank,5063536.0
NQ4D9vqkTjV16MPC,2,Lìllith,Warlock,Ilidank,57089.0
NQ4D9vqkTjV16MPC,2,Dystrophee,DeathKnight,Ilidank,49715.0
NQ4D9vqkTjV16MPC,2,Chontosh,Paladin,Ilidank,25730.0
NQ4D9vqkTjV16MPC,2,Averlis,Druid,Ilidank,18878.0
NQ4D9vqkTjV16MPC,2,Primeval,Shaman,Primeval,4955216.0
NQ4D9vqkTjV16MPC,2,Danzilla,Hunter,Primeval,4336274.0
NQ4D9vqkTjV16MPC,2,Lìllith,Warlock,Primeval,4302557.0
NQ4D9vqkTjV16MPC,2,Viserion,Evoker,Primeval,3997172.0
NQ4D9vqkTjV16MPC,2,Maztajake,Druid,Primeval,3824390.0
NQ4D9vqkTjV16MPC,2,Decayed,DeathKnight,Decayed,12167830.0
NQ4D9vqkTjV16MPC,2,Dystrophee,DeathKnight,Dystrophee,2430462.0
NQ4D9vqkTjV16MPC,2,Danzilla,Hunter,Danzilla,853254.0
NQ4D9vqkTjV16MPC,2,Greyseer,Hunter,Greyseer,1049088.0
NQ4D9vqkTjV16MPC,2,Viserion,Evoker,Greyseer,16347.0
NQ4D9vqkTjV16MPC,2,Dystrophee,DeathKnight,Greyseer,6141.0
NQ4D9vqkTjV16MPC,2,Tavendar,Paladin,Tavendar,4113723.0
NQ4D9vqkTjV16MPC,2,Monfro,Hunter,Tavendar,3462850.0
NQ4D9vqkTjV16MPC,2,Greyseer,Hunter,Tavendar,3366157.0
NQ4D9vqkTjV16MPC,2,Chontosh,Paladin,Tavendar,2734883.0
NQ4D9vqkTjV16MPC,2,Synkro,Monk,Tavendar,2410797.0
NQ4D9vqkTjV16MPC,2,Siare,Warlock,Siare,2627093.0
NQ4D9vqkTjV16MPC,2,Viserion,Evoker,Viserion,1387258.0
NQ4D9vqkTjV16MPC,2,Monfro,Hunter,Viserion,364982.0
NQ4D9vqkTjV16MPC,2,Dystrophee,DeathKnight,Viserion,357926.0
NQ4D9vqkTjV16MPC,2,Averlis,Druid,Viserion,197439.0
NQ4D9vqkTjV16MPC,2,Maztajake,Druid,Viserion,195809.0
NQ4D9vqkTjV16MPC,2,Lìllith,Warlock,Lìllith,2476030.0
NQ4D9vqkTjV16MPC,2,Monfro,Hunter,Monfro,801832.0
NQ4D9vqkTjV16MPC,2,Chontosh,Paladin,Chontosh,3844501.0
NQ4D9vqkTjV16MPC,2,Siare,Warlock,Chontosh,3457277.0
NQ4D9vqkTjV16MPC,2,Danzilla,Hunter,Chontosh,3154466.0
NQ4D9vqkTjV16MPC,2,Tavendar,Paladin,Chontosh,3074447.0
NQ4D9vqkTjV16MPC,2,Synkro,Monk,Chontosh,2965521.0
NQ4D9vqkTjV16MPC,6,Leyendas,DemonHunter,Leyendas,1198960.0
NQ4D9vqkTjV16MPC,6,Zuriznikov,Druid,Zuriznikov,407210.0
NQ4D9vqkTjV16MPC,6,Cuddaloft,Warlock,Zuriznikov,98808.0
NQ4D9vqkTjV16MPC,6,Greyseer,Hunter,Zuriznikov,70317.0
NQ4D9vqkTjV16MPC,6,Soliloquy,Priest,Zuriznikov,67149.0
NQ4D9vqkTjV16MPC,6,Siare,Warlock,Zuriznikov,50059.0
NQ4D9vqkTjV16MPC,6,Greyseer,Hunter,Greyseer,94250.0
NQ4D9vqkTjV16MPC,6,Dahlela,Priest,Dahlela,465049.0
NQ4D9vqkTjV16MPC,6,Greyseer,Hunter,Dahlela,58969.0
NQ4D9vqkTjV16MPC,6,Cuddaloft,Warlock,Dahlela,47458.0
NQ4D9vqkTjV16MPC,6,Chontosh,Paladin,Dahlela,39626.0
NQ4D9vqkTjV16MPC,6,Leyendas,DemonHunter,Dahlela,35691.0
NQ4D9vqkTjV16MPC,6,Whilton,Druid,Whilton,713747.0
NQ4D9vqkTjV16MPC,6,Cuddaloft,Warlock,Whilton,281716.0
NQ4D9vqkTjV16MPC,6,Dahlela,Priest,Whilton,272534.0
NQ4D9vqkTjV16MPC,6,Ilidank,DemonHunter,Whilton,175655.0
NQ4D9vqkTjV16MPC,6,Decayed,DeathKnight,Whilton,143943.0
NQ4D9vqkTjV16MPC,6,Tavendar,Paladin,Tavendar,680427.0
NQ4D9vqkTjV16MPC,6,Zuriznikov,Druid,Tavendar,54382.0
NQ4D9vqkTjV16MPC,6,Danzilla,Hunter,Tavendar,32463.0
NQ4D9vqkTjV16MPC,6,Siare,Warlock,Tavendar,31189.0
NQ4D9vqkTjV16MPC,6,Primeval,Shaman,Tavendar,23767.0
NQ4D9vqkTjV16MPC,6,Smexybeasty,Warrior,Smexybeasty,679903.0
NQ4D9vqkTjV16MPC,6,Siare,Warlock,Siare,1127690.0
NQ4D9vqkTjV16MPC,6,Averlis,Druid,Averlis,557125.0
NQ4D9vqkTjV16MPC,6,Soliloquy,Priest,Soliloquy,2421025.0
NQ4D9vqkTjV16MPC,6,Averlis,Druid,Soliloquy,1332109.0
NQ4D9vqkTjV16MPC,6,Chontosh,Paladin,Soliloquy,1287551.0
NQ4D9vqkTjV16MPC,6,Synkro,Monk,Soliloquy,1053770.0
NQ4D9vqkTjV16MPC,6,Tavendar,Paladin,Soliloquy,937839.0
NQ4D9vqkTjV16MPC,6,Synkro,Monk,Synkro,2466706.0
NQ4D9vqkTjV16MPC,6,Primeval,Shaman,Synkro,161775.0
NQ4D9vqkTjV16MPC,6,Danzilla,Hunter,Synkro,122935.0
NQ4D9vqkTjV16MPC,6,Smexybeasty,Warrior,Synkro,24560.0
NQ4D9vqkTjV16MPC,6,Synkro,Monk,Chontosh,2340895.0
NQ4D9vqkTjV16MPC,6,Chontosh,Paladin,Chontosh,2055435.0
NQ4D9vqkTjV16MPC,6,Zuriznikov,Druid,Chontosh,1270372.0
NQ4D9vqkTjV16MPC,6,Tavendar,Paladin,Chontosh,1153686.0
NQ4D9vqkTjV16MPC,6,Danzilla,Hunter,Chontosh,1016400.0
NQ4D9vqkTjV16MPC,6,Ilidank,DemonHunter,Ilidank,1366859.0
NQ4D9vqkTjV16MPC,6,Decayed,DeathKnight,Ilidank,6854.0
NQ4D9vqkTjV16MPC,6,Synkro,Monk,Ilidank,6789.0
NQ4D9vqkTjV16MPC,6,Primeval,Shaman,Primeval,2114818.0
NQ4D9vqkTjV16MPC,6,Greyseer,Hunter,Primeval,1818696.0
NQ4D9vqkTjV16MPC,6,Zuriznikov,Druid,Primeval,1510923.0
NQ4D9vqkTjV16MPC,6,Synkro,Monk,Primeval,1448426.0
NQ4D9vqkTjV16MPC,6,Dahlela,Priest,Primeval,1283946.0
NQ4D9vqkTjV16MPC,6,Cuddaloft,Warlock,Cuddaloft,345613.0
NQ4D9vqkTjV16MPC,6,Decayed,DeathKnight,Decayed,4528855.0
NQ4D9vqkTjV16MPC,6,Danzilla,Hunter,Danzilla,260307.0
NQ4D9vqkTjV16MPC,7,Leyendas,DemonHunter,Leyendas,2609185.0
NQ4D9vqkTjV16MPC,7,Zuriznikov,Druid,Zuriznikov,1423998.0
NQ4D9vqkTjV16MPC,7,Chontosh,Paladin,Zuriznikov,180868.0
NQ4D9vqkTjV16MPC,7,Greyseer,Hunter,Zuriznikov,137905.0
NQ4D9vqkTjV16MPC,7,Siare,Warlock,Zuriznikov,123810.0
NQ4D9vqkTjV16MPC,7,Soliloquy,Priest,Zuriznikov,121820.0
NQ4D9vqkTjV16MPC,7,Greyseer,Hunter,Greyseer,251629.0
NQ4D9vqkTjV16MPC,7,Whilton,Druid,Greyseer,7071.0
NQ4D9vqkTjV16MPC,7,Dahlela,Priest,Dahlela,1767206.0
NQ4D9vqkTjV16MPC,7,Zuriznikov,Druid,Dahlela,190280.0
NQ4D9vqkTjV16MPC,7,Whilton,Druid,Dahlela,158190.0
NQ4D9vqkTjV16MPC,7,Decayed,DeathKnight,Dahlela,147574.0
NQ4D9vqkTjV16MPC,7,Averlis,Druid,Dahlela,145254.0
NQ4D9vqkTjV16MPC,7,Whilton,Druid,Whilton,1081399.0
NQ4D9vqkTjV16MPC,7,Greyseer,Hunter,Whilton,91466.0
NQ4D9vqkTjV16MPC,7,Siare,Warlock,Whilton,70111.0
NQ4D9vqkTjV16MPC,7,Soliloquy,Priest,Whilton,64086.0
NQ4D9vqkTjV16MPC,7,Primeval,Shaman,Whilton,58429.0
NQ4D9vqkTjV16MPC,7,Tavendar,Paladin,Tavendar,1497264.0
NQ4D9vqkTjV16MPC,7,Zuriznikov,Druid,Tavendar,81563.0
NQ4D9vqkTjV16MPC,7,Smexybeasty,Warrior,Tavendar,65660.0
NQ4D9vqkTjV16MPC,7,Chontosh,Paladin,Tavendar,61050.0
NQ4D9vqkTjV16MPC,7,Danzilla,Hunter,Tavendar,60138.0
NQ4D9vqkTjV16MPC,7,Smexybeasty,Warrior,Smexybeasty,1433229.0
NQ4D9vqkTjV16MPC,7,Siare,Warlock,Siare,1116145.0
NQ4D9vqkTjV16MPC,7,Averlis,Druid,Averlis,667732.0
NQ4D9vqkTjV16MPC,7,Soliloquy,Priest,Soliloquy,4733708.0
NQ4D9vqkTjV16MPC,7,Danzilla,Hunter,Soliloquy,2463337.0
NQ4D9vqkTjV16MPC,7,Averlis,Druid,Soliloquy,2199988.0
NQ4D9vqkTjV16MPC,7,Zuriznikov,Druid,Soliloquy,1971054.0
NQ4D9vqkTjV16MPC,7,Synkro,Monk,Soliloquy,1966799.0
NQ4D9vqkTjV16MPC,7,Synkro,Monk,Synkro,3533751.0
NQ4D9vqkTjV16MPC,7,Smexybeasty,Warrior,Synkro,111312.0
NQ4D9vqkTjV16MPC,7,Zuriznikov,Druid,Synkro,73650.0
NQ4D9vqkTjV16MPC,7,Tavendar,Paladin,Synkro,21777.0
NQ4D9vqkTjV16MPC,7,Synkro,Monk,Chontosh,4155463.0
NQ4D9vqkTjV16MPC,7,Chontosh,Paladin,Chontosh,3331893.0
NQ4D9vqkTjV16MPC,7,Siare,Warlock,Chontosh,3059283.0
NQ4D9vqkTjV16MPC,7,Tavendar,Paladin,Chontosh,3029864.0
NQ4D9vqkTjV16MPC,7,Danzilla,Hunter,Chontosh,2660862.0
NQ4D9vqkTjV16MPC,7,Ilidank,DemonHunter,Ilidank,3315968.0
NQ4D9vqkTjV16MPC,7,Synkro,Monk,Ilidank,6789.0
NQ4D9vqkTjV16MPC,7,Primeval,Shaman,Primeval,5581696.0
NQ4D9vqkTjV16MPC,7,Greyseer,Hunter,Primeval,5418210.0
NQ4D9vqkTjV16MPC,7,Dahlela,Priest,Primeval,3076228.0
NQ4D9vqkTjV16MPC,7,Whilton,Druid,Primeval,2995606.0
NQ4D9vqkTjV16MPC,7,Danzilla,Hunter,Primeval,2487322.0
NQ4D9vqkTjV16MPC,7,Cuddaloft,Warlock,Cuddaloft,327205.0
NQ4D9vqkTjV16MPC,7,Decayed,DeathKnight,Decayed,7900555.0
NQ4D9vqkTjV16MPC,7,Danzilla,Hunter,Danzilla,150007.0
tmpfDPYH8C6vFAzh,10,Squalliiv,Paladin,Squalliiv,6879366.0
tmpfDPYH8C6vFAzh,10,Sonshot,Hunter,Squalliiv,208992.0
tmpfDPYH8C6vFAzh,10,Sparklë,Druid,Squalliiv,150685.0
tmpfDPYH8C6vFAzh,10,Demonvini,DemonHunter,Squalliiv,139934.0
tmpfDPYH8C6vFAzh,10,Chontosh,Paladin,Squalliiv,123074.0
tmpfDPYH8C6vFAzh,10,Shockabeotch,Shaman,Shockabeotch,910934.0
tmpfDPYH8C6vFAzh,10,Squalliiv,Paladin,Shockabeotch,495743.0
tmpfDPYH8C6vFAzh,10,Spluss,Warlock,Spluss,1732731.0
tmpfDPYH8C6vFAzh,10,Khaztharion,Evoker,Khaztharion,703320.0
tmpfDPYH8C6vFAzh,10,Squalliiv,Paladin,Khaztharion,100751.0
tmpfDPYH8C6vFAzh,10,Quetzalli,Monk,Khaztharion,16190.0
tmpfDPYH8C6vFAzh,10,Sonshot,Hunter,Khaztharion,15570.0
tmpfDPYH8C6vFAzh,10,Spluss,Warlock,Khaztharion,12402.0
tmpfDPYH8C6vFAzh,10,Felphantomxx,DemonHunter,Felphantomxx,2159136.0
tmpfDPYH8C6vFAzh,10,Lightbrood,Paladin,Lightbrood,1541869.0
tmpfDPYH8C6vFAzh,10,Wolfcaza,Hunter,Lightbrood,51237.0
tmpfDPYH8C6vFAzh,10,Sonshot,Hunter,Lightbrood,39575.0
tmpfDPYH8C6vFAzh,10,Khaztharion,Evoker,Lightbrood,33623.0
tmpfDPYH8C6vFAzh,10,Chontosh,Paladin,Lightbrood,29497.0
tmpfDPYH8C6vFAzh,10,Sonshot,Hunter,Sonshot,283804.0
tmpfDPYH8C6vFAzh,10,Mydrood,Druid,Mydrood,196022.0
tmpfDPYH8C6vFAzh,10,Raginbull,Warrior,Raginbull,2421587.0
tmpfDPYH8C6vFAzh,10,Soliloquy,Priest,Soliloquy,3110863.0
tmpfDPYH8C6vFAzh,10,Chontosh,Paladin,Soliloquy,122331.0
tmpfDPYH8C6vFAzh,10,Sonshot,Hunter,Soliloquy,114260.0
tmpfDPYH8C6vFAzh,10,Benzd,Druid,Soliloquy,96629.0
tmpfDPYH8C6vFAzh,10,Mârtirio,Priest,Soliloquy,86170.0
tmpfDPYH8C6vFAzh,10,Demonvini,DemonHunter,Mârtirio,3809482.0
tmpfDPYH8C6vFAzh,10,Mydrood,Druid,Mârtirio,2986999.0
tmpfDPYH8C6vFAzh,10,Sparklë,Druid,Mârtirio,2801062.0
tmpfDPYH8C6vFAzh,10,Squalliiv,Paladin,Mârtirio,2583266.0
tmpfDPYH8C6vFAzh,10,Mârtirio,Priest,Mârtirio,2365765.0
tmpfDPYH8C6vFAzh,10,Demonvini,DemonHunter,Demonvini,9282114.0
tmpfDPYH8C6vFAzh,10,Mydrood,Druid,Demonvini,64710.0
tmpfDPYH8C6vFAzh,10,Sonshot,Hunter,Demonvini,51108.0
tmpfDPYH8C6vFAzh,10,Khaztharion,Evoker,Demonvini,46665.0
tmpfDPYH8C6vFAzh,10,Quetzalli,Monk,Demonvini,39836.0
tmpfDPYH8C6vFAzh,10,Wolfcaza,Hunter,Wolfcaza,250304.0
tmpfDPYH8C6vFAzh,10,Quetzalli,Monk,Quetzalli,592501.0
tmpfDPYH8C6vFAzh,10,Sparklë,Druid,Chontosh,3712778.0
tmpfDPYH8C6vFAzh,10,Chontosh,Paladin,Chontosh,3274160.0
tmpfDPYH8C6vFAzh,10,Mydrood,Druid,Chontosh,2806158.0
tmpfDPYH8C6vFAzh,10,Quetzalli,Monk,Chontosh,2628208.0
tmpfDPYH8C6vFAzh,10,Benzd,Druid,Chontosh,2305002.0
tmpfDPYH8C6vFAzh,10,Reignyskyes,Shaman,Reignyskyes,2997104.0
tmpfDPYH8C6vFAzh,10,Squalliiv,Paladin,Reignyskyes,2119648.0
tmpfDPYH8C6vFAzh,10,Khaztharion,Evoker,Reignyskyes,1780438.0
tmpfDPYH8C6vFAzh,10,Sparklë,Druid,Reignyskyes,1715198.0
tmpfDPYH8C6vFAzh,10,Mydrood,Druid,Reignyskyes,1563726.0
tmpfDPYH8C6vFAzh,10,Dshivà,Paladin,Dshivà,1040749.0
tmpfDPYH8C6vFAzh,10,Quetzalli,Monk,Dshivà,74266.0
tmpfDPYH8C6vFAzh,10,Raginbull,Warrior,Dshivà,65032.0
tmpfDPYH8C6vFAzh,10,Demonvini,DemonHunter,Dshivà,50192.0
tmpfDPYH8C6vFAzh,10,Khaztharion,Evoker,Dshivà,49175.0
tmpfDPYH8C6vFAzh,15,Squalliiv,Paladin,Squalliiv,1003418.0
tmpfDPYH8C6vFAzh,15,Raginbull,Warrior,Squalliiv,87255.0
tmpfDPYH8C6vFAzh,15,Quetzalli,Monk,Squalliiv,85582.0
tmpfDPYH8C6vFAzh,15,Dshivà,Paladin,Squalliiv,67479.0
tmpfDPYH8C6vFAzh,15,Palkia,Shaman,Squalliiv,59167.0
tmpfDPYH8C6vFAzh,15,Benzd,Druid,Benzd,96842.0
tmpfDPYH8C6vFAzh,15,Sparklë,Druid,Sparklë,92776.0
tmpfDPYH8C6vFAzh,15,Shockabeotch,Shaman,Shockabeotch,1266910.0
tmpfDPYH8C6vFAzh,15,Squalliiv,Paladin,Shockabeotch,934894.0
tmpfDPYH8C6vFAzh,15,Spluss,Warlock,Spluss,1811167.0
tmpfDPYH8C6vFAzh,15,Khaztharion,Evoker,Khaztharion,781935.0
tmpfDPYH8C6vFAzh,15,Spluss,Warlock,Khaztharion,34396.0
tmpfDPYH8C6vFAzh,15,Quetzalli,Monk,Khaztharion,13107.0
tmpfDPYH8C6vFAzh,15,Felphantomxx,DemonHunter,Felphantomxx,2495920.0
tmpfDPYH8C6vFAzh,15,Jüggernäut,Druid,Jüggernäut,11100166.0
tmpfDPYH8C6vFAzh,15,Reignyskyes,Shaman,Jüggernäut,690023.0
tmpfDPYH8C6vFAzh,15,Demonvini,DemonHunter,Jüggernäut,234783.0
tmpfDPYH8C6vFAzh,15,Squalliiv,Paladin,Jüggernäut,162189.0
tmpfDPYH8C6vFAzh,15,Palkia,Shaman,Jüggernäut,150970.0
tmpfDPYH8C6vFAzh,15,Lightbrood,Paladin,Lightbrood,1679829.0
tmpfDPYH8C6vFAzh,15,Dshivà,Paladin,Lightbrood,57781.0
tmpfDPYH8C6vFAzh,15,Palkia,Shaman,Lightbrood,55834.0
tmpfDPYH8C6vFAzh,15,Chontosh,Paladin,Lightbrood,45355.0
tmpfDPYH8C6vFAzh,15,Khaztharion,Evoker,Lightbrood,44287.0
tmpfDPYH8C6vFAzh,15,Sonshot,Hunter,Sonshot,359893.0
tmpfDPYH8C6vFAzh,15,Mydrood,Druid,Mydrood,502517.0
tmpfDPYH8C6vFAzh,15,Raginbull,Warrior,Raginbull,2535001.0
tmpfDPYH8C6vFAzh,15,Soliloquy,Priest,Soliloquy,3929761.0
tmpfDPYH8C6vFAzh,15,Demonvini,DemonHunter,Soliloquy,301983.0
tmpfDPYH8C6vFAzh,15,Benzd,Druid,Soliloquy,191900.0
tmpfDPYH8C6vFAzh,15,Sonshot,Hunter,Soliloquy,185421.0
tmpfDPYH8C6vFAzh,15,Reignyskyes,Shaman,Soliloquy,170308.0
tmpfDPYH8C6vFAzh,15,Demonvini,DemonHunter,Demonvini,5177970.0
tmpfDPYH8C6vFAzh,15,Spluss,Warlock,Demonvini,61693.0
tmpfDPYH8C6vFAzh,15,Quetzalli,Monk,Demonvini,59318.0
tmpfDPYH8C6vFAzh,15,Wolfcaza,Hunter,Demonvini,32593.0
tmpfDPYH8C6vFAzh,15,Chontosh,Paladin,Demonvini,17779.0
tmpfDPYH8C6vFAzh,15,Wolfcaza,Hunter,Wolfcaza,385626.0
tmpfDPYH8C6vFAzh,15,Jüggernäut,Druid,Mârtirio,5974483.0
tmpfDPYH8C6vFAzh,15,Mârtirio,Priest,Mârtirio,3608252.0
tmpfDPYH8C6vFAzh,15,Sparklë,Druid,Mârtirio,2787322.0
tmpfDPYH8C6vFAzh,15,Demonvini,DemonHunter,Mârtirio,2730026.0
tmpfDPYH8C6vFAzh,15,Sonshot,Hunter,Mârtirio,2201386.0
tmpfDPYH8C6vFAzh,15,Palkia,Shaman,Palkia,1349401.0
tmpfDPYH8C6vFAzh,15,Quetzalli,Monk,Quetzalli,781667.0
tmpfDPYH8C6vFAzh,15,Jüggernäut,Druid,Chontosh,3451633.0
tmpfDPYH8C6vFAzh,15,Quetzalli,Monk,Chontosh,2545384.0
tmpfDPYH8C6vFAzh,15,Demonvini,DemonHunter,Chontosh,2523243.0
tmpfDPYH8C6vFAzh,15,Mârtirio,Priest,Chontosh,2432086.0
tmpfDPYH8C6vFAzh,15,Reignyskyes,Shaman,Chontosh,2414348.0
tmpfDPYH8C6vFAzh,15,Reignyskyes,Shaman,Reignyskyes,3329899.0
tmpfDPYH8C6vFAzh,15,Mârtirio,Priest,Reignyskyes,2063203.0
tmpfDPYH8C6vFAzh,15,Shockabeotch,Shaman,Reignyskyes,1969413.0
tmpfDPYH8C6vFAzh,15,Mydrood,Druid,Reignyskyes,1770629.0
tmpfDPYH8C6vFAzh,15,Sonshot,Hunter,Reignyskyes,1707066.0
tmpfDPYH8C6vFAzh,15,Dshivà,Paladin,Dshivà,1321656.0
tmpfDPYH8C6vFAzh,15,Quetzalli,Monk,Dshivà,87688.0
tmpfDPYH8C6vFAzh,15,Palkia,Shaman,Dshivà,70499.0
tmpfDPYH8C6vFAzh,15,Lightbrood,Paladin,Dshivà,56367.0
tmpfDPYH8C6vFAzh,15,Squalliiv,Paladin,Dshivà,49275.0
tmpfDPYH8C6vFAzh,19,Squalliiv,Paladin,Squalliiv,1961852.0
tmpfDPYH8C6vFAzh,19,Spluss,Warlock,Squalliiv,113793.0
tmpfDPYH8C6vFAzh,19,Palkia,Shaman,Squalliiv,111309.0
tmpfDPYH8C6vFAzh,19,Quetzalli,Monk,Squalliiv,108111.0
tmpfDPYH8C6vFAzh,19,Raginbull,Warrior,Squalliiv,107295.0
tmpfDPYH8C6vFAzh,19,Benzd,Druid,Benzd,469281.0
tmpfDPYH8C6vFAzh,19,Sparklë,Druid,Sparklë,479889.0
tmpfDPYH8C6vFAzh,19,Shockabeotch,Shaman,Shockabeotch,1978425.0
tmpfDPYH8C6vFAzh,19,Squalliiv,Paladin,Shockabeotch,1396073.0
tmpfDPYH8C6vFAzh,19,Spluss,Warlock,Spluss,2539539.0
tmpfDPYH8C6vFAzh,19,Khaztharion,Evoker,Khaztharion,1093611.0
tmpfDPYH8C6vFAzh,19,Raginbull,Warrior,Khaztharion,105364.0
tmpfDPYH8C6vFAzh,19,Soliloquy,Priest,Khaztharion,96139.0
tmpfDPYH8C6vFAzh,19,Chontosh,Paladin,Khaztharion,94933.0
tmpfDPYH8C6vFAzh,19,Jüggernäut,Druid,Khaztharion,50767.0
tmpfDPYH8C6vFAzh,19,Felphantomxx,DemonHunter,Felphantomxx,4504712.0
tmpfDPYH8C6vFAzh,19,Jüggernäut,Druid,Jüggernäut,6288650.0
tmpfDPYH8C6vFAzh,19,Reignyskyes,Shaman,Jüggernäut,409780.0
tmpfDPYH8C6vFAzh,19,Raginbull,Warrior,Jüggernäut,113990.0
tmpfDPYH8C6vFAzh,19,Soliloquy,Priest,Jüggernäut,93569.0
tmpfDPYH8C6vFAzh,19,Lightbrood,Paladin,Jüggernäut,83310.0
tmpfDPYH8C6vFAzh,19,Lightbrood,Paladin,Lightbrood,2828206.0
tmpfDPYH8C6vFAzh,19,Benzd,Druid,Lightbrood,84448.0
tmpfDPYH8C6vFAzh,19,Quetzalli,Monk,Lightbrood,81006.0
tmpfDPYH8C6vFAzh,19,Palkia,Shaman,Lightbrood,78895.0
tmpfDPYH8C6vFAzh,19,Khaztharion,Evoker,Lightbrood,75665.0
tmpfDPYH8C6vFAzh,19,Mydrood,Druid,Mydrood,1318605.0
tmpfDPYH8C6vFAzh,19,Raginbull,Warrior,Raginbull,5905313.0
tmpfDPYH8C6vFAzh,19,Soliloquy,Priest,Soliloquy,4854309.0
tmpfDPYH8C6vFAzh,19,Sparklë,Druid,Soliloquy,400352.0
tmpfDPYH8C6vFAzh,19,Mârtirio,Priest,Soliloquy,312922.0
tmpfDPYH8C6vFAzh,19,Khaztharion,Evoker,Soliloquy,294780.0
tmpfDPYH8C6vFAzh,19,Shockabeotch,Shaman,Soliloquy,233492.0
tmpfDPYH8C6vFAzh,19,Demonvini,DemonHunter,Demonvini,25508770.0
tmpfDPYH8C6vFAzh,19,Quetzalli,Monk,Demonvini,128493.0
tmpfDPYH8C6vFAzh,19,Spluss,Warlock,Demonvini,101865.0
tmpfDPYH8C6vFAzh,19,Wolfcaza,Hunter,Demonvini,46668.0
tmpfDPYH8C6vFAzh,19,Dshivà,Paladin,Demonvini,41997.0
tmpfDPYH8C6vFAzh,19,Demonvini,DemonHunter,Mârtirio,12763661.0
tmpfDPYH8C6vFAzh,19,Mârtirio,Priest,Mârtirio,4686081.0
tmpfDPYH8C6vFAzh,19,Quetzalli,Monk,Mârtirio,3904495.0
tmpfDPYH8C6vFAzh,19,Sparklë,Druid,Mârtirio,3897921.0
tmpfDPYH8C6vFAzh,19,Jüggernäut,Druid,Mârtirio,3599704.0
tmpfDPYH8C6vFAzh,19,Wolfcaza,Hunter,Wolfcaza,316423.0
tmpfDPYH8C6vFAzh,19,Palkia,Shaman,Palkia,2324405.0
tmpfDPYH8C6vFAzh,19,Quetzalli,Monk,Quetzalli,1611993.0
tmpfDPYH8C6vFAzh,19,Chontosh,Paladin,Chontosh,8644421.0
tmpfDPYH8C6vFAzh,19,Demonvini,DemonHunter,Chontosh,6041341.0
tmpfDPYH8C6vFAzh,19,Sparklë,Druid,Chontosh,5101200.0
tmpfDPYH8C6vFAzh,19,Quetzalli,Monk,Chontosh,4357480.0
tmpfDPYH8C6vFAzh,19,Shockabeotch,Shaman,Chontosh,3962875.0
tmpfDPYH8C6vFAzh,19,Reignyskyes,Shaman,Reignyskyes,6444499.0
tmpfDPYH8C6vFAzh,19,Demonvini,DemonHunter,Reignyskyes,5015046.0
tmpfDPYH8C6vFAzh,19,Dshivà,Paladin,Reignyskyes,4520956.0
tmpfDPYH8C6vFAzh,19,Jüggernäut,Druid,Reignyskyes,4323542.0
tmpfDPYH8C6vFAzh,19,Spluss,Warlock,Reignyskyes,3993313.0
tmpfDPYH8C6vFAzh,19,Dshivà,Paladin,Dshivà,3198198.0
tmpfDPYH8C6vFAzh,19,Reignyskyes,Shaman,Dshivà,563223.0
tmpfDPYH8C6vFAzh,19,Palkia,Shaman,Dshivà,132765.0
tmpfDPYH8C6vFAzh,19,Quetzalli,Monk,Dshivà,115953.0
tmpfDPYH8C6vFAzh,19,Mydrood,Druid,Dshivà,106964.0
tmpfDPYH8C6vFAzh,1,Squalliiv,Paladin,Squalliiv,4707344.0
tmpfDPYH8C6vFAzh,1,Sonshot,Hunter,Squalliiv,182993.0
tmpfDPYH8C6vFAzh,1,Sparklë,Druid,Squalliiv,154460.0
tmpfDPYH8C6vFAzh,1,Khaztharion,Evoker,Squalliiv,145236.0
tmpfDPYH8C6vFAzh,1,Wolfcaza,Hunter,Squalliiv,143147.0
tmpfDPYH8C6vFAzh,1,Benzd,Druid,Benzd,174775.0
tmpfDPYH8C6vFAzh,1,Sparklë,Druid,Sparklë,645345.0
tmpfDPYH8C6vFAzh,1,Shockabeotch,Shaman,Shockabeotch,640460.0
tmpfDPYH8C6vFAzh,1,Squalliiv,Paladin,Shockabeotch,485279.0
tmpfDPYH8C6vFAzh,1,Spluss,Warlock,Spluss,2015608.0
tmpfDPYH8C6vFAzh,1,Khaztharion,Evoker,Khaztharion,482093.0
tmpfDPYH8C6vFAzh,1,Lightbrood,Paladin,Khaztharion,43365.0
tmpfDPYH8C6vFAzh,1,Benzd,Druid,Khaztharion,40162.0
tmpfDPYH8C6vFAzh,1,Felphantomxx,DemonHunter,Khaztharion,10271.0
tmpfDPYH8C6vFAzh,1,Chontosh,Paladin,Khaztharion,6487.0
tmpfDPYH8C6vFAzh,1,Felphantomxx,DemonHunter,Felphantomxx,2928786.0
tmpfDPYH8C6vFAzh,1,Lightbrood,Paladin,Lightbrood,1856520.0
tmpfDPYH8C6vFAzh,1,Shockabeotch,Shaman,Lightbrood,45789.0
tmpfDPYH8C6vFAzh,1,Benzd,Druid,Lightbrood,41666.0
tmpfDPYH8C6vFAzh,1,Mârtirio,Priest,Lightbrood,37794.0
tmpfDPYH8C6vFAzh,1,Sonshot,Hunter,Lightbrood,36097.0
tmpfDPYH8C6vFAzh,1,Sonshot,Hunter,Sonshot,318895.0
tmpfDPYH8C6vFAzh,1,Mydrood,Druid,Mydrood,623034.0
tmpfDPYH8C6vFAzh,1,Raginbull,Warrior,Raginbull,2588109.0
tmpfDPYH8C6vFAzh,1,Soliloquy,Priest,Soliloquy,3435275.0
tmpfDPYH8C6vFAzh,1,Benzd,Druid,Soliloquy,222523.0
tmpfDPYH8C6vFAzh,1,Khaztharion,Evoker,Soliloquy,215230.0
tmpfDPYH8C6vFAzh,1,Raginbull,Warrior,Soliloquy,176674.0
tmpfDPYH8C6vFAzh,1,Demonvini,DemonHunter,Soliloquy,155164.0
tmpfDPYH8C6vFAzh,1,Demonvini,DemonHunter,Mârtirio,3373892.0
tmpfDPYH8C6vFAzh,1,Mârtirio,Priest,Mârtirio,2878816.0
tmpfDPYH8C6vFAzh,1,Raginbull,Warrior,Mârtirio,2351779.0
tmpfDPYH8C6vFAzh,1,Shockabeotch,Shaman,Mârtirio,2350889.0
tmpfDPYH8C6vFAzh,1,Sonshot,Hunter,Mârtirio,2317672.0
tmpfDPYH8C6vFAzh,1,Demonvini,DemonHunter,Demonvini,5171256.0
tmpfDPYH8C6vFAzh,1,Spluss,Warlock,Demonvini,50929.0
tmpfDPYH8C6vFAzh,1,Wolfcaza,Hunter,Demonvini,28148.0
tmpfDPYH8C6vFAzh,1,Sonshot,Hunter,Demonvini,19014.0
tmpfDPYH8C6vFAzh,1,Quetzalli,Monk,Demonvini,13173.0
tmpfDPYH8C6vFAzh,1,Wolfcaza,Hunter,Wolfcaza,382271.0
tmpfDPYH8C6vFAzh,1,Quetzalli,Monk,Quetzalli,1468163.0
tmpfDPYH8C6vFAzh,1,Chontosh,Paladin,Chontosh,3782614.0
tmpfDPYH8C6vFAzh,1,Wolfcaza,Hunter,Chontosh,3180275.0
tmpfDPYH8C6vFAzh,1,Sonshot,Hunter,Chontosh,2826469.0
tmpfDPYH8C6vFAzh,1,Benzd,Druid,Chontosh,2695997.0
tmpfDPYH8C6vFAzh,1,Khaztharion,Evoker,Chontosh,2533158.0
tmpfDPYH8C6vFAzh,1,Reignyskyes,Shaman,Reignyskyes,3301708.0
tmpfDPYH8C6vFAzh,1,Sparklë,Druid,Reignyskyes,2293635.0
tmpfDPYH8C6vFAzh,1,Wolfcaza,Hunter,Reignyskyes,1960282.0
tmpfDPYH8C6vFAzh,1,Mydrood,Druid,Reignyskyes,1957129.0
tmpfDPYH8C6vFAzh,1,Khaztharion,Evoker,Reignyskyes,1947085.0
tmpfDPYH8C6vFAzh,1,Dshivà,Paladin,Dshivà,1807975.0
tmpfDPYH8C6vFAzh,1,Sparklë,Druid,Dshivà,52047.0
tmpfDPYH8C6vFAzh,1,Sonshot,Hunter,Dshivà,49998.0
tmpfDPYH8C6vFAzh,1,Raginbull,Warrior,Dshivà,44653.0
tmpfDPYH8C6vFAzh,1,Quetzalli,Monk,Dshivà,42455.0
tmpfDPYH8C6vFAzh,21,Squalliiv,Paladin,Squalliiv,436372.0
tmpfDPYH8C6vFAzh,21,Quetzalli,Monk,Squalliiv,2238.0
tmpfDPYH8C6vFAzh,21,Raginbull,Warrior,Squalliiv,2015.0
tmpfDPYH8C6vFAzh,21,Khaztharion,Evoker,Squalliiv,1956.0
tmpfDPYH8C6vFAzh,21,Raginbull,Warrior,Raginbull,504494.0
tmpfDPYH8C6vFAzh,21,Benzd,Druid,Benzd,6327.0
tmpfDPYH8C6vFAzh,21,Sparklë,Druid,Sparklë,272809.0
tmpfDPYH8C6vFAzh,21,Shockabeotch,Shaman,Shockabeotch,683335.0
tmpfDPYH8C6vFAzh,21,Soliloquy,Priest,Soliloquy,851262.0
tmpfDPYH8C6vFAzh,21,Mârtirio,Priest,Soliloquy,49799.0
tmpfDPYH8C6vFAzh,21,Demonvini,DemonHunter,Soliloquy,48060.0
tmpfDPYH8C6vFAzh,21,Shockabeotch,Shaman,Soliloquy,45584.0
tmpfDPYH8C6vFAzh,21,Benzd,Druid,Soliloquy,43989.0
tmpfDPYH8C6vFAzh,21,Demonvini,DemonHunter,Demonvini,1303222.0
tmpfDPYH8C6vFAzh,21,Quetzalli,Monk,Demonvini,16023.0
tmpfDPYH8C6vFAzh,21,Demonvini,DemonHunter,Mârtirio,1092668.0
tmpfDPYH8C6vFAzh,21,Chontosh,Paladin,Mârtirio,674065.0
tmpfDPYH8C6vFAzh,21,Mârtirio,Priest,Mârtirio,382885.0
tmpfDPYH8C6vFAzh,21,Khaztharion,Evoker,Mârtirio,265899.0
tmpfDPYH8C6vFAzh,21,Benzd,Druid,Mârtirio,263656.0
tmpfDPYH8C6vFAzh,21,Wolfcaza,Hunter,Wolfcaza,49373.0
tmpfDPYH8C6vFAzh,21,Spluss,Warlock,Spluss,150186.0
tmpfDPYH8C6vFAzh,21,Palkia,Shaman,Palkia,622329.0
tmpfDPYH8C6vFAzh,21,Khaztharion,Evoker,Khaztharion,119368.0
tmpfDPYH8C6vFAzh,21,Quetzalli,Monk,Quetzalli,100199.0
tmpfDPYH8C6vFAzh,21,Felphantomxx,DemonHunter,Felphantomxx,37736.0
tmpfDPYH8C6vFAzh,21,Chontosh,Paladin,Chontosh,1247038.0
tmpfDPYH8C6vFAzh,21,Demonvini,DemonHunter,Chontosh,178901.0
tmpfDPYH8C6vFAzh,21,Wolfcaza,Hunter,Chontosh,161951.0
tmpfDPYH8C6vFAzh,21,Mârtirio,Priest,Chontosh,155555.0
tmpfDPYH8C6vFAzh,21,Jüggernäut,Druid,Chontosh,133287.0
tmpfDPYH8C6vFAzh,21,Reignyskyes,Shaman,Reignyskyes,815053.0
tmpfDPYH8C6vFAzh,21,Demonvini,DemonHunter,Reignyskyes,334931.0
tmpfDPYH8C6vFAzh,21,Dshivà,Paladin,Reignyskyes,275739.0
tmpfDPYH8C6vFAzh,21,Khaztharion,Evoker,Reignyskyes,246209.0
tmpfDPYH8C6vFAzh,21,Sparklë,Druid,Reignyskyes,238244.0
tmpfDPYH8C6vFAzh,21,Jüggernäut,Druid,Jüggernäut,574803.0
tmpfDPYH8C6vFAzh,21,Palkia,Shaman,Jüggernäut,18688.0
tmpfDPYH8C6vFAzh,21,Dshivà,Paladin,Dshivà,916140.0
tmpfDPYH8C6vFAzh,21,Demonvini,DemonHunter,Dshivà,5334.0
tmpfDPYH8C6vFAzh,21,Raginbull,Warrior,Dshivà,4879.0
tmpfDPYH8C6vFAzh,21,Quetzalli,Monk,Dshivà,4196.0
tmpfDPYH8C6vFAzh,21,Lightbrood,Paladin,Dshivà,3939.0
tmpfDPYH8C6vFAzh,21,Lightbrood,Paladin,Lightbrood,208685.0
tmpfDPYH8C6vFAzh,21,Mydrood,Druid,Lightbrood,5021.0
tmpfDPYH8C6vFAzh,21,Sparklë,Druid,Lightbrood,3999.0
tmpfDPYH8C6vFAzh,21,Reignyskyes,Shaman,Lightbrood,2650.0
tmpfDPYH8C6vFAzh,21,Soliloquy,Priest,Lightbrood,2644.0
tmpfDPYH8C6vFAzh,21,Mydrood,Druid,Mydrood,331182.0
tmpfDPYH8C6vFAzh,22,Squalliiv,Paladin,Squalliiv,5260002.0
tmpfDPYH8C6vFAzh,22,Dshivà,Paladin,Squalliiv,233578.0
tmpfDPYH8C6vFAzh,22,Palkia,Shaman,Squalliiv,181319.0
tmpfDPYH8C6vFAzh,22,Reignyskyes,Shaman,Squalliiv,158572.0
tmpfDPYH8C6vFAzh,22,Shockabeotch,Shaman,Squalliiv,149955.0
tmpfDPYH8C6vFAzh,22,Benzd,Druid,Benzd,502078.0
tmpfDPYH8C6vFAzh,22,Raginbull,Warrior,Benzd,16447.0
tmpfDPYH8C6vFAzh,22,Sparklë,Druid,Sparklë,633393.0
tmpfDPYH8C6vFAzh,22,Shockabeotch,Shaman,Shockabeotch,3308268.0
tmpfDPYH8C6vFAzh,22,Spluss,Warlock,Spluss,4266012.0
tmpfDPYH8C6vFAzh,22,Khaztharion,Evoker,Khaztharion,2503250.0
tmpfDPYH8C6vFAzh,22,Spluss,Warlock,Khaztharion,108337.0
tmpfDPYH8C6vFAzh,22,Mârtirio,Priest,Khaztharion,45045.0
tmpfDPYH8C6vFAzh,22,Lightbrood,Paladin,Khaztharion,17789.0
tmpfDPYH8C6vFAzh,22,Soliloquy,Priest,Khaztharion,17052.0
tmpfDPYH8C6vFAzh,22,Felphantomxx,DemonHunter,Felphantomxx,6702596.0
tmpfDPYH8C6vFAzh,22,Jüggernäut,Druid,Jüggernäut,18709785.0
tmpfDPYH8C6vFAzh,22,Reignyskyes,Shaman,Jüggernäut,1082114.0
tmpfDPYH8C6vFAzh,22,Chontosh,Paladin,Jüggernäut,379184.0
tmpfDPYH8C6vFAzh,22,Dshivà,Paladin,Jüggernäut,374012.0
tmpfDPYH8C6vFAzh,22,Quetzalli,Monk,Jüggernäut,328357.0
tmpfDPYH8C6vFAzh,22,Lightbrood,Paladin,Lightbrood,1588118.0
tmpfDPYH8C6vFAzh,22,Dshivà,Paladin,Lightbrood,227944.0
tmpfDPYH8C6vFAzh,22,Shockabeotch,Shaman,Lightbrood,193816.0
tmpfDPYH8C6vFAzh,22,Squalliiv,Paladin,Lightbrood,187761.0
tmpfDPYH8C6vFAzh,22,Palkia,Shaman,Lightbrood,180524.0
tmpfDPYH8C6vFAzh,22,Mydrood,Druid,Mydrood,2417098.0
tmpfDPYH8C6vFAzh,22,Chontosh,Paladin,Mydrood,747363.0
tmpfDPYH8C6vFAzh,22,Wolfcaza,Hunter,Mydrood,377156.0
tmpfDPYH8C6vFAzh,22,Reignyskyes,Shaman,Mydrood,358305.0
tmpfDPYH8C6vFAzh,22,Spluss,Warlock,Mydrood,355343.0
tmpfDPYH8C6vFAzh,22,Raginbull,Warrior,Raginbull,5689042.0
tmpfDPYH8C6vFAzh,22,Soliloquy,Priest,Soliloquy,8586842.0
tmpfDPYH8C6vFAzh,22,Lightbrood,Paladin,Soliloquy,456003.0
tmpfDPYH8C6vFAzh,22,Mydrood,Druid,Soliloquy,407821.0
tmpfDPYH8C6vFAzh,22,Chontosh,Paladin,Soliloquy,397788.0
tmpfDPYH8C6vFAzh,22,Shockabeotch,Shaman,Soliloquy,391908.0
tmpfDPYH8C6vFAzh,22,Wolfcaza,Hunter,Wolfcaza,393214.0
tmpfDPYH8C6vFAzh,22,Mârtirio,Priest,Mârtirio,10697848.0
tmpfDPYH8C6vFAzh,22,Demonvini,DemonHunter,Mârtirio,8579389.0
tmpfDPYH8C6vFAzh,22,Lightbrood,Paladin,Mârtirio,8532300.0
tmpfDPYH8C6vFAzh,22,Khaztharion,Evoker,Mârtirio,7275899.0
tmpfDPYH8C6vFAzh,22,Jüggernäut,Druid,Mârtirio,6770579.0
tmpfDPYH8C6vFAzh,22,Demonvini,DemonHunter,Demonvini,19994464.0
tmpfDPYH8C6vFAzh,22,Palkia,Shaman,Demonvini,215875.0
tmpfDPYH8C6vFAzh,22,Quetzalli,Monk,Demonvini,208463.0
tmpfDPYH8C6vFAzh,22,Dshivà,Paladin,Demonvini,163391.0
tmpfDPYH8C6vFAzh,22,Shockabeotch,Shaman,Demonvini,136912.0
tmpfDPYH8C6vFAzh,22,Palkia,Shaman,Palkia,3645138.0
tmpfDPYH8C6vFAzh,22,Quetzalli,Monk,Quetzalli,2539672.0
tmpfDPYH8C6vFAzh,22,Chontosh,Paladin,Chontosh,9788537.0
tmpfDPYH8C6vFAzh,22,Soliloquy,Priest,Chontosh,8699370.0
tmpfDPYH8C6vFAzh,22,Shockabeotch,Shaman,Chontosh,7708021.0
tmpfDPYH8C6vFAzh,22,Quetzalli,Monk,Chontosh,6724934.0
tmpfDPYH8C6vFAzh,22,Mydrood,Druid,Chontosh,6491119.0
tmpfDPYH8C6vFAzh,22,Reignyskyes,Shaman,Reignyskyes,9420037.0
tmpfDPYH8C6vFAzh,22,Dshivà,Paladin,Reignyskyes,7686107.0
tmpfDPYH8C6vFAzh,22,Squalliiv,Paladin,Reignyskyes,6887061.0
tmpfDPYH8C6vFAzh,22,Shockabeotch,Shaman,Reignyskyes,6571153.0
tmpfDPYH8C6vFAzh,22,Spluss,Warlock,Reignyskyes,5834481.0
tmpfDPYH8C6vFAzh,22,Dshivà,Paladin,Dshivà,5822071.0
tmpfDPYH8C6vFAzh,22,Squalliiv,Paladin,Dshivà,258927.0
tmpfDPYH8C6vFAzh,22,Quetzalli,Monk,Dshivà,209338.0
tmpfDPYH8C6vFAzh,22,Palkia,Shaman,Dshivà,189299.0
tmpfDPYH8C6vFAzh,22,Khaztharion,Evoker,Dshivà,188234.0
tmpfDPYH8C6vFAzh,27,Squalliiv,Paladin,Squalliiv,14783583.0
tmpfDPYH8C6vFAzh,27,Reignyskyes,Shaman,Squalliiv,191327.0
tmpfDPYH8C6vFAzh,27,Jüggernäut,Druid,Squalliiv,178212.0
tmpfDPYH8C6vFAzh,27,Shockabeotch,Shaman,Squalliiv,168143.0
tmpfDPYH8C6vFAzh,27,Maztajake,Druid,Squalliiv,152476.0
tmpfDPYH8C6vFAzh,27,Shockabeotch,Shaman,Shockabeotch,3143700.0
tmpfDPYH8C6vFAzh,27,Spluss,Warlock,Shockabeotch,8009.0
tmpfDPYH8C6vFAzh,27,Spluss,Warlock,Spluss,3182378.0
tmpfDPYH8C6vFAzh,27,Khaztharion,Evoker,Khaztharion,1377599.0
tmpfDPYH8C6vFAzh,27,Felphantomxx,DemonHunter,Khaztharion,107025.0
tmpfDPYH8C6vFAzh,27,Mârtirio,Priest,Khaztharion,90298.0
tmpfDPYH8C6vFAzh,27,Raginbull,Warrior,Khaztharion,47679.0
tmpfDPYH8C6vFAzh,27,Wolfcaza,Hunter,Khaztharion,46480.0
tmpfDPYH8C6vFAzh,27,Felphantomxx,DemonHunter,Felphantomxx,6200163.0
tmpfDPYH8C6vFAzh,27,Jüggernäut,Druid,Jüggernäut,19575558.0
tmpfDPYH8C6vFAzh,27,Reignyskyes,Shaman,Jüggernäut,906815.0
tmpfDPYH8C6vFAzh,27,Shockabeotch,Shaman,Jüggernäut,532478.0
tmpfDPYH8C6vFAzh,27,Mârtirio,Priest,Jüggernäut,237791.0
tmpfDPYH8C6vFAzh,27,Squalliiv,Paladin,Jüggernäut,202027.0
tmpfDPYH8C6vFAzh,27,Lightbrood,Paladin,Lightbrood,1403592.0
tmpfDPYH8C6vFAzh,27,Reignyskyes,Shaman,Lightbrood,158989.0
tmpfDPYH8C6vFAzh,27,Khaztharion,Evoker,Lightbrood,156039.0
tmpfDPYH8C6vFAzh,27,Raginbull,Warrior,Lightbrood,148156.0
tmpfDPYH8C6vFAzh,27,Squalliiv,Paladin,Lightbrood,132355.0
tmpfDPYH8C6vFAzh,27,Mydrood,Druid,Mydrood,70527.0
tmpfDPYH8C6vFAzh,27,Raginbull,Warrior,Raginbull,5654958.0
tmpfDPYH8C6vFAzh,27,Spluss,Warlock,Raginbull,31866.0
tmpfDPYH8C6vFAzh,27,Soliloquy,Priest,Soliloquy,3078521.0
tmpfDPYH8C6vFAzh,27,Reignyskyes,Shaman,Soliloquy,109007.0
tmpfDPYH8C6vFAzh,27,Maztajake,Druid,Soliloquy,99263.0
tmpfDPYH8C6vFAzh,27,Lightbrood,Paladin,Soliloquy,95735.0
tmpfDPYH8C6vFAzh,27,Mârtirio,Priest,Soliloquy,93286.0
tmpfDPYH8C6vFAzh,27,Wolfcaza,Hunter,Wolfcaza,707759.0
tmpfDPYH8C6vFAzh,27,Khaztharion,Evoker,Wolfcaza,15457.0
tmpfDPYH8C6vFAzh,27,Jüggernäut,Druid,Mârtirio,11134028.0
tmpfDPYH8C6vFAzh,27,Mârtirio,Priest,Mârtirio,8126571.0
tmpfDPYH8C6vFAzh,27,Squalliiv,Paladin,Mârtirio,7119800.0
tmpfDPYH8C6vFAzh,27,Shockabeotch,Shaman,Mârtirio,5740006.0
tmpfDPYH8C6vFAzh,27,Lightbrood,Paladin,Mârtirio,5506439.0
tmpfDPYH8C6vFAzh,27,Demonvini,DemonHunter,Demonvini,4400393.0
tmpfDPYH8C6vFAzh,27,Felphantomxx,DemonHunter,Demonvini,93875.0
tmpfDPYH8C6vFAzh,27,Reignyskyes,Shaman,Demonvini,68408.0
tmpfDPYH8C6vFAzh,27,Khaztharion,Evoker,Demonvini,33527.0
tmpfDPYH8C6vFAzh,27,Shockabeotch,Shaman,Demonvini,33527.0
tmpfDPYH8C6vFAzh,27,Maztajake,Druid,Maztajake,847123.0
tmpfDPYH8C6vFAzh,27,Lightbrood,Paladin,Maztajake,16002.0
tmpfDPYH8C6vFAzh,27,Chontosh,Paladin,Maztajake,11417.0
tmpfDPYH8C6vFAzh,27,Quetzalli,Monk,Quetzalli,1633516.0
tmpfDPYH8C6vFAzh,27,Chontosh,Paladin,Chontosh,5632742.0
tmpfDPYH8C6vFAzh,27,Squalliiv,Paladin,Chontosh,4927884.0
tmpfDPYH8C6vFAzh,27,Shockabeotch,Shaman,Chontosh,4920941.0
tmpfDPYH8C6vFAzh,27,Lightbrood,Paladin,Chontosh,4886179.0
tmpfDPYH8C6vFAzh,27,Maztajake,Druid,Chontosh,4616909.0
tmpfDPYH8C6vFAzh,27,Reignyskyes,Shaman,Reignyskyes,9236331.0
tmpfDPYH8C6vFAzh,27,Jüggernäut,Druid,Reignyskyes,5642780.0
tmpfDPYH8C6vFAzh,27,Squalliiv,Paladin,Reignyskyes,5602690.0
tmpfDPYH8C6vFAzh,27,Spluss,Warlock,Reignyskyes,4478791.0
tmpfDPYH8C6vFAzh,27,Khaztharion,Evoker,Reignyskyes,4389575.0
tmpfDPYH8C6vFAzh,27,Dshivà,Paladin,Dshivà,2121445.0
tmpfDPYH8C6vFAzh,27,Lightbrood,Paladin,Dshivà,88520.0
tmpfDPYH8C6vFAzh,27,Squalliiv,Paladin,Dshivà,80815.0
tmpfDPYH8C6vFAzh,27,Chontosh,Paladin,Dshivà,80282.0
tmpfDPYH8C6vFAzh,27,Jüggernäut,Druid,Dshivà,72677.0
tmpfDPYH8C6vFAzh,27,Chontosh,Paladin,Hex Lord Malacrass,855428.0
tmpfDPYH8C6vFAzh,27,Reignyskyes,Shaman,Hex Lord Malacrass,855428.0
tmpfDPYH8C6vFAzh,27,Dshivà,Paladin,Hex Lord Malacrass,855428.0
tmpfDPYH8C6vFAzh,27,Lightbrood,Paladin,Hex Lord Malacrass,855428.0
tmpfDPYH8C6vFAzh,27,Shockabeotch,Shaman,Hex Lord Malacrass,615054.0
tmpfDPYH8C6vFAzh,7,Squalliiv,Paladin,Squalliiv,12619308.0
tmpfDPYH8C6vFAzh,7,Sonshot,Hunter,Squalliiv,284517.0
tmpfDPYH8C6vFAzh,7,Khaztharion,Evoker,Squalliiv,283310.0
tmpfDPYH8C6vFAzh,7,Reignyskyes,Shaman,Squalliiv,262216.0
tmpfDPYH8C6vFAzh,7,Quetzalli,Monk,Squalliiv,200492.0
tmpfDPYH8C6vFAzh,7,Raginbull,Warrior,Raginbull,4639609.0
tmpfDPYH8C6vFAzh,7,Benzd,Druid,Benzd,1352515.0
tmpfDPYH8C6vFAzh,7,Squalliiv,Paladin,Shockabeotch,1448688.0
tmpfDPYH8C6vFAzh,7,Shockabeotch,Shaman,Shockabeotch,1076940.0
tmpfDPYH8C6vFAzh,7,Soliloquy,Priest,Soliloquy,4911112.0
tmpfDPYH8C6vFAzh,7,Khaztharion,Evoker,Soliloquy,232929.0
tmpfDPYH8C6vFAzh,7,Mârtirio,Priest,Soliloquy,230214.0
tmpfDPYH8C6vFAzh,7,Lightbrood,Paladin,Soliloquy,187024.0
tmpfDPYH8C6vFAzh,7,Benzd,Druid,Soliloquy,181345.0
tmpfDPYH8C6vFAzh,7,Demonvini,DemonHunter,Demonvini,13344175.0
tmpfDPYH8C6vFAzh,7,Spluss,Warlock,Demonvini,121425.0
tmpfDPYH8C6vFAzh,7,Benzd,Druid,Demonvini,52542.0
tmpfDPYH8C6vFAzh,7,Sparklë,Druid,Demonvini,43143.0
tmpfDPYH8C6vFAzh,7,Quetzalli,Monk,Demonvini,16947.0
tmpfDPYH8C6vFAzh,7,Demonvini,DemonHunter,Mârtirio,8753765.0
tmpfDPYH8C6vFAzh,7,Mârtirio,Priest,Mârtirio,5986690.0
tmpfDPYH8C6vFAzh,7,Soliloquy,Priest,Mârtirio,4826566.0
tmpfDPYH8C6vFAzh,7,Chontosh,Paladin,Mârtirio,4460323.0
tmpfDPYH8C6vFAzh,7,Lightbrood,Paladin,Mârtirio,4407932.0
tmpfDPYH8C6vFAzh,7,Wolfcaza,Hunter,Wolfcaza,579414.0
tmpfDPYH8C6vFAzh,7,Spluss,Warlock,Spluss,2990300.0
tmpfDPYH8C6vFAzh,7,Khaztharion,Evoker,Khaztharion,1811746.0
tmpfDPYH8C6vFAzh,7,Mydrood,Druid,Khaztharion,138247.0
tmpfDPYH8C6vFAzh,7,Squalliiv,Paladin,Khaztharion,93326.0
tmpfDPYH8C6vFAzh,7,Benzd,Druid,Khaztharion,90241.0
tmpfDPYH8C6vFAzh,7,Quetzalli,Monk,Khaztharion,89789.0
tmpfDPYH8C6vFAzh,7,Quetzalli,Monk,Quetzalli,2376865.0
tmpfDPYH8C6vFAzh,7,Reignyskyes,Shaman,Quetzalli,6596.0
tmpfDPYH8C6vFAzh,7,Felphantomxx,DemonHunter,Felphantomxx,5126369.0
tmpfDPYH8C6vFAzh,7,Benzd,Druid,Chontosh,7909595.0
tmpfDPYH8C6vFAzh,7,Soliloquy,Priest,Chontosh,5797514.0
tmpfDPYH8C6vFAzh,7,Shockabeotch,Shaman,Chontosh,4752348.0
tmpfDPYH8C6vFAzh,7,Chontosh,Paladin,Chontosh,4225663.0
tmpfDPYH8C6vFAzh,7,Wolfcaza,Hunter,Chontosh,4205610.0
tmpfDPYH8C6vFAzh,7,Reignyskyes,Shaman,Reignyskyes,11665975.0
tmpfDPYH8C6vFAzh,7,Squalliiv,Paladin,Reignyskyes,10383689.0
tmpfDPYH8C6vFAzh,7,Sonshot,Hunter,Reignyskyes,7805429.0
tmpfDPYH8C6vFAzh,7,Khaztharion,Evoker,Reignyskyes,6868566.0
tmpfDPYH8C6vFAzh,7,Quetzalli,Monk,Reignyskyes,6867487.0
tmpfDPYH8C6vFAzh,7,Dshivà,Paladin,Dshivà,2173723.0
tmpfDPYH8C6vFAzh,7,Spluss,Warlock,Dshivà,127236.0
tmpfDPYH8C6vFAzh,7,Chontosh,Paladin,Dshivà,120511.0
tmpfDPYH8C6vFAzh,7,Shockabeotch,Shaman,Dshivà,119509.0
tmpfDPYH8C6vFAzh,7,Mârtirio,Priest,Dshivà,116459.0
tmpfDPYH8C6vFAzh,7,Lightbrood,Paladin,Lightbrood,2676039.0
tmpfDPYH8C6vFAzh,7,Demonvini,DemonHunter,Lightbrood,147985.0
tmpfDPYH8C6vFAzh,7,Chontosh,Paladin,Lightbrood,137603.0
tmpfDPYH8C6vFAzh,7,Spluss,Warlock,Lightbrood,118158.0
tmpfDPYH8C6vFAzh,7,Dshivà,Paladin,Lightbrood,111965.0
tmpfDPYH8C6vFAzh,7,Sonshot,Hunter,Sonshot,1685870.0
tmpfDPYH8C6vFAzh,7,Mydrood,Druid,Sonshot,22193.0
tmpfDPYH8C6vFAzh,7,Khaztharion,Evoker,Sonshot,17783.0
tmpfDPYH8C6vFAzh,7,Mydrood,Druid,Mydrood,1650424.0
tmpfDPYH8C6vFAzh,7,Squalliiv,Paladin,Mydrood,430962.0
tmpfDPYH8C6vFAzh,7,Reignyskyes,Shaman,Mydrood,302059.0
tmpfDPYH8C6vFAzh,7,Raginbull,Warrior,Mydrood,108141.0
tmpfDPYH8C6vFAzh,7,Felphantomxx,DemonHunter,Mydrood,102197.0
wqVm27KgQbYRd8pn,13,Maztajake,Druid,Maztajake,52964.0
wqVm27KgQbYRd8pn,13,Lìllith,Warlock,Maztajake,40457.0
wqVm27KgQbYRd8pn,13,Averlis,Druid,Maztajake,38692.0
wqVm27KgQbYRd8pn,13,Tavendar,Paladin,Maztajake,6106.0
wqVm27KgQbYRd8pn,13,Decayed,DeathKnight,Maztajake,4920.0
wqVm27KgQbYRd8pn,13,Siare,Warlock,Siare,270431.0
wqVm27KgQbYRd8pn,13,Sinfxl,Mage,Sinfxl,161798.0
wqVm27KgQbYRd8pn,13,Tavendar,Paladin,Tavendar,340368.0
wqVm27KgQbYRd8pn,13,Primeval,Shaman,Tavendar,7018.0
wqVm27KgQbYRd8pn,13,Mannarchy,Paladin,Tavendar,6914.0
wqVm27KgQbYRd8pn,13,Dystrophee,DeathKnight,Tavendar,5487.0
wqVm27KgQbYRd8pn,13,Averlis,Druid,Tavendar,5387.0
wqVm27KgQbYRd8pn,13,Mannarchy,Paladin,Averlis,74062.0
wqVm27KgQbYRd8pn,13,Averlis,Druid,Averlis,53151.0
wqVm27KgQbYRd8pn,13,Mannarchy,Paladin,Mannarchy,471627.0
wqVm27KgQbYRd8pn,13,Chontosh,Paladin,Mannarchy,11331.0
wqVm27KgQbYRd8pn,13,Whilton,Druid,Mannarchy,10074.0
wqVm27KgQbYRd8pn,13,Averlis,Druid,Mannarchy,9824.0
wqVm27KgQbYRd8pn,13,Dystrophee,DeathKnight,Mannarchy,9441.0
wqVm27KgQbYRd8pn,13,Soliloquy,Priest,Soliloquy,672568.0
wqVm27KgQbYRd8pn,13,Lìllith,Warlock,Soliloquy,498318.0
wqVm27KgQbYRd8pn,13,Meowrawrxo,Druid,Soliloquy,461244.0
wqVm27KgQbYRd8pn,13,Whilton,Druid,Soliloquy,435952.0
wqVm27KgQbYRd8pn,13,Sinfxl,Mage,Soliloquy,416228.0
wqVm27KgQbYRd8pn,13,Aurëus,Paladin,Aurëus,386559.0
wqVm27KgQbYRd8pn,13,Primeval,Shaman,Aurëus,12715.0
wqVm27KgQbYRd8pn,13,Tavendar,Paladin,Aurëus,11379.0
wqVm27KgQbYRd8pn,13,Dystrophee,DeathKnight,Aurëus,10076.0
wqVm27KgQbYRd8pn,13,Whilton,Druid,Aurëus,6363.0
wqVm27KgQbYRd8pn,13,Decayed,DeathKnight,Decayed,6032879.0
wqVm27KgQbYRd8pn,13,Maztajake,Druid,Chontosh,546861.0
wqVm27KgQbYRd8pn,13,Meowrawrxo,Druid,Chontosh,447588.0
wqVm27KgQbYRd8pn,13,Mannarchy,Paladin,Chontosh,424618.0
wqVm27KgQbYRd8pn,13,Chontosh,Paladin,Chontosh,422271.0
wqVm27KgQbYRd8pn,13,Decayed,DeathKnight,Chontosh,412741.0
wqVm27KgQbYRd8pn,13,Lìllith,Warlock,Lìllith,358421.0
wqVm27KgQbYRd8pn,13,Primeval,Shaman,Lìllith,5935.0
wqVm27KgQbYRd8pn,13,Whilton,Druid,Whilton,93823.0
wqVm27KgQbYRd8pn,13,Aurëus,Paladin,Whilton,2138.0
wqVm27KgQbYRd8pn,13,Dystrophee,DeathKnight,Whilton,1425.0
wqVm27KgQbYRd8pn,13,Tavendar,Paladin,Whilton,713.0
wqVm27KgQbYRd8pn,13,Ilidank,DemonHunter,Whilton,713.0
wqVm27KgQbYRd8pn,13,Meowrawrxo,Druid,Meowrawrxo,338304.0
wqVm27KgQbYRd8pn,13,Whilton,Druid,Meowrawrxo,6593.0
wqVm27KgQbYRd8pn,13,Decayed,DeathKnight,Meowrawrxo,2167.0
wqVm27KgQbYRd8pn,13,Maztajake,Druid,Meowrawrxo,738.0
wqVm27KgQbYRd8pn,13,Chontosh,Paladin,Meowrawrxo,711.0
wqVm27KgQbYRd8pn,13,Ilidank,DemonHunter,Ilidank,574579.0
wqVm27KgQbYRd8pn,13,Primeval,Shaman,Primeval,1172067.0
wqVm27KgQbYRd8pn,13,Decayed,DeathKnight,Primeval,759096.0
wqVm27KgQbYRd8pn,13,Maztajake,Druid,Primeval,649742.0
wqVm27KgQbYRd8pn,13,Meowrawrxo,Druid,Primeval,589669.0
wqVm27KgQbYRd8pn,13,Mannarchy,Paladin,Primeval,419030.0
wqVm27KgQbYRd8pn,13,Dystrophee,DeathKnight,Dystrophee,603293.0
wqVm27KgQbYRd8pn,14,Chontosh,Paladin,Maztajake,63204.0
wqVm27KgQbYRd8pn,14,Maztajake,Druid,Maztajake,55002.0
wqVm27KgQbYRd8pn,14,Decayed,DeathKnight,Maztajake,2402.0
wqVm27KgQbYRd8pn,14,Sinfxl,Mage,Sinfxl,527618.0
wqVm27KgQbYRd8pn,14,Averlis,Druid,Averlis,37560.0
wqVm27KgQbYRd8pn,14,Decayed,DeathKnight,Averlis,7502.0
wqVm27KgQbYRd8pn,14,Mannarchy,Paladin,Mannarchy,1016043.0
wqVm27KgQbYRd8pn,14,Soliloquy,Priest,Mannarchy,17314.0
wqVm27KgQbYRd8pn,14,Dystrophee,DeathKnight,Mannarchy,15958.0
wqVm27KgQbYRd8pn,14,Averlis,Druid,Mannarchy,14141.0
wqVm27KgQbYRd8pn,14,Primeval,Shaman,Mannarchy,13414.0
wqVm27KgQbYRd8pn,14,Decayed,DeathKnight,Decayed,3053103.0
wqVm27KgQbYRd8pn,14,Dystrophee,DeathKnight,Dystrophee,468541.0
wqVm27KgQbYRd8pn,14,Siare,Warlock,Siare,231243.0
wqVm27KgQbYRd8pn,14,Tavendar,Paladin,Tavendar,332908.0
wqVm27KgQbYRd8pn,14,Aurëus,Paladin,Tavendar,12405.0
wqVm27KgQbYRd8pn,14,Averlis,Druid,Tavendar,6857.0
wqVm27KgQbYRd8pn,14,Siare,Warlock,Tavendar,5733.0
wqVm27KgQbYRd8pn,14,Dystrophee,DeathKnight,Tavendar,5730.0
wqVm27KgQbYRd8pn,14,Soliloquy,Priest,Soliloquy,473816.0
wqVm27KgQbYRd8pn,14,Primeval,Shaman,Soliloquy,364880.0
wqVm27KgQbYRd8pn,14,Mannarchy,Paladin,Soliloquy,346232.0
wqVm27KgQbYRd8pn,14,Siare,Warlock,Soliloquy,344025.0
wqVm27KgQbYRd8pn,14,Whilton,Druid,Soliloquy,283342.0
wqVm27KgQbYRd8pn,14,Aurëus,Paladin,Aurëus,248300.0
wqVm27KgQbYRd8pn,14,Whilton,Druid,Aurëus,6561.0
wqVm27KgQbYRd8pn,14,Chontosh,Paladin,Aurëus,6281.0
wqVm27KgQbYRd8pn,14,Maztajake,Druid,Aurëus,6050.0
wqVm27KgQbYRd8pn,14,Soliloquy,Priest,Aurëus,4984.0
wqVm27KgQbYRd8pn,14,Lìllith,Warlock,Chontosh,795522.0
wqVm27KgQbYRd8pn,14,Siare,Warlock,Chontosh,657707.0
wqVm27KgQbYRd8pn,14,Whilton,Druid,Chontosh,543388.0
wqVm27KgQbYRd8pn,14,Mannarchy,Paladin,Chontosh,506950.0
wqVm27KgQbYRd8pn,14,Chontosh,Paladin,Chontosh,501349.0
wqVm27KgQbYRd8pn,14,Lìllith,Warlock,Lìllith,226678.0
wqVm27KgQbYRd8pn,14,Whilton,Druid,Whilton,115966.0
wqVm27KgQbYRd8pn,14,Decayed,DeathKnight,Whilton,18409.0
wqVm27KgQbYRd8pn,14,Mannarchy,Paladin,Whilton,17533.0
wqVm27KgQbYRd8pn,14,Primeval,Shaman,Whilton,1615.0
wqVm27KgQbYRd8pn,14,Aurëus,Paladin,Whilton,1606.0
wqVm27KgQbYRd8pn,14,Meowrawrxo,Druid,Meowrawrxo,80207.0
wqVm27KgQbYRd8pn,14,Mannarchy,Paladin,Meowrawrxo,35219.0
wqVm27KgQbYRd8pn,14,Dystrophee,DeathKnight,Meowrawrxo,7961.0
wqVm27KgQbYRd8pn,14,Chontosh,Paladin,Meowrawrxo,6213.0
wqVm27KgQbYRd8pn,14,Averlis,Druid,Meowrawrxo,5669.0
wqVm27KgQbYRd8pn,14,Ilidank,DemonHunter,Ilidank,335878.0
wqVm27KgQbYRd8pn,14,Primeval,Shaman,Primeval,766579.0
wqVm27KgQbYRd8pn,14,Siare,Warlock,Primeval,678804.0
wqVm27KgQbYRd8pn,14,Mannarchy,Paladin,Primeval,505087.0
wqVm27KgQbYRd8pn,14,Maztajake,Druid,Primeval,405074.0
wqVm27KgQbYRd8pn,14,Lìllith,Warlock,Primeval,393970.0
wqVm27KgQbYRd8pn,15,Maztajake,Druid,Maztajake,408774.0
wqVm27KgQbYRd8pn,15,Aurëus,Paladin,Maztajake,101571.0
wqVm27KgQbYRd8pn,15,Meowrawrxo,Druid,Maztajake,56152.0
wqVm27KgQbYRd8pn,15,Averlis,Druid,Maztajake,52540.0
wqVm27KgQbYRd8pn,15,Sinfxl,Mage,Maztajake,42090.0
wqVm27KgQbYRd8pn,15,Sinfxl,Mage,Sinfxl,215757.0
wqVm27KgQbYRd8pn,15,Tavendar,Paladin,Sinfxl,39562.0
wqVm27KgQbYRd8pn,15,Soliloquy,Priest,Sinfxl,39562.0
wqVm27KgQbYRd8pn,15,Averlis,Druid,Averlis,570003.0
wqVm27KgQbYRd8pn,15,Decayed,DeathKnight,Averlis,45344.0
wqVm27KgQbYRd8pn,15,Maztajake,Druid,Averlis,42119.0
wqVm27KgQbYRd8pn,15,Aurëus,Paladin,Averlis,40529.0
wqVm27KgQbYRd8pn,15,Sinfxl,Mage,Averlis,34828.0
wqVm27KgQbYRd8pn,15,Mannarchy,Paladin,Mannarchy,4580813.0
wqVm27KgQbYRd8pn,15,Aurëus,Paladin,Mannarchy,34237.0
wqVm27KgQbYRd8pn,15,Primeval,Shaman,Mannarchy,31178.0
wqVm27KgQbYRd8pn,15,Tavendar,Paladin,Mannarchy,30267.0
wqVm27KgQbYRd8pn,15,Sinfxl,Mage,Mannarchy,25963.0
wqVm27KgQbYRd8pn,15,Decayed,DeathKnight,Decayed,10584926.0
wqVm27KgQbYRd8pn,15,Dystrophee,DeathKnight,Dystrophee,951449.0
wqVm27KgQbYRd8pn,15,Siare,Warlock,Siare,896886.0
wqVm27KgQbYRd8pn,15,Tavendar,Paladin,Tavendar,1733363.0
wqVm27KgQbYRd8pn,15,Dystrophee,DeathKnight,Tavendar,27806.0
wqVm27KgQbYRd8pn,15,Meowrawrxo,Druid,Tavendar,23410.0
wqVm27KgQbYRd8pn,15,Siare,Warlock,Tavendar,20644.0
wqVm27KgQbYRd8pn,15,Sinfxl,Mage,Tavendar,18732.0
wqVm27KgQbYRd8pn,15,Soliloquy,Priest,Soliloquy,2341241.0
wqVm27KgQbYRd8pn,15,Whilton,Druid,Soliloquy,1163083.0
wqVm27KgQbYRd8pn,15,Meowrawrxo,Druid,Soliloquy,1089499.0
wqVm27KgQbYRd8pn,15,Aurëus,Paladin,Soliloquy,901303.0
wqVm27KgQbYRd8pn,15,Decayed,DeathKnight,Soliloquy,899432.0
wqVm27KgQbYRd8pn,15,Aurëus,Paladin,Aurëus,919666.0
wqVm27KgQbYRd8pn,15,Primeval,Shaman,Aurëus,38708.0
wqVm27KgQbYRd8pn,15,Averlis,Druid,Aurëus,33705.0
wqVm27KgQbYRd8pn,15,Meowrawrxo,Druid,Aurëus,31236.0
wqVm27KgQbYRd8pn,15,Lìllith,Warlock,Aurëus,30526.0
wqVm27KgQbYRd8pn,15,Averlis,Druid,Chontosh,1619543.0
wqVm27KgQbYRd8pn,15,Aurëus,Paladin,Chontosh,1556961.0
wqVm27KgQbYRd8pn,15,Sinfxl,Mage,Chontosh,1350950.0
wqVm27KgQbYRd8pn,15,Siare,Warlock,Chontosh,1300390.0
wqVm27KgQbYRd8pn,15,Meowrawrxo,Druid,Chontosh,1295360.0
wqVm27KgQbYRd8pn,15,Lìllith,Warlock,Lìllith,1148023.0
wqVm27KgQbYRd8pn,15,Averlis,Druid,Lìllith,6172.0
wqVm27KgQbYRd8pn,15,Soliloquy,Priest,Lìllith,5935.0
wqVm27KgQbYRd8pn,15,Whilton,Druid,Whilton,566721.0
wqVm27KgQbYRd8pn,15,Maztajake,Druid,Whilton,69157.0
wqVm27KgQbYRd8pn,15,Aurëus,Paladin,Whilton,65308.0
wqVm27KgQbYRd8pn,15,Decayed,DeathKnight,Whilton,16590.0
wqVm27KgQbYRd8pn,15,Lìllith,Warlock,Whilton,14216.0
wqVm27KgQbYRd8pn,15,Meowrawrxo,Druid,Meowrawrxo,779809.0
wqVm27KgQbYRd8pn,15,Chontosh,Paladin,Meowrawrxo,277685.0
wqVm27KgQbYRd8pn,15,Primeval,Shaman,Meowrawrxo,180260.0
wqVm27KgQbYRd8pn,15,Whilton,Druid,Meowrawrxo,176474.0
wqVm27KgQbYRd8pn,15,Dystrophee,DeathKnight,Meowrawrxo,165996.0
wqVm27KgQbYRd8pn,15,Ilidank,DemonHunter,Ilidank,1860087.0
wqVm27KgQbYRd8pn,15,Mannarchy,Paladin,Ilidank,344944.0
wqVm27KgQbYRd8pn,15,Soliloquy,Priest,Ilidank,136929.0
wqVm27KgQbYRd8pn,15,Chontosh,Paladin,Ilidank,71819.0
wqVm27KgQbYRd8pn,15,Averlis,Druid,Ilidank,70066.0
wqVm27KgQbYRd8pn,15,Primeval,Shaman,Primeval,2552481.0
wqVm27KgQbYRd8pn,15,Averlis,Druid,Primeval,1516609.0
wqVm27KgQbYRd8pn,15,Decayed,DeathKnight,Primeval,1304597.0
wqVm27KgQbYRd8pn,15,Maztajake,Druid,Primeval,1152202.0
wqVm27KgQbYRd8pn,15,Siare,Warlock,Primeval,979259.0
wqVm27KgQbYRd8pn,16,Siare,Warlock,Siare,159126.0
wqVm27KgQbYRd8pn,16,Maztajake,Druid,Maztajake,426218.0
wqVm27KgQbYRd8pn,16,Chontosh,Paladin,Maztajake,40042.0
wqVm27KgQbYRd8pn,16,Tavendar,Paladin,Tavendar,162211.0
wqVm27KgQbYRd8pn,16,Lìllith,Warlock,Tavendar,6782.0
wqVm27KgQbYRd8pn,16,Primeval,Shaman,Tavendar,5282.0
wqVm27KgQbYRd8pn,16,Siare,Warlock,Tavendar,4923.0
wqVm27KgQbYRd8pn,16,Averlis,Druid,Tavendar,3996.0
wqVm27KgQbYRd8pn,16,Averlis,Druid,Averlis,215177.0
wqVm27KgQbYRd8pn,16,Sinfxl,Mage,Averlis,94093.0
wqVm27KgQbYRd8pn,16,Soliloquy,Priest,Averlis,30250.0
wqVm27KgQbYRd8pn,16,Mannarchy,Paladin,Mannarchy,1224011.0
wqVm27KgQbYRd8pn,16,Soliloquy,Priest,Mannarchy,32281.0
wqVm27KgQbYRd8pn,16,Decayed,DeathKnight,Mannarchy,7216.0
wqVm27KgQbYRd8pn,16,Siare,Warlock,Mannarchy,2217.0
wqVm27KgQbYRd8pn,16,Meowrawrxo,Druid,Mannarchy,2095.0
wqVm27KgQbYRd8pn,16,Soliloquy,Priest,Soliloquy,200922.0
wqVm27KgQbYRd8pn,16,Chontosh,Paladin,Soliloquy,119073.0
wqVm27KgQbYRd8pn,16,Decayed,DeathKnight,Soliloquy,85949.0
wqVm27KgQbYRd8pn,16,Tavendar,Paladin,Soliloquy,85015.0
wqVm27KgQbYRd8pn,16,Primeval,Shaman,Soliloquy,81906.0
wqVm27KgQbYRd8pn,16,Aurëus,Paladin,Aurëus,176643.0
wqVm27KgQbYRd8pn,16,Meowrawrxo,Druid,Aurëus,5596.0
wqVm27KgQbYRd8pn,16,Chontosh,Paladin,Aurëus,4064.0
wqVm27KgQbYRd8pn,16,Lìllith,Warlock,Aurëus,3740.0
wqVm27KgQbYRd8pn,16,Tavendar,Paladin,Aurëus,2739.0
wqVm27KgQbYRd8pn,16,Decayed,DeathKnight,Decayed,2912279.0
wqVm27KgQbYRd8pn,16,Chontosh,Paladin,Chontosh,303769.0
wqVm27KgQbYRd8pn,16,Meowrawrxo,Druid,Chontosh,240399.0
wqVm27KgQbYRd8pn,16,Sinfxl,Mage,Chontosh,177737.0
wqVm27KgQbYRd8pn,16,Decayed,DeathKnight,Chontosh,169425.0
wqVm27KgQbYRd8pn,16,Aurëus,Paladin,Chontosh,168916.0
wqVm27KgQbYRd8pn,16,Lìllith,Warlock,Lìllith,160294.0
wqVm27KgQbYRd8pn,16,Meowrawrxo,Druid,Meowrawrxo,166994.0
wqVm27KgQbYRd8pn,16,Decayed,DeathKnight,Meowrawrxo,19111.0
wqVm27KgQbYRd8pn,16,Sinfxl,Mage,Meowrawrxo,6095.0
wqVm27KgQbYRd8pn,16,Whilton,Druid,Whilton,296809.0
wqVm27KgQbYRd8pn,16,Maztajake,Druid,Whilton,159980.0
wqVm27KgQbYRd8pn,16,Tavendar,Paladin,Whilton,136068.0
wqVm27KgQbYRd8pn,16,Primeval,Shaman,Whilton,131338.0
wqVm27KgQbYRd8pn,16,Soliloquy,Priest,Whilton,113281.0
wqVm27KgQbYRd8pn,16,Ilidank,DemonHunter,Ilidank,170754.0
wqVm27KgQbYRd8pn,16,Decayed,DeathKnight,Primeval,1070866.0
wqVm27KgQbYRd8pn,16,Primeval,Shaman,Primeval,575930.0
wqVm27KgQbYRd8pn,16,Averlis,Druid,Primeval,214637.0
wqVm27KgQbYRd8pn,16,Lìllith,Warlock,Primeval,190154.0
wqVm27KgQbYRd8pn,16,Maztajake,Druid,Primeval,186307.0
wqVm27KgQbYRd8pn,16,Dystrophee,DeathKnight,Dystrophee,205606.0
wqVm27KgQbYRd8pn,17,Maztajake,Druid,Maztajake,503249.0
wqVm27KgQbYRd8pn,17,Soliloquy,Priest,Maztajake,86633.0
wqVm27KgQbYRd8pn,17,Whilton,Druid,Maztajake,56343.0
wqVm27KgQbYRd8pn,17,Averlis,Druid,Maztajake,23360.0
wqVm27KgQbYRd8pn,17,Sinfxl,Mage,Sinfxl,909931.0
wqVm27KgQbYRd8pn,17,Chontosh,Paladin,Sinfxl,39562.0
wqVm27KgQbYRd8pn,17,Averlis,Druid,Averlis,582121.0
wqVm27KgQbYRd8pn,17,Aurëus,Paladin,Averlis,105255.0
wqVm27KgQbYRd8pn,17,Soliloquy,Priest,Averlis,53827.0
wqVm27KgQbYRd8pn,17,Tavendar,Paladin,Averlis,41624.0
wqVm27KgQbYRd8pn,17,Dystrophee,DeathKnight,Averlis,9825.0
wqVm27KgQbYRd8pn,17,Mannarchy,Paladin,Mannarchy,6088996.0
wqVm27KgQbYRd8pn,17,Aurëus,Paladin,Mannarchy,88290.0
wqVm27KgQbYRd8pn,17,Meowrawrxo,Druid,Mannarchy,75996.0
wqVm27KgQbYRd8pn,17,Decayed,DeathKnight,Mannarchy,72170.0
wqVm27KgQbYRd8pn,17,Maztajake,Druid,Mannarchy,38987.0
wqVm27KgQbYRd8pn,17,Decayed,DeathKnight,Decayed,21834555.0
wqVm27KgQbYRd8pn,17,Dystrophee,DeathKnight,Dystrophee,1772363.0
wqVm27KgQbYRd8pn,17,Siare,Warlock,Siare,1242099.0
wqVm27KgQbYRd8pn,17,Tavendar,Paladin,Tavendar,968926.0
wqVm27KgQbYRd8pn,17,Whilton,Druid,Tavendar,32561.0
wqVm27KgQbYRd8pn,17,Meowrawrxo,Druid,Tavendar,20793.0
wqVm27KgQbYRd8pn,17,Aurëus,Paladin,Tavendar,20602.0
wqVm27KgQbYRd8pn,17,Dystrophee,DeathKnight,Tavendar,20101.0
wqVm27KgQbYRd8pn,17,Soliloquy,Priest,Soliloquy,4296784.0
wqVm27KgQbYRd8pn,17,Siare,Warlock,Soliloquy,1757853.0
wqVm27KgQbYRd8pn,17,Averlis,Druid,Soliloquy,1748514.0
wqVm27KgQbYRd8pn,17,Primeval,Shaman,Soliloquy,1734694.0
wqVm27KgQbYRd8pn,17,Maztajake,Druid,Soliloquy,1586029.0
wqVm27KgQbYRd8pn,17,Aurëus,Paladin,Aurëus,1582357.0
wqVm27KgQbYRd8pn,17,Dystrophee,DeathKnight,Aurëus,58830.0
wqVm27KgQbYRd8pn,17,Mannarchy,Paladin,Aurëus,57688.0
wqVm27KgQbYRd8pn,17,Maztajake,Druid,Aurëus,39389.0
wqVm27KgQbYRd8pn,17,Averlis,Druid,Aurëus,38548.0
wqVm27KgQbYRd8pn,17,Chontosh,Paladin,Chontosh,2528125.0
wqVm27KgQbYRd8pn,17,Decayed,DeathKnight,Chontosh,1620062.0
wqVm27KgQbYRd8pn,17,Siare,Warlock,Chontosh,1509977.0
wqVm27KgQbYRd8pn,17,Maztajake,Druid,Chontosh,1279263.0
wqVm27KgQbYRd8pn,17,Sinfxl,Mage,Chontosh,1202505.0
wqVm27KgQbYRd8pn,17,Lìllith,Warlock,Lìllith,569959.0
wqVm27KgQbYRd8pn,17,Soliloquy,Priest,Lìllith,5935.0
wqVm27KgQbYRd8pn,17,Aurëus,Paladin,Lìllith,5935.0
wqVm27KgQbYRd8pn,17,Whilton,Druid,Whilton,617102.0
wqVm27KgQbYRd8pn,17,Meowrawrxo,Druid,Whilton,97529.0
wqVm27KgQbYRd8pn,17,Maztajake,Druid,Whilton,81942.0
wqVm27KgQbYRd8pn,17,Averlis,Druid,Whilton,77359.0
wqVm27KgQbYRd8pn,17,Lìllith,Warlock,Whilton,73130.0
wqVm27KgQbYRd8pn,17,Meowrawrxo,Druid,Meowrawrxo,1474041.0
wqVm27KgQbYRd8pn,17,Lìllith,Warlock,Meowrawrxo,287489.0
wqVm27KgQbYRd8pn,17,Averlis,Druid,Meowrawrxo,233828.0
wqVm27KgQbYRd8pn,17,Siare,Warlock,Meowrawrxo,226342.0
wqVm27KgQbYRd8pn,17,Dystrophee,DeathKnight,Meowrawrxo,206140.0
wqVm27KgQbYRd8pn,17,Ilidank,DemonHunter,Ilidank,2920649.0
wqVm27KgQbYRd8pn,17,Siare,Warlock,Ilidank,94964.0
wqVm27KgQbYRd8pn,17,Soliloquy,Priest,Ilidank,84511.0
wqVm27KgQbYRd8pn,17,Dystrophee,DeathKnight,Ilidank,42291.0
wqVm27KgQbYRd8pn,17,Sinfxl,Mage,Ilidank,39821.0
wqVm27KgQbYRd8pn,17,Primeval,Shaman,Primeval,3554880.0
wqVm27KgQbYRd8pn,17,Decayed,DeathKnight,Primeval,3083493.0
wqVm27KgQbYRd8pn,17,Averlis,Druid,Primeval,2290649.0
wqVm27KgQbYRd8pn,17,Maztajake,Druid,Primeval,2062366.0
wqVm27KgQbYRd8pn,17,Siare,Warlock,Primeval,2050653.0
wqVm27KgQbYRd8pn,18,Maztajake,Druid,Maztajake,207099.0
wqVm27KgQbYRd8pn,18,Mannarchy,Paladin,Maztajake,73034.0
wqVm27KgQbYRd8pn,18,Averlis,Druid,Maztajake,47504.0
wqVm27KgQbYRd8pn,18,Chontosh,Paladin,Maztajake,38868.0
wqVm27KgQbYRd8pn,18,Decayed,DeathKnight,Maztajake,9975.0
wqVm27KgQbYRd8pn,18,Sinfxl,Mage,Sinfxl,356060.0
wqVm27KgQbYRd8pn,18,Averlis,Druid,Averlis,428895.0
wqVm27KgQbYRd8pn,18,Mannarchy,Paladin,Averlis,55124.0
wqVm27KgQbYRd8pn,18,Decayed,DeathKnight,Averlis,54447.0
wqVm27KgQbYRd8pn,18,Whilton,Druid,Averlis,35016.0
wqVm27KgQbYRd8pn,18,Ilidank,DemonHunter,Averlis,31213.0
wqVm27KgQbYRd8pn,18,Mannarchy,Paladin,Mannarchy,5314291.0
wqVm27KgQbYRd8pn,18,Tavendar,Paladin,Mannarchy,68352.0
wqVm27KgQbYRd8pn,18,Primeval,Shaman,Mannarchy,64261.0
wqVm27KgQbYRd8pn,18,Siare,Warlock,Mannarchy,62472.0
wqVm27KgQbYRd8pn,18,Decayed,DeathKnight,Mannarchy,60832.0
wqVm27KgQbYRd8pn,18,Decayed,DeathKnight,Decayed,6368043.0
wqVm27KgQbYRd8pn,18,Dystrophee,DeathKnight,Dystrophee,1224780.0
wqVm27KgQbYRd8pn,18,Siare,Warlock,Siare,988405.0
wqVm27KgQbYRd8pn,18,Tavendar,Paladin,Tavendar,1167582.0
wqVm27KgQbYRd8pn,18,Decayed,DeathKnight,Tavendar,41250.0
wqVm27KgQbYRd8pn,18,Mannarchy,Paladin,Tavendar,34194.0
wqVm27KgQbYRd8pn,18,Dystrophee,DeathKnight,Tavendar,27934.0
wqVm27KgQbYRd8pn,18,Siare,Warlock,Tavendar,21533.0
wqVm27KgQbYRd8pn,18,Soliloquy,Priest,Soliloquy,3475370.0
wqVm27KgQbYRd8pn,18,Dystrophee,DeathKnight,Soliloquy,1454843.0
wqVm27KgQbYRd8pn,18,Chontosh,Paladin,Soliloquy,1331669.0
wqVm27KgQbYRd8pn,18,Aurëus,Paladin,Soliloquy,1115106.0
wqVm27KgQbYRd8pn,18,Tavendar,Paladin,Soliloquy,1046235.0
wqVm27KgQbYRd8pn,18,Aurëus,Paladin,Aurëus,940428.0
wqVm27KgQbYRd8pn,18,Dystrophee,DeathKnight,Aurëus,35252.0
wqVm27KgQbYRd8pn,18,Tavendar,Paladin,Aurëus,29624.0
wqVm27KgQbYRd8pn,18,Primeval,Shaman,Aurëus,23042.0
wqVm27KgQbYRd8pn,18,Averlis,Druid,Aurëus,21192.0
wqVm27KgQbYRd8pn,18,Chontosh,Paladin,Chontosh,1991294.0
wqVm27KgQbYRd8pn,18,Mannarchy,Paladin,Chontosh,1616053.0
wqVm27KgQbYRd8pn,18,Dystrophee,DeathKnight,Chontosh,1502209.0
wqVm27KgQbYRd8pn,18,Averlis,Druid,Chontosh,1443432.0
wqVm27KgQbYRd8pn,18,Primeval,Shaman,Chontosh,1412021.0
wqVm27KgQbYRd8pn,18,Lìllith,Warlock,Lìllith,1248489.0
wqVm27KgQbYRd8pn,18,Tavendar,Paladin,Lìllith,5935.0
wqVm27KgQbYRd8pn,18,Mannarchy,Paladin,Lìllith,5935.0
wqVm27KgQbYRd8pn,18,Whilton,Druid,Whilton,414711.0
wqVm27KgQbYRd8pn,18,Decayed,DeathKnight,Whilton,12139.0
wqVm27KgQbYRd8pn,18,Maztajake,Druid,Whilton,3920.0
wqVm27KgQbYRd8pn,18,Lìllith,Warlock,Whilton,3406.0
wqVm27KgQbYRd8pn,18,Meowrawrxo,Druid,Whilton,1235.0
wqVm27KgQbYRd8pn,18,Meowrawrxo,Druid,Meowrawrxo,569390.0
wqVm27KgQbYRd8pn,18,Decayed,DeathKnight,Meowrawrxo,91587.0
wqVm27KgQbYRd8pn,18,Maztajake,Druid,Meowrawrxo,56636.0
wqVm27KgQbYRd8pn,18,Dystrophee,DeathKnight,Meowrawrxo,56431.0
wqVm27KgQbYRd8pn,18,Ilidank,DemonHunter,Ilidank,1747338.0
wqVm27KgQbYRd8pn,18,Primeval,Shaman,Primeval,2954451.0
wqVm27KgQbYRd8pn,18,Siare,Warlock,Primeval,1492071.0
wqVm27KgQbYRd8pn,18,Mannarchy,Paladin,Primeval,1285365.0
wqVm27KgQbYRd8pn,18,Lìllith,Warlock,Primeval,1231314.0
wqVm27KgQbYRd8pn,18,Chontosh,Paladin,Primeval,1147929.0
wqVm27KgQbYRd8pn,19,Maztajake,Druid,Maztajake,621999.0
wqVm27KgQbYRd8pn,19,Meowrawrxo,Druid,Maztajake,72151.0
wqVm27KgQbYRd8pn,19,Lìllith,Warlock,Maztajake,46460.0
wqVm27KgQbYRd8pn,19,Soliloquy,Priest,Maztajake,46353.0
wqVm27KgQbYRd8pn,19,Averlis,Druid,Maztajake,37118.0
wqVm27KgQbYRd8pn,19,Sinfxl,Mage,Sinfxl,878913.0
wqVm27KgQbYRd8pn,19,Soliloquy,Priest,Sinfxl,79124.0
wqVm27KgQbYRd8pn,19,Primeval,Shaman,Sinfxl,39562.0
wqVm27KgQbYRd8pn,19,Averlis,Druid,Averlis,899787.0
wqVm27KgQbYRd8pn,19,Maztajake,Druid,Averlis,239360.0
wqVm27KgQbYRd8pn,19,Ilidank,DemonHunter,Averlis,221972.0
wqVm27KgQbYRd8pn,19,Siare,Warlock,Averlis,205631.0
wqVm27KgQbYRd8pn,19,Dystrophee,DeathKnight,Averlis,180679.0
wqVm27KgQbYRd8pn,19,Mannarchy,Paladin,Mannarchy,6194724.0
wqVm27KgQbYRd8pn,19,Maztajake,Druid,Mannarchy,250710.0
wqVm27KgQbYRd8pn,19,Tavendar,Paladin,Mannarchy,92219.0
wqVm27KgQbYRd8pn,19,Meowrawrxo,Druid,Mannarchy,74922.0
wqVm27KgQbYRd8pn,19,Dystrophee,DeathKnight,Mannarchy,28190.0
wqVm27KgQbYRd8pn,19,Decayed,DeathKnight,Decayed,10720107.0
wqVm27KgQbYRd8pn,19,Dystrophee,DeathKnight,Dystrophee,2027795.0
wqVm27KgQbYRd8pn,19,Siare,Warlock,Siare,1369413.0
wqVm27KgQbYRd8pn,19,Tavendar,Paladin,Tavendar,1071005.0
wqVm27KgQbYRd8pn,19,Maztajake,Druid,Tavendar,22747.0
wqVm27KgQbYRd8pn,19,Sinfxl,Mage,Tavendar,22745.0
wqVm27KgQbYRd8pn,19,Primeval,Shaman,Tavendar,21615.0
wqVm27KgQbYRd8pn,19,Soliloquy,Priest,Tavendar,20030.0
wqVm27KgQbYRd8pn,19,Soliloquy,Priest,Soliloquy,1937796.0
wqVm27KgQbYRd8pn,19,Siare,Warlock,Soliloquy,1092164.0
wqVm27KgQbYRd8pn,19,Meowrawrxo,Druid,Soliloquy,1039978.0
wqVm27KgQbYRd8pn,19,Lìllith,Warlock,Soliloquy,1002443.0
wqVm27KgQbYRd8pn,19,Decayed,DeathKnight,Soliloquy,939797.0
wqVm27KgQbYRd8pn,19,Aurëus,Paladin,Aurëus,663707.0
wqVm27KgQbYRd8pn,19,Meowrawrxo,Druid,Aurëus,20663.0
wqVm27KgQbYRd8pn,19,Dystrophee,DeathKnight,Aurëus,20374.0
wqVm27KgQbYRd8pn,19,Mannarchy,Paladin,Aurëus,19256.0
wqVm27KgQbYRd8pn,19,Sinfxl,Mage,Aurëus,14194.0
wqVm27KgQbYRd8pn,19,Siare,Warlock,Chontosh,1974233.0
wqVm27KgQbYRd8pn,19,Averlis,Druid,Chontosh,1754177.0
wqVm27KgQbYRd8pn,19,Maztajake,Druid,Chontosh,1717485.0
wqVm27KgQbYRd8pn,19,Chontosh,Paladin,Chontosh,1387372.0
wqVm27KgQbYRd8pn,19,Sinfxl,Mage,Chontosh,1032934.0
wqVm27KgQbYRd8pn,19,Lìllith,Warlock,Lìllith,1076211.0
wqVm27KgQbYRd8pn,19,Whilton,Druid,Whilton,622941.0
wqVm27KgQbYRd8pn,19,Siare,Warlock,Whilton,206156.0
wqVm27KgQbYRd8pn,19,Tavendar,Paladin,Whilton,166372.0
wqVm27KgQbYRd8pn,19,Meowrawrxo,Druid,Whilton,151957.0
wqVm27KgQbYRd8pn,19,Soliloquy,Priest,Whilton,118421.0
wqVm27KgQbYRd8pn,19,Meowrawrxo,Druid,Meowrawrxo,1369319.0
wqVm27KgQbYRd8pn,19,Dystrophee,DeathKnight,Meowrawrxo,437347.0
wqVm27KgQbYRd8pn,19,Maztajake,Druid,Meowrawrxo,424908.0
wqVm27KgQbYRd8pn,19,Averlis,Druid,Meowrawrxo,392443.0
wqVm27KgQbYRd8pn,19,Siare,Warlock,Meowrawrxo,339752.0
wqVm27KgQbYRd8pn,19,Ilidank,DemonHunter,Ilidank,2585541.0
wqVm27KgQbYRd8pn,19,Siare,Warlock,Ilidank,302265.0
wqVm27KgQbYRd8pn,19,Tavendar,Paladin,Ilidank,301327.0
wqVm27KgQbYRd8pn,19,Averlis,Druid,Ilidank,294459.0
wqVm27KgQbYRd8pn,19,Decayed,DeathKnight,Ilidank,294454.0
wqVm27KgQbYRd8pn,19,Primeval,Shaman,Primeval,2058140.0
wqVm27KgQbYRd8pn,19,Siare,Warlock,Primeval,1296590.0
wqVm27KgQbYRd8pn,19,Chontosh,Paladin,Primeval,1193286.0
wqVm27KgQbYRd8pn,19,Mannarchy,Paladin,Primeval,922822.0
wqVm27KgQbYRd8pn,19,Averlis,Druid,Primeval,881432.0
wqVm27KgQbYRd8pn,1,Sinfxl,Mage,Sinfxl,349983.0
wqVm27KgQbYRd8pn,1,Averlis,Druid,Averlis,328676.0
wqVm27KgQbYRd8pn,1,Mannarchy,Paladin,Mannarchy,3592788.0
wqVm27KgQbYRd8pn,1,Decayed,DeathKnight,Mannarchy,632614.0
wqVm27KgQbYRd8pn,1,Whilton,Druid,Mannarchy,173858.0
wqVm27KgQbYRd8pn,1,Siare,Warlock,Mannarchy,117252.0
wqVm27KgQbYRd8pn,1,Meowrawrxo,Druid,Mannarchy,61400.0
wqVm27KgQbYRd8pn,1,Decayed,DeathKnight,Decayed,4902882.0
wqVm27KgQbYRd8pn,1,Dystrophee,DeathKnight,Dystrophee,834034.0
wqVm27KgQbYRd8pn,1,Siare,Warlock,Siare,1752626.0
wqVm27KgQbYRd8pn,1,Decayed,DeathKnight,Tavendar,958508.0
wqVm27KgQbYRd8pn,1,Tavendar,Paladin,Tavendar,893048.0
wqVm27KgQbYRd8pn,1,Meowrawrxo,Druid,Tavendar,809967.0
wqVm27KgQbYRd8pn,1,Siare,Warlock,Tavendar,801336.0
wqVm27KgQbYRd8pn,1,Sinfxl,Mage,Tavendar,759828.0
wqVm27KgQbYRd8pn,1,Dahlela,Priest,Dahlela,766352.0
wqVm27KgQbYRd8pn,1,Sinfxl,Mage,Dahlela,64041.0
wqVm27KgQbYRd8pn,1,Whilton,Druid,Dahlela,53719.0
wqVm27KgQbYRd8pn,1,Ilidank,DemonHunter,Dahlela,49890.0
wqVm27KgQbYRd8pn,1,Aurëus,Paladin,Dahlela,48975.0
wqVm27KgQbYRd8pn,1,Soliloquy,Priest,Soliloquy,1227548.0
wqVm27KgQbYRd8pn,1,Aurëus,Paladin,Soliloquy,107497.0
wqVm27KgQbYRd8pn,1,Siare,Warlock,Soliloquy,85419.0
wqVm27KgQbYRd8pn,1,Dystrophee,DeathKnight,Soliloquy,73908.0
wqVm27KgQbYRd8pn,1,Meowrawrxo,Druid,Soliloquy,55007.0
wqVm27KgQbYRd8pn,1,Aurëus,Paladin,Aurëus,751938.0
wqVm27KgQbYRd8pn,1,Tavendar,Paladin,Aurëus,35768.0
wqVm27KgQbYRd8pn,1,Whilton,Druid,Aurëus,35689.0
wqVm27KgQbYRd8pn,1,Primeval,Shaman,Aurëus,32578.0
wqVm27KgQbYRd8pn,1,Averlis,Druid,Aurëus,29602.0
wqVm27KgQbYRd8pn,1,Maztademon,DemonHunter,Maztademon,784830.0
wqVm27KgQbYRd8pn,1,Dahlela,Priest,Maztademon,5928.0
wqVm27KgQbYRd8pn,1,Chontosh,Paladin,Chontosh,1539897.0
wqVm27KgQbYRd8pn,1,Sinfxl,Mage,Chontosh,869113.0
wqVm27KgQbYRd8pn,1,Soliloquy,Priest,Chontosh,813902.0
wqVm27KgQbYRd8pn,1,Averlis,Druid,Chontosh,721657.0
wqVm27KgQbYRd8pn,1,Meowrawrxo,Druid,Chontosh,708837.0
wqVm27KgQbYRd8pn,1,Whilton,Druid,Whilton,150990.0
wqVm27KgQbYRd8pn,1,Tavendar,Paladin,Whilton,74382.0
wqVm27KgQbYRd8pn,1,Meowrawrxo,Druid,Whilton,66051.0
wqVm27KgQbYRd8pn,1,Mannarchy,Paladin,Whilton,21956.0
wqVm27KgQbYRd8pn,1,Soliloquy,Priest,Whilton,7742.0
wqVm27KgQbYRd8pn,1,Meowrawrxo,Druid,Meowrawrxo,672255.0
wqVm27KgQbYRd8pn,1,Siare,Warlock,Meowrawrxo,59887.0
wqVm27KgQbYRd8pn,1,Whilton,Druid,Meowrawrxo,34409.0
wqVm27KgQbYRd8pn,1,Decayed,DeathKnight,Meowrawrxo,33960.0
wqVm27KgQbYRd8pn,1,Soliloquy,Priest,Meowrawrxo,28187.0
wqVm27KgQbYRd8pn,1,Ilidank,DemonHunter,Ilidank,1489688.0
wqVm27KgQbYRd8pn,1,Siare,Warlock,Ilidank,312275.0
wqVm27KgQbYRd8pn,1,Sinfxl,Mage,Ilidank,230449.0
wqVm27KgQbYRd8pn,1,Meowrawrxo,Druid,Ilidank,209709.0
wqVm27KgQbYRd8pn,1,Mannarchy,Paladin,Ilidank,7689.0
wqVm27KgQbYRd8pn,1,Siare,Warlock,Primeval,1561460.0
wqVm27KgQbYRd8pn,1,Primeval,Shaman,Primeval,1358937.0
wqVm27KgQbYRd8pn,1,Meowrawrxo,Druid,Primeval,1311883.0
wqVm27KgQbYRd8pn,1,Whilton,Druid,Primeval,977032.0
wqVm27KgQbYRd8pn,1,Decayed,DeathKnight,Primeval,779263.0
wqVm27KgQbYRd8pn,20,Maztajake,Druid,Maztajake,615493.0
wqVm27KgQbYRd8pn,20,Meowrawrxo,Druid,Maztajake,386757.0
wqVm27KgQbYRd8pn,20,Siare,Warlock,Maztajake,223572.0
wqVm27KgQbYRd8pn,20,Dystrophee,DeathKnight,Maztajake,205388.0
wqVm27KgQbYRd8pn,20,Ilidank,DemonHunter,Maztajake,196310.0
wqVm27KgQbYRd8pn,20,Sinfxl,Mage,Sinfxl,1154385.0
wqVm27KgQbYRd8pn,20,Soliloquy,Priest,Sinfxl,118686.0
wqVm27KgQbYRd8pn,20,Chontosh,Paladin,Sinfxl,79124.0
wqVm27KgQbYRd8pn,20,Tavendar,Paladin,Sinfxl,39562.0
wqVm27KgQbYRd8pn,20,Averlis,Druid,Averlis,570908.0
wqVm27KgQbYRd8pn,20,Maztajake,Druid,Averlis,210514.0
wqVm27KgQbYRd8pn,20,Whilton,Druid,Averlis,186878.0
wqVm27KgQbYRd8pn,20,Meowrawrxo,Druid,Averlis,173878.0
wqVm27KgQbYRd8pn,20,Lìllith,Warlock,Averlis,124356.0
wqVm27KgQbYRd8pn,20,Mannarchy,Paladin,Mannarchy,5528482.0
wqVm27KgQbYRd8pn,20,Whilton,Druid,Mannarchy,89678.0
wqVm27KgQbYRd8pn,20,Lìllith,Warlock,Mannarchy,54850.0
wqVm27KgQbYRd8pn,20,Siare,Warlock,Mannarchy,39558.0
wqVm27KgQbYRd8pn,20,Tavendar,Paladin,Mannarchy,38567.0
wqVm27KgQbYRd8pn,20,Decayed,DeathKnight,Decayed,11379124.0
wqVm27KgQbYRd8pn,20,Dystrophee,DeathKnight,Dystrophee,1286209.0
wqVm27KgQbYRd8pn,20,Siare,Warlock,Siare,1156957.0
wqVm27KgQbYRd8pn,20,Tavendar,Paladin,Tavendar,1509265.0
wqVm27KgQbYRd8pn,20,Aurëus,Paladin,Tavendar,43140.0
wqVm27KgQbYRd8pn,20,Chontosh,Paladin,Tavendar,42691.0
wqVm27KgQbYRd8pn,20,Maztajake,Druid,Tavendar,39399.0
wqVm27KgQbYRd8pn,20,Dystrophee,DeathKnight,Tavendar,28187.0
wqVm27KgQbYRd8pn,20,Soliloquy,Priest,Soliloquy,3199377.0
wqVm27KgQbYRd8pn,20,Averlis,Druid,Soliloquy,1838234.0
wqVm27KgQbYRd8pn,20,Maztajake,Druid,Soliloquy,1770107.0
wqVm27KgQbYRd8pn,20,Sinfxl,Mage,Soliloquy,1522461.0
wqVm27KgQbYRd8pn,20,Dystrophee,DeathKnight,Soliloquy,1457051.0
wqVm27KgQbYRd8pn,20,Aurëus,Paladin,Aurëus,1550576.0
wqVm27KgQbYRd8pn,20,Sinfxl,Mage,Aurëus,69220.0
wqVm27KgQbYRd8pn,20,Lìllith,Warlock,Aurëus,63512.0
wqVm27KgQbYRd8pn,20,Whilton,Druid,Aurëus,60025.0
wqVm27KgQbYRd8pn,20,Siare,Warlock,Aurëus,54731.0
wqVm27KgQbYRd8pn,20,Chontosh,Paladin,Chontosh,3720364.0
wqVm27KgQbYRd8pn,20,Maztajake,Druid,Chontosh,2928399.0
wqVm27KgQbYRd8pn,20,Averlis,Druid,Chontosh,2399727.0
wqVm27KgQbYRd8pn,20,Aurëus,Paladin,Chontosh,1740593.0
wqVm27KgQbYRd8pn,20,Sinfxl,Mage,Chontosh,1704260.0
wqVm27KgQbYRd8pn,20,Lìllith,Warlock,Lìllith,1741470.0
wqVm27KgQbYRd8pn,20,Averlis,Druid,Lìllith,6173.0
wqVm27KgQbYRd8pn,20,Tavendar,Paladin,Lìllith,5935.0
wqVm27KgQbYRd8pn,20,Dystrophee,DeathKnight,Lìllith,5935.0
wqVm27KgQbYRd8pn,20,Meowrawrxo,Druid,Meowrawrxo,1137441.0
wqVm27KgQbYRd8pn,20,Maztajake,Druid,Meowrawrxo,420174.0
wqVm27KgQbYRd8pn,20,Dystrophee,DeathKnight,Meowrawrxo,397604.0
wqVm27KgQbYRd8pn,20,Lìllith,Warlock,Meowrawrxo,315284.0
wqVm27KgQbYRd8pn,20,Siare,Warlock,Meowrawrxo,269285.0
wqVm27KgQbYRd8pn,20,Whilton,Druid,Whilton,1478618.0
wqVm27KgQbYRd8pn,20,Sinfxl,Mage,Whilton,334515.0
wqVm27KgQbYRd8pn,20,Dystrophee,DeathKnight,Whilton,261744.0
wqVm27KgQbYRd8pn,20,Chontosh,Paladin,Whilton,231933.0
wqVm27KgQbYRd8pn,20,Lìllith,Warlock,Whilton,214094.0
wqVm27KgQbYRd8pn,20,Ilidank,DemonHunter,Ilidank,2601604.0
wqVm27KgQbYRd8pn,20,Soliloquy,Priest,Ilidank,229025.0
wqVm27KgQbYRd8pn,20,Decayed,DeathKnight,Ilidank,213590.0
wqVm27KgQbYRd8pn,20,Siare,Warlock,Ilidank,160148.0
wqVm27KgQbYRd8pn,20,Maztajake,Druid,Ilidank,31742.0
wqVm27KgQbYRd8pn,20,Primeval,Shaman,Primeval,4070513.0
wqVm27KgQbYRd8pn,20,Decayed,DeathKnight,Primeval,2072892.0
wqVm27KgQbYRd8pn,20,Lìllith,Warlock,Primeval,1744906.0
wqVm27KgQbYRd8pn,20,Mannarchy,Paladin,Primeval,1684990.0
wqVm27KgQbYRd8pn,20,Chontosh,Paladin,Primeval,1622551.0
wqVm27KgQbYRd8pn,3,Sinfxl,Mage,Sinfxl,2003940.0
wqVm27KgQbYRd8pn,3,Averlis,Druid,Averlis,865781.0
wqVm27KgQbYRd8pn,3,Mannarchy,Paladin,Mannarchy,7937786.0
wqVm27KgQbYRd8pn,3,Decayed,DeathKnight,Mannarchy,2514137.0
wqVm27KgQbYRd8pn,3,Aurëus,Paladin,Mannarchy,282682.0
wqVm27KgQbYRd8pn,3,Dystrophee,DeathKnight,Mannarchy,261296.0
wqVm27KgQbYRd8pn,3,Chontosh,Paladin,Mannarchy,212819.0
wqVm27KgQbYRd8pn,3,Decayed,DeathKnight,Decayed,10987755.0
wqVm27KgQbYRd8pn,3,Dystrophee,DeathKnight,Dystrophee,2520412.0
wqVm27KgQbYRd8pn,3,Siare,Warlock,Siare,1568871.0
wqVm27KgQbYRd8pn,3,Tavendar,Paladin,Tavendar,3681598.0
wqVm27KgQbYRd8pn,3,Mannarchy,Paladin,Tavendar,2394223.0
wqVm27KgQbYRd8pn,3,Aurëus,Paladin,Tavendar,2228162.0
wqVm27KgQbYRd8pn,3,Dahlela,Priest,Tavendar,2170993.0
wqVm27KgQbYRd8pn,3,Decayed,DeathKnight,Tavendar,2103284.0
wqVm27KgQbYRd8pn,3,Dahlela,Priest,Dahlela,2345782.0
wqVm27KgQbYRd8pn,3,Dystrophee,DeathKnight,Dahlela,272819.0
wqVm27KgQbYRd8pn,3,Primeval,Shaman,Dahlela,191243.0
wqVm27KgQbYRd8pn,3,Tavendar,Paladin,Dahlela,184479.0
wqVm27KgQbYRd8pn,3,Chontosh,Paladin,Dahlela,153201.0
wqVm27KgQbYRd8pn,3,Soliloquy,Priest,Soliloquy,3463157.0
wqVm27KgQbYRd8pn,3,Dahlela,Priest,Soliloquy,286069.0
wqVm27KgQbYRd8pn,3,Averlis,Druid,Soliloquy,256711.0
wqVm27KgQbYRd8pn,3,Decayed,DeathKnight,Soliloquy,227737.0
wqVm27KgQbYRd8pn,3,Primeval,Shaman,Soliloquy,217825.0
wqVm27KgQbYRd8pn,3,Aurëus,Paladin,Aurëus,2758701.0
wqVm27KgQbYRd8pn,3,Whilton,Druid,Aurëus,114114.0
wqVm27KgQbYRd8pn,3,Primeval,Shaman,Aurëus,98120.0
wqVm27KgQbYRd8pn,3,Tavendar,Paladin,Aurëus,91391.0
wqVm27KgQbYRd8pn,3,Siare,Warlock,Aurëus,83400.0
wqVm27KgQbYRd8pn,3,Maztademon,DemonHunter,Maztademon,2460709.0
wqVm27KgQbYRd8pn,3,Chontosh,Paladin,Maztademon,48055.0
wqVm27KgQbYRd8pn,3,Soliloquy,Priest,Maztademon,36874.0
wqVm27KgQbYRd8pn,3,Primeval,Shaman,Maztademon,32984.0
wqVm27KgQbYRd8pn,3,Siare,Warlock,Maztademon,11915.0
wqVm27KgQbYRd8pn,3,Chontosh,Paladin,Chontosh,5105387.0
wqVm27KgQbYRd8pn,3,Averlis,Druid,Chontosh,4201626.0
wqVm27KgQbYRd8pn,3,Sinfxl,Mage,Chontosh,3635552.0
wqVm27KgQbYRd8pn,3,Aurëus,Paladin,Chontosh,3451498.0
wqVm27KgQbYRd8pn,3,Meowrawrxo,Druid,Chontosh,3347248.0
wqVm27KgQbYRd8pn,3,Meowrawrxo,Druid,Meowrawrxo,1902553.0
wqVm27KgQbYRd8pn,3,Tavendar,Paladin,Meowrawrxo,417487.0
wqVm27KgQbYRd8pn,3,Soliloquy,Priest,Meowrawrxo,233691.0
wqVm27KgQbYRd8pn,3,Primeval,Shaman,Meowrawrxo,162197.0
wqVm27KgQbYRd8pn,3,Dahlela,Priest,Meowrawrxo,159000.0
wqVm27KgQbYRd8pn,3,Whilton,Druid,Whilton,1516130.0
wqVm27KgQbYRd8pn,3,Chontosh,Paladin,Whilton,221468.0
wqVm27KgQbYRd8pn,3,Dahlela,Priest,Whilton,186852.0
wqVm27KgQbYRd8pn,3,Sinfxl,Mage,Whilton,179393.0
wqVm27KgQbYRd8pn,3,Averlis,Druid,Whilton,157559.0
wqVm27KgQbYRd8pn,3,Ilidank,DemonHunter,Ilidank,4557525.0
wqVm27KgQbYRd8pn,3,Whilton,Druid,Ilidank,71110.0
wqVm27KgQbYRd8pn,3,Averlis,Druid,Ilidank,46044.0
wqVm27KgQbYRd8pn,3,Aurëus,Paladin,Ilidank,44487.0
wqVm27KgQbYRd8pn,3,Dystrophee,DeathKnight,Ilidank,42005.0
wqVm27KgQbYRd8pn,3,Primeval,Shaman,Primeval,4140443.0
wqVm27KgQbYRd8pn,3,Siare,Warlock,Primeval,3561022.0
wqVm27KgQbYRd8pn,3,Dystrophee,DeathKnight,Primeval,3311864.0
wqVm27KgQbYRd8pn,3,Soliloquy,Priest,Primeval,3190034.0
wqVm27KgQbYRd8pn,3,Dahlela,Priest,Primeval,3134666.0
wqVm27KgQbYRd8pn,6,Aurëus,Paladin,Maztajake,249618.0
wqVm27KgQbYRd8pn,6,Maztajake,Druid,Maztajake,246497.0
wqVm27KgQbYRd8pn,6,Tavendar,Paladin,Maztajake,170045.0
wqVm27KgQbYRd8pn,6,Mannarchy,Paladin,Maztajake,85143.0
wqVm27KgQbYRd8pn,6,Averlis,Druid,Maztajake,80625.0
wqVm27KgQbYRd8pn,6,Sinfxl,Mage,Sinfxl,783060.0
wqVm27KgQbYRd8pn,6,Soliloquy,Priest,Sinfxl,131742.0
wqVm27KgQbYRd8pn,6,Chontosh,Paladin,Sinfxl,43914.0
wqVm27KgQbYRd8pn,6,Tavendar,Paladin,Sinfxl,43914.0
wqVm27KgQbYRd8pn,6,Dahlela,Priest,Sinfxl,43914.0
wqVm27KgQbYRd8pn,6,Averlis,Druid,Averlis,442782.0
wqVm27KgQbYRd8pn,6,Mannarchy,Paladin,Mannarchy,6692528.0
wqVm27KgQbYRd8pn,6,Meowrawrxo,Druid,Mannarchy,162774.0
wqVm27KgQbYRd8pn,6,Maztajake,Druid,Mannarchy,150320.0
wqVm27KgQbYRd8pn,6,Whilton,Druid,Mannarchy,145678.0
wqVm27KgQbYRd8pn,6,Dystrophee,DeathKnight,Mannarchy,137465.0
wqVm27KgQbYRd8pn,6,Decayed,DeathKnight,Decayed,16306235.0
wqVm27KgQbYRd8pn,6,Primeval,Shaman,Decayed,6565.0
wqVm27KgQbYRd8pn,6,Dystrophee,DeathKnight,Dystrophee,5207639.0
wqVm27KgQbYRd8pn,6,Siare,Warlock,Siare,1588971.0
wqVm27KgQbYRd8pn,6,Decayed,DeathKnight,Tavendar,2659115.0
wqVm27KgQbYRd8pn,6,Mannarchy,Paladin,Tavendar,2564654.0
wqVm27KgQbYRd8pn,6,Dahlela,Priest,Tavendar,2408163.0
wqVm27KgQbYRd8pn,6,Sinfxl,Mage,Tavendar,2146773.0
wqVm27KgQbYRd8pn,6,Tavendar,Paladin,Tavendar,1912012.0
wqVm27KgQbYRd8pn,6,Dahlela,Priest,Dahlela,2091962.0
wqVm27KgQbYRd8pn,6,Dystrophee,DeathKnight,Dahlela,143835.0
wqVm27KgQbYRd8pn,6,Siare,Warlock,Dahlela,116298.0
wqVm27KgQbYRd8pn,6,Chontosh,Paladin,Dahlela,111192.0
wqVm27KgQbYRd8pn,6,Maztajake,Druid,Dahlela,101678.0
wqVm27KgQbYRd8pn,6,Aurëus,Paladin,Aurëus,2123565.0
wqVm27KgQbYRd8pn,6,Meowrawrxo,Druid,Aurëus,97888.0
wqVm27KgQbYRd8pn,6,Sinfxl,Mage,Aurëus,97238.0
wqVm27KgQbYRd8pn,6,Primeval,Shaman,Aurëus,91914.0
wqVm27KgQbYRd8pn,6,Dystrophee,DeathKnight,Aurëus,87257.0
wqVm27KgQbYRd8pn,6,Soliloquy,Priest,Soliloquy,6121814.0
wqVm27KgQbYRd8pn,6,Meowrawrxo,Druid,Soliloquy,2723930.0
wqVm27KgQbYRd8pn,6,Dystrophee,DeathKnight,Soliloquy,2648807.0
wqVm27KgQbYRd8pn,6,Primeval,Shaman,Soliloquy,2188473.0
wqVm27KgQbYRd8pn,6,Chontosh,Paladin,Soliloquy,2117677.0
wqVm27KgQbYRd8pn,6,Chontosh,Paladin,Chontosh,3272541.0
wqVm27KgQbYRd8pn,6,Decayed,DeathKnight,Chontosh,3230081.0
wqVm27KgQbYRd8pn,6,Sinfxl,Mage,Chontosh,3047545.0
wqVm27KgQbYRd8pn,6,Tavendar,Paladin,Chontosh,2535695.0
wqVm27KgQbYRd8pn,6,Averlis,Druid,Chontosh,2383487.0
wqVm27KgQbYRd8pn,6,Whilton,Druid,Whilton,561993.0
wqVm27KgQbYRd8pn,6,Maztajake,Druid,Whilton,108370.0
wqVm27KgQbYRd8pn,6,Decayed,DeathKnight,Whilton,99990.0
wqVm27KgQbYRd8pn,6,Primeval,Shaman,Whilton,52028.0
wqVm27KgQbYRd8pn,6,Averlis,Druid,Whilton,43628.0
wqVm27KgQbYRd8pn,6,Meowrawrxo,Druid,Meowrawrxo,914734.0
wqVm27KgQbYRd8pn,6,Decayed,DeathKnight,Meowrawrxo,144312.0
wqVm27KgQbYRd8pn,6,Averlis,Druid,Meowrawrxo,96369.0
wqVm27KgQbYRd8pn,6,Sinfxl,Mage,Meowrawrxo,89425.0
wqVm27KgQbYRd8pn,6,Siare,Warlock,Meowrawrxo,73668.0
wqVm27KgQbYRd8pn,6,Ilidank,DemonHunter,Ilidank,4706814.0
wqVm27KgQbYRd8pn,6,Averlis,Druid,Ilidank,6847.0
wqVm27KgQbYRd8pn,6,Mannarchy,Paladin,Ilidank,6587.0
wqVm27KgQbYRd8pn,6,Soliloquy,Priest,Ilidank,6587.0
wqVm27KgQbYRd8pn,6,Dahlela,Priest,Ilidank,6584.0
wqVm27KgQbYRd8pn,6,Primeval,Shaman,Primeval,3778449.0
wqVm27KgQbYRd8pn,6,Decayed,DeathKnight,Primeval,3768501.0
wqVm27KgQbYRd8pn,6,Mannarchy,Paladin,Primeval,3410170.0
wqVm27KgQbYRd8pn,6,Aurëus,Paladin,Primeval,3026822.0
wqVm27KgQbYRd8pn,6,Sinfxl,Mage,Primeval,2785593.0
wqVm27KgQbYRd8pn,7,Maztajake,Druid,Maztajake,323811.0
wqVm27KgQbYRd8pn,7,Aurëus,Paladin,Maztajake,195330.0
wqVm27KgQbYRd8pn,7,Sinfxl,Mage,Maztajake,101992.0
wqVm27KgQbYRd8pn,7,Decayed,DeathKnight,Maztajake,84266.0
wqVm27KgQbYRd8pn,7,Soliloquy,Priest,Maztajake,59257.0
wqVm27KgQbYRd8pn,7,Sinfxl,Mage,Sinfxl,1312625.0
wqVm27KgQbYRd8pn,7,Chontosh,Paladin,Sinfxl,219680.0
wqVm27KgQbYRd8pn,7,Soliloquy,Priest,Sinfxl,175744.0
wqVm27KgQbYRd8pn,7,Tavendar,Paladin,Sinfxl,43936.0
wqVm27KgQbYRd8pn,7,Mannarchy,Paladin,Sinfxl,43936.0
wqVm27KgQbYRd8pn,7,Averlis,Druid,Averlis,687988.0
wqVm27KgQbYRd8pn,7,Chontosh,Paladin,Averlis,151215.0
wqVm27KgQbYRd8pn,7,Whilton,Druid,Averlis,127271.0
wqVm27KgQbYRd8pn,7,Primeval,Shaman,Averlis,123155.0
wqVm27KgQbYRd8pn,7,Ilidank,DemonHunter,Averlis,96699.0
wqVm27KgQbYRd8pn,7,Mannarchy,Paladin,Mannarchy,6938908.0
wqVm27KgQbYRd8pn,7,Sinfxl,Mage,Mannarchy,182882.0
wqVm27KgQbYRd8pn,7,Aurëus,Paladin,Mannarchy,169950.0
wqVm27KgQbYRd8pn,7,Dystrophee,DeathKnight,Mannarchy,145290.0
wqVm27KgQbYRd8pn,7,Decayed,DeathKnight,Decayed,13092087.0
wqVm27KgQbYRd8pn,7,Dystrophee,DeathKnight,Dystrophee,1476919.0
wqVm27KgQbYRd8pn,7,Siare,Warlock,Siare,1265514.0
wqVm27KgQbYRd8pn,7,Mannarchy,Paladin,Tavendar,3380578.0
wqVm27KgQbYRd8pn,7,Tavendar,Paladin,Tavendar,2251834.0
wqVm27KgQbYRd8pn,7,Sinfxl,Mage,Tavendar,2077179.0
wqVm27KgQbYRd8pn,7,Decayed,DeathKnight,Tavendar,2046238.0
wqVm27KgQbYRd8pn,7,Maztajake,Druid,Tavendar,1702748.0
wqVm27KgQbYRd8pn,7,Dahlela,Priest,Dahlela,2306193.0
wqVm27KgQbYRd8pn,7,Maztajake,Druid,Dahlela,105614.0
wqVm27KgQbYRd8pn,7,Averlis,Druid,Dahlela,102194.0
wqVm27KgQbYRd8pn,7,Chontosh,Paladin,Dahlela,98347.0
wqVm27KgQbYRd8pn,7,Siare,Warlock,Dahlela,98165.0
wqVm27KgQbYRd8pn,7,Soliloquy,Priest,Soliloquy,6006636.0
wqVm27KgQbYRd8pn,7,Sinfxl,Mage,Soliloquy,2786654.0
wqVm27KgQbYRd8pn,7,Primeval,Shaman,Soliloquy,2748639.0
wqVm27KgQbYRd8pn,7,Aurëus,Paladin,Soliloquy,2506483.0
wqVm27KgQbYRd8pn,7,Averlis,Druid,Soliloquy,2461708.0
wqVm27KgQbYRd8pn,7,Aurëus,Paladin,Aurëus,2416191.0
wqVm27KgQbYRd8pn,7,Decayed,DeathKnight,Aurëus,87145.0
wqVm27KgQbYRd8pn,7,Whilton,Druid,Aurëus,86841.0
wqVm27KgQbYRd8pn,7,Mannarchy,Paladin,Aurëus,84766.0
wqVm27KgQbYRd8pn,7,Primeval,Shaman,Aurëus,79092.0
wqVm27KgQbYRd8pn,7,Sinfxl,Mage,Chontosh,3893570.0
wqVm27KgQbYRd8pn,7,Chontosh,Paladin,Chontosh,3224170.0
wqVm27KgQbYRd8pn,7,Decayed,DeathKnight,Chontosh,3162621.0
wqVm27KgQbYRd8pn,7,Mannarchy,Paladin,Chontosh,2735828.0
wqVm27KgQbYRd8pn,7,Dahlela,Priest,Chontosh,2391205.0
wqVm27KgQbYRd8pn,7,Whilton,Druid,Whilton,210333.0
wqVm27KgQbYRd8pn,7,Averlis,Druid,Whilton,132022.0
wqVm27KgQbYRd8pn,7,Soliloquy,Priest,Whilton,51820.0
wqVm27KgQbYRd8pn,7,Maztajake,Druid,Whilton,51324.0
wqVm27KgQbYRd8pn,7,Ilidank,DemonHunter,Whilton,39875.0
wqVm27KgQbYRd8pn,7,Meowrawrxo,Druid,Meowrawrxo,1080118.0
wqVm27KgQbYRd8pn,7,Aurëus,Paladin,Meowrawrxo,170794.0
wqVm27KgQbYRd8pn,7,Decayed,DeathKnight,Meowrawrxo,130617.0
wqVm27KgQbYRd8pn,7,Primeval,Shaman,Meowrawrxo,104423.0
wqVm27KgQbYRd8pn,7,Ilidank,DemonHunter,Meowrawrxo,94672.0
wqVm27KgQbYRd8pn,7,Ilidank,DemonHunter,Ilidank,4085422.0
wqVm27KgQbYRd8pn,7,Decayed,DeathKnight,Ilidank,22495.0
wqVm27KgQbYRd8pn,7,Maztajake,Druid,Ilidank,6851.0
wqVm27KgQbYRd8pn,7,Primeval,Shaman,Ilidank,6585.0
wqVm27KgQbYRd8pn,7,Primeval,Shaman,Primeval,4161899.0
wqVm27KgQbYRd8pn,7,Decayed,DeathKnight,Primeval,3338964.0
wqVm27KgQbYRd8pn,7,Meowrawrxo,Druid,Primeval,2619201.0
wqVm27KgQbYRd8pn,7,Aurëus,Paladin,Primeval,2408914.0
wqVm27KgQbYRd8pn,7,Mannarchy,Paladin,Primeval,2378273.0
wqVm27KgQbYRd8pn,8,Maztajake,Druid,Maztajake,567190.0
wqVm27KgQbYRd8pn,8,Averlis,Druid,Maztajake,132704.0
wqVm27KgQbYRd8pn,8,Decayed,DeathKnight,Maztajake,128608.0
wqVm27KgQbYRd8pn,8,Sinfxl,Mage,Maztajake,92621.0
wqVm27KgQbYRd8pn,8,Sinfxl,Mage,Sinfxl,1818132.0
wqVm27KgQbYRd8pn,8,Soliloquy,Priest,Sinfxl,211410.0
wqVm27KgQbYRd8pn,8,Chontosh,Paladin,Sinfxl,43936.0
wqVm27KgQbYRd8pn,8,Averlis,Druid,Averlis,541648.0
wqVm27KgQbYRd8pn,8,Maztajake,Druid,Averlis,215382.0
wqVm27KgQbYRd8pn,8,Chontosh,Paladin,Averlis,195871.0
wqVm27KgQbYRd8pn,8,Whilton,Druid,Averlis,162998.0
wqVm27KgQbYRd8pn,8,Sinfxl,Mage,Averlis,87652.0
wqVm27KgQbYRd8pn,8,Mannarchy,Paladin,Mannarchy,7741134.0
wqVm27KgQbYRd8pn,8,Maztajake,Druid,Mannarchy,189844.0
wqVm27KgQbYRd8pn,8,Meowrawrxo,Druid,Mannarchy,155942.0
wqVm27KgQbYRd8pn,8,Decayed,DeathKnight,Mannarchy,150047.0
wqVm27KgQbYRd8pn,8,Dystrophee,DeathKnight,Mannarchy,124362.0
wqVm27KgQbYRd8pn,8,Decayed,DeathKnight,Decayed,12485761.0
wqVm27KgQbYRd8pn,8,Dystrophee,DeathKnight,Dystrophee,1404821.0
wqVm27KgQbYRd8pn,8,Siare,Warlock,Siare,1393598.0
wqVm27KgQbYRd8pn,8,Tavendar,Paladin,Tavendar,2131557.0
wqVm27KgQbYRd8pn,8,Dystrophee,DeathKnight,Tavendar,89870.0
wqVm27KgQbYRd8pn,8,Chontosh,Paladin,Tavendar,89636.0
wqVm27KgQbYRd8pn,8,Aurëus,Paladin,Tavendar,80972.0
wqVm27KgQbYRd8pn,8,Whilton,Druid,Tavendar,74722.0
wqVm27KgQbYRd8pn,8,Dahlela,Priest,Dahlela,2479777.0
wqVm27KgQbYRd8pn,8,Soliloquy,Priest,Soliloquy,6354718.0
wqVm27KgQbYRd8pn,8,Decayed,DeathKnight,Soliloquy,3271968.0
wqVm27KgQbYRd8pn,8,Sinfxl,Mage,Soliloquy,3090675.0
wqVm27KgQbYRd8pn,8,Averlis,Druid,Soliloquy,2764471.0
wqVm27KgQbYRd8pn,8,Whilton,Druid,Soliloquy,2617324.0
wqVm27KgQbYRd8pn,8,Aurëus,Paladin,Aurëus,1928617.0
wqVm27KgQbYRd8pn,8,Dystrophee,DeathKnight,Aurëus,81865.0
wqVm27KgQbYRd8pn,8,Chontosh,Paladin,Aurëus,77191.0
wqVm27KgQbYRd8pn,8,Ilidank,DemonHunter,Aurëus,74379.0
wqVm27KgQbYRd8pn,8,Whilton,Druid,Aurëus,73950.0
wqVm27KgQbYRd8pn,8,Mannarchy,Paladin,Chontosh,3891050.0
wqVm27KgQbYRd8pn,8,Decayed,DeathKnight,Chontosh,3594338.0
wqVm27KgQbYRd8pn,8,Sinfxl,Mage,Chontosh,3579123.0
wqVm27KgQbYRd8pn,8,Chontosh,Paladin,Chontosh,3279172.0
wqVm27KgQbYRd8pn,8,Averlis,Druid,Chontosh,2776948.0
wqVm27KgQbYRd8pn,8,Whilton,Druid,Whilton,486102.0
wqVm27KgQbYRd8pn,8,Tavendar,Paladin,Whilton,84858.0
wqVm27KgQbYRd8pn,8,Mannarchy,Paladin,Whilton,84330.0
wqVm27KgQbYRd8pn,8,Aurëus,Paladin,Whilton,36537.0
wqVm27KgQbYRd8pn,8,Sinfxl,Mage,Whilton,26860.0
wqVm27KgQbYRd8pn,8,Meowrawrxo,Druid,Meowrawrxo,1035945.0
wqVm27KgQbYRd8pn,8,Ilidank,DemonHunter,Meowrawrxo,123011.0
wqVm27KgQbYRd8pn,8,Chontosh,Paladin,Meowrawrxo,111511.0
wqVm27KgQbYRd8pn,8,Tavendar,Paladin,Meowrawrxo,107511.0
wqVm27KgQbYRd8pn,8,Dahlela,Priest,Meowrawrxo,88402.0
wqVm27KgQbYRd8pn,8,Ilidank,DemonHunter,Ilidank,4180329.0
wqVm27KgQbYRd8pn,8,Sinfxl,Mage,Ilidank,13172.0
wqVm27KgQbYRd8pn,8,Whilton,Druid,Ilidank,7121.0
wqVm27KgQbYRd8pn,8,Decayed,DeathKnight,Ilidank,6589.0
wqVm27KgQbYRd8pn,8,Dahlela,Priest,Ilidank,6585.0
wqVm27KgQbYRd8pn,8,Decayed,DeathKnight,Primeval,4571584.0
wqVm27KgQbYRd8pn,8,Primeval,Shaman,Primeval,4386733.0
wqVm27KgQbYRd8pn,8,Mannarchy,Paladin,Primeval,4151443.0
wqVm27KgQbYRd8pn,8,Siare,Warlock,Primeval,3350365.0
wqVm27KgQbYRd8pn,8,Maztajake,Druid,Primeval,2992821.0
XvwLCVdhJKY73zHr,10,Soliloquy,Priest,Soliloquy,3198439.0
XvwLCVdhJKY73zHr,10,Chontosh,Paladin,Soliloquy,211445.0
XvwLCVdhJKY73zHr,10,Cainz,Rogue,Soliloquy,211163.0
XvwLCVdhJKY73zHr,10,Stellanoova,Monk,Soliloquy,132513.0
XvwLCVdhJKY73zHr,10,Decayed,DeathKnight,Soliloquy,127984.0
XvwLCVdhJKY73zHr,10,Spàdes,Warrior,Spàdes,2892728.0
XvwLCVdhJKY73zHr,10,Monfro,Hunter,Monfro,1379248.0
XvwLCVdhJKY73zHr,10,Asharia,DemonHunter,Asharia,2470000.0
XvwLCVdhJKY73zHr,10,Tavendar,Paladin,Asharia,8892.0
XvwLCVdhJKY73zHr,10,Stellanoova,Monk,Stellanoova,6238297.0
XvwLCVdhJKY73zHr,10,Cainz,Rogue,Stellanoova,612476.0
XvwLCVdhJKY73zHr,10,Tavendar,Paladin,Stellanoova,408996.0
XvwLCVdhJKY73zHr,10,Decayed,DeathKnight,Stellanoova,251854.0
XvwLCVdhJKY73zHr,10,Decayed,DeathKnight,Decayed,15299286.0
XvwLCVdhJKY73zHr,10,Greyseer,Hunter,Decayed,16299.0
XvwLCVdhJKY73zHr,10,Chontosh,Paladin,Chontosh,2925101.0
XvwLCVdhJKY73zHr,10,Monfro,Hunter,Chontosh,2745666.0
XvwLCVdhJKY73zHr,10,Cainz,Rogue,Chontosh,2737204.0
XvwLCVdhJKY73zHr,10,Spàdes,Warrior,Chontosh,2404330.0
XvwLCVdhJKY73zHr,10,Grapeinator,Paladin,Chontosh,2245954.0
XvwLCVdhJKY73zHr,10,Mets,Hunter,Mets,701794.0
XvwLCVdhJKY73zHr,10,Lìllith,Warlock,Lìllith,3687200.0
XvwLCVdhJKY73zHr,10,Sinfxl,Mage,Lìllith,15678.0
XvwLCVdhJKY73zHr,10,Tavendar,Paladin,Tavendar,1662046.0
XvwLCVdhJKY73zHr,10,Decayed,DeathKnight,Tavendar,78689.0
XvwLCVdhJKY73zHr,10,Greyseer,Hunter,Tavendar,62548.0
XvwLCVdhJKY73zHr,10,Spàdes,Warrior,Tavendar,60843.0
XvwLCVdhJKY73zHr,10,Chontosh,Paladin,Tavendar,45204.0
XvwLCVdhJKY73zHr,10,Shinier,Paladin,Shinier,8121305.0
XvwLCVdhJKY73zHr,10,Mets,Hunter,Shinier,6239241.0
XvwLCVdhJKY73zHr,10,Soliloquy,Priest,Shinier,4783109.0
XvwLCVdhJKY73zHr,10,Boomchicky,Hunter,Shinier,4624014.0
XvwLCVdhJKY73zHr,10,Sinfxl,Mage,Shinier,4208672.0
XvwLCVdhJKY73zHr,10,Littlejohn,DeathKnight,Littlejohn,5689976.0
XvwLCVdhJKY73zHr,10,Decayed,DeathKnight,Littlejohn,22834.0
XvwLCVdhJKY73zHr,10,Monfro,Hunter,Littlejohn,21115.0
XvwLCVdhJKY73zHr,10,Grapeinator,Paladin,Littlejohn,21115.0
XvwLCVdhJKY73zHr,10,Spàdes,Warrior,Littlejohn,21094.0
XvwLCVdhJKY73zHr,10,Boomchicky,Hunter,Boomchicky,2031570.0
XvwLCVdhJKY73zHr,10,Greyseer,Hunter,Greyseer,382684.0
XvwLCVdhJKY73zHr,10,Sinfxl,Mage,Sinfxl,2817923.0
XvwLCVdhJKY73zHr,10,Mypriiest,Priest,Sinfxl,88328.0
XvwLCVdhJKY73zHr,10,Mypriiest,Priest,Mypriiest,5567127.0
XvwLCVdhJKY73zHr,10,Cainz,Rogue,Mypriiest,2928821.0
XvwLCVdhJKY73zHr,10,Greyseer,Hunter,Mypriiest,2810920.0
XvwLCVdhJKY73zHr,10,Chontosh,Paladin,Mypriiest,2771023.0
XvwLCVdhJKY73zHr,10,Sälazar,Mage,Mypriiest,2763017.0
XvwLCVdhJKY73zHr,10,Maztajake,Druid,Maztajake,1097179.0
XvwLCVdhJKY73zHr,10,Grapeinator,Paladin,Grapeinator,3073881.0
XvwLCVdhJKY73zHr,10,Decayed,DeathKnight,Grapeinator,85902.0
XvwLCVdhJKY73zHr,10,Novachronos,Mage,Grapeinator,67989.0
XvwLCVdhJKY73zHr,10,Monfro,Hunter,Grapeinator,66101.0
XvwLCVdhJKY73zHr,10,Sälazar,Mage,Grapeinator,63296.0
XvwLCVdhJKY73zHr,10,Cainz,Rogue,Cainz,3845605.0
XvwLCVdhJKY73zHr,10,Monfro,Hunter,Cainz,17793.0
XvwLCVdhJKY73zHr,10,Greyseer,Hunter,Cainz,14831.0
XvwLCVdhJKY73zHr,10,Sinfxl,Mage,Cainz,13348.0
XvwLCVdhJKY73zHr,10,Novachronos,Mage,Novachronos,4462433.0
XvwLCVdhJKY73zHr,10,Mypriiest,Priest,Novachronos,17227.0
XvwLCVdhJKY73zHr,10,Ämon,Druid,Ämon,837813.0
XvwLCVdhJKY73zHr,10,Sälazar,Mage,Sälazar,3269330.0
XvwLCVdhJKY73zHr,10,Averlis,Druid,Averlis,1552547.0
XvwLCVdhJKY73zHr,10,Boomchicky,Hunter,Averlis,429920.0
XvwLCVdhJKY73zHr,10,Soliloquy,Priest,Averlis,290630.0
XvwLCVdhJKY73zHr,10,Spàdes,Warrior,Averlis,255201.0
XvwLCVdhJKY73zHr,10,Ämon,Druid,Averlis,145044.0
XvwLCVdhJKY73zHr,11,Soliloquy,Priest,Soliloquy,2115251.0
XvwLCVdhJKY73zHr,11,Decayed,DeathKnight,Soliloquy,104727.0
XvwLCVdhJKY73zHr,11,Tavendar,Paladin,Soliloquy,86502.0
XvwLCVdhJKY73zHr,11,Ämon,Druid,Soliloquy,85965.0
XvwLCVdhJKY73zHr,11,Spàdes,Warrior,Spàdes,2002712.0
XvwLCVdhJKY73zHr,11,Monfro,Hunter,Monfro,460917.0
XvwLCVdhJKY73zHr,11,Chontosh,Paladin,Monfro,17012.0
XvwLCVdhJKY73zHr,11,Asharia,DemonHunter,Asharia,3112911.0
XvwLCVdhJKY73zHr,11,Cainz,Rogue,Asharia,71149.0
XvwLCVdhJKY73zHr,11,Sinfxl,Mage,Asharia,29639.0
XvwLCVdhJKY73zHr,11,Grapeinator,Paladin,Asharia,22229.0
XvwLCVdhJKY73zHr,11,Sälazar,Mage,Asharia,19265.0
XvwLCVdhJKY73zHr,11,Stellanoova,Monk,Stellanoova,4928676.0
XvwLCVdhJKY73zHr,11,Decayed,DeathKnight,Stellanoova,412431.0
XvwLCVdhJKY73zHr,11,Cainz,Rogue,Stellanoova,182715.0
XvwLCVdhJKY73zHr,11,Mypriiest,Priest,Stellanoova,149346.0
XvwLCVdhJKY73zHr,11,Spàdes,Warrior,Stellanoova,137289.0
XvwLCVdhJKY73zHr,11,Decayed,DeathKnight,Decayed,12767191.0
XvwLCVdhJKY73zHr,11,Spàdes,Warrior,Chontosh,2342938.0
XvwLCVdhJKY73zHr,11,Decayed,DeathKnight,Chontosh,2218879.0
XvwLCVdhJKY73zHr,11,Mypriiest,Priest,Chontosh,2159254.0
XvwLCVdhJKY73zHr,11,Chontosh,Paladin,Chontosh,2120785.0
XvwLCVdhJKY73zHr,11,Ämon,Druid,Chontosh,2097142.0
XvwLCVdhJKY73zHr,11,Mets,Hunter,Mets,36183.0
XvwLCVdhJKY73zHr,11,Cainz,Rogue,Tavendar,2859321.0
XvwLCVdhJKY73zHr,11,Tavendar,Paladin,Tavendar,2476172.0
XvwLCVdhJKY73zHr,11,Decayed,DeathKnight,Tavendar,2158994.0
XvwLCVdhJKY73zHr,11,Shinier,Paladin,Tavendar,1677867.0
XvwLCVdhJKY73zHr,11,Averlis,Druid,Tavendar,1639199.0
XvwLCVdhJKY73zHr,11,Lìllith,Warlock,Lìllith,1941850.0
XvwLCVdhJKY73zHr,11,Chontosh,Paladin,Lìllith,29079.0
XvwLCVdhJKY73zHr,11,Cainz,Rogue,Shinier,3507457.0
XvwLCVdhJKY73zHr,11,Monfro,Hunter,Shinier,3280312.0
XvwLCVdhJKY73zHr,11,Decayed,DeathKnight,Shinier,2974160.0
XvwLCVdhJKY73zHr,11,Boomchicky,Hunter,Shinier,2851534.0
XvwLCVdhJKY73zHr,11,Maztajake,Druid,Shinier,2675925.0
XvwLCVdhJKY73zHr,11,Littlejohn,DeathKnight,Littlejohn,3865056.0
XvwLCVdhJKY73zHr,11,Decayed,DeathKnight,Littlejohn,53309.0
XvwLCVdhJKY73zHr,11,Spàdes,Warrior,Littlejohn,40763.0
XvwLCVdhJKY73zHr,11,Novachronos,Mage,Littlejohn,39030.0
XvwLCVdhJKY73zHr,11,Boomchicky,Hunter,Littlejohn,20827.0
XvwLCVdhJKY73zHr,11,Boomchicky,Hunter,Boomchicky,1218582.0
XvwLCVdhJKY73zHr,11,Greyseer,Hunter,Greyseer,150867.0
XvwLCVdhJKY73zHr,11,Sinfxl,Mage,Sinfxl,1856820.0
XvwLCVdhJKY73zHr,11,Chontosh,Paladin,Sinfxl,44164.0
XvwLCVdhJKY73zHr,11,Mypriiest,Priest,Sinfxl,44164.0
XvwLCVdhJKY73zHr,11,Shinier,Paladin,Sinfxl,44164.0
XvwLCVdhJKY73zHr,11,Mypriiest,Priest,Mypriiest,5174329.0
XvwLCVdhJKY73zHr,11,Ämon,Druid,Mypriiest,3402013.0
XvwLCVdhJKY73zHr,11,Mets,Hunter,Mypriiest,2178797.0
XvwLCVdhJKY73zHr,11,Sälazar,Mage,Mypriiest,2041516.0
XvwLCVdhJKY73zHr,11,Averlis,Druid,Mypriiest,1990366.0
XvwLCVdhJKY73zHr,11,Maztajake,Druid,Maztajake,538730.0
XvwLCVdhJKY73zHr,11,Asharia,DemonHunter,Maztajake,17547.0
XvwLCVdhJKY73zHr,11,Grapeinator,Paladin,Grapeinator,369382.0
XvwLCVdhJKY73zHr,11,Shinier,Paladin,Grapeinator,106299.0
XvwLCVdhJKY73zHr,11,Boomchicky,Hunter,Grapeinator,88562.0
XvwLCVdhJKY73zHr,11,Spàdes,Warrior,Grapeinator,86760.0
XvwLCVdhJKY73zHr,11,Tavendar,Paladin,Grapeinator,82693.0
XvwLCVdhJKY73zHr,11,Cainz,Rogue,Cainz,2865086.0
XvwLCVdhJKY73zHr,11,Novachronos,Mage,Novachronos,2488757.0
XvwLCVdhJKY73zHr,11,Ämon,Druid,Ämon,867318.0
XvwLCVdhJKY73zHr,11,Sälazar,Mage,Sälazar,1821698.0
XvwLCVdhJKY73zHr,11,Averlis,Druid,Averlis,1001398.0
XvwLCVdhJKY73zHr,13,Soliloquy,Priest,Soliloquy,1001985.0
XvwLCVdhJKY73zHr,13,Chontosh,Paladin,Soliloquy,72021.0
XvwLCVdhJKY73zHr,13,Asharia,DemonHunter,Soliloquy,67378.0
XvwLCVdhJKY73zHr,13,Averlis,Druid,Soliloquy,66078.0
XvwLCVdhJKY73zHr,13,Sälazar,Mage,Soliloquy,59801.0
XvwLCVdhJKY73zHr,13,Spàdes,Warrior,Spàdes,1081619.0
XvwLCVdhJKY73zHr,13,Monfro,Hunter,Monfro,936912.0
XvwLCVdhJKY73zHr,13,Stellanoova,Monk,Stellanoova,3924388.0
XvwLCVdhJKY73zHr,13,Decayed,DeathKnight,Stellanoova,418832.0
XvwLCVdhJKY73zHr,13,Soliloquy,Priest,Stellanoova,189346.0
XvwLCVdhJKY73zHr,13,Spàdes,Warrior,Stellanoova,154329.0
XvwLCVdhJKY73zHr,13,Asharia,DemonHunter,Asharia,2759602.0
XvwLCVdhJKY73zHr,13,Novachronos,Mage,Asharia,143043.0
XvwLCVdhJKY73zHr,13,Grapeinator,Paladin,Asharia,124798.0
XvwLCVdhJKY73zHr,13,Boomchicky,Hunter,Asharia,81027.0
XvwLCVdhJKY73zHr,13,Monfro,Hunter,Asharia,65682.0
XvwLCVdhJKY73zHr,13,Decayed,DeathKnight,Decayed,5918687.0
XvwLCVdhJKY73zHr,13,Sinfxl,Mage,Chontosh,917073.0
XvwLCVdhJKY73zHr,13,Chontosh,Paladin,Chontosh,893564.0
XvwLCVdhJKY73zHr,13,Mets,Hunter,Chontosh,873955.0
XvwLCVdhJKY73zHr,13,Shinier,Paladin,Chontosh,849392.0
XvwLCVdhJKY73zHr,13,Greyseer,Hunter,Chontosh,786488.0
XvwLCVdhJKY73zHr,13,Mets,Hunter,Mets,31395.0
XvwLCVdhJKY73zHr,13,Tavendar,Paladin,Tavendar,1886431.0
XvwLCVdhJKY73zHr,13,Grapeinator,Paladin,Tavendar,1592276.0
XvwLCVdhJKY73zHr,13,Averlis,Druid,Tavendar,1341937.0
XvwLCVdhJKY73zHr,13,Mets,Hunter,Tavendar,1242970.0
XvwLCVdhJKY73zHr,13,Decayed,DeathKnight,Tavendar,1115590.0
XvwLCVdhJKY73zHr,13,Lìllith,Warlock,Lìllith,1763700.0
XvwLCVdhJKY73zHr,13,Shinier,Paladin,Shinier,3157206.0
XvwLCVdhJKY73zHr,13,Monfro,Hunter,Shinier,3050581.0
XvwLCVdhJKY73zHr,13,Sälazar,Mage,Shinier,2912364.0
XvwLCVdhJKY73zHr,13,Decayed,DeathKnight,Shinier,2500002.0
XvwLCVdhJKY73zHr,13,Lìllith,Warlock,Shinier,2437506.0
XvwLCVdhJKY73zHr,13,Littlejohn,DeathKnight,Littlejohn,2489715.0
XvwLCVdhJKY73zHr,13,Decayed,DeathKnight,Littlejohn,29068.0
XvwLCVdhJKY73zHr,13,Grapeinator,Paladin,Littlejohn,22360.0
XvwLCVdhJKY73zHr,13,Shinier,Paladin,Littlejohn,17960.0
XvwLCVdhJKY73zHr,13,Boomchicky,Hunter,Boomchicky,883939.0
XvwLCVdhJKY73zHr,13,Greyseer,Hunter,Greyseer,601115.0
XvwLCVdhJKY73zHr,13,Shinier,Paladin,Greyseer,16103.0
XvwLCVdhJKY73zHr,13,Sinfxl,Mage,Sinfxl,1784655.0
XvwLCVdhJKY73zHr,13,Mypriiest,Priest,Sinfxl,88328.0
XvwLCVdhJKY73zHr,13,Chontosh,Paladin,Sinfxl,44164.0
XvwLCVdhJKY73zHr,13,Mypriiest,Priest,Mypriiest,2471868.0
XvwLCVdhJKY73zHr,13,Novachronos,Mage,Mypriiest,2319698.0
XvwLCVdhJKY73zHr,13,Sälazar,Mage,Mypriiest,2136776.0
XvwLCVdhJKY73zHr,13,Ämon,Druid,Mypriiest,1694787.0
XvwLCVdhJKY73zHr,13,Averlis,Druid,Mypriiest,1588435.0
XvwLCVdhJKY73zHr,13,Maztajake,Druid,Maztajake,32249.0
XvwLCVdhJKY73zHr,13,Grapeinator,Paladin,Grapeinator,1201029.0
XvwLCVdhJKY73zHr,13,Asharia,DemonHunter,Grapeinator,83126.0
XvwLCVdhJKY73zHr,13,Littlejohn,DeathKnight,Grapeinator,78249.0
XvwLCVdhJKY73zHr,13,Averlis,Druid,Grapeinator,77045.0
XvwLCVdhJKY73zHr,13,Shinier,Paladin,Grapeinator,76645.0
XvwLCVdhJKY73zHr,13,Cainz,Rogue,Cainz,1505105.0
XvwLCVdhJKY73zHr,13,Grapeinator,Paladin,Cainz,17798.0
XvwLCVdhJKY73zHr,13,Novachronos,Mage,Novachronos,1682626.0
XvwLCVdhJKY73zHr,13,Ämon,Druid,Ämon,517984.0
XvwLCVdhJKY73zHr,13,Sälazar,Mage,Sälazar,2017703.0
XvwLCVdhJKY73zHr,13,Averlis,Druid,Averlis,107993.0
XvwLCVdhJKY73zHr,14,Soliloquy,Priest,Soliloquy,2392324.0
XvwLCVdhJKY73zHr,14,Sinfxl,Mage,Soliloquy,66578.0
XvwLCVdhJKY73zHr,14,Ämon,Druid,Soliloquy,58581.0
XvwLCVdhJKY73zHr,14,Spàdes,Warrior,Spàdes,1259856.0
XvwLCVdhJKY73zHr,14,Monfro,Hunter,Monfro,974893.0
XvwLCVdhJKY73zHr,14,Stellanoova,Monk,Stellanoova,5582907.0
XvwLCVdhJKY73zHr,14,Cainz,Rogue,Stellanoova,283623.0
XvwLCVdhJKY73zHr,14,Decayed,DeathKnight,Stellanoova,259724.0
XvwLCVdhJKY73zHr,14,Tavendar,Paladin,Stellanoova,156251.0
XvwLCVdhJKY73zHr,14,Asharia,DemonHunter,Asharia,2662278.0
XvwLCVdhJKY73zHr,14,Shinier,Paladin,Asharia,16301.0
XvwLCVdhJKY73zHr,14,Sälazar,Mage,Asharia,10373.0
XvwLCVdhJKY73zHr,14,Decayed,DeathKnight,Decayed,11625014.0
XvwLCVdhJKY73zHr,14,Stellanoova,Monk,Chontosh,2906303.0
XvwLCVdhJKY73zHr,14,Chontosh,Paladin,Chontosh,2017305.0
XvwLCVdhJKY73zHr,14,Mets,Hunter,Chontosh,1737421.0
XvwLCVdhJKY73zHr,14,Sinfxl,Mage,Chontosh,1585721.0
XvwLCVdhJKY73zHr,14,Decayed,DeathKnight,Chontosh,1578224.0
XvwLCVdhJKY73zHr,14,Mets,Hunter,Mets,61210.0
XvwLCVdhJKY73zHr,14,Greyseer,Hunter,Tavendar,3177384.0
XvwLCVdhJKY73zHr,14,Mets,Hunter,Tavendar,2146810.0
XvwLCVdhJKY73zHr,14,Decayed,DeathKnight,Tavendar,1646977.0
XvwLCVdhJKY73zHr,14,Lìllith,Warlock,Tavendar,1548796.0
XvwLCVdhJKY73zHr,14,Ämon,Druid,Tavendar,1522119.0
XvwLCVdhJKY73zHr,14,Lìllith,Warlock,Lìllith,2099251.0
XvwLCVdhJKY73zHr,14,Soliloquy,Priest,Lìllith,11844.0
XvwLCVdhJKY73zHr,14,Shinier,Paladin,Shinier,4063428.0
XvwLCVdhJKY73zHr,14,Monfro,Hunter,Shinier,3601499.0
XvwLCVdhJKY73zHr,14,Littlejohn,DeathKnight,Shinier,3389525.0
XvwLCVdhJKY73zHr,14,Decayed,DeathKnight,Shinier,3176093.0
XvwLCVdhJKY73zHr,14,Sälazar,Mage,Shinier,2914357.0
XvwLCVdhJKY73zHr,14,Littlejohn,DeathKnight,Littlejohn,2839485.0
XvwLCVdhJKY73zHr,14,Decayed,DeathKnight,Littlejohn,61885.0
XvwLCVdhJKY73zHr,14,Stellanoova,Monk,Littlejohn,50333.0
XvwLCVdhJKY73zHr,14,Spàdes,Warrior,Littlejohn,21900.0
XvwLCVdhJKY73zHr,14,Grapeinator,Paladin,Littlejohn,20460.0
XvwLCVdhJKY73zHr,14,Boomchicky,Hunter,Boomchicky,901132.0
XvwLCVdhJKY73zHr,14,Greyseer,Hunter,Greyseer,214383.0
XvwLCVdhJKY73zHr,14,Sinfxl,Mage,Sinfxl,1554722.0
XvwLCVdhJKY73zHr,14,Shinier,Paladin,Sinfxl,44164.0
XvwLCVdhJKY73zHr,14,Mypriiest,Priest,Mypriiest,3186874.0
XvwLCVdhJKY73zHr,14,Chontosh,Paladin,Mypriiest,2612909.0
XvwLCVdhJKY73zHr,14,Soliloquy,Priest,Mypriiest,2312016.0
XvwLCVdhJKY73zHr,14,Lìllith,Warlock,Mypriiest,1927514.0
XvwLCVdhJKY73zHr,14,Mets,Hunter,Mypriiest,1688701.0
XvwLCVdhJKY73zHr,14,Maztajake,Druid,Maztajake,285014.0
XvwLCVdhJKY73zHr,14,Grapeinator,Paladin,Grapeinator,887113.0
XvwLCVdhJKY73zHr,14,Averlis,Druid,Grapeinator,75592.0
XvwLCVdhJKY73zHr,14,Maztajake,Druid,Grapeinator,71631.0
XvwLCVdhJKY73zHr,14,Monfro,Hunter,Grapeinator,64078.0
XvwLCVdhJKY73zHr,14,Shinier,Paladin,Grapeinator,57826.0
XvwLCVdhJKY73zHr,14,Cainz,Rogue,Cainz,2004074.0
XvwLCVdhJKY73zHr,14,Novachronos,Mage,Novachronos,1683749.0
XvwLCVdhJKY73zHr,14,Ämon,Druid,Ämon,884702.0
XvwLCVdhJKY73zHr,14,Mets,Hunter,Ämon,16799.0
XvwLCVdhJKY73zHr,14,Sälazar,Mage,Sälazar,2069477.0
XvwLCVdhJKY73zHr,14,Averlis,Druid,Averlis,391631.0
XvwLCVdhJKY73zHr,15,Soliloquy,Priest,Soliloquy,2472819.0
XvwLCVdhJKY73zHr,15,Shinier,Paladin,Soliloquy,123203.0
XvwLCVdhJKY73zHr,15,Grapeinator,Paladin,Soliloquy,114759.0
XvwLCVdhJKY73zHr,15,Chontosh,Paladin,Soliloquy,107236.0
XvwLCVdhJKY73zHr,15,Tavendar,Paladin,Soliloquy,100403.0
XvwLCVdhJKY73zHr,15,Spàdes,Warrior,Spàdes,2385714.0
XvwLCVdhJKY73zHr,15,Monfro,Hunter,Monfro,70937.0
XvwLCVdhJKY73zHr,15,Asharia,DemonHunter,Asharia,4463068.0
XvwLCVdhJKY73zHr,15,Averlis,Druid,Asharia,33927.0
XvwLCVdhJKY73zHr,15,Mypriiest,Priest,Asharia,26085.0
XvwLCVdhJKY73zHr,15,Sälazar,Mage,Asharia,20769.0
XvwLCVdhJKY73zHr,15,Chontosh,Paladin,Asharia,16293.0
XvwLCVdhJKY73zHr,15,Stellanoova,Monk,Stellanoova,6685855.0
XvwLCVdhJKY73zHr,15,Decayed,DeathKnight,Stellanoova,433880.0
XvwLCVdhJKY73zHr,15,Mets,Hunter,Stellanoova,417599.0
XvwLCVdhJKY73zHr,15,Cainz,Rogue,Stellanoova,358018.0
XvwLCVdhJKY73zHr,15,Decayed,DeathKnight,Decayed,7945635.0
XvwLCVdhJKY73zHr,15,Novachronos,Mage,Decayed,17776.0
XvwLCVdhJKY73zHr,15,Cainz,Rogue,Decayed,14817.0
XvwLCVdhJKY73zHr,15,Ämon,Druid,Chontosh,2619561.0
XvwLCVdhJKY73zHr,15,Tavendar,Paladin,Chontosh,2342449.0
XvwLCVdhJKY73zHr,15,Chontosh,Paladin,Chontosh,2284463.0
XvwLCVdhJKY73zHr,15,Mets,Hunter,Chontosh,2083466.0
XvwLCVdhJKY73zHr,15,Grapeinator,Paladin,Chontosh,2065219.0
XvwLCVdhJKY73zHr,15,Mets,Hunter,Mets,44192.0
XvwLCVdhJKY73zHr,15,Greyseer,Hunter,Tavendar,3471177.0
XvwLCVdhJKY73zHr,15,Tavendar,Paladin,Tavendar,3010569.0
XvwLCVdhJKY73zHr,15,Sinfxl,Mage,Tavendar,2412639.0
XvwLCVdhJKY73zHr,15,Mets,Hunter,Tavendar,2377149.0
XvwLCVdhJKY73zHr,15,Grapeinator,Paladin,Tavendar,2289835.0
XvwLCVdhJKY73zHr,15,Lìllith,Warlock,Lìllith,871810.0
XvwLCVdhJKY73zHr,15,Mypriiest,Priest,Lìllith,16301.0
XvwLCVdhJKY73zHr,15,Shinier,Paladin,Shinier,6110484.0
XvwLCVdhJKY73zHr,15,Spàdes,Warrior,Shinier,4679570.0
XvwLCVdhJKY73zHr,15,Maztajake,Druid,Shinier,3760624.0
XvwLCVdhJKY73zHr,15,Boomchicky,Hunter,Shinier,3376848.0
XvwLCVdhJKY73zHr,15,Tavendar,Paladin,Shinier,3360111.0
XvwLCVdhJKY73zHr,15,Littlejohn,DeathKnight,Littlejohn,1439083.0
XvwLCVdhJKY73zHr,15,Shinier,Paladin,Littlejohn,19004.0
XvwLCVdhJKY73zHr,15,Grapeinator,Paladin,Littlejohn,19004.0
XvwLCVdhJKY73zHr,15,Boomchicky,Hunter,Boomchicky,1693023.0
XvwLCVdhJKY73zHr,15,Greyseer,Hunter,Greyseer,518145.0
XvwLCVdhJKY73zHr,15,Shinier,Paladin,Greyseer,17029.0
XvwLCVdhJKY73zHr,15,Sinfxl,Mage,Sinfxl,2666448.0
XvwLCVdhJKY73zHr,15,Tavendar,Paladin,Sinfxl,164850.0
XvwLCVdhJKY73zHr,15,Chontosh,Paladin,Sinfxl,44164.0
XvwLCVdhJKY73zHr,15,Greyseer,Hunter,Sinfxl,7099.0
XvwLCVdhJKY73zHr,15,Mypriiest,Priest,Mypriiest,10039714.0
XvwLCVdhJKY73zHr,15,Soliloquy,Priest,Mypriiest,2603631.0
XvwLCVdhJKY73zHr,15,Averlis,Druid,Mypriiest,2378631.0
XvwLCVdhJKY73zHr,15,Ämon,Druid,Mypriiest,2349328.0
XvwLCVdhJKY73zHr,15,Greyseer,Hunter,Mypriiest,2117205.0
XvwLCVdhJKY73zHr,15,Maztajake,Druid,Maztajake,850309.0
XvwLCVdhJKY73zHr,15,Grapeinator,Paladin,Grapeinator,1787430.0
XvwLCVdhJKY73zHr,15,Boomchicky,Hunter,Grapeinator,167439.0
XvwLCVdhJKY73zHr,15,Spàdes,Warrior,Grapeinator,157013.0
XvwLCVdhJKY73zHr,15,Shinier,Paladin,Grapeinator,136950.0
XvwLCVdhJKY73zHr,15,Averlis,Druid,Grapeinator,104132.0
XvwLCVdhJKY73zHr,15,Cainz,Rogue,Cainz,2858244.0
XvwLCVdhJKY73zHr,15,Spàdes,Warrior,Cainz,18329.0
XvwLCVdhJKY73zHr,15,Sinfxl,Mage,Cainz,18181.0
XvwLCVdhJKY73zHr,15,Tavendar,Paladin,Cainz,14089.0
XvwLCVdhJKY73zHr,15,Novachronos,Mage,Novachronos,1111784.0
XvwLCVdhJKY73zHr,15,Ämon,Druid,Ämon,1318671.0
XvwLCVdhJKY73zHr,15,Chontosh,Paladin,Ämon,392732.0
XvwLCVdhJKY73zHr,15,Greyseer,Hunter,Ämon,362813.0
XvwLCVdhJKY73zHr,15,Mets,Hunter,Ämon,236004.0
XvwLCVdhJKY73zHr,15,Soliloquy,Priest,Ämon,207649.0
XvwLCVdhJKY73zHr,15,Sälazar,Mage,Sälazar,1332778.0
XvwLCVdhJKY73zHr,15,Averlis,Druid,Averlis,1481760.0
XvwLCVdhJKY73zHr,15,Maztajake,Druid,Averlis,450839.0
XvwLCVdhJKY73zHr,15,Boomchicky,Hunter,Averlis,411989.0
XvwLCVdhJKY73zHr,15,Stellanoova,Monk,Averlis,353055.0
XvwLCVdhJKY73zHr,15,Grapeinator,Paladin,Averlis,330643.0
XvwLCVdhJKY73zHr,16,Soliloquy,Priest,Soliloquy,1413547.0
XvwLCVdhJKY73zHr,16,Decayed,DeathKnight,Soliloquy,135857.0
XvwLCVdhJKY73zHr,16,Mets,Hunter,Soliloquy,119661.0
XvwLCVdhJKY73zHr,16,Tavendar,Paladin,Soliloquy,102360.0
XvwLCVdhJKY73zHr,16,Shinier,Paladin,Soliloquy,99314.0
XvwLCVdhJKY73zHr,16,Spàdes,Warrior,Spàdes,806099.0
XvwLCVdhJKY73zHr,16,Monfro,Hunter,Monfro,65039.0
XvwLCVdhJKY73zHr,16,Stellanoova,Monk,Stellanoova,1848092.0
XvwLCVdhJKY73zHr,16,Cainz,Rogue,Stellanoova,349572.0
XvwLCVdhJKY73zHr,16,Decayed,DeathKnight,Stellanoova,245876.0
XvwLCVdhJKY73zHr,16,Novachronos,Mage,Stellanoova,51738.0
XvwLCVdhJKY73zHr,16,Littlejohn,DeathKnight,Stellanoova,32368.0
XvwLCVdhJKY73zHr,16,Asharia,DemonHunter,Asharia,1845754.0
XvwLCVdhJKY73zHr,16,Shinier,Paladin,Asharia,15896.0
XvwLCVdhJKY73zHr,16,Sinfxl,Mage,Asharia,11849.0
XvwLCVdhJKY73zHr,16,Decayed,DeathKnight,Decayed,5271223.0
XvwLCVdhJKY73zHr,16,Cainz,Rogue,Decayed,17766.0
XvwLCVdhJKY73zHr,16,Chontosh,Paladin,Chontosh,586158.0
XvwLCVdhJKY73zHr,16,Cainz,Rogue,Chontosh,110316.0
XvwLCVdhJKY73zHr,16,Greyseer,Hunter,Chontosh,90752.0
XvwLCVdhJKY73zHr,16,Sinfxl,Mage,Chontosh,69051.0
XvwLCVdhJKY73zHr,16,Ämon,Druid,Chontosh,62343.0
XvwLCVdhJKY73zHr,16,Mets,Hunter,Mets,270618.0
XvwLCVdhJKY73zHr,16,Tavendar,Paladin,Tavendar,1583980.0
XvwLCVdhJKY73zHr,16,Sinfxl,Mage,Tavendar,1477641.0
XvwLCVdhJKY73zHr,16,Grapeinator,Paladin,Tavendar,1266254.0
XvwLCVdhJKY73zHr,16,Cainz,Rogue,Tavendar,1052905.0
XvwLCVdhJKY73zHr,16,Greyseer,Hunter,Tavendar,1026702.0
XvwLCVdhJKY73zHr,16,Lìllith,Warlock,Lìllith,1125438.0
XvwLCVdhJKY73zHr,16,Littlejohn,DeathKnight,Lìllith,17790.0
XvwLCVdhJKY73zHr,16,Averlis,Druid,Shinier,3610651.0
XvwLCVdhJKY73zHr,16,Sälazar,Mage,Shinier,3499793.0
XvwLCVdhJKY73zHr,16,Monfro,Hunter,Shinier,2553588.0
XvwLCVdhJKY73zHr,16,Shinier,Paladin,Shinier,2248522.0
XvwLCVdhJKY73zHr,16,Littlejohn,DeathKnight,Shinier,2003573.0
XvwLCVdhJKY73zHr,16,Littlejohn,DeathKnight,Littlejohn,2286785.0
XvwLCVdhJKY73zHr,16,Asharia,DemonHunter,Littlejohn,40731.0
XvwLCVdhJKY73zHr,16,Spàdes,Warrior,Littlejohn,22771.0
XvwLCVdhJKY73zHr,16,Shinier,Paladin,Littlejohn,18091.0
XvwLCVdhJKY73zHr,16,Boomchicky,Hunter,Littlejohn,18091.0
XvwLCVdhJKY73zHr,16,Boomchicky,Hunter,Boomchicky,409724.0
XvwLCVdhJKY73zHr,16,Greyseer,Hunter,Greyseer,76341.0
XvwLCVdhJKY73zHr,16,Sinfxl,Mage,Sinfxl,1561338.0
XvwLCVdhJKY73zHr,16,Tavendar,Paladin,Sinfxl,44164.0
XvwLCVdhJKY73zHr,16,Mypriiest,Priest,Sinfxl,44164.0
XvwLCVdhJKY73zHr,16,Mypriiest,Priest,Mypriiest,2898677.0
XvwLCVdhJKY73zHr,16,Ämon,Druid,Mypriiest,2248447.0
XvwLCVdhJKY73zHr,16,Mets,Hunter,Mypriiest,2019839.0
XvwLCVdhJKY73zHr,16,Spàdes,Warrior,Mypriiest,1831922.0
XvwLCVdhJKY73zHr,16,Boomchicky,Hunter,Mypriiest,1341022.0
XvwLCVdhJKY73zHr,16,Grapeinator,Paladin,Grapeinator,632084.0
XvwLCVdhJKY73zHr,16,Averlis,Druid,Grapeinator,67642.0
XvwLCVdhJKY73zHr,16,Spàdes,Warrior,Grapeinator,54543.0
XvwLCVdhJKY73zHr,16,Monfro,Hunter,Grapeinator,52386.0
XvwLCVdhJKY73zHr,16,Asharia,DemonHunter,Grapeinator,52356.0
XvwLCVdhJKY73zHr,16,Cainz,Rogue,Cainz,2761003.0
XvwLCVdhJKY73zHr,16,Lìllith,Warlock,Cainz,16313.0
XvwLCVdhJKY73zHr,16,Averlis,Druid,Cainz,16194.0
XvwLCVdhJKY73zHr,16,Novachronos,Mage,Novachronos,604528.0
XvwLCVdhJKY73zHr,16,Ämon,Druid,Ämon,432648.0
XvwLCVdhJKY73zHr,16,Sälazar,Mage,Sälazar,1457320.0
XvwLCVdhJKY73zHr,16,Averlis,Druid,Averlis,447908.0
XvwLCVdhJKY73zHr,16,Sälazar,Mage,Averlis,17512.0
XvwLCVdhJKY73zHr,17,Soliloquy,Priest,Soliloquy,1787022.0
XvwLCVdhJKY73zHr,17,Mets,Hunter,Soliloquy,73366.0
XvwLCVdhJKY73zHr,17,Boomchicky,Hunter,Soliloquy,65080.0
XvwLCVdhJKY73zHr,17,Spàdes,Warrior,Spàdes,2014146.0
XvwLCVdhJKY73zHr,17,Monfro,Hunter,Monfro,107075.0
XvwLCVdhJKY73zHr,17,Stellanoova,Monk,Stellanoova,4599159.0
XvwLCVdhJKY73zHr,17,Decayed,DeathKnight,Stellanoova,305372.0
XvwLCVdhJKY73zHr,17,Cainz,Rogue,Stellanoova,270013.0
XvwLCVdhJKY73zHr,17,Tavendar,Paladin,Stellanoova,183335.0
XvwLCVdhJKY73zHr,17,Greyseer,Hunter,Stellanoova,183076.0
XvwLCVdhJKY73zHr,17,Asharia,DemonHunter,Asharia,3149412.0
XvwLCVdhJKY73zHr,17,Greyseer,Hunter,Asharia,17783.0
XvwLCVdhJKY73zHr,17,Chontosh,Paladin,Asharia,17782.0
XvwLCVdhJKY73zHr,17,Grapeinator,Paladin,Asharia,15834.0
XvwLCVdhJKY73zHr,17,Cainz,Rogue,Asharia,14227.0
XvwLCVdhJKY73zHr,17,Decayed,DeathKnight,Decayed,8427651.0
XvwLCVdhJKY73zHr,17,Greyseer,Hunter,Chontosh,2294822.0
XvwLCVdhJKY73zHr,17,Grapeinator,Paladin,Chontosh,1827340.0
XvwLCVdhJKY73zHr,17,Mypriiest,Priest,Chontosh,1630624.0
XvwLCVdhJKY73zHr,17,Chontosh,Paladin,Chontosh,1614258.0
XvwLCVdhJKY73zHr,17,Spàdes,Warrior,Chontosh,1610743.0
XvwLCVdhJKY73zHr,17,Mets,Hunter,Mets,383958.0
XvwLCVdhJKY73zHr,17,Sinfxl,Mage,Mets,5603.0
XvwLCVdhJKY73zHr,17,Tavendar,Paladin,Tavendar,3643453.0
XvwLCVdhJKY73zHr,17,Mets,Hunter,Tavendar,1986035.0
XvwLCVdhJKY73zHr,17,Decayed,DeathKnight,Tavendar,1983025.0
XvwLCVdhJKY73zHr,17,Sälazar,Mage,Tavendar,1500787.0
XvwLCVdhJKY73zHr,17,Ämon,Druid,Tavendar,1336474.0
XvwLCVdhJKY73zHr,17,Lìllith,Warlock,Lìllith,2230933.0
XvwLCVdhJKY73zHr,17,Sälazar,Mage,Lìllith,16317.0
XvwLCVdhJKY73zHr,17,Cainz,Rogue,Lìllith,10975.0
XvwLCVdhJKY73zHr,17,Sinfxl,Mage,Lìllith,9640.0
XvwLCVdhJKY73zHr,17,Shinier,Paladin,Shinier,3702174.0
XvwLCVdhJKY73zHr,17,Chontosh,Paladin,Shinier,3200668.0
XvwLCVdhJKY73zHr,17,Boomchicky,Hunter,Shinier,2839218.0
XvwLCVdhJKY73zHr,17,Sälazar,Mage,Shinier,2406979.0
XvwLCVdhJKY73zHr,17,Spàdes,Warrior,Shinier,2378172.0
XvwLCVdhJKY73zHr,17,Littlejohn,DeathKnight,Littlejohn,2770270.0
XvwLCVdhJKY73zHr,17,Stellanoova,Monk,Littlejohn,29896.0
XvwLCVdhJKY73zHr,17,Spàdes,Warrior,Littlejohn,23190.0
XvwLCVdhJKY73zHr,17,Cainz,Rogue,Littlejohn,18858.0
XvwLCVdhJKY73zHr,17,Sälazar,Mage,Littlejohn,11969.0
XvwLCVdhJKY73zHr,17,Boomchicky,Hunter,Boomchicky,1526749.0
XvwLCVdhJKY73zHr,17,Greyseer,Hunter,Greyseer,167917.0
XvwLCVdhJKY73zHr,17,Sinfxl,Mage,Sinfxl,1747455.0
XvwLCVdhJKY73zHr,17,Shinier,Paladin,Sinfxl,108596.0
XvwLCVdhJKY73zHr,17,Chontosh,Paladin,Sinfxl,88328.0
XvwLCVdhJKY73zHr,17,Tavendar,Paladin,Sinfxl,44164.0
XvwLCVdhJKY73zHr,17,Monfro,Hunter,Mypriiest,3342658.0
XvwLCVdhJKY73zHr,17,Averlis,Druid,Mypriiest,2558736.0
XvwLCVdhJKY73zHr,17,Mypriiest,Priest,Mypriiest,2474054.0
XvwLCVdhJKY73zHr,17,Lìllith,Warlock,Mypriiest,2200359.0
XvwLCVdhJKY73zHr,17,Asharia,DemonHunter,Mypriiest,1933108.0
XvwLCVdhJKY73zHr,17,Grapeinator,Paladin,Grapeinator,1799142.0
XvwLCVdhJKY73zHr,17,Boomchicky,Hunter,Grapeinator,135260.0
XvwLCVdhJKY73zHr,17,Sälazar,Mage,Grapeinator,114876.0
XvwLCVdhJKY73zHr,17,Littlejohn,DeathKnight,Grapeinator,114302.0
XvwLCVdhJKY73zHr,17,Spàdes,Warrior,Grapeinator,94515.0
XvwLCVdhJKY73zHr,17,Cainz,Rogue,Cainz,2476939.0
XvwLCVdhJKY73zHr,17,Sälazar,Mage,Cainz,32610.0
XvwLCVdhJKY73zHr,17,Novachronos,Mage,Novachronos,2282322.0
XvwLCVdhJKY73zHr,17,Averlis,Druid,Novachronos,8854.0
XvwLCVdhJKY73zHr,17,Ämon,Druid,Ämon,918401.0
XvwLCVdhJKY73zHr,17,Spàdes,Warrior,Ämon,15729.0
XvwLCVdhJKY73zHr,17,Sälazar,Mage,Sälazar,2182458.0
XvwLCVdhJKY73zHr,17,Averlis,Druid,Averlis,751427.0
XvwLCVdhJKY73zHr,18,Soliloquy,Priest,Soliloquy,1961136.0
XvwLCVdhJKY73zHr,18,Littlejohn,DeathKnight,Soliloquy,98610.0
XvwLCVdhJKY73zHr,18,Shinier,Paladin,Soliloquy,88609.0
XvwLCVdhJKY73zHr,18,Spàdes,Warrior,Spàdes,1641632.0
XvwLCVdhJKY73zHr,18,Monfro,Hunter,Monfro,711552.0
XvwLCVdhJKY73zHr,18,Stellanoova,Monk,Stellanoova,4282810.0
XvwLCVdhJKY73zHr,18,Decayed,DeathKnight,Stellanoova,594123.0
XvwLCVdhJKY73zHr,18,Cainz,Rogue,Stellanoova,267017.0
XvwLCVdhJKY73zHr,18,Boomchicky,Hunter,Stellanoova,150948.0
XvwLCVdhJKY73zHr,18,Novachronos,Mage,Stellanoova,139940.0
XvwLCVdhJKY73zHr,18,Asharia,DemonHunter,Asharia,1783032.0
XvwLCVdhJKY73zHr,18,Sälazar,Mage,Asharia,17803.0
XvwLCVdhJKY73zHr,18,Decayed,DeathKnight,Decayed,7048739.0
XvwLCVdhJKY73zHr,18,Cainz,Rogue,Decayed,15558.0
XvwLCVdhJKY73zHr,18,Grapeinator,Paladin,Decayed,15553.0
XvwLCVdhJKY73zHr,18,Chontosh,Paladin,Chontosh,3336622.0
XvwLCVdhJKY73zHr,18,Decayed,DeathKnight,Chontosh,2468066.0
XvwLCVdhJKY73zHr,18,Tavendar,Paladin,Chontosh,1861595.0
XvwLCVdhJKY73zHr,18,Greyseer,Hunter,Chontosh,1816657.0
XvwLCVdhJKY73zHr,18,Sinfxl,Mage,Chontosh,1767606.0
XvwLCVdhJKY73zHr,18,Mets,Hunter,Mets,13721.0
XvwLCVdhJKY73zHr,18,Tavendar,Paladin,Tavendar,3080741.0
XvwLCVdhJKY73zHr,18,Mets,Hunter,Tavendar,2135779.0
XvwLCVdhJKY73zHr,18,Greyseer,Hunter,Tavendar,1937542.0
XvwLCVdhJKY73zHr,18,Sinfxl,Mage,Tavendar,1579348.0
XvwLCVdhJKY73zHr,18,Cainz,Rogue,Tavendar,1543301.0
XvwLCVdhJKY73zHr,18,Lìllith,Warlock,Lìllith,2340555.0
XvwLCVdhJKY73zHr,18,Sälazar,Mage,Lìllith,17778.0
XvwLCVdhJKY73zHr,18,Sinfxl,Mage,Lìllith,10364.0
XvwLCVdhJKY73zHr,18,Shinier,Paladin,Shinier,4506036.0
XvwLCVdhJKY73zHr,18,Averlis,Druid,Shinier,3684406.0
XvwLCVdhJKY73zHr,18,Monfro,Hunter,Shinier,2975311.0
XvwLCVdhJKY73zHr,18,Novachronos,Mage,Shinier,2479707.0
XvwLCVdhJKY73zHr,18,Grapeinator,Paladin,Shinier,2335806.0
XvwLCVdhJKY73zHr,18,Littlejohn,DeathKnight,Littlejohn,2893929.0
XvwLCVdhJKY73zHr,18,Boomchicky,Hunter,Littlejohn,40025.0
XvwLCVdhJKY73zHr,18,Ämon,Druid,Littlejohn,23258.0
XvwLCVdhJKY73zHr,18,Spàdes,Warrior,Littlejohn,23258.0
XvwLCVdhJKY73zHr,18,Grapeinator,Paladin,Littlejohn,20688.0
XvwLCVdhJKY73zHr,18,Boomchicky,Hunter,Boomchicky,868837.0
XvwLCVdhJKY73zHr,18,Greyseer,Hunter,Greyseer,512483.0
XvwLCVdhJKY73zHr,18,Littlejohn,DeathKnight,Greyseer,17771.0
XvwLCVdhJKY73zHr,18,Ämon,Druid,Greyseer,6050.0
XvwLCVdhJKY73zHr,18,Sinfxl,Mage,Sinfxl,1970264.0
XvwLCVdhJKY73zHr,18,Tavendar,Paladin,Sinfxl,44164.0
XvwLCVdhJKY73zHr,18,Mypriiest,Priest,Sinfxl,44164.0
XvwLCVdhJKY73zHr,18,Mypriiest,Priest,Mypriiest,6404614.0
XvwLCVdhJKY73zHr,18,Monfro,Hunter,Mypriiest,3023923.0
XvwLCVdhJKY73zHr,18,Chontosh,Paladin,Mypriiest,2080057.0
XvwLCVdhJKY73zHr,18,Spàdes,Warrior,Mypriiest,2035937.0
XvwLCVdhJKY73zHr,18,Greyseer,Hunter,Mypriiest,2000885.0
XvwLCVdhJKY73zHr,18,Grapeinator,Paladin,Grapeinator,1668503.0
XvwLCVdhJKY73zHr,18,Monfro,Hunter,Grapeinator,124493.0
XvwLCVdhJKY73zHr,18,Spàdes,Warrior,Grapeinator,119201.0
XvwLCVdhJKY73zHr,18,Novachronos,Mage,Grapeinator,100060.0
XvwLCVdhJKY73zHr,18,Averlis,Druid,Grapeinator,98551.0
XvwLCVdhJKY73zHr,18,Cainz,Rogue,Cainz,1754387.0
XvwLCVdhJKY73zHr,18,Novachronos,Mage,Novachronos,1949145.0
XvwLCVdhJKY73zHr,18,Ämon,Druid,Ämon,586523.0
XvwLCVdhJKY73zHr,18,Sälazar,Mage,Sälazar,1734941.0
XvwLCVdhJKY73zHr,18,Averlis,Druid,Averlis,429617.0
XvwLCVdhJKY73zHr,19,Soliloquy,Priest,Soliloquy,3855970.0
XvwLCVdhJKY73zHr,19,Novachronos,Mage,Soliloquy,319355.0
XvwLCVdhJKY73zHr,19,Spàdes,Warrior,Soliloquy,222326.0
XvwLCVdhJKY73zHr,19,Tavendar,Paladin,Soliloquy,193638.0
XvwLCVdhJKY73zHr,19,Asharia,DemonHunter,Soliloquy,167504.0
XvwLCVdhJKY73zHr,19,Spàdes,Warrior,Spàdes,2348089.0
XvwLCVdhJKY73zHr,19,Monfro,Hunter,Monfro,1987748.0
XvwLCVdhJKY73zHr,19,Littlejohn,DeathKnight,Monfro,16775.0
XvwLCVdhJKY73zHr,19,Stellanoova,Monk,Stellanoova,12176061.0
XvwLCVdhJKY73zHr,19,Cainz,Rogue,Stellanoova,1015721.0
XvwLCVdhJKY73zHr,19,Decayed,DeathKnight,Stellanoova,499431.0
XvwLCVdhJKY73zHr,19,Sinfxl,Mage,Stellanoova,358492.0
XvwLCVdhJKY73zHr,19,Asharia,DemonHunter,Asharia,10195960.0
XvwLCVdhJKY73zHr,19,Sälazar,Mage,Asharia,136273.0
XvwLCVdhJKY73zHr,19,Chontosh,Paladin,Asharia,57225.0
XvwLCVdhJKY73zHr,19,Littlejohn,DeathKnight,Asharia,56904.0
XvwLCVdhJKY73zHr,19,Greyseer,Hunter,Asharia,50376.0
XvwLCVdhJKY73zHr,19,Decayed,DeathKnight,Decayed,39193537.0
XvwLCVdhJKY73zHr,19,Chontosh,Paladin,Decayed,292192.0
XvwLCVdhJKY73zHr,19,Cainz,Rogue,Decayed,13352.0
XvwLCVdhJKY73zHr,19,Shinier,Paladin,Chontosh,5614189.0
XvwLCVdhJKY73zHr,19,Chontosh,Paladin,Chontosh,5444709.0
XvwLCVdhJKY73zHr,19,Decayed,DeathKnight,Chontosh,5222655.0
XvwLCVdhJKY73zHr,19,Lìllith,Warlock,Chontosh,4743770.0
XvwLCVdhJKY73zHr,19,Grapeinator,Paladin,Chontosh,4447774.0
XvwLCVdhJKY73zHr,19,Mets,Hunter,Mets,551851.0
XvwLCVdhJKY73zHr,19,Cainz,Rogue,Mets,17892.0
XvwLCVdhJKY73zHr,19,Tavendar,Paladin,Tavendar,77097885.0
XvwLCVdhJKY73zHr,19,Decayed,DeathKnight,Tavendar,8753312.0
XvwLCVdhJKY73zHr,19,Cainz,Rogue,Tavendar,5797037.0
XvwLCVdhJKY73zHr,19,Grapeinator,Paladin,Tavendar,5577610.0
XvwLCVdhJKY73zHr,19,Mets,Hunter,Tavendar,5369635.0
XvwLCVdhJKY73zHr,19,Lìllith,Warlock,Lìllith,5517063.0
XvwLCVdhJKY73zHr,19,Monfro,Hunter,Lìllith,17778.0
XvwLCVdhJKY73zHr,19,Mypriiest,Priest,Lìllith,17776.0
XvwLCVdhJKY73zHr,19,Shinier,Paladin,Lìllith,17113.0
XvwLCVdhJKY73zHr,19,Shinier,Paladin,Shinier,13257733.0
XvwLCVdhJKY73zHr,19,Monfro,Hunter,Shinier,13130792.0
XvwLCVdhJKY73zHr,19,Decayed,DeathKnight,Shinier,11783820.0
XvwLCVdhJKY73zHr,19,Sälazar,Mage,Shinier,8577703.0
XvwLCVdhJKY73zHr,19,Boomchicky,Hunter,Shinier,8461186.0
XvwLCVdhJKY73zHr,19,Littlejohn,DeathKnight,Littlejohn,9169574.0
XvwLCVdhJKY73zHr,19,Monfro,Hunter,Littlejohn,58145.0
XvwLCVdhJKY73zHr,19,Boomchicky,Hunter,Littlejohn,58119.0
XvwLCVdhJKY73zHr,19,Spàdes,Warrior,Littlejohn,40373.0
XvwLCVdhJKY73zHr,19,Grapeinator,Paladin,Littlejohn,40373.0
XvwLCVdhJKY73zHr,19,Boomchicky,Hunter,Boomchicky,4654615.0
XvwLCVdhJKY73zHr,19,Chontosh,Paladin,Boomchicky,34134.0
XvwLCVdhJKY73zHr,19,Shinier,Paladin,Boomchicky,17066.0
XvwLCVdhJKY73zHr,19,Stellanoova,Monk,Boomchicky,13891.0
XvwLCVdhJKY73zHr,19,Greyseer,Hunter,Greyseer,381800.0
XvwLCVdhJKY73zHr,19,Sinfxl,Mage,Sinfxl,5721445.0
XvwLCVdhJKY73zHr,19,Mypriiest,Priest,Sinfxl,132492.0
XvwLCVdhJKY73zHr,19,Chontosh,Paladin,Sinfxl,88328.0
XvwLCVdhJKY73zHr,19,Shinier,Paladin,Sinfxl,44164.0
XvwLCVdhJKY73zHr,19,Asharia,DemonHunter,Sinfxl,5916.0
XvwLCVdhJKY73zHr,19,Mypriiest,Priest,Mypriiest,20025858.0
XvwLCVdhJKY73zHr,19,Sälazar,Mage,Mypriiest,7454332.0
XvwLCVdhJKY73zHr,19,Monfro,Hunter,Mypriiest,6683497.0
XvwLCVdhJKY73zHr,19,Decayed,DeathKnight,Mypriiest,6248063.0
XvwLCVdhJKY73zHr,19,Boomchicky,Hunter,Mypriiest,5890869.0
XvwLCVdhJKY73zHr,19,Grapeinator,Paladin,Grapeinator,6375358.0
XvwLCVdhJKY73zHr,19,Boomchicky,Hunter,Grapeinator,67231.0
XvwLCVdhJKY73zHr,19,Sinfxl,Mage,Grapeinator,54132.0
XvwLCVdhJKY73zHr,19,Decayed,DeathKnight,Grapeinator,44858.0
XvwLCVdhJKY73zHr,19,Cainz,Rogue,Cainz,6570830.0
XvwLCVdhJKY73zHr,19,Sälazar,Mage,Cainz,20467.0
XvwLCVdhJKY73zHr,19,Chontosh,Paladin,Cainz,17798.0
XvwLCVdhJKY73zHr,19,Mets,Hunter,Cainz,17796.0
XvwLCVdhJKY73zHr,19,Novachronos,Mage,Novachronos,2973815.0
XvwLCVdhJKY73zHr,19,Mypriiest,Priest,Novachronos,17976.0
XvwLCVdhJKY73zHr,19,Ämon,Druid,Ämon,750040.0
XvwLCVdhJKY73zHr,19,Sälazar,Mage,Sälazar,9657799.0
XvwLCVdhJKY73zHr,19,Mypriiest,Priest,Sälazar,17785.0
XvwLCVdhJKY73zHr,19,Lìllith,Warlock,Sälazar,16302.0
XvwLCVdhJKY73zHr,19,Averlis,Druid,Averlis,814271.0
XvwLCVdhJKY73zHr,21,Soliloquy,Priest,Soliloquy,957338.0
XvwLCVdhJKY73zHr,21,Spàdes,Warrior,Soliloquy,81441.0
XvwLCVdhJKY73zHr,21,Shinier,Paladin,Soliloquy,70939.0
XvwLCVdhJKY73zHr,21,Grapeinator,Paladin,Soliloquy,65198.0
XvwLCVdhJKY73zHr,21,Asharia,DemonHunter,Soliloquy,64021.0
XvwLCVdhJKY73zHr,21,Spàdes,Warrior,Spàdes,823338.0
XvwLCVdhJKY73zHr,21,Monfro,Hunter,Monfro,345434.0
XvwLCVdhJKY73zHr,21,Asharia,DemonHunter,Asharia,1571918.0
XvwLCVdhJKY73zHr,21,Sinfxl,Mage,Asharia,35589.0
XvwLCVdhJKY73zHr,21,Monfro,Hunter,Asharia,17784.0
XvwLCVdhJKY73zHr,21,Stellanoova,Monk,Stellanoova,2738228.0
XvwLCVdhJKY73zHr,21,Decayed,DeathKnight,Stellanoova,125177.0
XvwLCVdhJKY73zHr,21,Cainz,Rogue,Stellanoova,38440.0
XvwLCVdhJKY73zHr,21,Decayed,DeathKnight,Decayed,2782540.0
XvwLCVdhJKY73zHr,21,Chontosh,Paladin,Chontosh,3082023.0
XvwLCVdhJKY73zHr,21,Sinfxl,Mage,Chontosh,814466.0
XvwLCVdhJKY73zHr,21,Greyseer,Hunter,Chontosh,776021.0
XvwLCVdhJKY73zHr,21,Mets,Hunter,Chontosh,764726.0
XvwLCVdhJKY73zHr,21,Asharia,DemonHunter,Chontosh,728793.0
XvwLCVdhJKY73zHr,21,Mets,Hunter,Mets,30422.0
XvwLCVdhJKY73zHr,21,Tavendar,Paladin,Tavendar,2265901.0
XvwLCVdhJKY73zHr,21,Asharia,DemonHunter,Tavendar,1394964.0
XvwLCVdhJKY73zHr,21,Decayed,DeathKnight,Tavendar,1103601.0
XvwLCVdhJKY73zHr,21,Spàdes,Warrior,Tavendar,880096.0
XvwLCVdhJKY73zHr,21,Chontosh,Paladin,Tavendar,846475.0
XvwLCVdhJKY73zHr,21,Lìllith,Warlock,Lìllith,811262.0
XvwLCVdhJKY73zHr,21,Mets,Hunter,Lìllith,17059.0
XvwLCVdhJKY73zHr,21,Averlis,Druid,Shinier,2675832.0
XvwLCVdhJKY73zHr,21,Shinier,Paladin,Shinier,2187947.0
XvwLCVdhJKY73zHr,21,Novachronos,Mage,Shinier,2106592.0
XvwLCVdhJKY73zHr,21,Monfro,Hunter,Shinier,1451959.0
XvwLCVdhJKY73zHr,21,Sälazar,Mage,Shinier,1296584.0
XvwLCVdhJKY73zHr,21,Littlejohn,DeathKnight,Littlejohn,1284869.0
XvwLCVdhJKY73zHr,21,Spàdes,Warrior,Littlejohn,20494.0
XvwLCVdhJKY73zHr,21,Boomchicky,Hunter,Littlejohn,20494.0
XvwLCVdhJKY73zHr,21,Averlis,Druid,Littlejohn,18671.0
XvwLCVdhJKY73zHr,21,Sinfxl,Mage,Littlejohn,17980.0
XvwLCVdhJKY73zHr,21,Boomchicky,Hunter,Boomchicky,1004252.0
XvwLCVdhJKY73zHr,21,Greyseer,Hunter,Greyseer,468712.0
XvwLCVdhJKY73zHr,21,Chontosh,Paladin,Greyseer,17757.0
XvwLCVdhJKY73zHr,21,Mypriiest,Priest,Greyseer,15056.0
XvwLCVdhJKY73zHr,21,Sinfxl,Mage,Greyseer,14798.0
XvwLCVdhJKY73zHr,21,Sinfxl,Mage,Sinfxl,738057.0
XvwLCVdhJKY73zHr,21,Mypriiest,Priest,Mypriiest,2426325.0
XvwLCVdhJKY73zHr,21,Monfro,Hunter,Mypriiest,1074797.0
XvwLCVdhJKY73zHr,21,Sälazar,Mage,Mypriiest,913259.0
XvwLCVdhJKY73zHr,21,Greyseer,Hunter,Mypriiest,909206.0
XvwLCVdhJKY73zHr,21,Novachronos,Mage,Mypriiest,864433.0
XvwLCVdhJKY73zHr,21,Grapeinator,Paladin,Grapeinator,981573.0
XvwLCVdhJKY73zHr,21,Sälazar,Mage,Grapeinator,17774.0
XvwLCVdhJKY73zHr,21,Monfro,Hunter,Grapeinator,16506.0
XvwLCVdhJKY73zHr,21,Spàdes,Warrior,Grapeinator,10950.0
XvwLCVdhJKY73zHr,21,Cainz,Rogue,Cainz,940803.0
XvwLCVdhJKY73zHr,21,Novachronos,Mage,Novachronos,1775505.0
XvwLCVdhJKY73zHr,21,Littlejohn,DeathKnight,Novachronos,10492.0
XvwLCVdhJKY73zHr,21,Ämon,Druid,Ämon,793828.0
XvwLCVdhJKY73zHr,21,Sälazar,Mage,Sälazar,1663587.0
XvwLCVdhJKY73zHr,21,Averlis,Druid,Averlis,519906.0
XvwLCVdhJKY73zHr,22,Soliloquy,Priest,Soliloquy,2319936.0
XvwLCVdhJKY73zHr,22,Cainz,Rogue,Soliloquy,103612.0
XvwLCVdhJKY73zHr,22,Stellanoova,Monk,Soliloquy,99430.0
XvwLCVdhJKY73zHr,22,Grapeinator,Paladin,Soliloquy,85070.0
XvwLCVdhJKY73zHr,22,Ämon,Druid,Soliloquy,83681.0
XvwLCVdhJKY73zHr,22,Spàdes,Warrior,Spàdes,907640.0
XvwLCVdhJKY73zHr,22,Monfro,Hunter,Monfro,265052.0
XvwLCVdhJKY73zHr,22,Stellanoova,Monk,Stellanoova,3916975.0
XvwLCVdhJKY73zHr,22,Cainz,Rogue,Stellanoova,322865.0
XvwLCVdhJKY73zHr,22,Decayed,DeathKnight,Stellanoova,197668.0
XvwLCVdhJKY73zHr,22,Averlis,Druid,Stellanoova,155728.0
XvwLCVdhJKY73zHr,22,Asharia,DemonHunter,Asharia,2585893.0
XvwLCVdhJKY73zHr,22,Tavendar,Paladin,Asharia,14834.0
XvwLCVdhJKY73zHr,22,Sinfxl,Mage,Asharia,10758.0
XvwLCVdhJKY73zHr,22,Decayed,DeathKnight,Decayed,10495520.0
XvwLCVdhJKY73zHr,22,Chontosh,Paladin,Chontosh,2974540.0
XvwLCVdhJKY73zHr,22,Shinier,Paladin,Chontosh,2668505.0
XvwLCVdhJKY73zHr,22,Mypriiest,Priest,Chontosh,1839445.0
XvwLCVdhJKY73zHr,22,Ämon,Druid,Chontosh,1669167.0
XvwLCVdhJKY73zHr,22,Lìllith,Warlock,Chontosh,1440096.0
XvwLCVdhJKY73zHr,22,Mets,Hunter,Mets,28794.0
XvwLCVdhJKY73zHr,22,Tavendar,Paladin,Tavendar,2392651.0
XvwLCVdhJKY73zHr,22,Sinfxl,Mage,Tavendar,1815196.0
XvwLCVdhJKY73zHr,22,Decayed,DeathKnight,Tavendar,1727822.0
XvwLCVdhJKY73zHr,22,Lìllith,Warlock,Tavendar,1632475.0
XvwLCVdhJKY73zHr,22,Greyseer,Hunter,Tavendar,1464135.0
XvwLCVdhJKY73zHr,22,Lìllith,Warlock,Lìllith,1523788.0
XvwLCVdhJKY73zHr,22,Sinfxl,Mage,Lìllith,11126.0
XvwLCVdhJKY73zHr,22,Novachronos,Mage,Lìllith,8149.0
XvwLCVdhJKY73zHr,22,Decayed,DeathKnight,Shinier,4649311.0
XvwLCVdhJKY73zHr,22,Monfro,Hunter,Shinier,4338848.0
XvwLCVdhJKY73zHr,22,Novachronos,Mage,Shinier,3913070.0
XvwLCVdhJKY73zHr,22,Littlejohn,DeathKnight,Shinier,2765325.0
XvwLCVdhJKY73zHr,22,Shinier,Paladin,Shinier,2673064.0
XvwLCVdhJKY73zHr,22,Littlejohn,DeathKnight,Littlejohn,3420880.0
XvwLCVdhJKY73zHr,22,Shinier,Paladin,Littlejohn,35996.0
XvwLCVdhJKY73zHr,22,Decayed,DeathKnight,Littlejohn,30623.0
XvwLCVdhJKY73zHr,22,Mets,Hunter,Littlejohn,23556.0
XvwLCVdhJKY73zHr,22,Mypriiest,Priest,Littlejohn,19007.0
XvwLCVdhJKY73zHr,22,Boomchicky,Hunter,Boomchicky,1193783.0
XvwLCVdhJKY73zHr,22,Greyseer,Hunter,Greyseer,418479.0
XvwLCVdhJKY73zHr,22,Mypriiest,Priest,Greyseer,2338.0
XvwLCVdhJKY73zHr,22,Sinfxl,Mage,Sinfxl,1302768.0
XvwLCVdhJKY73zHr,22,Soliloquy,Priest,Sinfxl,42877.0
XvwLCVdhJKY73zHr,22,Chontosh,Paladin,Sinfxl,42877.0
XvwLCVdhJKY73zHr,22,Tavendar,Paladin,Sinfxl,42877.0
XvwLCVdhJKY73zHr,22,Mypriiest,Priest,Mypriiest,4393218.0
XvwLCVdhJKY73zHr,22,Chontosh,Paladin,Mypriiest,3158082.0
XvwLCVdhJKY73zHr,22,Ämon,Druid,Mypriiest,2206637.0
XvwLCVdhJKY73zHr,22,Soliloquy,Priest,Mypriiest,1658992.0
XvwLCVdhJKY73zHr,22,Mets,Hunter,Mypriiest,1635536.0
XvwLCVdhJKY73zHr,22,Grapeinator,Paladin,Grapeinator,547196.0
XvwLCVdhJKY73zHr,22,Boomchicky,Hunter,Grapeinator,15882.0
XvwLCVdhJKY73zHr,22,Asharia,DemonHunter,Grapeinator,9240.0
XvwLCVdhJKY73zHr,22,Cainz,Rogue,Cainz,3285251.0
XvwLCVdhJKY73zHr,22,Novachronos,Mage,Novachronos,1840586.0
XvwLCVdhJKY73zHr,22,Ämon,Druid,Ämon,690326.0
XvwLCVdhJKY73zHr,22,Monfro,Hunter,Ämon,432804.0
XvwLCVdhJKY73zHr,22,Decayed,DeathKnight,Ämon,427931.0
XvwLCVdhJKY73zHr,22,Averlis,Druid,Ämon,412159.0
XvwLCVdhJKY73zHr,22,Boomchicky,Hunter,Ämon,109085.0
XvwLCVdhJKY73zHr,22,Sälazar,Mage,Sälazar,1779046.0
XvwLCVdhJKY73zHr,22,Averlis,Druid,Averlis,732114.0
XvwLCVdhJKY73zHr,22,Littlejohn,DeathKnight,Averlis,429794.0
XvwLCVdhJKY73zHr,22,Shinier,Paladin,Averlis,418844.0
XvwLCVdhJKY73zHr,22,Boomchicky,Hunter,Averlis,341553.0
XvwLCVdhJKY73zHr,22,Monfro,Hunter,Averlis,213783.0
XvwLCVdhJKY73zHr,3,Soliloquy,Priest,Soliloquy,6430591.0
XvwLCVdhJKY73zHr,3,Stellanoova,Monk,Soliloquy,1558926.0
XvwLCVdhJKY73zHr,3,Mets,Hunter,Soliloquy,1448279.0
XvwLCVdhJKY73zHr,3,Greyseer,Hunter,Soliloquy,1260679.0
XvwLCVdhJKY73zHr,3,Shinier,Paladin,Soliloquy,1188329.0
XvwLCVdhJKY73zHr,3,Spàdes,Warrior,Spàdes,2570940.0
XvwLCVdhJKY73zHr,3,Monfro,Hunter,Monfro,946365.0
XvwLCVdhJKY73zHr,3,Grapeinator,Paladin,Monfro,2220.0
XvwLCVdhJKY73zHr,3,Stellanoova,Monk,Stellanoova,10227546.0
XvwLCVdhJKY73zHr,3,Mypriiest,Priest,Stellanoova,186880.0
XvwLCVdhJKY73zHr,3,Littlejohn,DeathKnight,Stellanoova,162428.0
XvwLCVdhJKY73zHr,3,Cainz,Rogue,Stellanoova,150638.0
XvwLCVdhJKY73zHr,3,Asharia,DemonHunter,Asharia,4620414.0
XvwLCVdhJKY73zHr,3,Mets,Hunter,Asharia,349135.0
XvwLCVdhJKY73zHr,3,Sinfxl,Mage,Asharia,327820.0
XvwLCVdhJKY73zHr,3,Zeleria,Paladin,Asharia,60736.0
XvwLCVdhJKY73zHr,3,Grapeinator,Paladin,Asharia,49586.0
XvwLCVdhJKY73zHr,3,Decayed,DeathKnight,Decayed,13239999.0
XvwLCVdhJKY73zHr,3,Zeleria,Paladin,Decayed,27376.0
XvwLCVdhJKY73zHr,3,Mets,Hunter,Mets,438434.0
XvwLCVdhJKY73zHr,3,Maztajake,Druid,Mets,19115.0
XvwLCVdhJKY73zHr,3,Decayed,DeathKnight,Tavendar,5042796.0
XvwLCVdhJKY73zHr,3,Tavendar,Paladin,Tavendar,4605337.0
XvwLCVdhJKY73zHr,3,Zeleria,Paladin,Tavendar,2875930.0
XvwLCVdhJKY73zHr,3,Averlis,Druid,Tavendar,2808084.0
XvwLCVdhJKY73zHr,3,Boomchicky,Hunter,Tavendar,2417834.0
XvwLCVdhJKY73zHr,3,Lìllith,Warlock,Lìllith,3266819.0
XvwLCVdhJKY73zHr,3,Cainz,Rogue,Lìllith,15544.0
XvwLCVdhJKY73zHr,3,Sälazar,Mage,Lìllith,12585.0
XvwLCVdhJKY73zHr,3,Decayed,DeathKnight,Shinier,7635323.0
XvwLCVdhJKY73zHr,3,Stellanoova,Monk,Shinier,7171994.0
XvwLCVdhJKY73zHr,3,Shinier,Paladin,Shinier,4501916.0
XvwLCVdhJKY73zHr,3,Maztajake,Druid,Shinier,4206097.0
XvwLCVdhJKY73zHr,3,Ämon,Druid,Shinier,4002877.0
XvwLCVdhJKY73zHr,3,Littlejohn,DeathKnight,Littlejohn,2455999.0
XvwLCVdhJKY73zHr,3,Stellanoova,Monk,Littlejohn,24926.0
XvwLCVdhJKY73zHr,3,Asharia,DemonHunter,Littlejohn,19909.0
XvwLCVdhJKY73zHr,3,Novachronos,Mage,Littlejohn,18241.0
XvwLCVdhJKY73zHr,3,Greyseer,Hunter,Littlejohn,18241.0
XvwLCVdhJKY73zHr,3,Boomchicky,Hunter,Boomchicky,2520694.0
XvwLCVdhJKY73zHr,3,Mypriiest,Priest,Boomchicky,14099.0
XvwLCVdhJKY73zHr,3,Greyseer,Hunter,Greyseer,804179.0
XvwLCVdhJKY73zHr,3,Spàdes,Warrior,Greyseer,18304.0
XvwLCVdhJKY73zHr,3,Novachronos,Mage,Greyseer,17029.0
XvwLCVdhJKY73zHr,3,Sinfxl,Mage,Sinfxl,2340739.0
XvwLCVdhJKY73zHr,3,Shinier,Paladin,Sinfxl,88328.0
XvwLCVdhJKY73zHr,3,Soliloquy,Priest,Sinfxl,44164.0
XvwLCVdhJKY73zHr,3,Tavendar,Paladin,Sinfxl,44164.0
XvwLCVdhJKY73zHr,3,Mypriiest,Priest,Sinfxl,44164.0
XvwLCVdhJKY73zHr,3,Mypriiest,Priest,Mypriiest,5177060.0
XvwLCVdhJKY73zHr,3,Boomchicky,Hunter,Mypriiest,3486254.0
XvwLCVdhJKY73zHr,3,Shinier,Paladin,Mypriiest,3382583.0
XvwLCVdhJKY73zHr,3,Maztajake,Druid,Mypriiest,3113656.0
XvwLCVdhJKY73zHr,3,Zeleria,Paladin,Mypriiest,3096093.0
XvwLCVdhJKY73zHr,3,Maztajake,Druid,Maztajake,1079641.0
XvwLCVdhJKY73zHr,3,Grapeinator,Paladin,Grapeinator,1284510.0
XvwLCVdhJKY73zHr,3,Spàdes,Warrior,Grapeinator,13786.0
XvwLCVdhJKY73zHr,3,Cainz,Rogue,Cainz,3072227.0
XvwLCVdhJKY73zHr,3,Zeleria,Paladin,Cainz,20524.0
XvwLCVdhJKY73zHr,3,Ämon,Druid,Cainz,17119.0
XvwLCVdhJKY73zHr,3,Shinier,Paladin,Cainz,17046.0
XvwLCVdhJKY73zHr,3,Greyseer,Hunter,Cainz,13348.0
XvwLCVdhJKY73zHr,3,Novachronos,Mage,Novachronos,3416638.0
XvwLCVdhJKY73zHr,3,Ämon,Druid,Ämon,1780469.0
XvwLCVdhJKY73zHr,3,Sälazar,Mage,Sälazar,4036138.0
XvwLCVdhJKY73zHr,3,Decayed,DeathKnight,Zeleria,5497968.0
XvwLCVdhJKY73zHr,3,Stellanoova,Monk,Zeleria,4734552.0
XvwLCVdhJKY73zHr,3,Boomchicky,Hunter,Zeleria,4528879.0
XvwLCVdhJKY73zHr,3,Zeleria,Paladin,Zeleria,3955548.0
XvwLCVdhJKY73zHr,3,Monfro,Hunter,Zeleria,2782093.0
XvwLCVdhJKY73zHr,3,Averlis,Druid,Averlis,778027.0
XvwLCVdhJKY73zHr,6,Soliloquy,Priest,Soliloquy,4005807.0
XvwLCVdhJKY73zHr,6,Ämon,Druid,Soliloquy,175249.0
XvwLCVdhJKY73zHr,6,Maztajake,Druid,Soliloquy,154421.0
XvwLCVdhJKY73zHr,6,Greyseer,Hunter,Soliloquy,149597.0
XvwLCVdhJKY73zHr,6,Stellanoova,Monk,Soliloquy,147203.0
XvwLCVdhJKY73zHr,6,Spàdes,Warrior,Spàdes,2850610.0
XvwLCVdhJKY73zHr,6,Monfro,Hunter,Monfro,205498.0
XvwLCVdhJKY73zHr,6,Asharia,DemonHunter,Asharia,2968204.0
XvwLCVdhJKY73zHr,6,Mypriiest,Priest,Asharia,489527.0
XvwLCVdhJKY73zHr,6,Soliloquy,Priest,Asharia,457481.0
XvwLCVdhJKY73zHr,6,Maztajake,Druid,Asharia,73728.0
XvwLCVdhJKY73zHr,6,Zeleria,Paladin,Asharia,40010.0
XvwLCVdhJKY73zHr,6,Stellanoova,Monk,Stellanoova,8807827.0
XvwLCVdhJKY73zHr,6,Zeleria,Paladin,Stellanoova,209551.0
XvwLCVdhJKY73zHr,6,Cainz,Rogue,Stellanoova,119282.0
XvwLCVdhJKY73zHr,6,Sälazar,Mage,Stellanoova,91106.0
XvwLCVdhJKY73zHr,6,Decayed,DeathKnight,Decayed,19737656.0
XvwLCVdhJKY73zHr,6,Zeleria,Paladin,Decayed,5853.0
XvwLCVdhJKY73zHr,6,Mets,Hunter,Mets,6365.0
XvwLCVdhJKY73zHr,6,Tavendar,Paladin,Tavendar,5922218.0
XvwLCVdhJKY73zHr,6,Decayed,DeathKnight,Tavendar,4707664.0
XvwLCVdhJKY73zHr,6,Zeleria,Paladin,Tavendar,2767373.0
XvwLCVdhJKY73zHr,6,Monfro,Hunter,Tavendar,2472624.0
XvwLCVdhJKY73zHr,6,Shinier,Paladin,Tavendar,2105822.0
XvwLCVdhJKY73zHr,6,Lìllith,Warlock,Lìllith,2205264.0
XvwLCVdhJKY73zHr,6,Decayed,DeathKnight,Shinier,7228836.0
XvwLCVdhJKY73zHr,6,Shinier,Paladin,Shinier,6037472.0
XvwLCVdhJKY73zHr,6,Stellanoova,Monk,Shinier,5949687.0
XvwLCVdhJKY73zHr,6,Monfro,Hunter,Shinier,4179512.0
XvwLCVdhJKY73zHr,6,Mypriiest,Priest,Shinier,3574806.0
XvwLCVdhJKY73zHr,6,Littlejohn,DeathKnight,Littlejohn,2684315.0
XvwLCVdhJKY73zHr,6,Mets,Hunter,Littlejohn,22327.0
XvwLCVdhJKY73zHr,6,Lìllith,Warlock,Littlejohn,22327.0
XvwLCVdhJKY73zHr,6,Shinier,Paladin,Littlejohn,19561.0
XvwLCVdhJKY73zHr,6,Spàdes,Warrior,Littlejohn,18264.0
XvwLCVdhJKY73zHr,6,Boomchicky,Hunter,Boomchicky,1241500.0
XvwLCVdhJKY73zHr,6,Greyseer,Hunter,Greyseer,387060.0
XvwLCVdhJKY73zHr,6,Sinfxl,Mage,Sinfxl,1579784.0
XvwLCVdhJKY73zHr,6,Mypriiest,Priest,Sinfxl,132492.0
XvwLCVdhJKY73zHr,6,Tavendar,Paladin,Sinfxl,44164.0
XvwLCVdhJKY73zHr,6,Zeleria,Paladin,Sinfxl,44164.0
XvwLCVdhJKY73zHr,6,Mypriiest,Priest,Mypriiest,6945243.0
XvwLCVdhJKY73zHr,6,Boomchicky,Hunter,Mypriiest,3445964.0
XvwLCVdhJKY73zHr,6,Decayed,DeathKnight,Mypriiest,3258669.0
XvwLCVdhJKY73zHr,6,Ämon,Druid,Mypriiest,3222321.0
XvwLCVdhJKY73zHr,6,Averlis,Druid,Mypriiest,2822006.0
XvwLCVdhJKY73zHr,6,Maztajake,Druid,Maztajake,168213.0
XvwLCVdhJKY73zHr,6,Grapeinator,Paladin,Grapeinator,1280220.0
XvwLCVdhJKY73zHr,6,Spàdes,Warrior,Grapeinator,31440.0
XvwLCVdhJKY73zHr,6,Sinfxl,Mage,Grapeinator,14813.0
XvwLCVdhJKY73zHr,6,Littlejohn,DeathKnight,Grapeinator,12769.0
XvwLCVdhJKY73zHr,6,Cainz,Rogue,Cainz,2948420.0
XvwLCVdhJKY73zHr,6,Zeleria,Paladin,Cainz,38194.0
XvwLCVdhJKY73zHr,6,Ämon,Druid,Ämon,672420.0
XvwLCVdhJKY73zHr,6,Novachronos,Mage,Novachronos,2916254.0
XvwLCVdhJKY73zHr,6,Zeleria,Paladin,Novachronos,15437.0
XvwLCVdhJKY73zHr,6,Sälazar,Mage,Sälazar,2786011.0
XvwLCVdhJKY73zHr,6,Zeleria,Paladin,Zeleria,3958731.0
XvwLCVdhJKY73zHr,6,Decayed,DeathKnight,Zeleria,3896418.0
XvwLCVdhJKY73zHr,6,Stellanoova,Monk,Zeleria,3662135.0
XvwLCVdhJKY73zHr,6,Lìllith,Warlock,Zeleria,2682870.0
XvwLCVdhJKY73zHr,6,Monfro,Hunter,Zeleria,2375357.0
XvwLCVdhJKY73zHr,6,Averlis,Druid,Averlis,357685.0
XvwLCVdhJKY73zHr,7,Soliloquy,Priest,Soliloquy,5031649.0
XvwLCVdhJKY73zHr,7,Decayed,DeathKnight,Soliloquy,274650.0
XvwLCVdhJKY73zHr,7,Tavendar,Paladin,Soliloquy,263947.0
XvwLCVdhJKY73zHr,7,Monfro,Hunter,Soliloquy,189866.0
XvwLCVdhJKY73zHr,7,Grapeinator,Paladin,Soliloquy,185156.0
XvwLCVdhJKY73zHr,7,Spàdes,Warrior,Spàdes,3064307.0
XvwLCVdhJKY73zHr,7,Monfro,Hunter,Monfro,1485874.0
XvwLCVdhJKY73zHr,7,Lìllith,Warlock,Monfro,17753.0
XvwLCVdhJKY73zHr,7,Tavendar,Paladin,Monfro,15126.0
XvwLCVdhJKY73zHr,7,Asharia,DemonHunter,Asharia,4324432.0
XvwLCVdhJKY73zHr,7,Littlejohn,DeathKnight,Asharia,436537.0
XvwLCVdhJKY73zHr,7,Zeleria,Paladin,Asharia,45931.0
XvwLCVdhJKY73zHr,7,Sälazar,Mage,Asharia,25194.0
XvwLCVdhJKY73zHr,7,Grapeinator,Paladin,Asharia,16589.0
XvwLCVdhJKY73zHr,7,Stellanoova,Monk,Stellanoova,10652894.0
XvwLCVdhJKY73zHr,7,Boomchicky,Hunter,Stellanoova,422406.0
XvwLCVdhJKY73zHr,7,Decayed,DeathKnight,Stellanoova,321420.0
XvwLCVdhJKY73zHr,7,Asharia,DemonHunter,Stellanoova,316060.0
XvwLCVdhJKY73zHr,7,Greyseer,Hunter,Stellanoova,134888.0
XvwLCVdhJKY73zHr,7,Decayed,DeathKnight,Decayed,12098667.0
XvwLCVdhJKY73zHr,7,Stellanoova,Monk,Decayed,14629.0
XvwLCVdhJKY73zHr,7,Averlis,Druid,Chontosh,3112936.0
XvwLCVdhJKY73zHr,7,Monfro,Hunter,Chontosh,3032881.0
XvwLCVdhJKY73zHr,7,Grapeinator,Paladin,Chontosh,2904044.0
XvwLCVdhJKY73zHr,7,Zeleria,Paladin,Chontosh,2718744.0
XvwLCVdhJKY73zHr,7,Mypriiest,Priest,Chontosh,2548350.0
XvwLCVdhJKY73zHr,7,Mets,Hunter,Mets,1088543.0
XvwLCVdhJKY73zHr,7,Lìllith,Warlock,Mets,12599.0
XvwLCVdhJKY73zHr,7,Lìllith,Warlock,Lìllith,4193588.0
XvwLCVdhJKY73zHr,7,Novachronos,Mage,Lìllith,17779.0
XvwLCVdhJKY73zHr,7,Tavendar,Paladin,Tavendar,2628513.0
XvwLCVdhJKY73zHr,7,Stellanoova,Monk,Tavendar,93649.0
XvwLCVdhJKY73zHr,7,Boomchicky,Hunter,Tavendar,86957.0
XvwLCVdhJKY73zHr,7,Ämon,Druid,Tavendar,71288.0
XvwLCVdhJKY73zHr,7,Spàdes,Warrior,Tavendar,64656.0
XvwLCVdhJKY73zHr,7,Stellanoova,Monk,Shinier,6447527.0
XvwLCVdhJKY73zHr,7,Shinier,Paladin,Shinier,5086388.0
XvwLCVdhJKY73zHr,7,Zeleria,Paladin,Shinier,3846259.0
XvwLCVdhJKY73zHr,7,Decayed,DeathKnight,Shinier,3809373.0
XvwLCVdhJKY73zHr,7,Maztajake,Druid,Shinier,3445288.0
XvwLCVdhJKY73zHr,7,Littlejohn,DeathKnight,Littlejohn,3364949.0
XvwLCVdhJKY73zHr,7,Sinfxl,Mage,Littlejohn,46165.0
XvwLCVdhJKY73zHr,7,Cainz,Rogue,Littlejohn,37672.0
XvwLCVdhJKY73zHr,7,Boomchicky,Hunter,Littlejohn,37429.0
XvwLCVdhJKY73zHr,7,Monfro,Hunter,Littlejohn,17740.0
XvwLCVdhJKY73zHr,7,Boomchicky,Hunter,Boomchicky,1964098.0
XvwLCVdhJKY73zHr,7,Averlis,Druid,Boomchicky,22225.0
XvwLCVdhJKY73zHr,7,Greyseer,Hunter,Greyseer,819503.0
XvwLCVdhJKY73zHr,7,Averlis,Druid,Greyseer,89321.0
XvwLCVdhJKY73zHr,7,Sinfxl,Mage,Sinfxl,2087166.0
XvwLCVdhJKY73zHr,7,Chontosh,Paladin,Sinfxl,88328.0
XvwLCVdhJKY73zHr,7,Shinier,Paladin,Sinfxl,88328.0
XvwLCVdhJKY73zHr,7,Mypriiest,Priest,Mypriiest,7444175.0
XvwLCVdhJKY73zHr,7,Ämon,Druid,Mypriiest,3820642.0
XvwLCVdhJKY73zHr,7,Stellanoova,Monk,Mypriiest,3512775.0
XvwLCVdhJKY73zHr,7,Zeleria,Paladin,Mypriiest,3500196.0
XvwLCVdhJKY73zHr,7,Sälazar,Mage,Mypriiest,3174433.0
XvwLCVdhJKY73zHr,7,Maztajake,Druid,Maztajake,809401.0
XvwLCVdhJKY73zHr,7,Grapeinator,Paladin,Grapeinator,1577920.0
XvwLCVdhJKY73zHr,7,Zeleria,Paladin,Grapeinator,35765.0
XvwLCVdhJKY73zHr,7,Spàdes,Warrior,Grapeinator,9744.0
XvwLCVdhJKY73zHr,7,Littlejohn,DeathKnight,Grapeinator,5011.0
XvwLCVdhJKY73zHr,7,Cainz,Rogue,Cainz,4387201.0
XvwLCVdhJKY73zHr,7,Grapeinator,Paladin,Cainz,19928.0
XvwLCVdhJKY73zHr,7,Zeleria,Paladin,Cainz,19277.0
XvwLCVdhJKY73zHr,7,Averlis,Druid,Cainz,16315.0
XvwLCVdhJKY73zHr,7,Spàdes,Warrior,Cainz,16032.0
XvwLCVdhJKY73zHr,7,Novachronos,Mage,Novachronos,3416987.0
XvwLCVdhJKY73zHr,7,Averlis,Druid,Novachronos,14030.0
XvwLCVdhJKY73zHr,7,Ämon,Druid,Ämon,1716380.0
XvwLCVdhJKY73zHr,7,Sälazar,Mage,Sälazar,4399458.0
XvwLCVdhJKY73zHr,7,Zeleria,Paladin,Zeleria,4027928.0
XvwLCVdhJKY73zHr,7,Decayed,DeathKnight,Zeleria,3657914.0
XvwLCVdhJKY73zHr,7,Stellanoova,Monk,Zeleria,2976476.0
XvwLCVdhJKY73zHr,7,Averlis,Druid,Zeleria,2797393.0
XvwLCVdhJKY73zHr,7,Monfro,Hunter,Zeleria,2770521.0
XvwLCVdhJKY73zHr,7,Averlis,Druid,Averlis,1074069.0
XvwLCVdhJKY73zHr,8,Soliloquy,Priest,Soliloquy,6035977.0
XvwLCVdhJKY73zHr,8,Mets,Hunter,Soliloquy,245105.0
XvwLCVdhJKY73zHr,8,Chontosh,Paladin,Soliloquy,184193.0
XvwLCVdhJKY73zHr,8,Boomchicky,Hunter,Soliloquy,180010.0
XvwLCVdhJKY73zHr,8,Maztajake,Druid,Soliloquy,169525.0
XvwLCVdhJKY73zHr,8,Spàdes,Warrior,Spàdes,3791498.0
XvwLCVdhJKY73zHr,8,Monfro,Hunter,Monfro,511457.0
XvwLCVdhJKY73zHr,8,Asharia,DemonHunter,Asharia,5199181.0
XvwLCVdhJKY73zHr,8,Boomchicky,Hunter,Asharia,366084.0
XvwLCVdhJKY73zHr,8,Littlejohn,DeathKnight,Asharia,329880.0
XvwLCVdhJKY73zHr,8,Spàdes,Warrior,Asharia,300911.0
XvwLCVdhJKY73zHr,8,Sälazar,Mage,Asharia,87294.0
XvwLCVdhJKY73zHr,8,Stellanoova,Monk,Stellanoova,12856419.0
XvwLCVdhJKY73zHr,8,Tavendar,Paladin,Stellanoova,303944.0
XvwLCVdhJKY73zHr,8,Spàdes,Warrior,Stellanoova,243845.0
XvwLCVdhJKY73zHr,8,Ämon,Druid,Stellanoova,204588.0
XvwLCVdhJKY73zHr,8,Decayed,DeathKnight,Decayed,18708562.0
XvwLCVdhJKY73zHr,8,Sinfxl,Mage,Decayed,14072.0
XvwLCVdhJKY73zHr,8,Shinier,Paladin,Chontosh,3990340.0
XvwLCVdhJKY73zHr,8,Monfro,Hunter,Chontosh,3957763.0
XvwLCVdhJKY73zHr,8,Grapeinator,Paladin,Chontosh,3895314.0
XvwLCVdhJKY73zHr,8,Mypriiest,Priest,Chontosh,3851265.0
XvwLCVdhJKY73zHr,8,Stellanoova,Monk,Chontosh,3439054.0
XvwLCVdhJKY73zHr,8,Mets,Hunter,Mets,66339.0
XvwLCVdhJKY73zHr,8,Lìllith,Warlock,Lìllith,5226902.0
XvwLCVdhJKY73zHr,8,Sinfxl,Mage,Lìllith,28996.0
XvwLCVdhJKY73zHr,8,Shinier,Paladin,Lìllith,25445.0
XvwLCVdhJKY73zHr,8,Mypriiest,Priest,Lìllith,14805.0
XvwLCVdhJKY73zHr,8,Tavendar,Paladin,Tavendar,3078312.0
XvwLCVdhJKY73zHr,8,Monfro,Hunter,Tavendar,307349.0
XvwLCVdhJKY73zHr,8,Boomchicky,Hunter,Tavendar,167351.0
XvwLCVdhJKY73zHr,8,Decayed,DeathKnight,Tavendar,164729.0
XvwLCVdhJKY73zHr,8,Grapeinator,Paladin,Tavendar,130665.0
XvwLCVdhJKY73zHr,8,Decayed,DeathKnight,Shinier,10954634.0
XvwLCVdhJKY73zHr,8,Shinier,Paladin,Shinier,6392715.0
XvwLCVdhJKY73zHr,8,Zeleria,Paladin,Shinier,6191045.0
XvwLCVdhJKY73zHr,8,Tavendar,Paladin,Shinier,5786812.0
XvwLCVdhJKY73zHr,8,Mypriiest,Priest,Shinier,5594588.0
XvwLCVdhJKY73zHr,8,Littlejohn,DeathKnight,Littlejohn,3344106.0
XvwLCVdhJKY73zHr,8,Boomchicky,Hunter,Littlejohn,42255.0
XvwLCVdhJKY73zHr,8,Cainz,Rogue,Littlejohn,21398.0
XvwLCVdhJKY73zHr,8,Lìllith,Warlock,Littlejohn,21191.0
XvwLCVdhJKY73zHr,8,Averlis,Druid,Littlejohn,21191.0
XvwLCVdhJKY73zHr,8,Boomchicky,Hunter,Boomchicky,1856066.0
XvwLCVdhJKY73zHr,8,Zeleria,Paladin,Boomchicky,15584.0
XvwLCVdhJKY73zHr,8,Greyseer,Hunter,Greyseer,1074958.0
XvwLCVdhJKY73zHr,8,Sinfxl,Mage,Sinfxl,2929977.0
XvwLCVdhJKY73zHr,8,Zeleria,Paladin,Sinfxl,88328.0
XvwLCVdhJKY73zHr,8,Shinier,Paladin,Sinfxl,88328.0
XvwLCVdhJKY73zHr,8,Mypriiest,Priest,Sinfxl,44164.0
XvwLCVdhJKY73zHr,8,Tavendar,Paladin,Sinfxl,44164.0
XvwLCVdhJKY73zHr,8,Mypriiest,Priest,Mypriiest,7545544.0
XvwLCVdhJKY73zHr,8,Averlis,Druid,Mypriiest,4943580.0
XvwLCVdhJKY73zHr,8,Maztajake,Druid,Mypriiest,3943813.0
XvwLCVdhJKY73zHr,8,Novachronos,Mage,Mypriiest,3819878.0
XvwLCVdhJKY73zHr,8,Ämon,Druid,Mypriiest,3673042.0
XvwLCVdhJKY73zHr,8,Maztajake,Druid,Maztajake,341995.0
XvwLCVdhJKY73zHr,8,Grapeinator,Paladin,Grapeinator,2694255.0
XvwLCVdhJKY73zHr,8,Tavendar,Paladin,Grapeinator,18040.0
XvwLCVdhJKY73zHr,8,Greyseer,Hunter,Grapeinator,14812.0
XvwLCVdhJKY73zHr,8,Spàdes,Warrior,Grapeinator,12464.0
XvwLCVdhJKY73zHr,8,Cainz,Rogue,Cainz,3180419.0
XvwLCVdhJKY73zHr,8,Mypriiest,Priest,Cainz,31883.0
XvwLCVdhJKY73zHr,8,Greyseer,Hunter,Cainz,14831.0
XvwLCVdhJKY73zHr,8,Zeleria,Paladin,Cainz,14088.0
XvwLCVdhJKY73zHr,8,Chontosh,Paladin,Cainz,12606.0
XvwLCVdhJKY73zHr,8,Novachronos,Mage,Novachronos,3637044.0
XvwLCVdhJKY73zHr,8,Asharia,DemonHunter,Novachronos,8240.0
XvwLCVdhJKY73zHr,8,Ämon,Druid,Ämon,1137258.0
XvwLCVdhJKY73zHr,8,Sälazar,Mage,Sälazar,4039766.0
XvwLCVdhJKY73zHr,8,Decayed,DeathKnight,Zeleria,7238118.0
XvwLCVdhJKY73zHr,8,Monfro,Hunter,Zeleria,4367322.0
XvwLCVdhJKY73zHr,8,Stellanoova,Monk,Zeleria,4179198.0
XvwLCVdhJKY73zHr,8,Spàdes,Warrior,Zeleria,3849102.0
XvwLCVdhJKY73zHr,8,Mets,Hunter,Zeleria,3836209.0
XvwLCVdhJKY73zHr,8,Averlis,Druid,Averlis,612612.0
yFTfaACXnD61KtLY,10,Mets,Hunter,Mets,270618.0
yFTfaACXnD61KtLY,10,Decayed,DeathKnight,Decayed,5271223.0
yFTfaACXnD61KtLY,10,Cainz,Rogue,Decayed,17766.0
yFTfaACXnD61KtLY,10,Averlis,Druid,Shinier,3610651.0
yFTfaACXnD61KtLY,10,Sälazar,Mage,Shinier,3499793.0
yFTfaACXnD61KtLY,10,Monfro,Hunter,Shinier,2553588.0
yFTfaACXnD61KtLY,10,Shinier,Paladin,Shinier,2248522.0
yFTfaACXnD61KtLY,10,Littlejohn,DeathKnight,Shinier,2003573.0
yFTfaACXnD61KtLY,10,Spàdes,Warrior,Spàdes,806099.0
yFTfaACXnD61KtLY,10,Grapeinator,Paladin,Grapeinator,632084.0
yFTfaACXnD61KtLY,10,Averlis,Druid,Grapeinator,67642.0
yFTfaACXnD61KtLY,10,Spàdes,Warrior,Grapeinator,54543.0
yFTfaACXnD61KtLY,10,Monfro,Hunter,Grapeinator,52386.0
yFTfaACXnD61KtLY,10,Asharia,DemonHunter,Grapeinator,52356.0
yFTfaACXnD61KtLY,10,Asharia,DemonHunter,Asharia,1845754.0
yFTfaACXnD61KtLY,10,Shinier,Paladin,Asharia,15896.0
yFTfaACXnD61KtLY,10,Sinfxl,Mage,Asharia,11849.0
yFTfaACXnD61KtLY,10,Soliloquy,Priest,Soliloquy,1413547.0
yFTfaACXnD61KtLY,10,Decayed,DeathKnight,Soliloquy,135857.0
yFTfaACXnD61KtLY,10,Mets,Hunter,Soliloquy,119661.0
yFTfaACXnD61KtLY,10,Tavendar,Paladin,Soliloquy,102360.0
yFTfaACXnD61KtLY,10,Shinier,Paladin,Soliloquy,99314.0
yFTfaACXnD61KtLY,10,Mypriiest,Priest,Mypriiest,2898677.0
yFTfaACXnD61KtLY,10,Ämon,Druid,Mypriiest,2248447.0
yFTfaACXnD61KtLY,10,Mets,Hunter,Mypriiest,2019839.0
yFTfaACXnD61KtLY,10,Spàdes,Warrior,Mypriiest,1831922.0
yFTfaACXnD61KtLY,10,Boomchicky,Hunter,Mypriiest,1341022.0
yFTfaACXnD61KtLY,10,Averlis,Druid,Averlis,447908.0
yFTfaACXnD61KtLY,10,Sälazar,Mage,Averlis,17512.0
yFTfaACXnD61KtLY,10,Monfro,Hunter,Monfro,65039.0
yFTfaACXnD61KtLY,10,Boomchicky,Hunter,Boomchicky,409724.0
yFTfaACXnD61KtLY,10,Sälazar,Mage,Sälazar,1457320.0
yFTfaACXnD61KtLY,10,Greyseer,Hunter,Greyseer,76341.0
yFTfaACXnD61KtLY,10,Stellanoova,Monk,Stellanoova,1848092.0
yFTfaACXnD61KtLY,10,Cainz,Rogue,Stellanoova,349572.0
yFTfaACXnD61KtLY,10,Decayed,DeathKnight,Stellanoova,245876.0
yFTfaACXnD61KtLY,10,Novachronos,Mage,Stellanoova,51738.0
yFTfaACXnD61KtLY,10,Littlejohn,DeathKnight,Stellanoova,32368.0
yFTfaACXnD61KtLY,10,Ämon,Druid,Ämon,432648.0
yFTfaACXnD61KtLY,10,Littlejohn,DeathKnight,Littlejohn,2286785.0
yFTfaACXnD61KtLY,10,Asharia,DemonHunter,Littlejohn,40731.0
yFTfaACXnD61KtLY,10,Spàdes,Warrior,Littlejohn,22771.0
yFTfaACXnD61KtLY,10,Shinier,Paladin,Littlejohn,18091.0
yFTfaACXnD61KtLY,10,Boomchicky,Hunter,Littlejohn,18091.0
yFTfaACXnD61KtLY,10,Lìllith,Warlock,Lìllith,1125438.0
yFTfaACXnD61KtLY,10,Littlejohn,DeathKnight,Lìllith,17790.0
yFTfaACXnD61KtLY,10,Sinfxl,Mage,Sinfxl,1561338.0
yFTfaACXnD61KtLY,10,Mypriiest,Priest,Sinfxl,44164.0
yFTfaACXnD61KtLY,10,Tavendar,Paladin,Sinfxl,44164.0
yFTfaACXnD61KtLY,10,Chontosh,Paladin,Chontosh,586158.0
yFTfaACXnD61KtLY,10,Cainz,Rogue,Chontosh,110316.0
yFTfaACXnD61KtLY,10,Greyseer,Hunter,Chontosh,90752.0
yFTfaACXnD61KtLY,10,Sinfxl,Mage,Chontosh,69051.0
yFTfaACXnD61KtLY,10,Ämon,Druid,Chontosh,62343.0
yFTfaACXnD61KtLY,10,Cainz,Rogue,Cainz,2761003.0
yFTfaACXnD61KtLY,10,Lìllith,Warlock,Cainz,16313.0
yFTfaACXnD61KtLY,10,Averlis,Druid,Cainz,16194.0
yFTfaACXnD61KtLY,10,Novachronos,Mage,Novachronos,604528.0
yFTfaACXnD61KtLY,10,Tavendar,Paladin,Tavendar,1583980.0
yFTfaACXnD61KtLY,10,Sinfxl,Mage,Tavendar,1477641.0
yFTfaACXnD61KtLY,10,Grapeinator,Paladin,Tavendar,1266254.0
yFTfaACXnD61KtLY,10,Cainz,Rogue,Tavendar,1052905.0
yFTfaACXnD61KtLY,10,Greyseer,Hunter,Tavendar,1026702.0
yFTfaACXnD61KtLY,11,Mets,Hunter,Mets,383958.0
yFTfaACXnD61KtLY,11,Sinfxl,Mage,Mets,5603.0
yFTfaACXnD61KtLY,11,Decayed,DeathKnight,Decayed,8427651.0
yFTfaACXnD61KtLY,11,Shinier,Paladin,Shinier,3702174.0
yFTfaACXnD61KtLY,11,Chontosh,Paladin,Shinier,3200668.0
yFTfaACXnD61KtLY,11,Boomchicky,Hunter,Shinier,2839218.0
yFTfaACXnD61KtLY,11,Sälazar,Mage,Shinier,2406979.0
yFTfaACXnD61KtLY,11,Spàdes,Warrior,Shinier,2378172.0
yFTfaACXnD61KtLY,11,Spàdes,Warrior,Spàdes,2014146.0
yFTfaACXnD61KtLY,11,Grapeinator,Paladin,Grapeinator,1799142.0
yFTfaACXnD61KtLY,11,Boomchicky,Hunter,Grapeinator,135260.0
yFTfaACXnD61KtLY,11,Sälazar,Mage,Grapeinator,114876.0
yFTfaACXnD61KtLY,11,Littlejohn,DeathKnight,Grapeinator,114302.0
yFTfaACXnD61KtLY,11,Spàdes,Warrior,Grapeinator,94515.0
yFTfaACXnD61KtLY,11,Asharia,DemonHunter,Asharia,3149412.0
yFTfaACXnD61KtLY,11,Greyseer,Hunter,Asharia,17783.0
yFTfaACXnD61KtLY,11,Chontosh,Paladin,Asharia,17782.0
yFTfaACXnD61KtLY,11,Grapeinator,Paladin,Asharia,15834.0
yFTfaACXnD61KtLY,11,Cainz,Rogue,Asharia,14227.0
yFTfaACXnD61KtLY,11,Soliloquy,Priest,Soliloquy,1787022.0
yFTfaACXnD61KtLY,11,Mets,Hunter,Soliloquy,73366.0
yFTfaACXnD61KtLY,11,Boomchicky,Hunter,Soliloquy,65080.0
yFTfaACXnD61KtLY,11,Monfro,Hunter,Mypriiest,3342658.0
yFTfaACXnD61KtLY,11,Averlis,Druid,Mypriiest,2558736.0
yFTfaACXnD61KtLY,11,Mypriiest,Priest,Mypriiest,2474054.0
yFTfaACXnD61KtLY,11,Lìllith,Warlock,Mypriiest,2200359.0
yFTfaACXnD61KtLY,11,Asharia,DemonHunter,Mypriiest,1933108.0
yFTfaACXnD61KtLY,11,Averlis,Druid,Averlis,751427.0
yFTfaACXnD61KtLY,11,Monfro,Hunter,Monfro,107075.0
yFTfaACXnD61KtLY,11,Boomchicky,Hunter,Boomchicky,1526749.0
yFTfaACXnD61KtLY,11,Sälazar,Mage,Sälazar,2182458.0
yFTfaACXnD61KtLY,11,Greyseer,Hunter,Greyseer,167917.0
yFTfaACXnD61KtLY,11,Stellanoova,Monk,Stellanoova,4599159.0
yFTfaACXnD61KtLY,11,Decayed,DeathKnight,Stellanoova,305372.0
yFTfaACXnD61KtLY,11,Cainz,Rogue,Stellanoova,270013.0
yFTfaACXnD61KtLY,11,Tavendar,Paladin,Stellanoova,183335.0
yFTfaACXnD61KtLY,11,Greyseer,Hunter,Stellanoova,183076.0
yFTfaACXnD61KtLY,11,Ämon,Druid,Ämon,918401.0
yFTfaACXnD61KtLY,11,Spàdes,Warrior,Ämon,15729.0
yFTfaACXnD61KtLY,11,Littlejohn,DeathKnight,Littlejohn,2770270.0
yFTfaACXnD61KtLY,11,Stellanoova,Monk,Littlejohn,29896.0
yFTfaACXnD61KtLY,11,Spàdes,Warrior,Littlejohn,23190.0
yFTfaACXnD61KtLY,11,Cainz,Rogue,Littlejohn,18858.0
yFTfaACXnD61KtLY,11,Sälazar,Mage,Littlejohn,11969.0
yFTfaACXnD61KtLY,11,Lìllith,Warlock,Lìllith,2230933.0
yFTfaACXnD61KtLY,11,Sälazar,Mage,Lìllith,16317.0
yFTfaACXnD61KtLY,11,Cainz,Rogue,Lìllith,10975.0
yFTfaACXnD61KtLY,11,Sinfxl,Mage,Lìllith,9640.0
yFTfaACXnD61KtLY,11,Sinfxl,Mage,Sinfxl,1747455.0
yFTfaACXnD61KtLY,11,Shinier,Paladin,Sinfxl,108596.0
yFTfaACXnD61KtLY,11,Chontosh,Paladin,Sinfxl,88328.0
yFTfaACXnD61KtLY,11,Tavendar,Paladin,Sinfxl,44164.0
yFTfaACXnD61KtLY,11,Greyseer,Hunter,Chontosh,2294822.0
yFTfaACXnD61KtLY,11,Grapeinator,Paladin,Chontosh,1827340.0
yFTfaACXnD61KtLY,11,Mypriiest,Priest,Chontosh,1630624.0
yFTfaACXnD61KtLY,11,Chontosh,Paladin,Chontosh,1614258.0
yFTfaACXnD61KtLY,11,Spàdes,Warrior,Chontosh,1610743.0
yFTfaACXnD61KtLY,11,Cainz,Rogue,Cainz,2476939.0
yFTfaACXnD61KtLY,11,Sälazar,Mage,Cainz,32610.0
yFTfaACXnD61KtLY,11,Novachronos,Mage,Novachronos,2282322.0
yFTfaACXnD61KtLY,11,Averlis,Druid,Novachronos,8854.0
yFTfaACXnD61KtLY,11,Tavendar,Paladin,Tavendar,3643453.0
yFTfaACXnD61KtLY,11,Mets,Hunter,Tavendar,1986035.0
yFTfaACXnD61KtLY,11,Decayed,DeathKnight,Tavendar,1983025.0
yFTfaACXnD61KtLY,11,Sälazar,Mage,Tavendar,1500787.0
yFTfaACXnD61KtLY,11,Ämon,Druid,Tavendar,1336474.0
yFTfaACXnD61KtLY,12,Mets,Hunter,Mets,13721.0
yFTfaACXnD61KtLY,12,Decayed,DeathKnight,Decayed,7048739.0
yFTfaACXnD61KtLY,12,Cainz,Rogue,Decayed,15558.0
yFTfaACXnD61KtLY,12,Grapeinator,Paladin,Decayed,15553.0
yFTfaACXnD61KtLY,12,Shinier,Paladin,Shinier,4506036.0
yFTfaACXnD61KtLY,12,Averlis,Druid,Shinier,3684406.0
yFTfaACXnD61KtLY,12,Monfro,Hunter,Shinier,2975311.0
yFTfaACXnD61KtLY,12,Novachronos,Mage,Shinier,2479707.0
yFTfaACXnD61KtLY,12,Grapeinator,Paladin,Shinier,2335806.0
yFTfaACXnD61KtLY,12,Spàdes,Warrior,Spàdes,1641632.0
yFTfaACXnD61KtLY,12,Grapeinator,Paladin,Grapeinator,1668503.0
yFTfaACXnD61KtLY,12,Monfro,Hunter,Grapeinator,124493.0
yFTfaACXnD61KtLY,12,Spàdes,Warrior,Grapeinator,119201.0
yFTfaACXnD61KtLY,12,Novachronos,Mage,Grapeinator,100060.0
yFTfaACXnD61KtLY,12,Averlis,Druid,Grapeinator,98551.0
yFTfaACXnD61KtLY,12,Asharia,DemonHunter,Asharia,1783032.0
yFTfaACXnD61KtLY,12,Sälazar,Mage,Asharia,17803.0
yFTfaACXnD61KtLY,12,Soliloquy,Priest,Soliloquy,1961136.0
yFTfaACXnD61KtLY,12,Littlejohn,DeathKnight,Soliloquy,98610.0
yFTfaACXnD61KtLY,12,Shinier,Paladin,Soliloquy,88609.0
yFTfaACXnD61KtLY,12,Mypriiest,Priest,Mypriiest,6404614.0
yFTfaACXnD61KtLY,12,Monfro,Hunter,Mypriiest,3023923.0
yFTfaACXnD61KtLY,12,Chontosh,Paladin,Mypriiest,2080057.0
yFTfaACXnD61KtLY,12,Spàdes,Warrior,Mypriiest,2035937.0
yFTfaACXnD61KtLY,12,Greyseer,Hunter,Mypriiest,2000885.0
yFTfaACXnD61KtLY,12,Averlis,Druid,Averlis,429617.0
yFTfaACXnD61KtLY,12,Monfro,Hunter,Monfro,711552.0
yFTfaACXnD61KtLY,12,Boomchicky,Hunter,Boomchicky,868837.0
yFTfaACXnD61KtLY,12,Sälazar,Mage,Sälazar,1734941.0
yFTfaACXnD61KtLY,12,Greyseer,Hunter,Greyseer,512483.0
yFTfaACXnD61KtLY,12,Littlejohn,DeathKnight,Greyseer,17771.0
yFTfaACXnD61KtLY,12,Ämon,Druid,Greyseer,6050.0
yFTfaACXnD61KtLY,12,Stellanoova,Monk,Stellanoova,4282810.0
yFTfaACXnD61KtLY,12,Decayed,DeathKnight,Stellanoova,594123.0
yFTfaACXnD61KtLY,12,Cainz,Rogue,Stellanoova,267017.0
yFTfaACXnD61KtLY,12,Boomchicky,Hunter,Stellanoova,150948.0
yFTfaACXnD61KtLY,12,Novachronos,Mage,Stellanoova,139940.0
yFTfaACXnD61KtLY,12,Ämon,Druid,Ämon,586523.0
yFTfaACXnD61KtLY,12,Littlejohn,DeathKnight,Littlejohn,2893929.0
yFTfaACXnD61KtLY,12,Boomchicky,Hunter,Littlejohn,40025.0
yFTfaACXnD61KtLY,12,Spàdes,Warrior,Littlejohn,23258.0
yFTfaACXnD61KtLY,12,Ämon,Druid,Littlejohn,23258.0
yFTfaACXnD61KtLY,12,Grapeinator,Paladin,Littlejohn,20688.0
yFTfaACXnD61KtLY,12,Lìllith,Warlock,Lìllith,2340555.0
yFTfaACXnD61KtLY,12,Sälazar,Mage,Lìllith,17778.0
yFTfaACXnD61KtLY,12,Sinfxl,Mage,Lìllith,10364.0
yFTfaACXnD61KtLY,12,Sinfxl,Mage,Sinfxl,1970264.0
yFTfaACXnD61KtLY,12,Mypriiest,Priest,Sinfxl,44164.0
yFTfaACXnD61KtLY,12,Tavendar,Paladin,Sinfxl,44164.0
yFTfaACXnD61KtLY,12,Chontosh,Paladin,Chontosh,3336622.0
yFTfaACXnD61KtLY,12,Decayed,DeathKnight,Chontosh,2468066.0
yFTfaACXnD61KtLY,12,Tavendar,Paladin,Chontosh,1861595.0
yFTfaACXnD61KtLY,12,Greyseer,Hunter,Chontosh,1816657.0
yFTfaACXnD61KtLY,12,Sinfxl,Mage,Chontosh,1767606.0
yFTfaACXnD61KtLY,12,Novachronos,Mage,Novachronos,1949145.0
yFTfaACXnD61KtLY,12,Cainz,Rogue,Cainz,1754387.0
yFTfaACXnD61KtLY,12,Tavendar,Paladin,Tavendar,3080741.0
yFTfaACXnD61KtLY,12,Mets,Hunter,Tavendar,2135779.0
yFTfaACXnD61KtLY,12,Greyseer,Hunter,Tavendar,1937542.0
yFTfaACXnD61KtLY,12,Sinfxl,Mage,Tavendar,1579348.0
yFTfaACXnD61KtLY,12,Cainz,Rogue,Tavendar,1543301.0
yFTfaACXnD61KtLY,13,Mets,Hunter,Mets,551851.0
yFTfaACXnD61KtLY,13,Cainz,Rogue,Mets,17892.0
yFTfaACXnD61KtLY,13,Decayed,DeathKnight,Decayed,39193537.0
yFTfaACXnD61KtLY,13,Chontosh,Paladin,Decayed,292192.0
yFTfaACXnD61KtLY,13,Cainz,Rogue,Decayed,13352.0
yFTfaACXnD61KtLY,13,Shinier,Paladin,Shinier,13257733.0
yFTfaACXnD61KtLY,13,Monfro,Hunter,Shinier,13130792.0
yFTfaACXnD61KtLY,13,Decayed,DeathKnight,Shinier,11783820.0
yFTfaACXnD61KtLY,13,Sälazar,Mage,Shinier,8577703.0
yFTfaACXnD61KtLY,13,Boomchicky,Hunter,Shinier,8461186.0
yFTfaACXnD61KtLY,13,Spàdes,Warrior,Spàdes,2348089.0
yFTfaACXnD61KtLY,13,Grapeinator,Paladin,Grapeinator,6375358.0
yFTfaACXnD61KtLY,13,Boomchicky,Hunter,Grapeinator,67231.0
yFTfaACXnD61KtLY,13,Sinfxl,Mage,Grapeinator,54132.0
yFTfaACXnD61KtLY,13,Decayed,DeathKnight,Grapeinator,44858.0
yFTfaACXnD61KtLY,13,Asharia,DemonHunter,Asharia,10195960.0
yFTfaACXnD61KtLY,13,Sälazar,Mage,Asharia,136273.0
yFTfaACXnD61KtLY,13,Chontosh,Paladin,Asharia,57225.0
yFTfaACXnD61KtLY,13,Littlejohn,DeathKnight,Asharia,56904.0
yFTfaACXnD61KtLY,13,Greyseer,Hunter,Asharia,50376.0
yFTfaACXnD61KtLY,13,Soliloquy,Priest,Soliloquy,3855970.0
yFTfaACXnD61KtLY,13,Novachronos,Mage,Soliloquy,319355.0
yFTfaACXnD61KtLY,13,Spàdes,Warrior,Soliloquy,222326.0
yFTfaACXnD61KtLY,13,Tavendar,Paladin,Soliloquy,193638.0
yFTfaACXnD61KtLY,13,Asharia,DemonHunter,Soliloquy,167504.0
yFTfaACXnD61KtLY,13,Mypriiest,Priest,Mypriiest,20025858.0
yFTfaACXnD61KtLY,13,Sälazar,Mage,Mypriiest,7454332.0
yFTfaACXnD61KtLY,13,Monfro,Hunter,Mypriiest,6683497.0
yFTfaACXnD61KtLY,13,Decayed,DeathKnight,Mypriiest,6248063.0
yFTfaACXnD61KtLY,13,Boomchicky,Hunter,Mypriiest,5890869.0
yFTfaACXnD61KtLY,13,Averlis,Druid,Averlis,814271.0
yFTfaACXnD61KtLY,13,Monfro,Hunter,Monfro,1987748.0
yFTfaACXnD61KtLY,13,Littlejohn,DeathKnight,Monfro,16775.0
yFTfaACXnD61KtLY,13,Boomchicky,Hunter,Boomchicky,4654615.0
yFTfaACXnD61KtLY,13,Chontosh,Paladin,Boomchicky,34134.0
yFTfaACXnD61KtLY,13,Shinier,Paladin,Boomchicky,17066.0
yFTfaACXnD61KtLY,13,Stellanoova,Monk,Boomchicky,13891.0
yFTfaACXnD61KtLY,13,Sälazar,Mage,Sälazar,9657799.0
yFTfaACXnD61KtLY,13,Mypriiest,Priest,Sälazar,17785.0
yFTfaACXnD61KtLY,13,Lìllith,Warlock,Sälazar,16302.0
yFTfaACXnD61KtLY,13,Greyseer,Hunter,Greyseer,381800.0
yFTfaACXnD61KtLY,13,Stellanoova,Monk,Stellanoova,12176061.0
yFTfaACXnD61KtLY,13,Cainz,Rogue,Stellanoova,1015721.0
yFTfaACXnD61KtLY,13,Decayed,DeathKnight,Stellanoova,499431.0
yFTfaACXnD61KtLY,13,Sinfxl,Mage,Stellanoova,358492.0
yFTfaACXnD61KtLY,13,Ämon,Druid,Ämon,750040.0
yFTfaACXnD61KtLY,13,Littlejohn,DeathKnight,Littlejohn,9169574.0
yFTfaACXnD61KtLY,13,Monfro,Hunter,Littlejohn,58145.0
yFTfaACXnD61KtLY,13,Boomchicky,Hunter,Littlejohn,58119.0
yFTfaACXnD61KtLY,13,Spàdes,Warrior,Littlejohn,40373.0
yFTfaACXnD61KtLY,13,Grapeinator,Paladin,Littlejohn,40373.0
yFTfaACXnD61KtLY,13,Lìllith,Warlock,Lìllith,5517063.0
yFTfaACXnD61KtLY,13,Monfro,Hunter,Lìllith,17778.0
yFTfaACXnD61KtLY,13,Mypriiest,Priest,Lìllith,17776.0
yFTfaACXnD61KtLY,13,Shinier,Paladin,Lìllith,17113.0
yFTfaACXnD61KtLY,13,Sinfxl,Mage,Sinfxl,5721445.0
yFTfaACXnD61KtLY,13,Mypriiest,Priest,Sinfxl,132492.0
yFTfaACXnD61KtLY,13,Chontosh,Paladin,Sinfxl,88328.0
yFTfaACXnD61KtLY,13,Shinier,Paladin,Sinfxl,44164.0
yFTfaACXnD61KtLY,13,Asharia,DemonHunter,Sinfxl,5916.0
yFTfaACXnD61KtLY,13,Shinier,Paladin,Chontosh,5614189.0
yFTfaACXnD61KtLY,13,Chontosh,Paladin,Chontosh,5444709.0
yFTfaACXnD61KtLY,13,Decayed,DeathKnight,Chontosh,5222655.0
yFTfaACXnD61KtLY,13,Lìllith,Warlock,Chontosh,4743770.0
yFTfaACXnD61KtLY,13,Grapeinator,Paladin,Chontosh,4447774.0
yFTfaACXnD61KtLY,13,Novachronos,Mage,Novachronos,2973815.0
yFTfaACXnD61KtLY,13,Mypriiest,Priest,Novachronos,17976.0
yFTfaACXnD61KtLY,13,Cainz,Rogue,Cainz,6570830.0
yFTfaACXnD61KtLY,13,Sälazar,Mage,Cainz,20467.0
yFTfaACXnD61KtLY,13,Chontosh,Paladin,Cainz,17798.0
yFTfaACXnD61KtLY,13,Mets,Hunter,Cainz,17796.0
yFTfaACXnD61KtLY,13,Tavendar,Paladin,Tavendar,77097885.0
yFTfaACXnD61KtLY,13,Decayed,DeathKnight,Tavendar,8753312.0
yFTfaACXnD61KtLY,13,Cainz,Rogue,Tavendar,5797037.0
yFTfaACXnD61KtLY,13,Grapeinator,Paladin,Tavendar,5577610.0
yFTfaACXnD61KtLY,13,Mets,Hunter,Tavendar,5369635.0
yFTfaACXnD61KtLY,15,Mets,Hunter,Mets,30422.0
yFTfaACXnD61KtLY,15,Decayed,DeathKnight,Decayed,2782540.0
yFTfaACXnD61KtLY,15,Averlis,Druid,Shinier,2675832.0
yFTfaACXnD61KtLY,15,Shinier,Paladin,Shinier,2187947.0
yFTfaACXnD61KtLY,15,Novachronos,Mage,Shinier,2106592.0
yFTfaACXnD61KtLY,15,Monfro,Hunter,Shinier,1451959.0
yFTfaACXnD61KtLY,15,Sälazar,Mage,Shinier,1296584.0
yFTfaACXnD61KtLY,15,Spàdes,Warrior,Spàdes,823338.0
yFTfaACXnD61KtLY,15,Grapeinator,Paladin,Grapeinator,981573.0
yFTfaACXnD61KtLY,15,Sälazar,Mage,Grapeinator,17774.0
yFTfaACXnD61KtLY,15,Monfro,Hunter,Grapeinator,16506.0
yFTfaACXnD61KtLY,15,Spàdes,Warrior,Grapeinator,10950.0
yFTfaACXnD61KtLY,15,Asharia,DemonHunter,Asharia,1571918.0
yFTfaACXnD61KtLY,15,Sinfxl,Mage,Asharia,35589.0
yFTfaACXnD61KtLY,15,Monfro,Hunter,Asharia,17784.0
yFTfaACXnD61KtLY,15,Soliloquy,Priest,Soliloquy,957338.0
yFTfaACXnD61KtLY,15,Spàdes,Warrior,Soliloquy,81441.0
yFTfaACXnD61KtLY,15,Shinier,Paladin,Soliloquy,70939.0
yFTfaACXnD61KtLY,15,Grapeinator,Paladin,Soliloquy,65198.0
yFTfaACXnD61KtLY,15,Asharia,DemonHunter,Soliloquy,64021.0
yFTfaACXnD61KtLY,15,Mypriiest,Priest,Mypriiest,2426325.0
yFTfaACXnD61KtLY,15,Monfro,Hunter,Mypriiest,1074797.0
yFTfaACXnD61KtLY,15,Sälazar,Mage,Mypriiest,913259.0
yFTfaACXnD61KtLY,15,Greyseer,Hunter,Mypriiest,909206.0
yFTfaACXnD61KtLY,15,Novachronos,Mage,Mypriiest,864433.0
yFTfaACXnD61KtLY,15,Averlis,Druid,Averlis,519906.0
yFTfaACXnD61KtLY,15,Monfro,Hunter,Monfro,345434.0
yFTfaACXnD61KtLY,15,Boomchicky,Hunter,Boomchicky,1004252.0
yFTfaACXnD61KtLY,15,Sälazar,Mage,Sälazar,1663587.0
yFTfaACXnD61KtLY,15,Greyseer,Hunter,Greyseer,468712.0
yFTfaACXnD61KtLY,15,Chontosh,Paladin,Greyseer,17757.0
yFTfaACXnD61KtLY,15,Mypriiest,Priest,Greyseer,15056.0
yFTfaACXnD61KtLY,15,Sinfxl,Mage,Greyseer,14798.0
yFTfaACXnD61KtLY,15,Stellanoova,Monk,Stellanoova,2738228.0
yFTfaACXnD61KtLY,15,Decayed,DeathKnight,Stellanoova,125177.0
yFTfaACXnD61KtLY,15,Cainz,Rogue,Stellanoova,38440.0
yFTfaACXnD61KtLY,15,Ämon,Druid,Ämon,793828.0
yFTfaACXnD61KtLY,15,Littlejohn,DeathKnight,Littlejohn,1284869.0
yFTfaACXnD61KtLY,15,Spàdes,Warrior,Littlejohn,20494.0
yFTfaACXnD61KtLY,15,Boomchicky,Hunter,Littlejohn,20494.0
yFTfaACXnD61KtLY,15,Averlis,Druid,Littlejohn,18671.0
yFTfaACXnD61KtLY,15,Sinfxl,Mage,Littlejohn,17980.0
yFTfaACXnD61KtLY,15,Lìllith,Warlock,Lìllith,811262.0
yFTfaACXnD61KtLY,15,Mets,Hunter,Lìllith,17059.0
yFTfaACXnD61KtLY,15,Sinfxl,Mage,Sinfxl,738057.0
yFTfaACXnD61KtLY,15,Chontosh,Paladin,Chontosh,3082023.0
yFTfaACXnD61KtLY,15,Sinfxl,Mage,Chontosh,814466.0
yFTfaACXnD61KtLY,15,Greyseer,Hunter,Chontosh,776021.0
yFTfaACXnD61KtLY,15,Mets,Hunter,Chontosh,764726.0
yFTfaACXnD61KtLY,15,Asharia,DemonHunter,Chontosh,728793.0
yFTfaACXnD61KtLY,15,Novachronos,Mage,Novachronos,1775505.0
yFTfaACXnD61KtLY,15,Littlejohn,DeathKnight,Novachronos,10492.0
yFTfaACXnD61KtLY,15,Cainz,Rogue,Cainz,940803.0
yFTfaACXnD61KtLY,15,Tavendar,Paladin,Tavendar,2265901.0
yFTfaACXnD61KtLY,15,Asharia,DemonHunter,Tavendar,1394964.0
yFTfaACXnD61KtLY,15,Decayed,DeathKnight,Tavendar,1103601.0
yFTfaACXnD61KtLY,15,Spàdes,Warrior,Tavendar,880096.0
yFTfaACXnD61KtLY,15,Chontosh,Paladin,Tavendar,846475.0
yFTfaACXnD61KtLY,16,Mets,Hunter,Mets,28794.0
yFTfaACXnD61KtLY,16,Decayed,DeathKnight,Decayed,10495520.0
yFTfaACXnD61KtLY,16,Decayed,DeathKnight,Shinier,4649311.0
yFTfaACXnD61KtLY,16,Monfro,Hunter,Shinier,4338848.0
yFTfaACXnD61KtLY,16,Novachronos,Mage,Shinier,3913070.0
yFTfaACXnD61KtLY,16,Littlejohn,DeathKnight,Shinier,2765325.0
yFTfaACXnD61KtLY,16,Shinier,Paladin,Shinier,2673064.0
yFTfaACXnD61KtLY,16,Spàdes,Warrior,Spàdes,907640.0
yFTfaACXnD61KtLY,16,Grapeinator,Paladin,Grapeinator,547196.0
yFTfaACXnD61KtLY,16,Boomchicky,Hunter,Grapeinator,15882.0
yFTfaACXnD61KtLY,16,Asharia,DemonHunter,Grapeinator,9240.0
yFTfaACXnD61KtLY,16,Asharia,DemonHunter,Asharia,2585893.0
yFTfaACXnD61KtLY,16,Tavendar,Paladin,Asharia,14834.0
yFTfaACXnD61KtLY,16,Sinfxl,Mage,Asharia,10758.0
yFTfaACXnD61KtLY,16,Soliloquy,Priest,Soliloquy,2319936.0
yFTfaACXnD61KtLY,16,Cainz,Rogue,Soliloquy,103612.0
yFTfaACXnD61KtLY,16,Stellanoova,Monk,Soliloquy,99430.0
yFTfaACXnD61KtLY,16,Grapeinator,Paladin,Soliloquy,85070.0
yFTfaACXnD61KtLY,16,Ämon,Druid,Soliloquy,83681.0
yFTfaACXnD61KtLY,16,Mypriiest,Priest,Mypriiest,4393218.0
yFTfaACXnD61KtLY,16,Chontosh,Paladin,Mypriiest,3158082.0
yFTfaACXnD61KtLY,16,Ämon,Druid,Mypriiest,2206637.0
yFTfaACXnD61KtLY,16,Soliloquy,Priest,Mypriiest,1658992.0
yFTfaACXnD61KtLY,16,Mets,Hunter,Mypriiest,1635536.0
yFTfaACXnD61KtLY,16,Averlis,Druid,Averlis,732114.0
yFTfaACXnD61KtLY,16,Littlejohn,DeathKnight,Averlis,429794.0
yFTfaACXnD61KtLY,16,Shinier,Paladin,Averlis,418844.0
yFTfaACXnD61KtLY,16,Boomchicky,Hunter,Averlis,341553.0
yFTfaACXnD61KtLY,16,Monfro,Hunter,Averlis,213783.0
yFTfaACXnD61KtLY,16,Monfro,Hunter,Monfro,265052.0
yFTfaACXnD61KtLY,16,Boomchicky,Hunter,Boomchicky,1193783.0
yFTfaACXnD61KtLY,16,Sälazar,Mage,Sälazar,1779046.0
yFTfaACXnD61KtLY,16,Greyseer,Hunter,Greyseer,418479.0
yFTfaACXnD61KtLY,16,Mypriiest,Priest,Greyseer,2338.0
yFTfaACXnD61KtLY,16,Stellanoova,Monk,Stellanoova,3916975.0
yFTfaACXnD61KtLY,16,Cainz,Rogue,Stellanoova,322865.0
yFTfaACXnD61KtLY,16,Decayed,DeathKnight,Stellanoova,197668.0
yFTfaACXnD61KtLY,16,Averlis,Druid,Stellanoova,155728.0
yFTfaACXnD61KtLY,16,Ämon,Druid,Ämon,690326.0
yFTfaACXnD61KtLY,16,Monfro,Hunter,Ämon,432804.0
yFTfaACXnD61KtLY,16,Decayed,DeathKnight,Ämon,427931.0
yFTfaACXnD61KtLY,16,Averlis,Druid,Ämon,412159.0
yFTfaACXnD61KtLY,16,Boomchicky,Hunter,Ämon,109085.0
yFTfaACXnD61KtLY,16,Littlejohn,DeathKnight,Littlejohn,3420880.0
yFTfaACXnD61KtLY,16,Shinier,Paladin,Littlejohn,35996.0
yFTfaACXnD61KtLY,16,Decayed,DeathKnight,Littlejohn,30623.0
yFTfaACXnD61KtLY,16,Mets,Hunter,Littlejohn,23556.0
yFTfaACXnD61KtLY,16,Mypriiest,Priest,Littlejohn,19007.0
yFTfaACXnD61KtLY,16,Lìllith,Warlock,Lìllith,1523788.0
yFTfaACXnD61KtLY,16,Sinfxl,Mage,Lìllith,11126.0
yFTfaACXnD61KtLY,16,Novachronos,Mage,Lìllith,8149.0
yFTfaACXnD61KtLY,16,Sinfxl,Mage,Sinfxl,1302768.0
yFTfaACXnD61KtLY,16,Chontosh,Paladin,Sinfxl,42877.0
yFTfaACXnD61KtLY,16,Tavendar,Paladin,Sinfxl,42877.0
yFTfaACXnD61KtLY,16,Soliloquy,Priest,Sinfxl,42877.0
yFTfaACXnD61KtLY,16,Chontosh,Paladin,Chontosh,2974540.0
yFTfaACXnD61KtLY,16,Shinier,Paladin,Chontosh,2668505.0
yFTfaACXnD61KtLY,16,Mypriiest,Priest,Chontosh,1839445.0
yFTfaACXnD61KtLY,16,Ämon,Druid,Chontosh,1669167.0
yFTfaACXnD61KtLY,16,Lìllith,Warlock,Chontosh,1440096.0
yFTfaACXnD61KtLY,16,Novachronos,Mage,Novachronos,1840586.0
yFTfaACXnD61KtLY,16,Cainz,Rogue,Cainz,3285251.0
yFTfaACXnD61KtLY,16,Tavendar,Paladin,Tavendar,2392651.0
yFTfaACXnD61KtLY,16,Sinfxl,Mage,Tavendar,1815196.0
yFTfaACXnD61KtLY,16,Decayed,DeathKnight,Tavendar,1727822.0
yFTfaACXnD61KtLY,16,Lìllith,Warlock,Tavendar,1632475.0
yFTfaACXnD61KtLY,16,Greyseer,Hunter,Tavendar,1464135.0
yFTfaACXnD61KtLY,1,Mets,Hunter,Mets,1088543.0
yFTfaACXnD61KtLY,1,Lìllith,Warlock,Mets,12599.0
yFTfaACXnD61KtLY,1,Decayed,DeathKnight,Decayed,12098667.0
yFTfaACXnD61KtLY,1,Stellanoova,Monk,Decayed,14629.0
yFTfaACXnD61KtLY,1,Stellanoova,Monk,Shinier,6447527.0
yFTfaACXnD61KtLY,1,Shinier,Paladin,Shinier,5086388.0
yFTfaACXnD61KtLY,1,Zeleria,Paladin,Shinier,3846259.0
yFTfaACXnD61KtLY,1,Decayed,DeathKnight,Shinier,3809373.0
yFTfaACXnD61KtLY,1,Maztajake,Druid,Shinier,3445288.0
yFTfaACXnD61KtLY,1,Spàdes,Warrior,Spàdes,3064307.0
yFTfaACXnD61KtLY,1,Grapeinator,Paladin,Grapeinator,1577920.0
yFTfaACXnD61KtLY,1,Zeleria,Paladin,Grapeinator,35765.0
yFTfaACXnD61KtLY,1,Spàdes,Warrior,Grapeinator,9744.0
yFTfaACXnD61KtLY,1,Littlejohn,DeathKnight,Grapeinator,5011.0
yFTfaACXnD61KtLY,1,Asharia,DemonHunter,Asharia,4324432.0
yFTfaACXnD61KtLY,1,Littlejohn,DeathKnight,Asharia,436537.0
yFTfaACXnD61KtLY,1,Zeleria,Paladin,Asharia,45931.0
yFTfaACXnD61KtLY,1,Sälazar,Mage,Asharia,25194.0
yFTfaACXnD61KtLY,1,Grapeinator,Paladin,Asharia,16589.0
yFTfaACXnD61KtLY,1,Soliloquy,Priest,Soliloquy,5031649.0
yFTfaACXnD61KtLY,1,Decayed,DeathKnight,Soliloquy,274650.0
yFTfaACXnD61KtLY,1,Tavendar,Paladin,Soliloquy,263947.0
yFTfaACXnD61KtLY,1,Monfro,Hunter,Soliloquy,189866.0
yFTfaACXnD61KtLY,1,Grapeinator,Paladin,Soliloquy,185156.0
yFTfaACXnD61KtLY,1,Mypriiest,Priest,Mypriiest,7444175.0
yFTfaACXnD61KtLY,1,Ämon,Druid,Mypriiest,3820642.0
yFTfaACXnD61KtLY,1,Stellanoova,Monk,Mypriiest,3512775.0
yFTfaACXnD61KtLY,1,Zeleria,Paladin,Mypriiest,3500196.0
yFTfaACXnD61KtLY,1,Sälazar,Mage,Mypriiest,3174433.0
yFTfaACXnD61KtLY,1,Zeleria,Paladin,Zeleria,4027928.0
yFTfaACXnD61KtLY,1,Decayed,DeathKnight,Zeleria,3657914.0
yFTfaACXnD61KtLY,1,Stellanoova,Monk,Zeleria,2976476.0
yFTfaACXnD61KtLY,1,Averlis,Druid,Zeleria,2797393.0
yFTfaACXnD61KtLY,1,Monfro,Hunter,Zeleria,2770521.0
yFTfaACXnD61KtLY,1,Averlis,Druid,Averlis,1074069.0
yFTfaACXnD61KtLY,1,Monfro,Hunter,Monfro,1485874.0
yFTfaACXnD61KtLY,1,Lìllith,Warlock,Monfro,17753.0
yFTfaACXnD61KtLY,1,Tavendar,Paladin,Monfro,15126.0
yFTfaACXnD61KtLY,1,Boomchicky,Hunter,Boomchicky,1964098.0
yFTfaACXnD61KtLY,1,Averlis,Druid,Boomchicky,22225.0
yFTfaACXnD61KtLY,1,Sälazar,Mage,Sälazar,4399458.0
yFTfaACXnD61KtLY,1,Greyseer,Hunter,Greyseer,819503.0
yFTfaACXnD61KtLY,1,Averlis,Druid,Greyseer,89321.0
yFTfaACXnD61KtLY,1,Ämon,Druid,Ämon,1716380.0
yFTfaACXnD61KtLY,1,Stellanoova,Monk,Stellanoova,10652894.0
yFTfaACXnD61KtLY,1,Boomchicky,Hunter,Stellanoova,422406.0
yFTfaACXnD61KtLY,1,Decayed,DeathKnight,Stellanoova,321420.0
yFTfaACXnD61KtLY,1,Asharia,DemonHunter,Stellanoova,316060.0
yFTfaACXnD61KtLY,1,Greyseer,Hunter,Stellanoova,134888.0
yFTfaACXnD61KtLY,1,Maztajake,Druid,Maztajake,809401.0
yFTfaACXnD61KtLY,1,Littlejohn,DeathKnight,Littlejohn,3364949.0
yFTfaACXnD61KtLY,1,Sinfxl,Mage,Littlejohn,46165.0
yFTfaACXnD61KtLY,1,Cainz,Rogue,Littlejohn,37672.0
yFTfaACXnD61KtLY,1,Boomchicky,Hunter,Littlejohn,37429.0
yFTfaACXnD61KtLY,1,Monfro,Hunter,Littlejohn,17740.0
yFTfaACXnD61KtLY,1,Lìllith,Warlock,Lìllith,4193588.0
yFTfaACXnD61KtLY,1,Novachronos,Mage,Lìllith,17779.0
yFTfaACXnD61KtLY,1,Sinfxl,Mage,Sinfxl,2087166.0
yFTfaACXnD61KtLY,1,Shinier,Paladin,Sinfxl,88328.0
yFTfaACXnD61KtLY,1,Chontosh,Paladin,Sinfxl,88328.0
yFTfaACXnD61KtLY,1,Averlis,Druid,Chontosh,3112936.0
yFTfaACXnD61KtLY,1,Monfro,Hunter,Chontosh,3032881.0
yFTfaACXnD61KtLY,1,Grapeinator,Paladin,Chontosh,2904044.0
yFTfaACXnD61KtLY,1,Zeleria,Paladin,Chontosh,2718744.0
yFTfaACXnD61KtLY,1,Mypriiest,Priest,Chontosh,2548350.0
yFTfaACXnD61KtLY,1,Novachronos,Mage,Novachronos,3416987.0
yFTfaACXnD61KtLY,1,Averlis,Druid,Novachronos,14030.0
yFTfaACXnD61KtLY,1,Cainz,Rogue,Cainz,4387201.0
yFTfaACXnD61KtLY,1,Grapeinator,Paladin,Cainz,19928.0
yFTfaACXnD61KtLY,1,Zeleria,Paladin,Cainz,19277.0
yFTfaACXnD61KtLY,1,Averlis,Druid,Cainz,16315.0
yFTfaACXnD61KtLY,1,Spàdes,Warrior,Cainz,16032.0
yFTfaACXnD61KtLY,1,Tavendar,Paladin,Tavendar,2628513.0
yFTfaACXnD61KtLY,1,Stellanoova,Monk,Tavendar,93649.0
yFTfaACXnD61KtLY,1,Boomchicky,Hunter,Tavendar,86957.0
yFTfaACXnD61KtLY,1,Ämon,Druid,Tavendar,71288.0
yFTfaACXnD61KtLY,1,Spàdes,Warrior,Tavendar,64656.0
yFTfaACXnD61KtLY,2,Mets,Hunter,Mets,66339.0
yFTfaACXnD61KtLY,2,Decayed,DeathKnight,Decayed,18708562.0
yFTfaACXnD61KtLY,2,Sinfxl,Mage,Decayed,14072.0
yFTfaACXnD61KtLY,2,Decayed,DeathKnight,Shinier,10954634.0
yFTfaACXnD61KtLY,2,Shinier,Paladin,Shinier,6392715.0
yFTfaACXnD61KtLY,2,Zeleria,Paladin,Shinier,6191045.0
yFTfaACXnD61KtLY,2,Tavendar,Paladin,Shinier,5786812.0
yFTfaACXnD61KtLY,2,Mypriiest,Priest,Shinier,5594588.0
yFTfaACXnD61KtLY,2,Spàdes,Warrior,Spàdes,3791498.0
yFTfaACXnD61KtLY,2,Grapeinator,Paladin,Grapeinator,2694255.0
yFTfaACXnD61KtLY,2,Tavendar,Paladin,Grapeinator,18040.0
yFTfaACXnD61KtLY,2,Greyseer,Hunter,Grapeinator,14812.0
yFTfaACXnD61KtLY,2,Spàdes,Warrior,Grapeinator,12464.0
yFTfaACXnD61KtLY,2,Asharia,DemonHunter,Asharia,5199181.0
yFTfaACXnD61KtLY,2,Boomchicky,Hunter,Asharia,366084.0
yFTfaACXnD61KtLY,2,Littlejohn,DeathKnight,Asharia,329880.0
yFTfaACXnD61KtLY,2,Spàdes,Warrior,Asharia,300911.0
yFTfaACXnD61KtLY,2,Sälazar,Mage,Asharia,87294.0
yFTfaACXnD61KtLY,2,Soliloquy,Priest,Soliloquy,6035977.0
yFTfaACXnD61KtLY,2,Mets,Hunter,Soliloquy,245105.0
yFTfaACXnD61KtLY,2,Chontosh,Paladin,Soliloquy,184193.0
yFTfaACXnD61KtLY,2,Boomchicky,Hunter,Soliloquy,180010.0
yFTfaACXnD61KtLY,2,Maztajake,Druid,Soliloquy,169525.0
yFTfaACXnD61KtLY,2,Mypriiest,Priest,Mypriiest,7545544.0
yFTfaACXnD61KtLY,2,Averlis,Druid,Mypriiest,4943580.0
yFTfaACXnD61KtLY,2,Maztajake,Druid,Mypriiest,3943813.0
yFTfaACXnD61KtLY,2,Novachronos,Mage,Mypriiest,3819878.0
yFTfaACXnD61KtLY,2,Ämon,Druid,Mypriiest,3673042.0
yFTfaACXnD61KtLY,2,Decayed,DeathKnight,Zeleria,7238118.0
yFTfaACXnD61KtLY,2,Monfro,Hunter,Zeleria,4367322.0
yFTfaACXnD61KtLY,2,Stellanoova,Monk,Zeleria,4179198.0
yFTfaACXnD61KtLY,2,Spàdes,Warrior,Zeleria,3849102.0
yFTfaACXnD61KtLY,2,Mets,Hunter,Zeleria,3836209.0
yFTfaACXnD61KtLY,2,Averlis,Druid,Averlis,612612.0
yFTfaACXnD61KtLY,2,Boomchicky,Hunter,Boomchicky,1856066.0
yFTfaACXnD61KtLY,2,Zeleria,Paladin,Boomchicky,15584.0
yFTfaACXnD61KtLY,2,Monfro,Hunter,Monfro,511457.0
yFTfaACXnD61KtLY,2,Sälazar,Mage,Sälazar,4039766.0
yFTfaACXnD61KtLY,2,Greyseer,Hunter,Greyseer,1074958.0
yFTfaACXnD61KtLY,2,Stellanoova,Monk,Stellanoova,12856419.0
yFTfaACXnD61KtLY,2,Tavendar,Paladin,Stellanoova,303944.0
yFTfaACXnD61KtLY,2,Spàdes,Warrior,Stellanoova,243845.0
yFTfaACXnD61KtLY,2,Ämon,Druid,Stellanoova,204588.0
yFTfaACXnD61KtLY,2,Ämon,Druid,Ämon,1137258.0
yFTfaACXnD61KtLY,2,Maztajake,Druid,Maztajake,341995.0
yFTfaACXnD61KtLY,2,Littlejohn,DeathKnight,Littlejohn,3344106.0
yFTfaACXnD61KtLY,2,Boomchicky,Hunter,Littlejohn,42255.0
yFTfaACXnD61KtLY,2,Cainz,Rogue,Littlejohn,21398.0
yFTfaACXnD61KtLY,2,Averlis,Druid,Littlejohn,21191.0
yFTfaACXnD61KtLY,2,Lìllith,Warlock,Littlejohn,21191.0
yFTfaACXnD61KtLY,2,Lìllith,Warlock,Lìllith,5226902.0
yFTfaACXnD61KtLY,2,Sinfxl,Mage,Lìllith,28996.0
yFTfaACXnD61KtLY,2,Shinier,Paladin,Lìllith,25445.0
yFTfaACXnD61KtLY,2,Mypriiest,Priest,Lìllith,14805.0
yFTfaACXnD61KtLY,2,Sinfxl,Mage,Sinfxl,2929977.0
yFTfaACXnD61KtLY,2,Shinier,Paladin,Sinfxl,88328.0
yFTfaACXnD61KtLY,2,Zeleria,Paladin,Sinfxl,88328.0
yFTfaACXnD61KtLY,2,Mypriiest,Priest,Sinfxl,44164.0
yFTfaACXnD61KtLY,2,Tavendar,Paladin,Sinfxl,44164.0
yFTfaACXnD61KtLY,2,Shinier,Paladin,Chontosh,3990340.0
yFTfaACXnD61KtLY,2,Monfro,Hunter,Chontosh,3957763.0
yFTfaACXnD61KtLY,2,Grapeinator,Paladin,Chontosh,3895314.0
yFTfaACXnD61KtLY,2,Mypriiest,Priest,Chontosh,3851265.0
yFTfaACXnD61KtLY,2,Stellanoova,Monk,Chontosh,3439054.0
yFTfaACXnD61KtLY,2,Novachronos,Mage,Novachronos,3637044.0
yFTfaACXnD61KtLY,2,Asharia,DemonHunter,Novachronos,8240.0
yFTfaACXnD61KtLY,2,Cainz,Rogue,Cainz,3180419.0
yFTfaACXnD61KtLY,2,Mypriiest,Priest,Cainz,31883.0
yFTfaACXnD61KtLY,2,Greyseer,Hunter,Cainz,14831.0
yFTfaACXnD61KtLY,2,Zeleria,Paladin,Cainz,14088.0
yFTfaACXnD61KtLY,2,Chontosh,Paladin,Cainz,12606.0
yFTfaACXnD61KtLY,2,Tavendar,Paladin,Tavendar,3078312.0
yFTfaACXnD61KtLY,2,Monfro,Hunter,Tavendar,307349.0
yFTfaACXnD61KtLY,2,Boomchicky,Hunter,Tavendar,167351.0
yFTfaACXnD61KtLY,2,Decayed,DeathKnight,Tavendar,164729.0
yFTfaACXnD61KtLY,2,Grapeinator,Paladin,Tavendar,130665.0
yFTfaACXnD61KtLY,4,Mets,Hunter,Mets,701794.0
yFTfaACXnD61KtLY,4,Decayed,DeathKnight,Decayed,15299286.0
yFTfaACXnD61KtLY,4,Greyseer,Hunter,Decayed,16299.0
yFTfaACXnD61KtLY,4,Shinier,Paladin,Shinier,8121305.0
yFTfaACXnD61KtLY,4,Mets,Hunter,Shinier,6239241.0
yFTfaACXnD61KtLY,4,Soliloquy,Priest,Shinier,4783109.0
yFTfaACXnD61KtLY,4,Boomchicky,Hunter,Shinier,4624014.0
yFTfaACXnD61KtLY,4,Sinfxl,Mage,Shinier,4208672.0
yFTfaACXnD61KtLY,4,Spàdes,Warrior,Spàdes,2892728.0
yFTfaACXnD61KtLY,4,Grapeinator,Paladin,Grapeinator,3073881.0
yFTfaACXnD61KtLY,4,Decayed,DeathKnight,Grapeinator,85902.0
yFTfaACXnD61KtLY,4,Novachronos,Mage,Grapeinator,67989.0
yFTfaACXnD61KtLY,4,Monfro,Hunter,Grapeinator,66101.0
yFTfaACXnD61KtLY,4,Sälazar,Mage,Grapeinator,63296.0
yFTfaACXnD61KtLY,4,Asharia,DemonHunter,Asharia,2470000.0
yFTfaACXnD61KtLY,4,Tavendar,Paladin,Asharia,8892.0
yFTfaACXnD61KtLY,4,Soliloquy,Priest,Soliloquy,3198439.0
yFTfaACXnD61KtLY,4,Chontosh,Paladin,Soliloquy,211445.0
yFTfaACXnD61KtLY,4,Cainz,Rogue,Soliloquy,211163.0
yFTfaACXnD61KtLY,4,Stellanoova,Monk,Soliloquy,132513.0
yFTfaACXnD61KtLY,4,Decayed,DeathKnight,Soliloquy,127984.0
yFTfaACXnD61KtLY,4,Mypriiest,Priest,Mypriiest,5567127.0
yFTfaACXnD61KtLY,4,Cainz,Rogue,Mypriiest,2928821.0
yFTfaACXnD61KtLY,4,Greyseer,Hunter,Mypriiest,2810920.0
yFTfaACXnD61KtLY,4,Chontosh,Paladin,Mypriiest,2771023.0
yFTfaACXnD61KtLY,4,Sälazar,Mage,Mypriiest,2763017.0
yFTfaACXnD61KtLY,4,Averlis,Druid,Averlis,1552547.0
yFTfaACXnD61KtLY,4,Boomchicky,Hunter,Averlis,429920.0
yFTfaACXnD61KtLY,4,Soliloquy,Priest,Averlis,290630.0
yFTfaACXnD61KtLY,4,Spàdes,Warrior,Averlis,255201.0
yFTfaACXnD61KtLY,4,Ämon,Druid,Averlis,145044.0
yFTfaACXnD61KtLY,4,Monfro,Hunter,Monfro,1379248.0
yFTfaACXnD61KtLY,4,Boomchicky,Hunter,Boomchicky,2031570.0
yFTfaACXnD61KtLY,4,Sälazar,Mage,Sälazar,3269330.0
yFTfaACXnD61KtLY,4,Greyseer,Hunter,Greyseer,382684.0
yFTfaACXnD61KtLY,4,Stellanoova,Monk,Stellanoova,6238297.0
yFTfaACXnD61KtLY,4,Cainz,Rogue,Stellanoova,612476.0
yFTfaACXnD61KtLY,4,Tavendar,Paladin,Stellanoova,408996.0
yFTfaACXnD61KtLY,4,Decayed,DeathKnight,Stellanoova,251854.0
yFTfaACXnD61KtLY,4,Ämon,Druid,Ämon,837813.0
yFTfaACXnD61KtLY,4,Maztajake,Druid,Maztajake,1097179.0
yFTfaACXnD61KtLY,4,Littlejohn,DeathKnight,Littlejohn,5689976.0
yFTfaACXnD61KtLY,4,Decayed,DeathKnight,Littlejohn,22834.0
yFTfaACXnD61KtLY,4,Grapeinator,Paladin,Littlejohn,21115.0
yFTfaACXnD61KtLY,4,Monfro,Hunter,Littlejohn,21115.0
yFTfaACXnD61KtLY,4,Shinier,Paladin,Littlejohn,21094.0
yFTfaACXnD61KtLY,4,Lìllith,Warlock,Lìllith,3687200.0
yFTfaACXnD61KtLY,4,Sinfxl,Mage,Lìllith,15678.0
yFTfaACXnD61KtLY,4,Sinfxl,Mage,Sinfxl,2817923.0
yFTfaACXnD61KtLY,4,Mypriiest,Priest,Sinfxl,88328.0
yFTfaACXnD61KtLY,4,Chontosh,Paladin,Chontosh,2925101.0
yFTfaACXnD61KtLY,4,Monfro,Hunter,Chontosh,2745666.0
yFTfaACXnD61KtLY,4,Cainz,Rogue,Chontosh,2737204.0
yFTfaACXnD61KtLY,4,Spàdes,Warrior,Chontosh,2404330.0
yFTfaACXnD61KtLY,4,Grapeinator,Paladin,Chontosh,2245954.0
yFTfaACXnD61KtLY,4,Novachronos,Mage,Novachronos,4462433.0
yFTfaACXnD61KtLY,4,Mypriiest,Priest,Novachronos,17227.0
yFTfaACXnD61KtLY,4,Cainz,Rogue,Cainz,3845605.0
yFTfaACXnD61KtLY,4,Monfro,Hunter,Cainz,17793.0
yFTfaACXnD61KtLY,4,Greyseer,Hunter,Cainz,14831.0
yFTfaACXnD61KtLY,4,Sinfxl,Mage,Cainz,13348.0
yFTfaACXnD61KtLY,4,Tavendar,Paladin,Tavendar,1662046.0
yFTfaACXnD61KtLY,4,Decayed,DeathKnight,Tavendar,78689.0
yFTfaACXnD61KtLY,4,Greyseer,Hunter,Tavendar,62548.0
yFTfaACXnD61KtLY,4,Spàdes,Warrior,Tavendar,60843.0
yFTfaACXnD61KtLY,4,Chontosh,Paladin,Tavendar,45204.0
yFTfaACXnD61KtLY,5,Mets,Hunter,Mets,36183.0
yFTfaACXnD61KtLY,5,Decayed,DeathKnight,Decayed,12767191.0
yFTfaACXnD61KtLY,5,Cainz,Rogue,Shinier,3507457.0
yFTfaACXnD61KtLY,5,Monfro,Hunter,Shinier,3280312.0
yFTfaACXnD61KtLY,5,Decayed,DeathKnight,Shinier,2974160.0
yFTfaACXnD61KtLY,5,Boomchicky,Hunter,Shinier,2851534.0
yFTfaACXnD61KtLY,5,Maztajake,Druid,Shinier,2675925.0
yFTfaACXnD61KtLY,5,Spàdes,Warrior,Spàdes,2002712.0
yFTfaACXnD61KtLY,5,Grapeinator,Paladin,Grapeinator,369382.0
yFTfaACXnD61KtLY,5,Shinier,Paladin,Grapeinator,106299.0
yFTfaACXnD61KtLY,5,Boomchicky,Hunter,Grapeinator,88562.0
yFTfaACXnD61KtLY,5,Spàdes,Warrior,Grapeinator,86760.0
yFTfaACXnD61KtLY,5,Tavendar,Paladin,Grapeinator,82693.0
yFTfaACXnD61KtLY,5,Asharia,DemonHunter,Asharia,3112911.0
yFTfaACXnD61KtLY,5,Cainz,Rogue,Asharia,71149.0
yFTfaACXnD61KtLY,5,Sinfxl,Mage,Asharia,29639.0
yFTfaACXnD61KtLY,5,Grapeinator,Paladin,Asharia,22229.0
yFTfaACXnD61KtLY,5,Sälazar,Mage,Asharia,19265.0
yFTfaACXnD61KtLY,5,Soliloquy,Priest,Soliloquy,2115251.0
yFTfaACXnD61KtLY,5,Decayed,DeathKnight,Soliloquy,104727.0
yFTfaACXnD61KtLY,5,Tavendar,Paladin,Soliloquy,86502.0
yFTfaACXnD61KtLY,5,Ämon,Druid,Soliloquy,85965.0
yFTfaACXnD61KtLY,5,Mypriiest,Priest,Mypriiest,5174329.0
yFTfaACXnD61KtLY,5,Ämon,Druid,Mypriiest,3402013.0
yFTfaACXnD61KtLY,5,Mets,Hunter,Mypriiest,2178797.0
yFTfaACXnD61KtLY,5,Sälazar,Mage,Mypriiest,2041516.0
yFTfaACXnD61KtLY,5,Averlis,Druid,Mypriiest,1990366.0
yFTfaACXnD61KtLY,5,Averlis,Druid,Averlis,1001398.0
yFTfaACXnD61KtLY,5,Monfro,Hunter,Monfro,460917.0
yFTfaACXnD61KtLY,5,Chontosh,Paladin,Monfro,17012.0
yFTfaACXnD61KtLY,5,Boomchicky,Hunter,Boomchicky,1218582.0
yFTfaACXnD61KtLY,5,Sälazar,Mage,Sälazar,1821698.0
yFTfaACXnD61KtLY,5,Greyseer,Hunter,Greyseer,150867.0
yFTfaACXnD61KtLY,5,Stellanoova,Monk,Stellanoova,4928676.0
yFTfaACXnD61KtLY,5,Decayed,DeathKnight,Stellanoova,412431.0
yFTfaACXnD61KtLY,5,Cainz,Rogue,Stellanoova,182715.0
yFTfaACXnD61KtLY,5,Mypriiest,Priest,Stellanoova,149346.0
yFTfaACXnD61KtLY,5,Spàdes,Warrior,Stellanoova,137289.0
yFTfaACXnD61KtLY,5,Ämon,Druid,Ämon,867318.0
yFTfaACXnD61KtLY,5,Maztajake,Druid,Maztajake,538730.0
yFTfaACXnD61KtLY,5,Asharia,DemonHunter,Maztajake,17547.0
yFTfaACXnD61KtLY,5,Littlejohn,DeathKnight,Littlejohn,3865056.0
yFTfaACXnD61KtLY,5,Decayed,DeathKnight,Littlejohn,53309.0
yFTfaACXnD61KtLY,5,Spàdes,Warrior,Littlejohn,40763.0
yFTfaACXnD61KtLY,5,Novachronos,Mage,Littlejohn,39030.0
yFTfaACXnD61KtLY,5,Boomchicky,Hunter,Littlejohn,20827.0
yFTfaACXnD61KtLY,5,Lìllith,Warlock,Lìllith,1941850.0
yFTfaACXnD61KtLY,5,Chontosh,Paladin,Lìllith,29079.0
yFTfaACXnD61KtLY,5,Sinfxl,Mage,Sinfxl,1856820.0
yFTfaACXnD61KtLY,5,Mypriiest,Priest,Sinfxl,44164.0
yFTfaACXnD61KtLY,5,Shinier,Paladin,Sinfxl,44164.0
yFTfaACXnD61KtLY,5,Chontosh,Paladin,Sinfxl,44164.0
yFTfaACXnD61KtLY,5,Spàdes,Warrior,Chontosh,2342938.0
yFTfaACXnD61KtLY,5,Decayed,DeathKnight,Chontosh,2218879.0
yFTfaACXnD61KtLY,5,Mypriiest,Priest,Chontosh,2159254.0
yFTfaACXnD61KtLY,5,Chontosh,Paladin,Chontosh,2120785.0
yFTfaACXnD61KtLY,5,Ämon,Druid,Chontosh,2097142.0
yFTfaACXnD61KtLY,5,Cainz,Rogue,Cainz,2865086.0
yFTfaACXnD61KtLY,5,Novachronos,Mage,Novachronos,2488757.0
yFTfaACXnD61KtLY,5,Cainz,Rogue,Tavendar,2859321.0
yFTfaACXnD61KtLY,5,Tavendar,Paladin,Tavendar,2476172.0
yFTfaACXnD61KtLY,5,Decayed,DeathKnight,Tavendar,2158994.0
yFTfaACXnD61KtLY,5,Shinier,Paladin,Tavendar,1677867.0
yFTfaACXnD61KtLY,5,Averlis,Druid,Tavendar,1639199.0
yFTfaACXnD61KtLY,7,Mets,Hunter,Mets,31395.0
yFTfaACXnD61KtLY,7,Decayed,DeathKnight,Decayed,5918687.0
yFTfaACXnD61KtLY,7,Shinier,Paladin,Shinier,3157206.0
yFTfaACXnD61KtLY,7,Monfro,Hunter,Shinier,3050581.0
yFTfaACXnD61KtLY,7,Sälazar,Mage,Shinier,2912364.0
yFTfaACXnD61KtLY,7,Decayed,DeathKnight,Shinier,2500002.0
yFTfaACXnD61KtLY,7,Lìllith,Warlock,Shinier,2437506.0
yFTfaACXnD61KtLY,7,Spàdes,Warrior,Spàdes,1081619.0
yFTfaACXnD61KtLY,7,Grapeinator,Paladin,Grapeinator,1201029.0
yFTfaACXnD61KtLY,7,Asharia,DemonHunter,Grapeinator,83126.0
yFTfaACXnD61KtLY,7,Littlejohn,DeathKnight,Grapeinator,78249.0
yFTfaACXnD61KtLY,7,Averlis,Druid,Grapeinator,77045.0
yFTfaACXnD61KtLY,7,Shinier,Paladin,Grapeinator,76645.0
yFTfaACXnD61KtLY,7,Asharia,DemonHunter,Asharia,2759602.0
yFTfaACXnD61KtLY,7,Novachronos,Mage,Asharia,143043.0
yFTfaACXnD61KtLY,7,Grapeinator,Paladin,Asharia,124798.0
yFTfaACXnD61KtLY,7,Boomchicky,Hunter,Asharia,81027.0
yFTfaACXnD61KtLY,7,Monfro,Hunter,Asharia,65682.0
yFTfaACXnD61KtLY,7,Soliloquy,Priest,Soliloquy,1001985.0
yFTfaACXnD61KtLY,7,Chontosh,Paladin,Soliloquy,72021.0
yFTfaACXnD61KtLY,7,Asharia,DemonHunter,Soliloquy,67378.0
yFTfaACXnD61KtLY,7,Averlis,Druid,Soliloquy,66078.0
yFTfaACXnD61KtLY,7,Sälazar,Mage,Soliloquy,59801.0
yFTfaACXnD61KtLY,7,Mypriiest,Priest,Mypriiest,2471868.0
yFTfaACXnD61KtLY,7,Novachronos,Mage,Mypriiest,2319698.0
yFTfaACXnD61KtLY,7,Sälazar,Mage,Mypriiest,2136776.0
yFTfaACXnD61KtLY,7,Ämon,Druid,Mypriiest,1694787.0
yFTfaACXnD61KtLY,7,Averlis,Druid,Mypriiest,1588435.0
yFTfaACXnD61KtLY,7,Averlis,Druid,Averlis,107993.0
yFTfaACXnD61KtLY,7,Monfro,Hunter,Monfro,936912.0
yFTfaACXnD61KtLY,7,Boomchicky,Hunter,Boomchicky,883939.0
yFTfaACXnD61KtLY,7,Sälazar,Mage,Sälazar,2017703.0
yFTfaACXnD61KtLY,7,Greyseer,Hunter,Greyseer,601115.0
yFTfaACXnD61KtLY,7,Shinier,Paladin,Greyseer,16103.0
yFTfaACXnD61KtLY,7,Stellanoova,Monk,Stellanoova,3924388.0
yFTfaACXnD61KtLY,7,Decayed,DeathKnight,Stellanoova,418832.0
yFTfaACXnD61KtLY,7,Soliloquy,Priest,Stellanoova,189346.0
yFTfaACXnD61KtLY,7,Spàdes,Warrior,Stellanoova,154329.0
yFTfaACXnD61KtLY,7,Ämon,Druid,Ämon,517984.0
yFTfaACXnD61KtLY,7,Maztajake,Druid,Maztajake,32249.0
yFTfaACXnD61KtLY,7,Littlejohn,DeathKnight,Littlejohn,2489715.0
yFTfaACXnD61KtLY,7,Decayed,DeathKnight,Littlejohn,29068.0
yFTfaACXnD61KtLY,7,Grapeinator,Paladin,Littlejohn,22360.0
yFTfaACXnD61KtLY,7,Shinier,Paladin,Littlejohn,17960.0
yFTfaACXnD61KtLY,7,Lìllith,Warlock,Lìllith,1763700.0
yFTfaACXnD61KtLY,7,Sinfxl,Mage,Sinfxl,1784655.0
yFTfaACXnD61KtLY,7,Mypriiest,Priest,Sinfxl,88328.0
yFTfaACXnD61KtLY,7,Chontosh,Paladin,Sinfxl,44164.0
yFTfaACXnD61KtLY,7,Sinfxl,Mage,Chontosh,917073.0
yFTfaACXnD61KtLY,7,Chontosh,Paladin,Chontosh,893564.0
yFTfaACXnD61KtLY,7,Mets,Hunter,Chontosh,873955.0
yFTfaACXnD61KtLY,7,Shinier,Paladin,Chontosh,849392.0
yFTfaACXnD61KtLY,7,Greyseer,Hunter,Chontosh,786488.0
yFTfaACXnD61KtLY,7,Novachronos,Mage,Novachronos,1682626.0
yFTfaACXnD61KtLY,7,Cainz,Rogue,Cainz,1505105.0
yFTfaACXnD61KtLY,7,Grapeinator,Paladin,Cainz,17798.0
yFTfaACXnD61KtLY,7,Tavendar,Paladin,Tavendar,1886431.0
yFTfaACXnD61KtLY,7,Grapeinator,Paladin,Tavendar,1592276.0
yFTfaACXnD61KtLY,7,Averlis,Druid,Tavendar,1341937.0
yFTfaACXnD61KtLY,7,Mets,Hunter,Tavendar,1242970.0
yFTfaACXnD61KtLY,7,Decayed,DeathKnight,Tavendar,1115590.0
yFTfaACXnD61KtLY,8,Mets,Hunter,Mets,61210.0
yFTfaACXnD61KtLY,8,Decayed,DeathKnight,Decayed,11625014.0
yFTfaACXnD61KtLY,8,Shinier,Paladin,Shinier,4063428.0
yFTfaACXnD61KtLY,8,Monfro,Hunter,Shinier,3601499.0
yFTfaACXnD61KtLY,8,Littlejohn,DeathKnight,Shinier,3389525.0
yFTfaACXnD61KtLY,8,Decayed,DeathKnight,Shinier,3176093.0
yFTfaACXnD61KtLY,8,Sälazar,Mage,Shinier,2914357.0
yFTfaACXnD61KtLY,8,Spàdes,Warrior,Spàdes,1259856.0
yFTfaACXnD61KtLY,8,Grapeinator,Paladin,Grapeinator,887113.0
yFTfaACXnD61KtLY,8,Averlis,Druid,Grapeinator,75592.0
yFTfaACXnD61KtLY,8,Maztajake,Druid,Grapeinator,71631.0
yFTfaACXnD61KtLY,8,Monfro,Hunter,Grapeinator,64078.0
yFTfaACXnD61KtLY,8,Shinier,Paladin,Grapeinator,57826.0
yFTfaACXnD61KtLY,8,Asharia,DemonHunter,Asharia,2662278.0
yFTfaACXnD61KtLY,8,Shinier,Paladin,Asharia,16301.0
yFTfaACXnD61KtLY,8,Sälazar,Mage,Asharia,10373.0
yFTfaACXnD61KtLY,8,Soliloquy,Priest,Soliloquy,2392324.0
yFTfaACXnD61KtLY,8,Sinfxl,Mage,Soliloquy,66578.0
yFTfaACXnD61KtLY,8,Ämon,Druid,Soliloquy,58581.0
yFTfaACXnD61KtLY,8,Mypriiest,Priest,Mypriiest,3186874.0
yFTfaACXnD61KtLY,8,Chontosh,Paladin,Mypriiest,2612909.0
yFTfaACXnD61KtLY,8,Soliloquy,Priest,Mypriiest,2312016.0
yFTfaACXnD61KtLY,8,Lìllith,Warlock,Mypriiest,1927514.0
yFTfaACXnD61KtLY,8,Mets,Hunter,Mypriiest,1688701.0
yFTfaACXnD61KtLY,8,Averlis,Druid,Averlis,391631.0
yFTfaACXnD61KtLY,8,Monfro,Hunter,Monfro,974893.0
yFTfaACXnD61KtLY,8,Boomchicky,Hunter,Boomchicky,901132.0
yFTfaACXnD61KtLY,8,Sälazar,Mage,Sälazar,2069477.0
yFTfaACXnD61KtLY,8,Greyseer,Hunter,Greyseer,214383.0
yFTfaACXnD61KtLY,8,Stellanoova,Monk,Stellanoova,5582907.0
yFTfaACXnD61KtLY,8,Cainz,Rogue,Stellanoova,283623.0
yFTfaACXnD61KtLY,8,Decayed,DeathKnight,Stellanoova,259724.0
yFTfaACXnD61KtLY,8,Tavendar,Paladin,Stellanoova,156251.0
yFTfaACXnD61KtLY,8,Ämon,Druid,Ämon,884702.0
yFTfaACXnD61KtLY,8,Mets,Hunter,Ämon,16799.0
yFTfaACXnD61KtLY,8,Maztajake,Druid,Maztajake,285014.0
yFTfaACXnD61KtLY,8,Littlejohn,DeathKnight,Littlejohn,2839485.0
yFTfaACXnD61KtLY,8,Decayed,DeathKnight,Littlejohn,61885.0
yFTfaACXnD61KtLY,8,Stellanoova,Monk,Littlejohn,50333.0
yFTfaACXnD61KtLY,8,Spàdes,Warrior,Littlejohn,21900.0
yFTfaACXnD61KtLY,8,Grapeinator,Paladin,Littlejohn,20460.0
yFTfaACXnD61KtLY,8,Lìllith,Warlock,Lìllith,2099251.0
yFTfaACXnD61KtLY,8,Soliloquy,Priest,Lìllith,11844.0
yFTfaACXnD61KtLY,8,Sinfxl,Mage,Sinfxl,1554722.0
yFTfaACXnD61KtLY,8,Shinier,Paladin,Sinfxl,44164.0
yFTfaACXnD61KtLY,8,Stellanoova,Monk,Chontosh,2906303.0
yFTfaACXnD61KtLY,8,Chontosh,Paladin,Chontosh,2017305.0
yFTfaACXnD61KtLY,8,Mets,Hunter,Chontosh,1737421.0
yFTfaACXnD61KtLY,8,Sinfxl,Mage,Chontosh,1585721.0
yFTfaACXnD61KtLY,8,Decayed,DeathKnight,Chontosh,1578224.0
yFTfaACXnD61KtLY,8,Cainz,Rogue,Cainz,2004074.0
yFTfaACXnD61KtLY,8,Novachronos,Mage,Novachronos,1683749.0
yFTfaACXnD61KtLY,8,Greyseer,Hunter,Tavendar,3177384.0
yFTfaACXnD61KtLY,8,Mets,Hunter,Tavendar,2146810.0
yFTfaACXnD61KtLY,8,Decayed,DeathKnight,Tavendar,1646977.0
yFTfaACXnD61KtLY,8,Lìllith,Warlock,Tavendar,1548796.0
yFTfaACXnD61KtLY,8,Ämon,Druid,Tavendar,1522119.0
yFTfaACXnD61KtLY,9,Mets,Hunter,Mets,44192.0
yFTfaACXnD61KtLY,9,Decayed,DeathKnight,Decayed,7945635.0
yFTfaACXnD61KtLY,9,Novachronos,Mage,Decayed,17776.0
yFTfaACXnD61KtLY,9,Cainz,Rogue,Decayed,14817.0
yFTfaACXnD61KtLY,9,Shinier,Paladin,Shinier,6110484.0
yFTfaACXnD61KtLY,9,Spàdes,Warrior,Shinier,4679570.0
yFTfaACXnD61KtLY,9,Maztajake,Druid,Shinier,3760624.0
yFTfaACXnD61KtLY,9,Boomchicky,Hunter,Shinier,3376848.0
yFTfaACXnD61KtLY,9,Tavendar,Paladin,Shinier,3360111.0
yFTfaACXnD61KtLY,9,Spàdes,Warrior,Spàdes,2385714.0
yFTfaACXnD61KtLY,9,Grapeinator,Paladin,Grapeinator,1787430.0
yFTfaACXnD61KtLY,9,Boomchicky,Hunter,Grapeinator,167439.0
yFTfaACXnD61KtLY,9,Spàdes,Warrior,Grapeinator,157013.0
yFTfaACXnD61KtLY,9,Shinier,Paladin,Grapeinator,136950.0
yFTfaACXnD61KtLY,9,Averlis,Druid,Grapeinator,104132.0
yFTfaACXnD61KtLY,9,Asharia,DemonHunter,Asharia,4463068.0
yFTfaACXnD61KtLY,9,Averlis,Druid,Asharia,33927.0
yFTfaACXnD61KtLY,9,Mypriiest,Priest,Asharia,26085.0
yFTfaACXnD61KtLY,9,Sälazar,Mage,Asharia,20769.0
yFTfaACXnD61KtLY,9,Chontosh,Paladin,Asharia,16293.0
yFTfaACXnD61KtLY,9,Soliloquy,Priest,Soliloquy,2472819.0
yFTfaACXnD61KtLY,9,Shinier,Paladin,Soliloquy,123203.0
yFTfaACXnD61KtLY,9,Grapeinator,Paladin,Soliloquy,114759.0
yFTfaACXnD61KtLY,9,Chontosh,Paladin,Soliloquy,107236.0
yFTfaACXnD61KtLY,9,Tavendar,Paladin,Soliloquy,100403.0
yFTfaACXnD61KtLY,9,Mypriiest,Priest,Mypriiest,10039714.0
yFTfaACXnD61KtLY,9,Soliloquy,Priest,Mypriiest,2603631.0
yFTfaACXnD61KtLY,9,Averlis,Druid,Mypriiest,2378631.0
yFTfaACXnD61KtLY,9,Ämon,Druid,Mypriiest,2349328.0
yFTfaACXnD61KtLY,9,Greyseer,Hunter,Mypriiest,2117205.0
yFTfaACXnD61KtLY,9,Averlis,Druid,Averlis,1481760.0
yFTfaACXnD61KtLY,9,Maztajake,Druid,Averlis,450839.0
yFTfaACXnD61KtLY,9,Boomchicky,Hunter,Averlis,411989.0
yFTfaACXnD61KtLY,9,Stellanoova,Monk,Averlis,353055.0
yFTfaACXnD61KtLY,9,Grapeinator,Paladin,Averlis,330643.0
yFTfaACXnD61KtLY,9,Monfro,Hunter,Monfro,70937.0
yFTfaACXnD61KtLY,9,Boomchicky,Hunter,Boomchicky,1693023.0
yFTfaACXnD61KtLY,9,Sälazar,Mage,Sälazar,1332778.0
yFTfaACXnD61KtLY,9,Greyseer,Hunter,Greyseer,518145.0
yFTfaACXnD61KtLY,9,Shinier,Paladin,Greyseer,17029.0
yFTfaACXnD61KtLY,9,Stellanoova,Monk,Stellanoova,6685855.0
yFTfaACXnD61KtLY,9,Decayed,DeathKnight,Stellanoova,433880.0
yFTfaACXnD61KtLY,9,Mets,Hunter,Stellanoova,417599.0
yFTfaACXnD61KtLY,9,Cainz,Rogue,Stellanoova,358018.0
yFTfaACXnD61KtLY,9,Ämon,Druid,Ämon,1318671.0
yFTfaACXnD61KtLY,9,Chontosh,Paladin,Ämon,392732.0
yFTfaACXnD61KtLY,9,Greyseer,Hunter,Ämon,362813.0
yFTfaACXnD61KtLY,9,Mets,Hunter,Ämon,236004.0
yFTfaACXnD61KtLY,9,Soliloquy,Priest,Ämon,207649.0
yFTfaACXnD61KtLY,9,Maztajake,Druid,Maztajake,850309.0
yFTfaACXnD61KtLY,9,Littlejohn,DeathKnight,Littlejohn,1439083.0
yFTfaACXnD61KtLY,9,Shinier,Paladin,Littlejohn,19004.0
yFTfaACXnD61KtLY,9,Grapeinator,Paladin,Littlejohn,19004.0
yFTfaACXnD61KtLY,9,Lìllith,Warlock,Lìllith,871810.0
yFTfaACXnD61KtLY,9,Mypriiest,Priest,Lìllith,16301.0
yFTfaACXnD61KtLY,9,Sinfxl,Mage,Sinfxl,2666448.0
yFTfaACXnD61KtLY,9,Tavendar,Paladin,Sinfxl,164850.0
yFTfaACXnD61KtLY,9,Chontosh,Paladin,Sinfxl,44164.0
yFTfaACXnD61KtLY,9,Greyseer,Hunter,Sinfxl,7099.0
yFTfaACXnD61KtLY,9,Ämon,Druid,Chontosh,2619561.0
yFTfaACXnD61KtLY,9,Tavendar,Paladin,Chontosh,2342449.0
yFTfaACXnD61KtLY,9,Chontosh,Paladin,Chontosh,2284463.0
yFTfaACXnD61KtLY,9,Mets,Hunter,Chontosh,2083466.0
yFTfaACXnD61KtLY,9,Grapeinator,Paladin,Chontosh,2065219.0
yFTfaACXnD61KtLY,9,Novachronos,Mage,Novachronos,1111784.0
yFTfaACXnD61KtLY,9,Cainz,Rogue,Cainz,2858244.0
yFTfaACXnD61KtLY,9,Spàdes,Warrior,Cainz,18329.0
yFTfaACXnD61KtLY,9,Sinfxl,Mage,Cainz,18181.0
yFTfaACXnD61KtLY,9,Tavendar,Paladin,Cainz,14089.0
yFTfaACXnD61KtLY,9,Greyseer,Hunter,Tavendar,3471177.0
yFTfaACXnD61KtLY,9,Tavendar,Paladin,Tavendar,3010569.0
yFTfaACXnD61KtLY,9,Sinfxl,Mage,Tavendar,2412639.0
yFTfaACXnD61KtLY,9,Mets,Hunter,Tavendar,2377149.0
yFTfaACXnD61KtLY,9,Grapeinator,Paladin,Tavendar,2289835.0
