report_code,fight_id,fight_name,encounter_id,fight_result,duration_seconds,player_name,player_id,warcraft_logs_source_id,death_timestamp,death_time_seconds,death_percent,death_damage,death_healing,death_overkill,death_window,killing_blow_name,killing_blow_guid,killing_blow_type,killing_blow_icon,killing_blow_source_id,killing_blow_source_friendly,killing_blow_amount,killing_blow_mitigated,killing_blow_unmitigated,killing_blow_absorbed
1Pwx2hQvg7cDZbC9,15,Nek'zali the Soulcoiler,3470,KILL,316.526,Demonvini,P-d7a10f6ccf5cf6da,96,3580680.0,258.404,81.64,0.0,0.0,86655.0,21745.0,Possession Barrage,1292034,32.0,spell_shadow_possession.jpg,100,False,40946.0,70163.0,197764.0,0.0
1Pwx2hQvg7cDZbC9,21,Entombed Sentinels,3445,KILL,337.438,Benzd,P-a077801d1f846742,148,4454942.0,299.128,88.65,0.0,0.0,44876.0,10003.0,Mark of Blood,1284506,32.0,inv_arcanegolem2mount_red.jpg,164,False,101711.0,56441.0,203028.0,0.0
1Pwx2hQvg7cDZbC9,33,Sszorak,3420,KILL,308.454,Reignyskyes,P-4cb9858bc6378843,99,6587668.0,72.033,23.35,0.0,0.0,1402082.0,0.0,Mutilate,1285999,8.0,inv_ability_poison_missile.jpg,251,False,858906.0,441789.0,2702777.0,0.0
1Pwx2hQvg7cDZbC9,33,Sszorak,3420,KILL,308.454,Wolfcaza,P-2970caa91e8a550f,110,6689431.0,173.796,56.34,0.0,0.0,212157.0,0.0,Ravage,1277101,1.0,inv_10_specialreagentfoozles_tuskclaw-black.jpg,251,False,505306.0,381227.0,1098690.0,0.0
1Pwx2hQvg7cDZbC9,33,Sszorak,3420,KILL,308.454,Palkia,P-a5fe401220b6edea,225,6739676.0,224.041,72.63,0.0,0.0,1106998.0,0.0,Mutilate,1285999,8.0,inv_ability_poison_missile.jpg,251,False,998423.0,597356.0,2702777.0,0.0
1Pwx2hQvg7cDZbC9,35,The Twin Fangs,3421,WIPE,45.831,Felphantomxx,P-421b6dd3909d6bc1,107,6964289.0,4.299,9.38,0.0,0.0,247222.0,306.0,Concentrated Spittle,1295107,8.0,ability_poisonsting.jpg,258,False,192294.0,146842.0,586358.0,0.0
1Pwx2hQvg7cDZbC9,35,The Twin Fangs,3421,WIPE,45.831,Squalliiv,P-35a3ad6b0dfe25a8,94,6966101.0,6.111,13.33,0.0,0.0,93289.0,121.0,Melee,1,1.0,inv_axe_02.jpg,258,False,540952.0,487890.0,1141156.0,19025.0
1Pwx2hQvg7cDZbC9,35,The Twin Fangs,3421,WIPE,45.831,Chontosh,P-81cad9c290ac9716,104,6976219.0,16.229,35.41,0.0,0.0,84714.0,2229.0,Caustic Deluge,1289994,8.0,inv_ability_poison_orb.jpg,258,False,46257.0,56025.0,219738.0,32742.0
1Pwx2hQvg7cDZbC9,35,The Twin Fangs,3421,WIPE,45.831,Dshivà,P-c1f562d9a0fa7104,97,6982147.0,22.157,48.35,0.0,0.0,23010.0,8158.0,Melee,1,1.0,inv_axe_02.jpg,258,False,154365.0,706743.0,1128739.0,244621.0
1Pwx2hQvg7cDZbC9,35,The Twin Fangs,3421,WIPE,45.831,Spluss,P-8ed204ced1a06675,98,6985852.0,25.862,56.43,0.0,0.0,29702.0,23876.0,Caustic Globule,1290338,8.0,inv_ability_poison_orb.jpg,258,False,82021.0,5874.0,131843.0,14246.0
1Pwx2hQvg7cDZbC9,35,The Twin Fangs,3421,WIPE,45.831,Lightbrood,P-d8fa4f1a84c7e14c,102,6987119.0,27.129,59.19,0.0,0.0,13025.0,9134.0,Deadly Venom,1297338,8.0,ability_creature_poison_06.jpg,,False,34646.0,14123.0,61794.0,0.0
1Pwx2hQvg7cDZbC9,35,The Twin Fangs,3421,WIPE,45.831,Quetzalli,P-7bba87320072e411,113,6987990.0,28.0,61.09,0.0,0.0,21513.0,9988.0,Toxic Fumes,1294976,8.0,spell_deathvortex.jpg,,False,6961.0,24263.0,52737.0,0.0
1Pwx2hQvg7cDZbC9,35,The Twin Fangs,3421,WIPE,45.831,Reignyskyes,P-4cb9858bc6378843,99,6992003.0,32.013,69.85,0.0,0.0,5707.0,16004.0,Toxic Fumes,1294976,8.0,spell_deathvortex.jpg,,False,39774.0,7256.0,52737.0,0.0
1Pwx2hQvg7cDZbC9,35,The Twin Fangs,3421,WIPE,45.831,Benzd,P-a077801d1f846742,148,6992540.0,32.55,71.02,0.0,0.0,126358.0,12559.0,Stone Breaker,1289153,1.0,ability_smash.jpg,259,False,7965.0,41467.0,175790.0,0.0
1Pwx2hQvg7cDZbC9,35,The Twin Fangs,3421,WIPE,45.831,Wolfcaza,P-2970caa91e8a550f,110,6992540.0,32.55,71.02,0.0,0.0,86139.0,14554.0,Stone Breaker,1289153,1.0,ability_smash.jpg,259,False,57910.0,31741.0,175790.0,0.0
1Pwx2hQvg7cDZbC9,35,The Twin Fangs,3421,WIPE,45.831,Mydrood,P-71a55fed3a6d81f1,103,6993341.0,33.351,72.77,0.0,0.0,28250.0,15344.0,Deadly Venom,1297338,8.0,ability_creature_poison_06.jpg,,False,22065.0,11479.0,61794.0,0.0
1Pwx2hQvg7cDZbC9,35,The Twin Fangs,3421,WIPE,45.831,Khaztharion,P-2109859b4c408483,106,6995934.0,35.944,78.43,0.0,0.0,18386.0,17936.0,Deadly Venom,1297338,8.0,ability_creature_poison_06.jpg,,False,32218.0,11190.0,61794.0,0.0
1Pwx2hQvg7cDZbC9,35,The Twin Fangs,3421,WIPE,45.831,Sparklë,P-373c9381dbb42033,95,6996037.0,36.047,78.65,0.0,0.0,134873.0,18036.0,Stone Breaker,1289153,1.0,ability_smash.jpg,259,False,18537.0,22380.0,175790.0,0.0
1Pwx2hQvg7cDZbC9,35,The Twin Fangs,3421,WIPE,45.831,Raginbull,P-697db713a2d497c5,151,6996565.0,36.575,79.8,0.0,0.0,32094.0,10714.0,Deadly Venom,1297338,8.0,ability_creature_poison_06.jpg,,False,26164.0,3536.0,61794.0,0.0
1Pwx2hQvg7cDZbC9,35,The Twin Fangs,3421,WIPE,45.831,Demonvini,P-d7a10f6ccf5cf6da,96,6997999.0,38.009,82.93,0.0,0.0,20017.0,14893.0,Toxic Fumes,1294976,8.0,spell_deathvortex.jpg,,False,1259.0,31461.0,52737.0,0.0
1Pwx2hQvg7cDZbC9,35,The Twin Fangs,3421,WIPE,45.831,Soliloquy,P-ace0c6b4dcb42bd6,108,6999028.0,39.038,85.18,0.0,0.0,43510.0,17856.0,Deadly Venom,1297338,8.0,ability_creature_poison_06.jpg,,False,7846.0,10438.0,61794.0,0.0
1Pwx2hQvg7cDZbC9,35,The Twin Fangs,3421,WIPE,45.831,Shockabeotch,P-26d1d86078024e5b,4,7000003.0,40.013,87.31,0.0,0.0,27921.0,24002.0,Toxic Fumes,1294976,8.0,spell_deathvortex.jpg,,False,16866.0,7950.0,52737.0,0.0
1Pwx2hQvg7cDZbC9,35,The Twin Fangs,3421,WIPE,45.831,Palkia,P-a5fe401220b6edea,225,7002042.0,42.052,91.75,0.0,0.0,854.0,22053.0,Deadly Venom,1297338,8.0,ability_creature_poison_06.jpg,,False,36298.0,24642.0,61794.0,0.0
1Pwx2hQvg7cDZbC9,35,The Twin Fangs,3421,WIPE,45.831,Jüggernäut,P-be66c59d02e2496f,224,7005123.0,45.133,98.48,0.0,0.0,364890.0,23121.0,Clotted Bolt,1295115,32.0,inv_10_elementalcombinedfoozles_blood.jpg,259,False,131869.0,117247.0,614006.0,0.0
1Pwx2hQvg7cDZbC9,36,The Twin Fangs,3421,KILL,453.083,Felphantomxx,P-421b6dd3909d6bc1,107,7253563.0,142.288,31.4,0.0,0.0,16135.0,11632.0,Coiling Ichor,1290878,32.0,ability_ironmaidens_whirlofblood.jpg,259,False,18999.0,26392.0,61526.0,0.0
1Pwx2hQvg7cDZbC9,36,The Twin Fangs,3421,KILL,453.083,Sparklë,P-373c9381dbb42033,95,7285306.0,174.031,38.41,0.0,0.0,144332.0,10388.0,Vile Flood,1294605,8.0,ability_rogue_deviouspoisons.jpg,258,False,30133.0,45273.0,219738.0,0.0
1Pwx2hQvg7cDZbC9,36,The Twin Fangs,3421,KILL,453.083,Raginbull,P-697db713a2d497c5,151,7343502.0,232.227,51.25,0.0,0.0,56279.0,16558.0,Eternal Venom,1303196,8.0,spell_nature_nullifypoison.jpg,258,False,580396.0,88941.0,726953.0,1337.0
1Pwx2hQvg7cDZbC9,36,The Twin Fangs,3421,KILL,453.083,Wolfcaza,P-2970caa91e8a550f,110,7361810.0,250.535,55.3,0.0,0.0,16373.0,12554.0,Coiling Ichor,1290878,32.0,ability_ironmaidens_whirlofblood.jpg,259,False,30221.0,6542.0,53136.0,0.0
1Pwx2hQvg7cDZbC9,36,The Twin Fangs,3421,KILL,453.083,Benzd,P-a077801d1f846742,148,7361874.0,250.599,55.31,0.0,0.0,8328.0,15017.0,Eternal Venom,1290480,8.0,spell_nature_nullifypoison.jpg,258,False,5559.0,3693.0,17580.0,0.0
1Pwx2hQvg7cDZbC9,36,The Twin Fangs,3421,KILL,453.083,Khaztharion,P-2109859b4c408483,106,7538662.0,427.387,94.33,0.0,0.0,171759.0,9621.0,Corrosive Spit,1293295,8.0,spell_deathvortex.jpg,262,False,21872.0,48081.0,241712.0,0.0
1Pwx2hQvg7cDZbC9,36,The Twin Fangs,3421,KILL,453.083,Lightbrood,P-d8fa4f1a84c7e14c,102,7543663.0,432.388,95.43,0.0,0.0,183598.0,14800.0,Eternal Venom,1303196,8.0,spell_nature_nullifypoison.jpg,262,False,353684.0,63685.0,600967.0,0.0
1Pwx2hQvg7cDZbC9,41,The Coiled Altar,3429,WIPE,458.036,Chontosh,P-81cad9c290ac9716,104,8062699.0,61.058,13.33,0.0,0.0,136028.0,0.0,Sever,1299684,1.0,ability_criticalstrike.jpg,272,False,723232.0,897423.0,1756683.0,0.0
1Pwx2hQvg7cDZbC9,41,The Coiled Altar,3429,WIPE,458.036,Soliloquy,P-ace0c6b4dcb42bd6,108,8140984.0,139.343,30.42,0.0,0.0,18488320.0,0.0,Gravebound,1297906,32.0,ability_demonhunter_shatteredsouls.jpg,277,False,766656.0,2718814.0,21973790.0,0.0
1Pwx2hQvg7cDZbC9,41,The Coiled Altar,3429,WIPE,458.036,Mydrood,P-71a55fed3a6d81f1,103,8140986.0,139.345,30.42,0.0,0.0,17836096.0,0.0,Gravebound,1297906,32.0,ability_demonhunter_shatteredsouls.jpg,277,False,698280.0,3430491.0,21973790.0,8923.0
1Pwx2hQvg7cDZbC9,41,The Coiled Altar,3429,WIPE,458.036,Quetzalli,P-7bba87320072e411,113,8294922.0,293.281,64.03,0.0,0.0,0.0,7765.0,,,,,,,,,,
1Pwx2hQvg7cDZbC9,41,The Coiled Altar,3429,WIPE,458.036,Wolfcaza,P-2970caa91e8a550f,110,8299606.0,297.965,65.05,0.0,0.0,0.0,13265.0,,,,,,,,,,
1Pwx2hQvg7cDZbC9,41,The Coiled Altar,3429,WIPE,458.036,Dshivà,P-c1f562d9a0fa7104,97,8306286.0,304.645,66.51,0.0,0.0,19523180.0,0.0,Gravebound,1297906,32.0,ability_demonhunter_shatteredsouls.jpg,277,False,864340.0,1586270.0,21973790.0,0.0
1Pwx2hQvg7cDZbC9,41,The Coiled Altar,3429,WIPE,458.036,Demonvini,P-d7a10f6ccf5cf6da,96,8359410.0,357.769,78.11,0.0,0.0,0.0,3486.0,,,,,,,,,,
1Pwx2hQvg7cDZbC9,41,The Coiled Altar,3429,WIPE,458.036,Shockabeotch,P-26d1d86078024e5b,4,8380861.0,379.22,82.79,0.0,0.0,0.0,7921.0,,,,,,,,,,
1Pwx2hQvg7cDZbC9,41,The Coiled Altar,3429,WIPE,458.036,Soliloquy,P-ace0c6b4dcb42bd6,108,8381179.0,379.538,82.86,0.0,0.0,0.0,0.0,,,,,,,,,,
1Pwx2hQvg7cDZbC9,41,The Coiled Altar,3429,WIPE,458.036,Raginbull,P-697db713a2d497c5,151,8399461.0,397.82,86.85,0.0,0.0,0.0,17161.0,,,,,,,,,,
1Pwx2hQvg7cDZbC9,41,The Coiled Altar,3429,WIPE,458.036,Reignyskyes,P-4cb9858bc6378843,99,8421665.0,420.024,91.7,0.0,0.0,0.0,585.0,,,,,,,,,,
1Pwx2hQvg7cDZbC9,41,The Coiled Altar,3429,WIPE,458.036,Spluss,P-8ed204ced1a06675,98,8421665.0,420.024,91.7,0.0,0.0,6729.0,12389.0,Coalesced Venom,1282408,8.0,inv_ability_poison_orb.jpg,272,False,604.0,643.0,8790.0,814.0
1Pwx2hQvg7cDZbC9,41,The Coiled Altar,3429,WIPE,458.036,Shockabeotch,P-26d1d86078024e5b,4,8422589.0,420.948,91.9,0.0,0.0,5949.0,13216.0,Coalesced Venom,1282408,8.0,inv_ability_poison_orb.jpg,272,False,1631.0,1210.0,8790.0,0.0
1Pwx2hQvg7cDZbC9,41,The Coiled Altar,3429,WIPE,458.036,Khaztharion,P-2109859b4c408483,106,8423741.0,422.1,92.15,0.0,0.0,30182.0,14469.0,Despair,1307009,32.0,spell_misc_emotionafraid.jpg,278,False,126051.0,19297.0,175530.0,0.0
1Pwx2hQvg7cDZbC9,41,The Coiled Altar,3429,WIPE,458.036,Felphantomxx,P-421b6dd3909d6bc1,107,8423775.0,422.134,92.16,0.0,0.0,4227.0,14500.0,Coalesced Venom,1282408,8.0,inv_ability_poison_orb.jpg,272,False,2063.0,2500.0,8790.0,0.0
1Pwx2hQvg7cDZbC9,41,The Coiled Altar,3429,WIPE,458.036,Maztajake,P-dc96b65209ad25d3,271,8425066.0,423.425,92.44,0.0,0.0,0.0,15434.0,,,,,,,,,,
1Pwx2hQvg7cDZbC9,41,The Coiled Altar,3429,WIPE,458.036,Squalliiv,P-35a3ad6b0dfe25a8,94,8426266.0,424.625,92.71,0.0,0.0,3557634.0,0.0,Gravebound,1297906,32.0,ability_demonhunter_shatteredsouls.jpg,277,False,1155820.0,14074136.0,18787590.0,0.0
1Pwx2hQvg7cDZbC9,41,The Coiled Altar,3429,WIPE,458.036,Lightbrood,P-d8fa4f1a84c7e14c,102,8426337.0,424.696,92.72,0.0,0.0,0.0,2810.0,,,,,,,,,,
1Pwx2hQvg7cDZbC9,41,The Coiled Altar,3429,WIPE,458.036,Chontosh,P-81cad9c290ac9716,104,8428936.0,427.295,93.29,0.0,0.0,0.0,2490.0,,,,,,,,,,
1Pwx2hQvg7cDZbC9,41,The Coiled Altar,3429,WIPE,458.036,Reignyskyes,P-4cb9858bc6378843,99,8444250.0,442.609,96.63,0.0,0.0,18865.0,15283.0,Venom Rupture,1299838,8.0,inv_ability_poison_nova.jpg,272,False,4287.0,5826.0,28978.0,0.0
1Pwx2hQvg7cDZbC9,41,The Coiled Altar,3429,WIPE,458.036,Mârtirio,P-33f7de3f76a79e7e,93,8453270.0,451.629,98.6,0.0,0.0,583292.0,0.0,Eternal Nightfall,1286918,32.0,spell_shadow_twilight.jpg,277,False,520153.0,214982.0,1318427.0,0.0
1Pwx2hQvg7cDZbC9,41,The Coiled Altar,3429,WIPE,458.036,Jüggernäut,P-be66c59d02e2496f,224,8459274.0,457.633,99.91,0.0,0.0,1168.0,12107.0,Eternal Nightfall,1286918,32.0,spell_shadow_twilight.jpg,277,False,93787.0,124783.0,219738.0,0.0
1Pwx2hQvg7cDZbC9,42,The Coiled Altar,3429,KILL,378.559,Shockabeotch,P-26d1d86078024e5b,4,9027403.0,205.317,54.24,0.0,0.0,18395222.0,0.0,Gravebound,1297906,32.0,ability_demonhunter_shatteredsouls.jpg,277,False,691268.0,2887300.0,21973790.0,0.0
1Pwx2hQvg7cDZbC9,42,The Coiled Altar,3429,KILL,378.559,Dshivà,P-c1f562d9a0fa7104,97,9145911.0,323.825,85.54,0.0,0.0,19909180.0,0.0,Gravebound,1297906,32.0,ability_demonhunter_shatteredsouls.jpg,277,False,844900.0,1219710.0,21973790.0,0.0
1Pwx2hQvg7cDZbC9,42,The Coiled Altar,3429,KILL,378.559,Reignyskyes,P-4cb9858bc6378843,99,9145912.0,323.826,85.54,0.0,0.0,17457154.0,0.0,Gravebound,1297906,32.0,ability_demonhunter_shatteredsouls.jpg,277,False,866202.0,3650434.0,21973790.0,0.0
1Pwx2hQvg7cDZbC9,43,Ula'tek,3492,WIPE,115.01,Khaztharion,P-2109859b4c408483,106,9670339.0,97.308,84.61,0.0,0.0,13264.0,19259.0,Caustic Waves,1292403,8.0,inv_ability_poison_wave.jpg,294,False,85534.0,24255.0,123053.0,0.0
1Pwx2hQvg7cDZbC9,43,Ula'tek,3492,WIPE,115.01,Wolfcaza,P-2970caa91e8a550f,110,9671041.0,98.01,85.22,0.0,0.0,4087.0,23004.0,Necrotic Vapors,1286835,8.0,ability_creature_poison_06.jpg,294,False,3770.0,11919.0,19776.0,0.0
1Pwx2hQvg7cDZbC9,43,Ula'tek,3492,WIPE,115.01,Soliloquy,P-ace0c6b4dcb42bd6,108,9672589.0,99.558,86.56,0.0,0.0,29125.0,19560.0,Caustic Waves,1292403,8.0,inv_ability_poison_wave.jpg,294,False,80842.0,13086.0,123053.0,0.0
1Pwx2hQvg7cDZbC9,43,Ula'tek,3492,WIPE,115.01,Reignyskyes,P-4cb9858bc6378843,99,9675560.0,102.529,89.15,0.0,0.0,194674.0,4287.0,Melee,1,1.0,inv_axe_02.jpg,297,False,422733.0,213377.0,830784.0,0.0
1Pwx2hQvg7cDZbC9,43,Ula'tek,3492,WIPE,115.01,Squalliiv,P-35a3ad6b0dfe25a8,94,9676339.0,103.308,89.83,0.0,0.0,24737.0,23925.0,Caustic Waves,1292403,8.0,inv_ability_poison_wave.jpg,294,False,127513.0,138618.0,369159.0,78291.0
1Pwx2hQvg7cDZbC9,43,Ula'tek,3492,WIPE,115.01,Demonvini,P-d7a10f6ccf5cf6da,96,9677860.0,104.829,91.15,0.0,0.0,6033.0,4519.0,Putrid Membrane,1308275,8.0,achievement_halloween_rottenegg_01.jpg,294,False,40749.0,53495.0,105474.0,5197.0
1Pwx2hQvg7cDZbC9,43,Ula'tek,3492,WIPE,115.01,Mydrood,P-71a55fed3a6d81f1,103,9677861.0,104.83,91.15,0.0,0.0,51629.0,31811.0,Putrid Membrane,1308275,8.0,achievement_halloween_rottenegg_01.jpg,294,False,39979.0,13866.0,105474.0,0.0
1Pwx2hQvg7cDZbC9,43,Ula'tek,3492,WIPE,115.01,Shockabeotch,P-26d1d86078024e5b,4,9677909.0,104.878,91.19,0.0,0.0,30498.0,24853.0,Caustic Waves,1292403,8.0,inv_ability_poison_wave.jpg,294,False,76386.0,16169.0,123053.0,0.0
1Pwx2hQvg7cDZbC9,43,Ula'tek,3492,WIPE,115.01,Lightbrood,P-d8fa4f1a84c7e14c,102,9681853.0,108.822,94.62,0.0,0.0,85895.0,31222.0,Putrid Membrane,1308275,8.0,achievement_halloween_rottenegg_01.jpg,294,False,1597.0,17982.0,105474.0,0.0
1Pwx2hQvg7cDZbC9,43,Ula'tek,3492,WIPE,115.01,Spluss,P-8ed204ced1a06675,98,9681854.0,108.823,94.62,0.0,0.0,27311.0,8004.0,Putrid Membrane,1308275,8.0,achievement_halloween_rottenegg_01.jpg,294,False,60666.0,7722.0,105474.0,9775.0
1Pwx2hQvg7cDZbC9,43,Ula'tek,3492,WIPE,115.01,Quetzalli,P-7bba87320072e411,113,9682047.0,109.016,94.79,0.0,0.0,8380.0,8444.0,Necrotic Vapors,1286835,8.0,ability_creature_poison_06.jpg,294,False,6753.0,4643.0,19776.0,0.0
1Pwx2hQvg7cDZbC9,43,Ula'tek,3492,WIPE,115.01,Fazuhurro,P-33b26fa23bbfacd0,295,9684419.0,111.388,96.85,0.0,0.0,244289.0,31883.0,Spectral Coils,1287265,8.0,spell_animamaldraxxus_nova.jpg,299,False,31409.0,34427.0,340758.0,30633.0
1Pwx2hQvg7cDZbC9,43,Ula'tek,3492,WIPE,115.01,Jüggernäut,P-be66c59d02e2496f,224,9684937.0,111.906,97.3,0.0,0.0,48880.0,22540.0,Acidic Burst,1301800,8.0,ability_creature_poison_05.jpg,301,False,75748.0,48875.0,173503.0,0.0
1Pwx2hQvg7cDZbC9,43,Ula'tek,3492,WIPE,115.01,Dshivà,P-c1f562d9a0fa7104,97,9685266.0,112.235,97.59,0.0,0.0,184028.0,32236.0,Unchecked Rage,1301007,1.0,ability_evoker_dragonrage2.jpg,294,False,42120.0,218376.0,444524.0,0.0
1Pwx2hQvg7cDZbC9,43,Ula'tek,3492,WIPE,115.01,Maztajake,P-dc96b65209ad25d3,271,9686045.0,113.014,98.26,0.0,0.0,100743.0,85116.0,Melee,1,1.0,inv_axe_02.jpg,301,False,122274.0,349121.0,572138.0,0.0
1Pwx2hQvg7cDZbC9,43,Ula'tek,3492,WIPE,115.01,Pixelexipdk,P-347464d29c3142b0,279,9687636.0,114.605,99.65,0.0,0.0,70879.0,36597.0,Spectral Coils,1287265,8.0,spell_animamaldraxxus_nova.jpg,299,False,115995.0,79090.0,482741.0,216777.0
1aJTBNphf8C4jGbr,7,Vorasius,3177,KILL,280.03,Spàdes,P-4b77dd2f26623c73,20,703101.0,90.276,32.24,0.0,0.0,0.0,0.0,Devoured,1232272,1.0,inv_cosmicvoid_debuff.jpg,20,True,0.0,0.0,0.0,0.0
1aJTBNphf8C4jGbr,12,Fallen-King Salhadaar,3179,KILL,345.592,Sinfxl,P-59860c89738c2525,6,1574074.0,122.648,35.49,0.0,0.0,29388.0,16975.0,Umbral Beams,1260030,32.0,inv_cosmicvoid_beam.jpg,38,False,79613.0,20550.0,139821.0,10270.0
1aJTBNphf8C4jGbr,12,Fallen-King Salhadaar,3179,KILL,345.592,Decayed,P-584cf7139227dcac,11,1666817.0,215.391,62.33,0.0,0.0,50597.0,7105.0,Shattering Twilight,1250803,32.0,inv_mace_2h_etherealking_d_01.jpg,38,False,352828.0,253040.0,803969.0,147504.0
1aJTBNphf8C4jGbr,12,Fallen-King Salhadaar,3179,KILL,345.592,Viserion,P-daa9879d41bb66dd,137,1689881.0,238.455,69.0,0.0,0.0,44949.0,10397.0,Umbral Beams,1260030,32.0,inv_cosmicvoid_beam.jpg,38,False,75661.0,19211.0,139821.0,0.0
1aJTBNphf8C4jGbr,12,Fallen-King Salhadaar,3179,KILL,345.592,Greyseer,P-146fcdef511d70d4,5,1782556.0,331.13,95.82,0.0,0.0,26450.0,22345.0,Torturous Extract,1245592,32.0,inv_cosmicvoid_groundsate.jpg,38,False,14393.0,3900.0,44743.0,0.0
1aJTBNphf8C4jGbr,12,Fallen-King Salhadaar,3179,KILL,345.592,Danzilla,P-8ee1779dcaa9232f,27,1790555.0,339.129,98.13,0.0,0.0,4857.0,20338.0,Dark Radiation,1285504,32.0,inv_enchant_essencecosmicgreater.jpg,38,False,74538.0,10091.0,89486.0,0.0
1aJTBNphf8C4jGbr,15,Vaelgor & Ezzorak,3178,WIPE,44.033,Mannarchy,P-074ea59fb89e97f7,22,2163929.0,20.699,47.01,0.0,0.0,190615.0,0.0,Grappling Maw,1283971,32.0,ability_racial_flayer.jpg,113,False,413624.0,160023.0,767622.0,3360.0
1aJTBNphf8C4jGbr,15,Vaelgor & Ezzorak,3178,WIPE,44.033,Danzilla,P-8ee1779dcaa9232f,27,2166449.0,23.219,52.73,0.0,0.0,2025.0,8024.0,Nullsnap,1244413,32.0,warlock_curse_shadow_aura.jpg,112,False,2777.0,1825.0,6723.0,96.0
1aJTBNphf8C4jGbr,15,Vaelgor & Ezzorak,3178,WIPE,44.033,Chontosh,P-81cad9c290ac9716,3,2176780.0,33.55,76.19,0.0,0.0,34363.0,12667.0,Void Howl,1245302,32.0,inv_cosmicvoid_orb.jpg,113,False,73199.0,30892.0,138454.0,0.0
1aJTBNphf8C4jGbr,15,Vaelgor & Ezzorak,3178,WIPE,44.033,Greyseer,P-146fcdef511d70d4,5,2177010.0,33.78,76.72,0.0,0.0,64791.0,12931.0,Void Howl,1245302,32.0,inv_cosmicvoid_orb.jpg,113,False,52790.0,18322.0,135903.0,0.0
1aJTBNphf8C4jGbr,15,Vaelgor & Ezzorak,3178,WIPE,44.033,Mannarchy,P-074ea59fb89e97f7,22,2177971.0,34.741,78.9,0.0,0.0,6151.0,6255.0,Melee,1,1.0,inv_axe_02.jpg,112,False,198864.0,324760.0,529775.0,0.0
1aJTBNphf8C4jGbr,15,Vaelgor & Ezzorak,3178,WIPE,44.033,Sinfxl,P-59860c89738c2525,6,2178065.0,34.835,79.11,0.0,0.0,569.0,14003.0,Nullzone Implosion,1285954,32.0,spell_priest_void-blast.jpg,112,False,9673.0,2268.0,12510.0,0.0
1aJTBNphf8C4jGbr,15,Vaelgor & Ezzorak,3178,WIPE,44.033,Lìllith,P-093da9358d901c39,10,2178564.0,35.334,80.24,0.0,0.0,4501.0,13989.0,Nullzone Implosion,1285954,32.0,spell_priest_void-blast.jpg,112,False,5051.0,1897.0,12510.0,1061.0
1aJTBNphf8C4jGbr,15,Vaelgor & Ezzorak,3178,WIPE,44.033,Panes,P-ace038bf56a82f7f,9,2178564.0,35.334,80.24,0.0,0.0,7398.0,9955.0,Nullzone Implosion,1285954,32.0,spell_priest_void-blast.jpg,112,False,4185.0,927.0,12510.0,0.0
1aJTBNphf8C4jGbr,15,Vaelgor & Ezzorak,3178,WIPE,44.033,Asharia,P-baca25d85259e955,4,2178635.0,35.405,80.41,0.0,0.0,52327.0,8053.0,Dread Breath,1255979,32.0,ability_rogue_envelopingshadows.jpg,112,False,6349.0,16413.0,75089.0,0.0
1aJTBNphf8C4jGbr,15,Vaelgor & Ezzorak,3178,WIPE,44.033,Grapefroot,P-9a88c0c48c4cf21f,12,2178636.0,35.406,80.41,0.0,0.0,12570.0,15459.0,Midnight Manifestation,1259275,32.0,inv_cosmicvoid_buff.jpg,187,False,1395.0,1488.0,15453.0,0.0
1aJTBNphf8C4jGbr,15,Vaelgor & Ezzorak,3178,WIPE,44.033,Spàdes,P-4b77dd2f26623c73,20,2178637.0,35.407,80.41,0.0,0.0,37438.0,3020.0,Dread Breath,1255979,32.0,ability_rogue_envelopingshadows.jpg,112,False,31079.0,6572.0,75089.0,0.0
1aJTBNphf8C4jGbr,15,Vaelgor & Ezzorak,3178,WIPE,44.033,Monfro,P-930377bb7fd85d97,15,2179559.0,36.329,82.5,0.0,0.0,4378.0,4947.0,Nullzone Implosion,1285954,32.0,spell_priest_void-blast.jpg,112,False,6619.0,1513.0,12510.0,0.0
1aJTBNphf8C4jGbr,15,Vaelgor & Ezzorak,3178,WIPE,44.033,Averlis,P-77b140a1e9d7fba2,2,2182012.0,38.782,88.07,0.0,0.0,0.0,10877.0,,,,,,,,,,
1aJTBNphf8C4jGbr,15,Vaelgor & Ezzorak,3178,WIPE,44.033,Siare,P-386d8566043e1cef,13,2182013.0,38.783,88.08,0.0,0.0,19204.0,6849.0,Voidbolt,1245175,32.0,inv_cosmicvoid_missile.jpg,188,False,11784.0,7498.0,43240.0,4754.0
1aJTBNphf8C4jGbr,15,Vaelgor & Ezzorak,3178,WIPE,44.033,Error,P-11f9578d05e6f7bb,16,2182030.0,38.8,88.12,0.0,0.0,138745.0,16988.0,Melee,1,1.0,inv_axe_02.jpg,112,False,159113.0,204991.0,502849.0,0.0
1aJTBNphf8C4jGbr,15,Vaelgor & Ezzorak,3178,WIPE,44.033,Esther,P-cfc9be49b53afecb,7,2182403.0,39.173,88.96,0.0,0.0,10584.0,17845.0,Voidbolt,1245175,32.0,inv_cosmicvoid_missile.jpg,188,False,21168.0,11990.0,43742.0,0.0
1aJTBNphf8C4jGbr,15,Vaelgor & Ezzorak,3178,WIPE,44.033,Viserion,P-daa9879d41bb66dd,137,2186862.0,43.632,99.09,0.0,0.0,0.0,4957.0,,,,,,,,,,
1aJTBNphf8C4jGbr,15,Vaelgor & Ezzorak,3178,WIPE,44.033,Primeval,P-d2cfbf0e9385c81d,1,2186877.0,43.647,99.12,0.0,0.0,293999.0,16313.0,Melee,1,1.0,inv_axe_02.jpg,112,False,22656.0,205969.0,525822.0,3198.0
1aJTBNphf8C4jGbr,16,Vaelgor & Ezzorak,3178,WIPE,229.285,Monfro,P-930377bb7fd85d97,15,2341244.0,34.337,14.98,0.0,0.0,37226.0,8969.0,Void Howl,1245302,32.0,inv_cosmicvoid_orb.jpg,113,False,78752.0,22903.0,138881.0,0.0
1aJTBNphf8C4jGbr,16,Vaelgor & Ezzorak,3178,WIPE,229.285,Siare,P-386d8566043e1cef,13,2384269.0,77.362,33.74,0.0,0.0,31301.0,32014.0,Midnight Manifestation,1259275,32.0,inv_cosmicvoid_buff.jpg,187,False,1110.0,8039.0,46361.0,5911.0
1aJTBNphf8C4jGbr,16,Vaelgor & Ezzorak,3178,WIPE,229.285,Error,P-11f9578d05e6f7bb,16,2384270.0,77.363,33.74,0.0,0.0,12922.0,18024.0,Midnight Manifestation,1259275,32.0,inv_cosmicvoid_buff.jpg,187,False,15133.0,2852.0,30907.0,0.0
1aJTBNphf8C4jGbr,16,Vaelgor & Ezzorak,3178,WIPE,229.285,Greyseer,P-146fcdef511d70d4,5,2386266.0,79.359,34.61,0.0,0.0,17081.0,8492.0,Midnight Manifestation,1259275,32.0,inv_cosmicvoid_buff.jpg,187,False,11423.0,2403.0,30907.0,0.0
1aJTBNphf8C4jGbr,16,Vaelgor & Ezzorak,3178,WIPE,229.285,Asharia,P-baca25d85259e955,4,2422939.0,116.032,50.61,0.0,0.0,311282.0,0.0,Melee,1,1.0,inv_axe_02.jpg,196,False,386794.0,0.0,469191.0,7051.0
1aJTBNphf8C4jGbr,16,Vaelgor & Ezzorak,3178,WIPE,229.285,Averlis,P-77b140a1e9d7fba2,2,2503441.0,196.534,85.72,0.0,0.0,170660.0,0.0,Gloomtouched,1283711,32.0,inv_cosmicvoid_debuff.jpg,113,False,342086.0,0.0,100837.0,10410.0
1aJTBNphf8C4jGbr,16,Vaelgor & Ezzorak,3178,WIPE,229.285,Spàdes,P-4b77dd2f26623c73,20,2503480.0,196.573,85.73,0.0,0.0,78276.0,0.0,Gloomtouched,1283711,32.0,inv_cosmicvoid_debuff.jpg,113,False,377708.0,0.0,99024.0,4605.0
1aJTBNphf8C4jGbr,16,Vaelgor & Ezzorak,3178,WIPE,229.285,Grapefroot,P-9a88c0c48c4cf21f,12,2504624.0,197.717,86.23,0.0,0.0,270755.0,0.0,Gloomtouched,1283711,32.0,inv_cosmicvoid_debuff.jpg,113,False,247714.0,0.0,99688.0,0.0
1aJTBNphf8C4jGbr,16,Vaelgor & Ezzorak,3178,WIPE,229.285,Panes,P-ace038bf56a82f7f,9,2504923.0,198.016,86.36,0.0,0.0,186035.0,0.0,Gloomtouched,1283711,32.0,inv_cosmicvoid_debuff.jpg,113,False,345589.0,0.0,96777.0,10793.0
1aJTBNphf8C4jGbr,16,Vaelgor & Ezzorak,3178,WIPE,229.285,Sinfxl,P-59860c89738c2525,6,2508107.0,201.2,87.75,0.0,0.0,12488.0,8016.0,Midnight Manifestation,1259275,32.0,inv_cosmicvoid_buff.jpg,187,False,40786.0,8541.0,61815.0,0.0
1aJTBNphf8C4jGbr,16,Vaelgor & Ezzorak,3178,WIPE,229.285,Esther,P-cfc9be49b53afecb,7,2509418.0,202.511,88.32,0.0,0.0,79231.0,9853.0,Gloom,1245500,32.0,inv_cosmicvoid_nova.jpg,113,False,15749.0,35419.0,131358.0,959.0
1aJTBNphf8C4jGbr,16,Vaelgor & Ezzorak,3178,WIPE,229.285,Danzilla,P-8ee1779dcaa9232f,27,2516466.0,209.559,91.4,0.0,0.0,6892.0,16355.0,Nullzone Implosion,1285954,32.0,spell_priest_void-blast.jpg,112,False,4097.0,1410.0,12510.0,111.0
1aJTBNphf8C4jGbr,16,Vaelgor & Ezzorak,3178,WIPE,229.285,Mannarchy,P-074ea59fb89e97f7,22,2521756.0,214.849,93.7,0.0,0.0,1197.0,12362.0,Rakfang,1245652,32.0,inv_misc_rubysanctum4.jpg,113,False,56968.0,67637.0,126389.0,587.0
1aJTBNphf8C4jGbr,16,Vaelgor & Ezzorak,3178,WIPE,229.285,Lìllith,P-093da9358d901c39,10,2524091.0,217.184,94.72,0.0,0.0,14357.0,24549.0,Midnight Manifestation,1259275,32.0,inv_cosmicvoid_buff.jpg,187,False,9326.0,4060.0,30907.0,3164.0
1aJTBNphf8C4jGbr,16,Vaelgor & Ezzorak,3178,WIPE,229.285,Cryonox,P-31619035e7d32aa2,8,2525835.0,218.928,95.48,0.0,0.0,5723.0,24672.0,Voidbolt,1245175,32.0,inv_cosmicvoid_missile.jpg,188,False,2314.0,1572.0,14718.0,5109.0
1aJTBNphf8C4jGbr,16,Vaelgor & Ezzorak,3178,WIPE,229.285,Decayed,P-584cf7139227dcac,11,2527879.0,220.972,96.37,0.0,0.0,0.0,21328.0,Melee,1,1.0,inv_axe_02.jpg,113,False,0.0,375847.0,526142.0,150295.0
1aJTBNphf8C4jGbr,16,Vaelgor & Ezzorak,3178,WIPE,229.285,Primeval,P-d2cfbf0e9385c81d,1,2534089.0,227.182,99.08,0.0,0.0,1413.0,33991.0,Midnight Manifestation,1259275,32.0,inv_cosmicvoid_buff.jpg,187,False,50426.0,9976.0,61815.0,0.0
1aJTBNphf8C4jGbr,16,Vaelgor & Ezzorak,3178,WIPE,229.285,Viserion,P-daa9879d41bb66dd,137,2534966.0,228.059,99.47,0.0,0.0,0.0,10642.0,,,,,,,,,,
1aJTBNphf8C4jGbr,16,Vaelgor & Ezzorak,3178,WIPE,229.285,Demonbläde,P-b8d4f9af9d79b2ab,21,2535519.0,228.612,99.71,0.0,0.0,532634.0,0.0,Grappling Maw,1283971,32.0,ability_racial_flayer.jpg,112,False,37799.0,617216.0,1251030.0,63381.0
1aJTBNphf8C4jGbr,17,Vaelgor & Ezzorak,3178,KILL,484.874,Viserion,P-daa9879d41bb66dd,137,3491243.0,78.963,16.29,0.0,0.0,46036.0,6130.0,Void Howl,1245302,32.0,inv_cosmicvoid_orb.jpg,113,False,72131.0,19436.0,137603.0,0.0
1aJTBNphf8C4jGbr,17,Vaelgor & Ezzorak,3178,KILL,484.874,Sinfxl,P-59860c89738c2525,6,3615305.0,203.025,41.87,0.0,0.0,287609.0,0.0,Gloomtouched,1283711,32.0,inv_cosmicvoid_debuff.jpg,113,False,222837.0,0.0,98713.0,0.0
1aJTBNphf8C4jGbr,17,Vaelgor & Ezzorak,3178,KILL,484.874,Viserion,P-daa9879d41bb66dd,137,3620037.0,207.757,42.85,0.0,0.0,18982.0,8510.0,Midnight Manifestation,1259275,32.0,inv_cosmicvoid_buff.jpg,187,False,8332.0,3593.0,30907.0,0.0
1aJTBNphf8C4jGbr,17,Vaelgor & Ezzorak,3178,KILL,484.874,Asharia,P-baca25d85259e955,4,3620359.0,208.079,42.91,0.0,0.0,2830.0,8313.0,Nullzone Implosion,1285954,32.0,spell_priest_void-blast.jpg,112,False,6461.0,3126.0,12510.0,93.0
1aJTBNphf8C4jGbr,17,Vaelgor & Ezzorak,3178,KILL,484.874,Danzilla,P-8ee1779dcaa9232f,27,3620360.0,208.08,42.91,0.0,0.0,7643.0,7831.0,Nullzone Implosion,1285954,32.0,spell_priest_void-blast.jpg,112,False,3322.0,1435.0,12510.0,110.0
1aJTBNphf8C4jGbr,17,Vaelgor & Ezzorak,3178,KILL,484.874,Demonbläde,P-b8d4f9af9d79b2ab,21,3620360.0,208.08,42.91,0.0,0.0,1385.0,12512.0,Nullzone Implosion,1285954,32.0,spell_priest_void-blast.jpg,112,False,4320.0,6172.0,12510.0,633.0
1aJTBNphf8C4jGbr,17,Vaelgor & Ezzorak,3178,KILL,484.874,Viserion,P-daa9879d41bb66dd,137,3760742.0,348.462,71.87,0.0,0.0,66202.0,15895.0,Void Howl,1245302,32.0,inv_cosmicvoid_orb.jpg,113,False,40915.0,33346.0,140463.0,0.0
1aJTBNphf8C4jGbr,17,Vaelgor & Ezzorak,3178,KILL,484.874,Siare,P-386d8566043e1cef,13,3802072.0,389.792,80.39,0.0,0.0,60548.0,64395.0,Gloomtouched,1283711,32.0,inv_cosmicvoid_debuff.jpg,113,False,369633.0,0.0,97421.0,48046.0
1aJTBNphf8C4jGbr,17,Vaelgor & Ezzorak,3178,KILL,484.874,Chontosh,P-81cad9c290ac9716,3,3811930.0,399.65,82.42,0.0,0.0,14338.0,4891.0,Void Howl,1245302,32.0,inv_cosmicvoid_orb.jpg,113,False,69030.0,53300.0,136668.0,0.0
1aJTBNphf8C4jGbr,17,Vaelgor & Ezzorak,3178,KILL,484.874,Greyseer,P-146fcdef511d70d4,5,3843203.0,430.923,88.87,0.0,0.0,20433.0,7997.0,Midnight Manifestation,1259275,32.0,inv_cosmicvoid_buff.jpg,187,False,35994.0,5388.0,61815.0,0.0
1aJTBNphf8C4jGbr,17,Vaelgor & Ezzorak,3178,KILL,484.874,Maztajake,P-dc96b65209ad25d3,198,3868220.0,455.94,94.03,0.0,0.0,1216.0,568.0,Void Howl,1245302,32.0,inv_cosmicvoid_orb.jpg,113,False,118145.0,17517.0,136878.0,0.0
1aJTBNphf8C4jGbr,21,Lightblinded Vanguard,3180,WIPE,102.921,Decayed,P-584cf7139227dcac,11,4258841.0,34.325,33.35,0.0,0.0,285818.0,0.0,Final Verdict,1251812,2.0,spell_paladin_templarsverdict.jpg,224,False,737817.0,0.0,539561.0,293967.0
1aJTBNphf8C4jGbr,21,Lightblinded Vanguard,3180,WIPE,102.921,Mannarchy,P-074ea59fb89e97f7,22,4296830.0,72.314,70.26,0.0,0.0,1095940.0,0.0,Shield of the Righteous,1251859,2.0,ability_paladin_shieldofvengeance.jpg,223,False,331464.0,0.0,441540.0,0.0
1aJTBNphf8C4jGbr,21,Lightblinded Vanguard,3180,WIPE,102.921,Decayed,P-584cf7139227dcac,11,4300836.0,76.32,74.15,0.0,0.0,404544.0,0.0,Final Verdict,1251812,2.0,spell_paladin_templarsverdict.jpg,224,False,685380.0,0.0,441540.0,335942.0
1aJTBNphf8C4jGbr,21,Lightblinded Vanguard,3180,WIPE,102.921,Panes,P-ace038bf56a82f7f,9,4304464.0,79.948,77.68,0.0,0.0,29948.0,0.0,Melee,1,1.0,inv_axe_02.jpg,224,False,428640.0,297489.0,756077.0,0.0
1aJTBNphf8C4jGbr,21,Lightblinded Vanguard,3180,WIPE,102.921,Monfro,P-930377bb7fd85d97,15,4314670.0,90.154,87.6,0.0,0.0,0.0,0.0,Devoured,1232272,1.0,inv_cosmicvoid_debuff.jpg,15,True,0.0,0.0,0.0,0.0
1aJTBNphf8C4jGbr,21,Lightblinded Vanguard,3180,WIPE,102.921,Greyseer,P-146fcdef511d70d4,5,4315619.0,91.103,88.52,0.0,0.0,25755.0,5016.0,Avenger's Shield,1246502,2.0,spell_holy_avengersshield.jpg,223,False,58924.0,17492.0,103026.0,855.0
1aJTBNphf8C4jGbr,21,Lightblinded Vanguard,3180,WIPE,102.921,Demonbläde,P-b8d4f9af9d79b2ab,21,4316130.0,91.614,89.01,0.0,0.0,0.0,0.0,Devoured,1232272,1.0,inv_cosmicvoid_debuff.jpg,21,True,0.0,0.0,0.0,0.0
1aJTBNphf8C4jGbr,21,Lightblinded Vanguard,3180,WIPE,102.921,Lìllith,P-093da9358d901c39,10,4316603.0,92.087,89.47,0.0,0.0,9873.0,7490.0,Avenger's Shield,1246502,2.0,spell_holy_avengersshield.jpg,223,False,71070.0,11236.0,103026.0,10847.0
1aJTBNphf8C4jGbr,21,Lightblinded Vanguard,3180,WIPE,102.921,Averlis,P-77b140a1e9d7fba2,2,4316645.0,92.129,89.51,0.0,0.0,16751.0,4044.0,Exorcism,1246745,2.0,spell_holy_searinglight.jpg,225,False,237832.0,37206.0,294360.0,2571.0
1aJTBNphf8C4jGbr,21,Lightblinded Vanguard,3180,WIPE,102.921,Maackuu,P-e4e65d0972f44574,199,4317082.0,92.566,89.94,0.0,0.0,0.0,0.0,Devoured,1232272,1.0,inv_cosmicvoid_debuff.jpg,199,True,0.0,0.0,0.0,0.0
1aJTBNphf8C4jGbr,21,Lightblinded Vanguard,3180,WIPE,102.921,Grapefroot,P-9a88c0c48c4cf21f,12,4318530.0,94.014,91.35,0.0,0.0,0.0,0.0,Devoured,1232272,1.0,inv_cosmicvoid_debuff.jpg,12,True,0.0,0.0,0.0,0.0
1aJTBNphf8C4jGbr,21,Lightblinded Vanguard,3180,WIPE,102.921,Spàdes,P-4b77dd2f26623c73,20,4320683.0,96.167,93.44,0.0,0.0,4161.0,8060.0,Execution Sentence,1249024,2.0,spell_paladin_executionsentence.jpg,224,False,310935.0,77383.0,392479.0,0.0
1aJTBNphf8C4jGbr,21,Lightblinded Vanguard,3180,WIPE,102.921,Viserion,P-daa9879d41bb66dd,137,4320684.0,96.168,93.44,0.0,0.0,60119.0,10013.0,Execution Sentence,1249024,2.0,spell_paladin_executionsentence.jpg,224,False,276923.0,55437.0,392479.0,0.0
1aJTBNphf8C4jGbr,21,Lightblinded Vanguard,3180,WIPE,102.921,Sinfxl,P-59860c89738c2525,6,4320941.0,96.425,93.69,0.0,0.0,154256.0,0.0,Melee,1,1.0,inv_axe_02.jpg,223,False,249742.0,76871.0,480869.0,0.0
1aJTBNphf8C4jGbr,21,Lightblinded Vanguard,3180,WIPE,102.921,Chontosh,P-81cad9c290ac9716,3,4321075.0,96.559,93.82,0.0,0.0,453626.0,0.0,Execution Sentence,1249024,2.0,spell_paladin_executionsentence.jpg,224,False,377220.0,327720.0,1177439.0,18873.0
1aJTBNphf8C4jGbr,21,Lightblinded Vanguard,3180,WIPE,102.921,Primeval,P-d2cfbf0e9385c81d,1,4321262.0,96.746,94.0,0.0,0.0,130860.0,0.0,Execution Sentence,1249024,2.0,spell_paladin_executionsentence.jpg,224,False,355916.0,97027.0,588719.0,4916.0
1aJTBNphf8C4jGbr,21,Lightblinded Vanguard,3180,WIPE,102.921,Maztajake,P-dc96b65209ad25d3,198,4321263.0,96.747,94.0,0.0,0.0,5916.0,10624.0,Execution Sentence,1249024,2.0,spell_paladin_executionsentence.jpg,224,False,308665.0,225648.0,588719.0,48490.0
1aJTBNphf8C4jGbr,21,Lightblinded Vanguard,3180,WIPE,102.921,Asharia,P-baca25d85259e955,4,4322271.0,97.755,94.98,0.0,0.0,0.0,0.0,Devoured,1232272,1.0,inv_cosmicvoid_debuff.jpg,4,True,0.0,0.0,0.0,0.0
1aJTBNphf8C4jGbr,21,Lightblinded Vanguard,3180,WIPE,102.921,Danzilla,P-8ee1779dcaa9232f,27,4326754.0,102.238,99.34,0.0,0.0,0.0,0.0,Devoured,1232272,1.0,inv_cosmicvoid_debuff.jpg,27,True,0.0,0.0,0.0,0.0
1aJTBNphf8C4jGbr,21,Lightblinded Vanguard,3180,WIPE,102.921,Cryonox,P-31619035e7d32aa2,8,4327042.0,102.526,99.62,0.0,0.0,20862.0,14430.0,Melee,1,1.0,inv_axe_02.jpg,223,False,95367.0,270455.0,490273.0,103589.0
1aJTBNphf8C4jGbr,22,Lightblinded Vanguard,3180,WIPE,165.25,Panes,P-ace038bf56a82f7f,9,4500378.0,61.026,36.93,0.0,0.0,28991.0,7026.0,Divine Toll,1248652,2.0,inv_ability_paladin_divinetoll.jpg,223,False,148286.0,28775.0,206052.0,0.0
1aJTBNphf8C4jGbr,22,Lightblinded Vanguard,3180,WIPE,165.25,Siare,P-386d8566043e1cef,13,4530468.0,91.116,55.14,0.0,0.0,37975.0,5025.0,Avenger's Shield,1246502,2.0,spell_holy_avengersshield.jpg,223,False,36423.0,18735.0,103026.0,9893.0
1aJTBNphf8C4jGbr,22,Lightblinded Vanguard,3180,WIPE,165.25,Viserion,P-daa9879d41bb66dd,137,4530468.0,91.116,55.14,0.0,0.0,34132.0,5042.0,Avenger's Shield,1246502,2.0,spell_holy_avengersshield.jpg,223,False,26555.0,41726.0,103026.0,613.0
1aJTBNphf8C4jGbr,22,Lightblinded Vanguard,3180,WIPE,165.25,Sinfxl,P-59860c89738c2525,6,4537744.0,98.392,59.54,0.0,0.0,26641.0,12298.0,Divine Hammer,1249047,2.0,ability_paladin_hammeroftherighteous.jpg,,False,152285.0,27126.0,206052.0,0.0
1aJTBNphf8C4jGbr,22,Lightblinded Vanguard,3180,WIPE,165.25,Lìllith,P-093da9358d901c39,10,4542431.0,103.079,62.38,0.0,0.0,26773.0,18988.0,Avenger's Shield,1246502,2.0,spell_holy_avengersshield.jpg,223,False,14121.0,5618.0,51513.0,5001.0
1aJTBNphf8C4jGbr,22,Lightblinded Vanguard,3180,WIPE,165.25,Decayed,P-584cf7139227dcac,11,4558674.0,119.322,72.21,0.0,0.0,0.0,6421.0,Final Verdict,1251812,2.0,spell_paladin_templarsverdict.jpg,224,False,390269.0,0.0,441540.0,936654.0
1aJTBNphf8C4jGbr,22,Lightblinded Vanguard,3180,WIPE,165.25,Mannarchy,P-074ea59fb89e97f7,22,4567664.0,128.312,77.65,0.0,0.0,607190.0,0.0,Shield of the Righteous,1251859,2.0,ability_paladin_shieldofvengeance.jpg,223,False,210555.0,0.0,441540.0,0.0
1aJTBNphf8C4jGbr,22,Lightblinded Vanguard,3180,WIPE,165.25,Spàdes,P-4b77dd2f26623c73,20,4570631.0,131.279,79.44,0.0,0.0,271905.0,0.0,Melee,1,1.0,inv_axe_02.jpg,224,False,132258.0,380151.0,799992.0,15678.0
1aJTBNphf8C4jGbr,22,Lightblinded Vanguard,3180,WIPE,165.25,Demonbläde,P-b8d4f9af9d79b2ab,21,4578549.0,139.197,84.23,0.0,0.0,0.0,0.0,Devoured,1232272,1.0,inv_cosmicvoid_debuff.jpg,21,True,0.0,0.0,0.0,0.0
1aJTBNphf8C4jGbr,22,Lightblinded Vanguard,3180,WIPE,165.25,Chontosh,P-81cad9c290ac9716,3,4589439.0,150.087,90.82,0.0,0.0,10057.0,12336.0,Avenger's Shield,1246502,2.0,spell_holy_avengersshield.jpg,223,False,30390.0,10658.0,51513.0,408.0
1aJTBNphf8C4jGbr,22,Lightblinded Vanguard,3180,WIPE,165.25,Monfro,P-930377bb7fd85d97,15,4589458.0,150.106,90.84,0.0,0.0,3358.0,10021.0,Light Infusion,1258661,2.0,spell_holy_auramastery.jpg,223,False,12128.0,3058.0,18544.0,0.0
1aJTBNphf8C4jGbr,22,Lightblinded Vanguard,3180,WIPE,165.25,Cryonox,P-31619035e7d32aa2,8,4590493.0,151.141,91.46,0.0,0.0,85773.0,9278.0,Judgment,1251857,2.0,ability_paladin_judgementblue.jpg,223,False,51894.0,66149.0,283763.0,79947.0
1aJTBNphf8C4jGbr,22,Lightblinded Vanguard,3180,WIPE,165.25,Primeval,P-d2cfbf0e9385c81d,1,4591456.0,152.104,92.04,0.0,0.0,0.0,0.0,Devoured,1232272,1.0,inv_cosmicvoid_debuff.jpg,1,True,0.0,0.0,0.0,0.0
1aJTBNphf8C4jGbr,22,Lightblinded Vanguard,3180,WIPE,165.25,Asharia,P-baca25d85259e955,4,4592799.0,153.447,92.86,0.0,0.0,131299.0,6415.0,Melee,1,1.0,inv_axe_02.jpg,223,False,229718.0,119424.0,480441.0,0.0
1aJTBNphf8C4jGbr,22,Lightblinded Vanguard,3180,WIPE,165.25,Viserion,P-daa9879d41bb66dd,137,4593413.0,154.061,93.23,0.0,0.0,54082.0,12003.0,Avenger's Shield,1246502,2.0,spell_holy_avengersshield.jpg,223,False,33965.0,0.0,51513.0,1787.0
1aJTBNphf8C4jGbr,22,Lightblinded Vanguard,3180,WIPE,165.25,Grapefroot,P-9a88c0c48c4cf21f,12,4593652.0,154.3,93.37,0.0,0.0,190647.0,0.0,Melee,1,1.0,inv_axe_02.jpg,224,False,351339.0,269138.0,811124.0,0.0
1aJTBNphf8C4jGbr,22,Lightblinded Vanguard,3180,WIPE,165.25,Averlis,P-77b140a1e9d7fba2,2,4595226.0,155.874,94.33,0.0,0.0,351356.0,0.0,Melee,1,1.0,inv_axe_02.jpg,223,False,221065.0,0.0,486654.0,5782.0
1aJTBNphf8C4jGbr,22,Lightblinded Vanguard,3180,WIPE,165.25,Maztajake,P-dc96b65209ad25d3,198,4597214.0,157.862,95.53,0.0,0.0,270240.0,0.0,Melee,1,1.0,inv_axe_02.jpg,224,False,212717.0,337235.0,820192.0,0.0
1aJTBNphf8C4jGbr,22,Lightblinded Vanguard,3180,WIPE,165.25,Greyseer,P-146fcdef511d70d4,5,4599323.0,159.971,96.81,0.0,0.0,0.0,0.0,Devoured,1232272,1.0,inv_cosmicvoid_debuff.jpg,5,True,0.0,0.0,0.0,0.0
1aJTBNphf8C4jGbr,22,Lightblinded Vanguard,3180,WIPE,165.25,Maackuu,P-e4e65d0972f44574,199,4601395.0,162.043,98.06,0.0,0.0,18683.0,15000.0,Sacred Toll,1246749,2.0,ability_bastion_paladin.jpg,224,False,124892.0,33041.0,176616.0,0.0
1aJTBNphf8C4jGbr,22,Lightblinded Vanguard,3180,WIPE,165.25,Danzilla,P-8ee1779dcaa9232f,27,4603817.0,164.465,99.52,0.0,0.0,44471.0,18388.0,Melee,1,1.0,inv_axe_02.jpg,223,False,156872.0,294931.0,496274.0,0.0
1aJTBNphf8C4jGbr,23,Lightblinded Vanguard,3180,WIPE,96.777,Mannarchy,P-074ea59fb89e97f7,22,4824563.0,72.362,74.77,0.0,0.0,840734.0,0.0,Shield of the Righteous,1251859,2.0,ability_paladin_shieldofvengeance.jpg,223,False,415384.0,0.0,441540.0,0.0
1aJTBNphf8C4jGbr,23,Lightblinded Vanguard,3180,WIPE,96.777,Decayed,P-584cf7139227dcac,11,4828538.0,76.337,78.88,0.0,0.0,341592.0,0.0,Final Verdict,1251812,2.0,spell_paladin_templarsverdict.jpg,224,False,731170.0,0.0,441540.0,318714.0
1aJTBNphf8C4jGbr,23,Lightblinded Vanguard,3180,WIPE,96.777,Asharia,P-baca25d85259e955,4,4839342.0,87.141,90.04,0.0,0.0,24133.0,1047.0,Avenger's Shield,1246502,2.0,spell_holy_avengersshield.jpg,223,False,55568.0,0.0,51513.0,805.0
1aJTBNphf8C4jGbr,23,Lightblinded Vanguard,3180,WIPE,96.777,Sinfxl,P-59860c89738c2525,6,4839439.0,87.238,90.14,0.0,0.0,35665.0,0.0,Melee,1,1.0,inv_axe_02.jpg,223,False,371260.0,82957.0,493992.0,4110.0
1aJTBNphf8C4jGbr,23,Lightblinded Vanguard,3180,WIPE,96.777,Grapefroot,P-9a88c0c48c4cf21f,12,4840206.0,88.005,90.94,0.0,0.0,29310.0,10953.0,Divine Consecration,1276982,2.0,inv_ability_holyfire_groundstate.jpg,223,False,99582.0,0.0,73590.0,0.0
1aJTBNphf8C4jGbr,23,Lightblinded Vanguard,3180,WIPE,96.777,Averlis,P-77b140a1e9d7fba2,2,4842541.0,90.34,93.35,0.0,0.0,58119.0,4261.0,Melee,1,1.0,inv_axe_02.jpg,223,False,223842.0,217655.0,499616.0,0.0
1aJTBNphf8C4jGbr,23,Lightblinded Vanguard,3180,WIPE,96.777,Primeval,P-d2cfbf0e9385c81d,1,4843261.0,91.06,94.09,0.0,0.0,0.0,0.0,Devoured,1232272,1.0,inv_cosmicvoid_debuff.jpg,1,True,0.0,0.0,0.0,0.0
1aJTBNphf8C4jGbr,23,Lightblinded Vanguard,3180,WIPE,96.777,Danzilla,P-8ee1779dcaa9232f,27,4844030.0,91.829,94.89,0.0,0.0,0.0,0.0,Devoured,1232272,1.0,inv_cosmicvoid_debuff.jpg,27,True,0.0,0.0,0.0,0.0
1aJTBNphf8C4jGbr,23,Lightblinded Vanguard,3180,WIPE,96.777,Panes,P-ace038bf56a82f7f,9,4844330.0,92.129,95.2,0.0,0.0,35154.0,15002.0,Blinding Light,1258514,2.0,inv_ability_holyfire_nova.jpg,225,False,335225.0,68650.0,442770.0,3741.0
1aJTBNphf8C4jGbr,23,Lightblinded Vanguard,3180,WIPE,96.777,Chontosh,P-81cad9c290ac9716,3,4844332.0,92.131,95.2,0.0,0.0,95385.0,6025.0,Blinding Light,1258514,2.0,inv_ability_holyfire_nova.jpg,225,False,259796.0,84002.0,442770.0,3587.0
1aJTBNphf8C4jGbr,23,Lightblinded Vanguard,3180,WIPE,96.777,Viserion,P-daa9879d41bb66dd,137,4844332.0,92.131,95.2,0.0,0.0,250586.0,6039.0,Blinding Light,1258514,2.0,inv_ability_holyfire_nova.jpg,225,False,125840.0,62542.0,442770.0,3802.0
1aJTBNphf8C4jGbr,23,Lightblinded Vanguard,3180,WIPE,96.777,Cryonox,P-31619035e7d32aa2,8,4844384.0,92.183,95.25,0.0,0.0,0.0,0.0,Devoured,1232272,1.0,inv_cosmicvoid_debuff.jpg,8,True,0.0,0.0,0.0,0.0
1aJTBNphf8C4jGbr,23,Lightblinded Vanguard,3180,WIPE,96.777,Demonbläde,P-b8d4f9af9d79b2ab,21,4844384.0,92.183,95.25,0.0,0.0,0.0,0.0,Devoured,1232272,1.0,inv_cosmicvoid_debuff.jpg,21,True,0.0,0.0,0.0,0.0
1aJTBNphf8C4jGbr,23,Lightblinded Vanguard,3180,WIPE,96.777,Greyseer,P-146fcdef511d70d4,5,4844386.0,92.185,95.26,0.0,0.0,8046.0,75.0,Light Infusion,1258661,2.0,spell_holy_auramastery.jpg,223,False,5707.0,2004.0,15895.0,138.0
1aJTBNphf8C4jGbr,23,Lightblinded Vanguard,3180,WIPE,96.777,Mannarchy,P-074ea59fb89e97f7,22,4844387.0,92.186,95.26,0.0,0.0,67528.0,4105.0,Execution Sentence,1249024,2.0,spell_paladin_executionsentence.jpg,224,False,415616.0,105575.0,588719.0,0.0
1aJTBNphf8C4jGbr,23,Lightblinded Vanguard,3180,WIPE,96.777,Lìllith,P-093da9358d901c39,10,4845723.0,93.522,96.64,0.0,0.0,0.0,0.0,Devoured,1232272,1.0,inv_cosmicvoid_debuff.jpg,10,True,0.0,0.0,0.0,0.0
1aJTBNphf8C4jGbr,23,Lightblinded Vanguard,3180,WIPE,96.777,Maztajake,P-dc96b65209ad25d3,198,4846250.0,94.049,97.18,0.0,0.0,0.0,0.0,Devoured,1232272,1.0,inv_cosmicvoid_debuff.jpg,198,True,0.0,0.0,0.0,0.0
1aJTBNphf8C4jGbr,23,Lightblinded Vanguard,3180,WIPE,96.777,Monfro,P-930377bb7fd85d97,15,4846572.0,94.371,97.51,0.0,0.0,97845.0,6299.0,Divine Hammer,1249047,2.0,ability_paladin_hammeroftherighteous.jpg,,False,83282.0,24925.0,206052.0,0.0
1aJTBNphf8C4jGbr,23,Lightblinded Vanguard,3180,WIPE,96.777,Siare,P-386d8566043e1cef,13,4848711.0,96.51,99.72,0.0,0.0,136929.0,10934.0,Execution Sentence,1249024,2.0,spell_paladin_executionsentence.jpg,224,False,55775.0,197829.0,392479.0,1946.0
1aJTBNphf8C4jGbr,23,Lightblinded Vanguard,3180,WIPE,96.777,Spàdes,P-4b77dd2f26623c73,20,4848712.0,96.511,99.73,0.0,0.0,142830.0,4398.0,Execution Sentence,1249024,2.0,spell_paladin_executionsentence.jpg,224,False,172266.0,77383.0,392479.0,0.0
1aJTBNphf8C4jGbr,23,Lightblinded Vanguard,3180,WIPE,96.777,Healsonyou,P-b8cff61c4f244594,229,4848713.0,96.512,99.73,0.0,0.0,147541.0,4471.0,Execution Sentence,1249024,2.0,spell_paladin_executionsentence.jpg,224,False,173987.0,70951.0,392479.0,0.0
2Hn6qhfTFaYytXrD,7,The Twin Fangs,3421,WIPE,220.194,Rmp,P-5b3ec0e20482b5f4,27,735896.0,25.381,11.53,0.0,0.0,232.0,23395.0,Caustic Globule,1290338,8.0,inv_ability_poison_orb.jpg,142,False,69909.0,8027.0,95703.0,17535.0
2Hn6qhfTFaYytXrD,7,The Twin Fangs,3421,WIPE,220.194,Wrathblink,P-1e5618d1e79c688e,11,769551.0,59.036,26.81,0.0,0.0,7649.0,9026.0,Coiling Ichor,1290878,32.0,ability_ironmaidens_whirlofblood.jpg,143,False,17712.0,4834.0,30451.0,256.0
2Hn6qhfTFaYytXrD,7,The Twin Fangs,3421,WIPE,220.194,Feltwux,P-3f287c4960c10228,31,814583.0,104.068,47.26,0.0,0.0,61569.0,60057.0,Eternal Venom,1303196,8.0,spell_nature_nullifypoison.jpg,142,False,302637.0,51500.0,460260.0,44554.0
2Hn6qhfTFaYytXrD,7,The Twin Fangs,3421,WIPE,220.194,Brevick,P-623cb94f2255aed7,4,829928.0,119.413,54.23,0.0,0.0,12274.0,16394.0,Eternal Venom,1303196,8.0,spell_nature_nullifypoison.jpg,142,False,468557.0,46265.0,527096.0,0.0
2Hn6qhfTFaYytXrD,7,The Twin Fangs,3421,WIPE,220.194,Velarisaa,P-9efc37cff9d27158,16,831572.0,121.057,54.98,0.0,0.0,6453.0,7070.0,Eternal Venom,1290480,8.0,spell_nature_nullifypoison.jpg,142,False,18065.0,4659.0,31901.0,2724.0
2Hn6qhfTFaYytXrD,7,The Twin Fangs,3421,WIPE,220.194,Bangdingow,P-da4b52b74b1e32bd,20,837030.0,126.515,57.46,0.0,0.0,58503.0,54533.0,Corrosive Spit,1293295,8.0,spell_deathvortex.jpg,144,False,89469.0,36331.0,184303.0,0.0
2Hn6qhfTFaYytXrD,7,The Twin Fangs,3421,WIPE,220.194,Picadilyphil,P-a46d72b56f695175,5,846515.0,136.0,61.76,0.0,0.0,10298.0,86023.0,Toxic Fumes,1294976,8.0,spell_deathvortex.jpg,,False,19962.0,4320.0,38281.0,3701.0
2Hn6qhfTFaYytXrD,7,The Twin Fangs,3421,WIPE,220.194,Shockabeotch,P-26d1d86078024e5b,1,860601.0,150.086,68.16,0.0,0.0,3029.0,97003.0,Eternal Venom,1290480,8.0,spell_nature_nullifypoison.jpg,142,False,20796.0,4646.0,28711.0,240.0
2Hn6qhfTFaYytXrD,7,The Twin Fangs,3421,WIPE,220.194,Scuti,P-2737d058bedac2bb,22,864252.0,153.737,69.82,0.0,0.0,3168.0,98868.0,Ravenous Feast,1290662,1.0,ability_warrior_bloodnova.jpg,143,False,132136.0,28986.0,164290.0,0.0
2Hn6qhfTFaYytXrD,7,The Twin Fangs,3421,WIPE,220.194,Keanuleaves,P-81b0f91e86e5b829,15,864361.0,153.846,69.87,0.0,0.0,21612.0,12019.0,Eternal Venom,1290480,8.0,spell_nature_nullifypoison.jpg,142,False,4930.0,5091.0,31901.0,268.0
2Hn6qhfTFaYytXrD,7,The Twin Fangs,3421,WIPE,220.194,Vodorimmord,P-392f46e79c1b084b,17,866583.0,156.068,70.88,0.0,0.0,147.0,80557.0,Eternal Venom,1290480,8.0,spell_nature_nullifypoison.jpg,142,False,18190.0,2462.0,28711.0,7912.0
2Hn6qhfTFaYytXrD,7,The Twin Fangs,3421,WIPE,220.194,Letratrat,P-ee0e97c24dbd04bf,2,883429.0,172.914,78.53,0.0,0.0,88784.0,37897.0,Vile Flood,1294605,8.0,ability_rogue_deviouspoisons.jpg,142,False,49501.0,19824.0,159505.0,1396.0
2Hn6qhfTFaYytXrD,7,The Twin Fangs,3421,WIPE,220.194,Quantumphysi,P-b670e4875abbb90f,9,883557.0,173.042,78.59,0.0,0.0,42469.0,49984.0,Vile Flood,1294605,8.0,ability_rogue_deviouspoisons.jpg,142,False,92253.0,17798.0,159505.0,6985.0
2Hn6qhfTFaYytXrD,7,The Twin Fangs,3421,WIPE,220.194,Slashxi,P-8fb1998dc4cc54c8,21,884211.0,173.696,78.88,0.0,0.0,4700.0,99711.0,Vile Flood,1294605,8.0,ability_rogue_deviouspoisons.jpg,142,False,17502.0,137079.0,159505.0,224.0
2Hn6qhfTFaYytXrD,7,The Twin Fangs,3421,WIPE,220.194,Lunna,P-7b652f9ff3b04450,26,884247.0,173.732,78.9,0.0,0.0,31876.0,54736.0,Vile Flood,1294605,8.0,ability_rogue_deviouspoisons.jpg,142,False,62625.0,53444.0,159505.0,11560.0
2Hn6qhfTFaYytXrD,7,The Twin Fangs,3421,WIPE,220.194,Midgèt,P-c7ce741885422f0c,125,884590.0,174.075,79.06,0.0,0.0,5416.0,48093.0,Eternal Venom,1290480,8.0,spell_nature_nullifypoison.jpg,142,False,17511.0,2363.0,25521.0,231.0
2Hn6qhfTFaYytXrD,7,The Twin Fangs,3421,WIPE,220.194,Savage,P-e432c216b7789057,131,888494.0,177.979,80.83,0.0,0.0,3559.0,78005.0,Toxic Fumes,1294976,8.0,spell_deathvortex.jpg,,False,14787.0,4461.0,38281.0,15474.0
2Hn6qhfTFaYytXrD,7,The Twin Fangs,3421,WIPE,220.194,Åtllås,P-1d1c156e927d1465,7,892535.0,182.02,82.66,0.0,0.0,25392.0,94994.0,Eternal Venom,1290480,8.0,spell_nature_nullifypoison.jpg,142,False,595.0,5652.0,31901.0,262.0
2Hn6qhfTFaYytXrD,7,The Twin Fangs,3421,WIPE,220.194,Orthae,P-0dc061d32aa1d652,33,896840.0,186.325,84.62,0.0,0.0,454.0,68318.0,Eternal Venom,1290480,8.0,spell_nature_nullifypoison.jpg,142,False,23200.0,5057.0,28711.0,0.0
2Hn6qhfTFaYytXrD,7,The Twin Fangs,3421,WIPE,220.194,Milkmagestro,P-0fa9ac440384ab7b,10,902777.0,192.262,87.31,0.0,0.0,6719.0,51255.0,Eternal Venom,1290480,8.0,spell_nature_nullifypoison.jpg,142,False,15806.0,2996.0,25521.0,0.0
2Hn6qhfTFaYytXrD,7,The Twin Fangs,3421,WIPE,220.194,Deathraptor,P-f8635935d481fb88,24,909768.0,199.253,90.49,0.0,0.0,4414.0,33275.0,Deadly Venom,1297338,8.0,ability_creature_poison_06.jpg,,False,15224.0,1977.0,26808.0,5193.0
2Hn6qhfTFaYytXrD,7,The Twin Fangs,3421,WIPE,220.194,Baliran,P-dfa52ee094c754ab,28,915591.0,205.076,93.13,0.0,0.0,4099.0,11233.0,Eternal Venom,1290480,8.0,spell_nature_nullifypoison.jpg,142,False,12773.0,4327.0,21784.0,585.0
2Hn6qhfTFaYytXrD,7,The Twin Fangs,3421,WIPE,220.194,Frostburn,P-a8af5153677d654b,8,923438.0,212.923,96.7,0.0,0.0,251541.0,6950.0,Eternal Venom,1303196,8.0,spell_nature_nullifypoison.jpg,142,False,174819.0,87835.0,561568.0,47373.0
2Hn6qhfTFaYytXrD,7,The Twin Fangs,3421,WIPE,220.194,Shockabeotch,P-26d1d86078024e5b,1,924186.0,213.671,97.04,0.0,0.0,6765.0,7684.0,Caustic Globule,1290338,8.0,inv_ability_poison_orb.jpg,142,False,80196.0,13568.0,100529.0,0.0
2Hn6qhfTFaYytXrD,7,The Twin Fangs,3421,WIPE,220.194,Bangdingow,P-da4b52b74b1e32bd,20,924515.0,214.0,97.19,0.0,0.0,17298.0,8017.0,Toxic Fumes,1294976,8.0,spell_deathvortex.jpg,,False,9741.0,6747.0,40212.0,6426.0
2Hn6qhfTFaYytXrD,7,The Twin Fangs,3421,WIPE,220.194,Analilation,P-d4736da45c6246d3,23,930533.0,220.018,99.92,0.0,0.0,8239.0,9007.0,Stone Breaker,1289153,1.0,ability_smash.jpg,143,False,93350.0,26015.0,127604.0,0.0
2Hn6qhfTFaYytXrD,8,The Twin Fangs,3421,KILL,457.92,Wrathblink,P-1e5618d1e79c688e,11,1176217.0,137.036,29.93,0.0,0.0,35849.0,15832.0,Stir the Depths,1292806,8.0,inv_ability_poison_wave.jpg,142,False,57.0,8924.0,47851.0,4242.0
2Hn6qhfTFaYytXrD,8,The Twin Fangs,3421,KILL,457.92,Slashxi,P-8fb1998dc4cc54c8,21,1177472.0,138.291,30.2,0.0,0.0,375.0,20294.0,Coiling Ichor,1290878,32.0,ability_ironmaidens_whirlofblood.jpg,143,False,4763.0,31403.0,36541.0,0.0
2Hn6qhfTFaYytXrD,8,The Twin Fangs,3421,KILL,457.92,Feltwux,P-3f287c4960c10228,31,1213679.0,174.498,38.11,0.0,0.0,298450.0,18511.0,Eternal Venom,1303196,8.0,spell_nature_nullifypoison.jpg,142,False,78551.0,54075.0,483273.0,52197.0
2Hn6qhfTFaYytXrD,8,The Twin Fangs,3421,KILL,457.92,Picadilyphil,P-a46d72b56f695175,5,1214194.0,175.013,38.22,0.0,0.0,24813.0,8380.0,Vile Flood,1294605,8.0,ability_rogue_deviouspoisons.jpg,142,False,114884.0,18000.0,159505.0,1808.0
2Hn6qhfTFaYytXrD,8,The Twin Fangs,3421,KILL,457.92,Vodorimmord,P-392f46e79c1b084b,17,1232217.0,193.036,42.15,0.0,0.0,1293.0,21009.0,Eternal Venom,1290480,8.0,spell_nature_nullifypoison.jpg,142,False,7936.0,733.0,12760.0,2798.0
2Hn6qhfTFaYytXrD,8,The Twin Fangs,3421,KILL,457.92,Wrathblink,P-1e5618d1e79c688e,11,1292773.0,253.592,55.38,0.0,0.0,609.0,21604.0,Coiling Ichor,1290878,32.0,ability_ironmaidens_whirlofblood.jpg,143,False,27724.0,13181.0,44662.0,3148.0
2Hn6qhfTFaYytXrD,8,The Twin Fangs,3421,KILL,457.92,Shockabeotch,P-26d1d86078024e5b,1,1293181.0,254.0,55.47,0.0,0.0,3376.0,28007.0,Toxic Fumes,1294976,8.0,spell_deathvortex.jpg,,False,28241.0,6664.0,38281.0,0.0
2Hn6qhfTFaYytXrD,8,The Twin Fangs,3421,KILL,457.92,Rmp,P-5b3ec0e20482b5f4,27,1295161.0,255.98,55.9,0.0,0.0,4098.0,20001.0,Toxic Fumes,1294976,8.0,spell_deathvortex.jpg,,False,22846.0,4262.0,38281.0,7075.0
2Hn6qhfTFaYytXrD,8,The Twin Fangs,3421,KILL,457.92,Brevick,P-623cb94f2255aed7,4,1347802.0,308.621,67.4,0.0,0.0,12221.0,11728.0,Venomous Emergence,1308122,8.0,spell_nature_poisoncleansingtotem.jpg,142,False,26637.0,8601.0,47851.0,392.0
2Hn6qhfTFaYytXrD,8,The Twin Fangs,3421,KILL,457.92,Lunna,P-7b652f9ff3b04450,26,1354272.0,315.091,68.81,0.0,0.0,69923.0,12113.0,Eternal Venom,1303196,8.0,spell_nature_nullifypoison.jpg,144,False,255998.0,75050.0,444536.0,43565.0
2Hn6qhfTFaYytXrD,8,The Twin Fangs,3421,KILL,457.92,Quantumphysi,P-b670e4875abbb90f,9,1367042.0,327.861,71.6,0.0,0.0,8537.0,19863.0,Coiling Ichor,1290878,32.0,ability_ironmaidens_whirlofblood.jpg,143,False,26103.0,4530.0,40601.0,1431.0
2Hn6qhfTFaYytXrD,8,The Twin Fangs,3421,KILL,457.92,Illyy,P-b2545bd653d27120,3,1407548.0,368.367,80.44,0.0,0.0,230993.0,20422.0,Eternal Venom,1303196,8.0,spell_nature_nullifypoison.jpg,142,False,170984.0,154431.0,556408.0,0.0
2Hn6qhfTFaYytXrD,8,The Twin Fangs,3421,KILL,457.92,Wrathblink,P-1e5618d1e79c688e,11,1409372.0,370.191,80.84,0.0,0.0,16088.0,16405.0,Vile Flood,1294605,8.0,ability_rogue_deviouspoisons.jpg,142,False,98994.0,31637.0,159505.0,12786.0
2Hn6qhfTFaYytXrD,8,The Twin Fangs,3421,KILL,457.92,Midgèt,P-c7ce741885422f0c,125,1411658.0,372.477,81.34,0.0,0.0,217378.0,2837.0,Eternal Venom,1303196,8.0,spell_nature_nullifypoison.jpg,142,False,215363.0,44161.0,476902.0,0.0
2Hn6qhfTFaYytXrD,8,The Twin Fangs,3421,KILL,457.92,Letratrat,P-ee0e97c24dbd04bf,2,1411905.0,372.724,81.4,0.0,0.0,54955.0,27777.0,Vile Flood,1294605,8.0,ability_rogue_deviouspoisons.jpg,142,False,83329.0,19825.0,159505.0,1396.0
2Hn6qhfTFaYytXrD,8,The Twin Fangs,3421,KILL,457.92,Slashxi,P-8fb1998dc4cc54c8,21,1425823.0,386.642,84.43,0.0,0.0,3502.0,38656.0,Eternal Venom,1290480,8.0,spell_nature_nullifypoison.jpg,142,False,10162.0,2286.0,15950.0,0.0
2Hn6qhfTFaYytXrD,8,The Twin Fangs,3421,KILL,457.92,Deathraptor,P-f8635935d481fb88,24,1438891.0,399.71,87.29,0.0,0.0,299209.0,56740.0,Eternal Venom,1303196,8.0,spell_nature_nullifypoison.jpg,142,False,103976.0,50861.0,500885.0,46839.0
2Hn6qhfTFaYytXrD,8,The Twin Fangs,3421,KILL,457.92,Keanuleaves,P-81b0f91e86e5b829,15,1438891.0,399.71,87.29,0.0,0.0,60628.0,48024.0,Caustic Globule,1290338,8.0,inv_ability_poison_orb.jpg,142,False,20174.0,14901.0,95703.0,0.0
2Hn6qhfTFaYytXrD,8,The Twin Fangs,3421,KILL,457.92,Savage,P-e432c216b7789057,131,1439167.0,399.986,87.35,0.0,0.0,10021.0,95236.0,Toxic Fumes,1294976,8.0,spell_deathvortex.jpg,,False,2138.0,15317.0,38281.0,10805.0
2Hn6qhfTFaYytXrD,8,The Twin Fangs,3421,KILL,457.92,Milkmagestro,P-0fa9ac440384ab7b,10,1458877.0,419.696,91.65,0.0,0.0,44647.0,13520.0,Eternal Venom,1303196,8.0,spell_nature_nullifypoison.jpg,142,False,424017.0,78759.0,547423.0,0.0
2Hn6qhfTFaYytXrD,8,The Twin Fangs,3421,KILL,457.92,Lunna,P-7b652f9ff3b04450,26,1471298.0,432.117,94.37,0.0,0.0,10240.0,14420.0,Coiling Ichor,1290878,32.0,ability_ironmaidens_whirlofblood.jpg,143,False,9624.0,4098.0,26391.0,2429.0
2Hn6qhfTFaYytXrD,8,The Twin Fangs,3421,KILL,457.92,Scuti,P-2737d058bedac2bb,22,1479067.0,439.886,96.06,0.0,0.0,5810.0,17897.0,Stir the Depths,1292806,8.0,inv_ability_poison_wave.jpg,142,False,31377.0,10664.0,47851.0,0.0
31PjbgTG8KDC9JBh,3,Crown of the Cosmos,3181,WIPE,31.645,Deseral,P-26b6baeac5b628dc,7,681916.0,10.239,32.36,0.0,0.0,0.0,2012.0,,,,,,,,,,
31PjbgTG8KDC9JBh,3,Crown of the Cosmos,3181,WIPE,31.645,Ilidank,P-4b25ba747f972b89,11,684196.0,12.519,39.56,0.0,0.0,0.0,3999.0,,,,,,,,,,
31PjbgTG8KDC9JBh,3,Crown of the Cosmos,3181,WIPE,31.645,Siare,P-386d8566043e1cef,17,684629.0,12.952,40.93,0.0,0.0,0.0,5988.0,,,,,,,,,,
31PjbgTG8KDC9JBh,3,Crown of the Cosmos,3181,WIPE,31.645,Grapefroot,P-9a88c0c48c4cf21f,15,685640.0,13.963,44.12,0.0,0.0,0.0,5987.0,,,,,,,,,,
31PjbgTG8KDC9JBh,3,Crown of the Cosmos,3181,WIPE,31.645,Maztajake,P-dc96b65209ad25d3,19,692504.0,20.827,65.81,0.0,0.0,0.0,11979.0,,,,,,,,,,
31PjbgTG8KDC9JBh,3,Crown of the Cosmos,3181,WIPE,31.645,Tavendar,P-dd48d38ee5e5c55c,12,693249.0,21.572,68.17,0.0,0.0,0.0,13991.0,,,,,,,,,,
31PjbgTG8KDC9JBh,3,Crown of the Cosmos,3181,WIPE,31.645,Dystrophee,P-14b92b7f6709320a,4,693515.0,21.838,69.01,0.0,0.0,0.0,13991.0,,,,,,,,,,
31PjbgTG8KDC9JBh,3,Crown of the Cosmos,3181,WIPE,31.645,Averlis,P-77b140a1e9d7fba2,8,694474.0,22.797,72.04,0.0,0.0,0.0,13991.0,,,,,,,,,,
31PjbgTG8KDC9JBh,3,Crown of the Cosmos,3181,WIPE,31.645,Primeval,P-d2cfbf0e9385c81d,9,695146.0,23.469,74.16,0.0,0.0,0.0,16198.0,,,,,,,,,,
31PjbgTG8KDC9JBh,3,Crown of the Cosmos,3181,WIPE,31.645,Mannarchy,P-074ea59fb89e97f7,14,695298.0,23.621,74.64,0.0,0.0,0.0,16198.0,,,,,,,,,,
31PjbgTG8KDC9JBh,3,Crown of the Cosmos,3181,WIPE,31.645,Soliloquy,P-ace0c6b4dcb42bd6,3,695693.0,24.016,75.89,0.0,0.0,0.0,4015.0,,,,,,,,,,
31PjbgTG8KDC9JBh,3,Crown of the Cosmos,3181,WIPE,31.645,Whilton,P-04eb4efde7a37b62,10,696081.0,24.404,77.12,0.0,0.0,0.0,10211.0,,,,,,,,,,
31PjbgTG8KDC9JBh,3,Crown of the Cosmos,3181,WIPE,31.645,Dahlela,P-6361fdb34c226d87,13,696402.0,24.725,78.13,0.0,0.0,0.0,16198.0,,,,,,,,,,
31PjbgTG8KDC9JBh,3,Crown of the Cosmos,3181,WIPE,31.645,Decayed,P-584cf7139227dcac,6,699363.0,27.686,87.49,0.0,0.0,0.0,2976.0,,,,,,,,,,
31PjbgTG8KDC9JBh,3,Crown of the Cosmos,3181,WIPE,31.645,Chontosh,P-81cad9c290ac9716,5,702312.0,30.635,96.81,0.0,0.0,0.0,4204.0,,,,,,,,,,
31PjbgTG8KDC9JBh,4,Crown of the Cosmos,3181,WIPE,555.21,Mannarchy,P-074ea59fb89e97f7,14,1096339.0,88.775,15.99,0.0,0.0,0.0,166.0,,,,,,,,,,
31PjbgTG8KDC9JBh,4,Crown of the Cosmos,3181,WIPE,555.21,Tavendar,P-dd48d38ee5e5c55c,12,1344710.0,337.146,60.72,0.0,0.0,0.0,7541.0,,,,,,,,,,
31PjbgTG8KDC9JBh,4,Crown of the Cosmos,3181,WIPE,555.21,Dahlela,P-6361fdb34c226d87,13,1348624.0,341.06,61.43,0.0,0.0,0.0,12218.0,,,,,,,,,,
31PjbgTG8KDC9JBh,4,Crown of the Cosmos,3181,WIPE,555.21,Whilton,P-04eb4efde7a37b62,10,1378774.0,371.21,66.86,0.0,0.0,48197.0,6883.0,Gravity Collapse,1239095,32.0,spell_holy_circleofrenewal_shadow.jpg,88,False,67804.0,19070.0,135071.0,0.0
31PjbgTG8KDC9JBh,4,Crown of the Cosmos,3181,WIPE,555.21,Chontosh,P-81cad9c290ac9716,5,1445036.0,437.472,78.79,0.0,0.0,35001.0,4774.0,Bursting Emptiness,1255378,32.0,inv_artifact_powerofthedarkside.jpg,88,False,137149.0,48620.0,220770.0,0.0
31PjbgTG8KDC9JBh,4,Crown of the Cosmos,3181,WIPE,555.21,Soliloquy,P-ace0c6b4dcb42bd6,3,1445051.0,437.487,78.8,0.0,0.0,78116.0,23783.0,Bursting Emptiness,1255378,32.0,inv_artifact_powerofthedarkside.jpg,88,False,62869.0,79785.0,220770.0,0.0
31PjbgTG8KDC9JBh,4,Crown of the Cosmos,3181,WIPE,555.21,Mannarchy,P-074ea59fb89e97f7,14,1487379.0,479.815,86.42,0.0,0.0,0.0,2132.0,,,,,,,,,,
31PjbgTG8KDC9JBh,4,Crown of the Cosmos,3181,WIPE,555.21,Averlis,P-77b140a1e9d7fba2,8,1494804.0,487.24,87.76,0.0,0.0,0.0,10983.0,,,,,,,,,,
31PjbgTG8KDC9JBh,4,Crown of the Cosmos,3181,WIPE,555.21,Ilidank,P-4b25ba747f972b89,11,1553649.0,546.085,98.36,0.0,0.0,101417.0,5394.0,Gravity Collapse,1239095,32.0,spell_holy_circleofrenewal_shadow.jpg,88,False,695.0,32959.0,135071.0,0.0
31PjbgTG8KDC9JBh,4,Crown of the Cosmos,3181,WIPE,555.21,Primeval,P-d2cfbf0e9385c81d,9,1553650.0,546.086,98.36,0.0,0.0,35516.0,30336.0,Gravity Collapse,1239095,32.0,spell_holy_circleofrenewal_shadow.jpg,88,False,57508.0,42047.0,135071.0,0.0
31PjbgTG8KDC9JBh,4,Crown of the Cosmos,3181,WIPE,555.21,Maztajake,P-dc96b65209ad25d3,19,1553652.0,546.088,98.36,0.0,0.0,65429.0,17327.0,Gravity Collapse,1239095,32.0,spell_holy_circleofrenewal_shadow.jpg,88,False,26704.0,42938.0,135071.0,0.0
31PjbgTG8KDC9JBh,4,Crown of the Cosmos,3181,WIPE,555.21,Grapefroot,P-9a88c0c48c4cf21f,15,1553685.0,546.121,98.36,0.0,0.0,39681.0,19380.0,Gravity Collapse,1239095,32.0,spell_holy_circleofrenewal_shadow.jpg,88,False,70296.0,25094.0,135071.0,0.0
31PjbgTG8KDC9JBh,4,Crown of the Cosmos,3181,WIPE,555.21,Dystrophee,P-14b92b7f6709320a,4,1553686.0,546.122,98.36,0.0,0.0,53244.0,41396.0,Gravity Collapse,1239095,32.0,spell_holy_circleofrenewal_shadow.jpg,88,False,428.0,23092.0,114583.0,37819.0
31PjbgTG8KDC9JBh,4,Crown of the Cosmos,3181,WIPE,555.21,Deseral,P-26b6baeac5b628dc,7,1553687.0,546.123,98.36,0.0,0.0,35173.0,3644.0,Bursting Emptiness,1255378,32.0,inv_artifact_powerofthedarkside.jpg,88,False,68347.0,117250.0,220770.0,0.0
31PjbgTG8KDC9JBh,4,Crown of the Cosmos,3181,WIPE,555.21,Siare,P-386d8566043e1cef,17,1553687.0,546.123,98.36,0.0,0.0,64339.0,19402.0,Bursting Emptiness,1255378,32.0,inv_artifact_powerofthedarkside.jpg,88,False,34456.0,110998.0,220770.0,10977.0
31PjbgTG8KDC9JBh,4,Crown of the Cosmos,3181,WIPE,555.21,Tavendar,P-dd48d38ee5e5c55c,12,1557298.0,549.734,99.01,0.0,0.0,38447.0,19992.0,Bursting Emptiness,1255378,32.0,inv_artifact_powerofthedarkside.jpg,88,False,136054.0,46269.0,220770.0,0.0
31PjbgTG8KDC9JBh,4,Crown of the Cosmos,3181,WIPE,555.21,Decayed,P-584cf7139227dcac,6,1562687.0,555.123,99.98,0.0,0.0,0.0,26685.0,Devouring Cosmos,1238882,32.0,inv_cosmicvoid_orb.jpg,88,False,0.0,22109.0,88308.0,66199.0
31PjbgTG8KDC9JBh,5,Crown of the Cosmos,3181,KILL,472.34,Whilton,P-04eb4efde7a37b62,10,1787121.0,43.055,9.12,0.0,0.0,126586.0,4191.0,Bursting Emptiness,1255378,32.0,inv_artifact_powerofthedarkside.jpg,88,False,47729.0,46455.0,220770.0,0.0
31PjbgTG8KDC9JBh,5,Crown of the Cosmos,3181,KILL,472.34,Tavendar,P-dd48d38ee5e5c55c,12,2040871.0,296.805,62.84,0.0,0.0,0.0,29007.0,,,,,,,,,,
31PjbgTG8KDC9JBh,5,Crown of the Cosmos,3181,KILL,472.34,Dystrophee,P-14b92b7f6709320a,4,2116049.0,371.983,78.75,0.0,0.0,0.0,3108.0,,,,,,,,,,
31PjbgTG8KDC9JBh,5,Crown of the Cosmos,3181,KILL,472.34,Averlis,P-77b140a1e9d7fba2,8,2186066.0,442.0,93.58,0.0,0.0,124598.0,2040.0,Bursting Emptiness,1255378,32.0,inv_artifact_powerofthedarkside.jpg,88,False,60428.0,35744.0,220770.0,0.0
3VrDYLzQHKtTyAFX,1,Rotmire,3159,WIPE,168.884,Dahlela,P-6361fdb34c226d87,15,498209.0,136.436,80.79,0.0,0.0,80301.0,368.0,Bursting Shroom,1221965,8.0,inv_misc_starspecklemushroom.jpg,70,False,171087.0,35756.0,287144.0,0.0
3VrDYLzQHKtTyAFX,1,Rotmire,3159,WIPE,168.884,Dystrophee,P-14b92b7f6709320a,14,498211.0,136.438,80.79,0.0,0.0,104095.0,4377.0,Bursting Shroom,1221965,8.0,inv_misc_starspecklemushroom.jpg,70,False,36038.0,48265.0,287144.0,98746.0
3VrDYLzQHKtTyAFX,1,Rotmire,3159,WIPE,168.884,Aurëus,P-f95b1f39aecd9371,9,498214.0,136.441,80.79,0.0,0.0,18250.0,4372.0,Bursting Shroom,1221965,8.0,inv_misc_starspecklemushroom.jpg,70,False,208711.0,45825.0,272786.0,0.0
3VrDYLzQHKtTyAFX,1,Rotmire,3159,WIPE,168.884,Chontosh,P-81cad9c290ac9716,6,498220.0,136.447,80.79,0.0,0.0,45520.0,4368.0,Bursting Shroom,1221965,8.0,inv_misc_starspecklemushroom.jpg,70,False,201235.0,40389.0,287144.0,0.0
3VrDYLzQHKtTyAFX,1,Rotmire,3159,WIPE,168.884,Soliloquy,P-ace0c6b4dcb42bd6,11,498242.0,136.469,80.81,0.0,0.0,25551.0,4373.0,Bursting Shroom,1221965,8.0,inv_misc_starspecklemushroom.jpg,70,False,226371.0,35222.0,287144.0,0.0
3VrDYLzQHKtTyAFX,1,Rotmire,3159,WIPE,168.884,Averlis,P-77b140a1e9d7fba2,12,498244.0,136.471,80.81,0.0,0.0,81679.0,4353.0,Bursting Shroom,1221965,8.0,inv_misc_starspecklemushroom.jpg,70,False,159025.0,46440.0,287144.0,0.0
3VrDYLzQHKtTyAFX,1,Rotmire,3159,WIPE,168.884,Whilton,P-04eb4efde7a37b62,10,498247.0,136.474,80.81,0.0,0.0,55390.0,364.0,Bursting Shroom,1221965,8.0,inv_misc_starspecklemushroom.jpg,70,False,191213.0,40541.0,287144.0,0.0
3VrDYLzQHKtTyAFX,1,Rotmire,3159,WIPE,168.884,Primeval,P-d2cfbf0e9385c81d,3,498249.0,136.476,80.81,0.0,0.0,153723.0,369.0,Bursting Shroom,1221965,8.0,inv_misc_starspecklemushroom.jpg,70,False,63767.0,69654.0,287144.0,0.0
3VrDYLzQHKtTyAFX,1,Rotmire,3159,WIPE,168.884,Sinfxl,P-59860c89738c2525,19,498251.0,136.478,80.81,0.0,0.0,137694.0,4378.0,Bursting Shroom,1221965,8.0,inv_misc_starspecklemushroom.jpg,70,False,92755.0,56695.0,287144.0,0.0
3VrDYLzQHKtTyAFX,1,Rotmire,3159,WIPE,168.884,Maztademon,P-cfa3eaa57c7f3b2f,20,498254.0,136.481,80.81,0.0,0.0,126451.0,4379.0,Bursting Shroom,1221965,8.0,inv_misc_starspecklemushroom.jpg,70,False,20544.0,140149.0,287144.0,0.0
3VrDYLzQHKtTyAFX,1,Rotmire,3159,WIPE,168.884,Ilidank,P-4b25ba747f972b89,7,512993.0,151.22,89.54,0.0,0.0,45379.0,15159.0,Writhing Vines,1222129,8.0,inv_misc_herb_nightmarevine_stem.jpg,28,False,30034.0,20302.0,95715.0,0.0
3VrDYLzQHKtTyAFX,1,Rotmire,3159,WIPE,168.884,Meowrawrxo,P-cae9f2bae0773bc9,8,514838.0,153.065,90.63,0.0,0.0,15763.0,17002.0,Rotting Pustules,1222284,8.0,ability_creature_poison_06.jpg,28,False,72.0,2549.0,18384.0,0.0
3VrDYLzQHKtTyAFX,1,Rotmire,3159,WIPE,168.884,Decayed,P-584cf7139227dcac,1,523061.0,161.288,95.5,0.0,0.0,0.0,15235.0,Writhing Vines,1222129,8.0,inv_misc_herb_nightmarevine_stem.jpg,28,False,0.0,25443.0,95715.0,70272.0
3VrDYLzQHKtTyAFX,1,Rotmire,3159,WIPE,168.884,Tavendar,P-dd48d38ee5e5c55c,2,526837.0,165.064,97.74,0.0,0.0,6318.0,24017.0,Rotting Pustules,1222284,8.0,ability_creature_poison_06.jpg,28,False,7383.0,4683.0,18384.0,0.0
3VrDYLzQHKtTyAFX,1,Rotmire,3159,WIPE,168.884,Mannarchy,P-074ea59fb89e97f7,4,530077.0,168.304,99.66,0.0,0.0,18180.0,32239.0,Bursting Pustules,1222278,8.0,inv_misc_herb_zoanthid.jpg,28,False,4798.0,34642.0,57620.0,0.0
3VrDYLzQHKtTyAFX,1,Rotmire,3159,WIPE,168.884,Siare,P-386d8566043e1cef,21,530079.0,168.306,99.66,0.0,0.0,14681.0,36248.0,Bursting Pustules,1222278,8.0,inv_misc_herb_zoanthid.jpg,28,False,32593.0,5094.0,57620.0,5252.0
3VrDYLzQHKtTyAFX,3,Rotmire,3159,KILL,378.487,Maztademon,P-cfa3eaa57c7f3b2f,20,855092.0,236.096,62.38,0.0,0.0,54169.0,6987.0,Festering Vines,1222122,8.0,ability_creature_poison_04.jpg,28,False,2480.0,46244.0,102893.0,0.0
3gymwM9c2Av4Xk6r,1,Lightblinded Vanguard,3180,WIPE,149.713,Decayed,P-584cf7139227dcac,1,863027.0,96.677,64.57,0.0,0.0,291103.0,0.0,Execution Sentence,1249024,2.0,spell_paladin_executionsentence.jpg,28,False,585475.0,0.0,235487.0,290519.0
3gymwM9c2Av4Xk6r,1,Lightblinded Vanguard,3180,WIPE,149.713,Mannarchy,P-074ea59fb89e97f7,5,880445.0,114.095,76.21,0.0,0.0,1259240.0,0.0,Shield of the Righteous,1251859,2.0,ability_paladin_shieldofvengeance.jpg,2,False,239815.0,0.0,441540.0,952.0
3gymwM9c2Av4Xk6r,1,Lightblinded Vanguard,3180,WIPE,149.713,Panes,P-ace038bf56a82f7f,6,881926.0,115.576,77.2,0.0,0.0,137015.0,0.0,Melee,1,1.0,inv_axe_02.jpg,28,False,326970.0,319021.0,783006.0,0.0
3gymwM9c2Av4Xk6r,1,Lightblinded Vanguard,3180,WIPE,149.713,Spàdes,P-4b77dd2f26623c73,10,885534.0,119.184,79.61,0.0,0.0,93485.0,0.0,Melee,1,1.0,inv_axe_02.jpg,28,False,394720.0,310225.0,802156.0,3726.0
3gymwM9c2Av4Xk6r,1,Lightblinded Vanguard,3180,WIPE,149.713,Asharia,P-baca25d85259e955,17,894020.0,127.67,85.28,0.0,0.0,841746.0,0.0,Melee,1,1.0,inv_axe_02.jpg,28,False,390737.0,0.0,820094.0,0.0
3gymwM9c2Av4Xk6r,1,Lightblinded Vanguard,3180,WIPE,149.713,Grapefroot,P-9a88c0c48c4cf21f,16,895001.0,128.651,85.93,0.0,0.0,0.0,0.0,Devoured,1232272,1.0,inv_cosmicvoid_debuff.jpg,16,True,0.0,0.0,0.0,0.0
3gymwM9c2Av4Xk6r,1,Lightblinded Vanguard,3180,WIPE,149.713,Cryonox,P-31619035e7d32aa2,14,895169.0,128.819,86.04,0.0,0.0,0.0,0.0,Devoured,1232272,1.0,inv_cosmicvoid_debuff.jpg,14,True,0.0,0.0,0.0,0.0
3gymwM9c2Av4Xk6r,1,Lightblinded Vanguard,3180,WIPE,149.713,Zeleria,P-abdfad2d93a43a81,7,895363.0,129.013,86.17,0.0,0.0,0.0,0.0,Devoured,1232272,1.0,inv_cosmicvoid_debuff.jpg,7,True,0.0,0.0,0.0,0.0
3gymwM9c2Av4Xk6r,1,Lightblinded Vanguard,3180,WIPE,149.713,Averlis,P-77b140a1e9d7fba2,21,895566.0,129.216,86.31,0.0,0.0,56920.0,6160.0,Exorcism,1246745,2.0,spell_holy_searinglight.jpg,29,False,65229.0,25031.0,147180.0,0.0
3gymwM9c2Av4Xk6r,1,Lightblinded Vanguard,3180,WIPE,149.713,Sinfxl,P-59860c89738c2525,3,896305.0,129.955,86.8,0.0,0.0,0.0,0.0,Devoured,1232272,1.0,inv_cosmicvoid_debuff.jpg,3,True,0.0,0.0,0.0,0.0
3gymwM9c2Av4Xk6r,1,Lightblinded Vanguard,3180,WIPE,149.713,Lìllith,P-093da9358d901c39,12,897283.0,130.933,87.46,0.0,0.0,0.0,0.0,Devoured,1232272,1.0,inv_cosmicvoid_debuff.jpg,12,True,0.0,0.0,0.0,0.0
3gymwM9c2Av4Xk6r,1,Lightblinded Vanguard,3180,WIPE,149.713,Meowrawrxo,P-cae9f2bae0773bc9,15,898538.0,132.188,88.29,0.0,0.0,0.0,0.0,Devoured,1232272,1.0,inv_cosmicvoid_debuff.jpg,15,True,0.0,0.0,0.0,0.0
3gymwM9c2Av4Xk6r,1,Lightblinded Vanguard,3180,WIPE,149.713,Maztajake,P-dc96b65209ad25d3,4,901914.0,135.564,90.55,0.0,0.0,0.0,0.0,Devoured,1232272,1.0,inv_cosmicvoid_debuff.jpg,4,True,0.0,0.0,0.0,0.0
3gymwM9c2Av4Xk6r,1,Lightblinded Vanguard,3180,WIPE,149.713,Primeval,P-d2cfbf0e9385c81d,8,902083.0,135.733,90.66,0.0,0.0,0.0,0.0,Devoured,1232272,1.0,inv_cosmicvoid_debuff.jpg,8,True,0.0,0.0,0.0,0.0
3gymwM9c2Av4Xk6r,1,Lightblinded Vanguard,3180,WIPE,149.713,Viserion,P-daa9879d41bb66dd,11,902424.0,136.074,90.89,0.0,0.0,0.0,0.0,Devoured,1232272,1.0,inv_cosmicvoid_debuff.jpg,11,True,0.0,0.0,0.0,0.0
3gymwM9c2Av4Xk6r,1,Lightblinded Vanguard,3180,WIPE,149.713,Danzilla,P-8ee1779dcaa9232f,19,903673.0,137.323,91.72,0.0,0.0,0.0,0.0,Devoured,1232272,1.0,inv_cosmicvoid_debuff.jpg,19,True,0.0,0.0,0.0,0.0
3gymwM9c2Av4Xk6r,1,Lightblinded Vanguard,3180,WIPE,149.713,Siare,P-386d8566043e1cef,20,907452.0,141.102,94.25,0.0,0.0,0.0,0.0,Devoured,1232272,1.0,inv_cosmicvoid_debuff.jpg,20,True,0.0,0.0,0.0,0.0
3gymwM9c2Av4Xk6r,1,Lightblinded Vanguard,3180,WIPE,149.713,Mntdewhealer,P-04424ed65288539d,13,908539.0,142.189,94.97,0.0,0.0,0.0,0.0,Devoured,1232272,1.0,inv_cosmicvoid_debuff.jpg,13,True,0.0,0.0,0.0,0.0
3gymwM9c2Av4Xk6r,1,Lightblinded Vanguard,3180,WIPE,149.713,Decayed,P-584cf7139227dcac,1,913428.0,147.078,98.24,0.0,0.0,119483.0,7565.0,Sacred Toll,1246749,2.0,ability_bastion_paladin.jpg,28,False,70672.0,0.0,176616.0,102391.0
3gymwM9c2Av4Xk6r,1,Lightblinded Vanguard,3180,WIPE,149.713,Aurëus,P-f95b1f39aecd9371,9,915421.0,149.071,99.57,0.0,0.0,36979.0,8993.0,Avenger's Shield,1246502,2.0,spell_holy_avengersshield.jpg,2,False,1408.0,12739.0,51513.0,387.0
3gymwM9c2Av4Xk6r,2,Lightblinded Vanguard,3180,WIPE,142.855,Mannarchy,P-074ea59fb89e97f7,5,1171778.0,34.308,24.02,0.0,0.0,79684.0,0.0,Final Verdict,1251812,2.0,spell_paladin_templarsverdict.jpg,28,False,604160.0,0.0,441540.0,35969.0
3gymwM9c2Av4Xk6r,2,Lightblinded Vanguard,3180,WIPE,142.855,Greyseer,P-146fcdef511d70d4,18,1202579.0,65.109,45.58,0.0,0.0,122208.0,20043.0,Sacred Toll,1246749,2.0,ability_bastion_paladin.jpg,28,False,32140.0,22268.0,176616.0,0.0
3gymwM9c2Av4Xk6r,2,Lightblinded Vanguard,3180,WIPE,142.855,Sinfxl,P-59860c89738c2525,3,1234022.0,96.552,67.59,0.0,0.0,1555192.0,0.0,Execution Sentence,1249024,2.0,spell_paladin_executionsentence.jpg,28,False,298043.0,0.0,392479.0,0.0
3gymwM9c2Av4Xk6r,2,Lightblinded Vanguard,3180,WIPE,142.855,Decayed,P-584cf7139227dcac,1,1253824.0,116.354,81.45,0.0,0.0,654806.0,0.0,Final Verdict,1251812,2.0,spell_paladin_templarsverdict.jpg,28,False,368848.0,0.0,441540.0,484314.0
3gymwM9c2Av4Xk6r,2,Lightblinded Vanguard,3180,WIPE,142.855,Panes,P-ace038bf56a82f7f,6,1257416.0,119.946,83.96,0.0,0.0,34888.0,0.0,Melee,1,1.0,inv_axe_02.jpg,28,False,424067.0,298362.0,757317.0,0.0
3gymwM9c2Av4Xk6r,2,Lightblinded Vanguard,3180,WIPE,142.855,Mannarchy,P-074ea59fb89e97f7,5,1265821.0,128.351,89.85,0.0,0.0,547760.0,0.0,Shield of the Righteous,1251859,2.0,ability_paladin_shieldofvengeance.jpg,2,False,129612.0,0.0,441540.0,0.0
3gymwM9c2Av4Xk6r,2,Lightblinded Vanguard,3180,WIPE,142.855,Asharia,P-baca25d85259e955,17,1268736.0,131.266,91.89,0.0,0.0,51840.0,0.0,Melee,1,1.0,inv_axe_02.jpg,28,False,390737.0,359091.0,801668.0,0.0
3gymwM9c2Av4Xk6r,2,Lightblinded Vanguard,3180,WIPE,142.855,Zeleria,P-abdfad2d93a43a81,7,1271385.0,133.915,93.74,0.0,0.0,0.0,0.0,Devoured,1232272,1.0,inv_cosmicvoid_debuff.jpg,7,True,0.0,0.0,0.0,0.0
3gymwM9c2Av4Xk6r,2,Lightblinded Vanguard,3180,WIPE,142.855,Grapefroot,P-9a88c0c48c4cf21f,16,1271386.0,133.916,93.74,0.0,0.0,0.0,0.0,Devoured,1232272,1.0,inv_cosmicvoid_debuff.jpg,16,True,0.0,0.0,0.0,0.0
3gymwM9c2Av4Xk6r,2,Lightblinded Vanguard,3180,WIPE,142.855,Maztajake,P-dc96b65209ad25d3,4,1271687.0,134.217,93.95,0.0,0.0,0.0,0.0,Devoured,1232272,1.0,inv_cosmicvoid_debuff.jpg,4,True,0.0,0.0,0.0,0.0
3gymwM9c2Av4Xk6r,2,Lightblinded Vanguard,3180,WIPE,142.855,Spàdes,P-4b77dd2f26623c73,10,1272921.0,135.451,94.82,0.0,0.0,0.0,0.0,Devoured,1232272,1.0,inv_cosmicvoid_debuff.jpg,10,True,0.0,0.0,0.0,0.0
3gymwM9c2Av4Xk6r,2,Lightblinded Vanguard,3180,WIPE,142.855,Meowrawrxo,P-cae9f2bae0773bc9,15,1273371.0,135.901,95.13,0.0,0.0,0.0,0.0,Devoured,1232272,1.0,inv_cosmicvoid_debuff.jpg,15,True,0.0,0.0,0.0,0.0
3gymwM9c2Av4Xk6r,2,Lightblinded Vanguard,3180,WIPE,142.855,Viserion,P-daa9879d41bb66dd,11,1274229.0,136.759,95.73,0.0,0.0,0.0,0.0,Devoured,1232272,1.0,inv_cosmicvoid_debuff.jpg,11,True,0.0,0.0,0.0,0.0
3gymwM9c2Av4Xk6r,2,Lightblinded Vanguard,3180,WIPE,142.855,Cryonox,P-31619035e7d32aa2,14,1275419.0,137.949,96.57,0.0,0.0,6932.0,7878.0,Melee,1,1.0,inv_axe_02.jpg,2,False,288260.0,43746.0,419653.0,80715.0
3gymwM9c2Av4Xk6r,2,Lightblinded Vanguard,3180,WIPE,142.855,Aurëus,P-f95b1f39aecd9371,9,1275944.0,138.474,96.93,0.0,0.0,349882.0,0.0,Melee,1,1.0,inv_axe_02.jpg,28,False,91750.0,344543.0,786175.0,0.0
3gymwM9c2Av4Xk6r,2,Lightblinded Vanguard,3180,WIPE,142.855,Primeval,P-d2cfbf0e9385c81d,8,1276122.0,138.652,97.06,0.0,0.0,0.0,0.0,Devoured,1232272,1.0,inv_cosmicvoid_debuff.jpg,8,True,0.0,0.0,0.0,0.0
3gymwM9c2Av4Xk6r,2,Lightblinded Vanguard,3180,WIPE,142.855,Danzilla,P-8ee1779dcaa9232f,19,1276832.0,139.362,97.55,0.0,0.0,0.0,0.0,Devoured,1232272,1.0,inv_cosmicvoid_debuff.jpg,19,True,0.0,0.0,0.0,0.0
3gymwM9c2Av4Xk6r,2,Lightblinded Vanguard,3180,WIPE,142.855,Siare,P-386d8566043e1cef,20,1276904.0,139.434,97.61,0.0,0.0,0.0,0.0,Devoured,1232272,1.0,inv_cosmicvoid_debuff.jpg,20,True,0.0,0.0,0.0,0.0
3gymwM9c2Av4Xk6r,2,Lightblinded Vanguard,3180,WIPE,142.855,Lìllith,P-093da9358d901c39,12,1276905.0,139.435,97.61,0.0,0.0,0.0,0.0,Devoured,1232272,1.0,inv_cosmicvoid_debuff.jpg,12,True,0.0,0.0,0.0,0.0
3gymwM9c2Av4Xk6r,2,Lightblinded Vanguard,3180,WIPE,142.855,Averlis,P-77b140a1e9d7fba2,21,1279543.0,142.073,99.45,0.0,0.0,97028.0,0.0,Melee,1,1.0,inv_axe_02.jpg,28,False,383540.0,328389.0,808957.0,0.0
3gymwM9c2Av4Xk6r,3,Lightblinded Vanguard,3180,KILL,331.271,Mannarchy,P-074ea59fb89e97f7,5,1539879.0,128.357,38.75,0.0,0.0,834247.0,0.0,Shield of the Righteous,1251859,2.0,ability_paladin_shieldofvengeance.jpg,2,False,471436.0,0.0,441540.0,14182.0
3gymwM9c2Av4Xk6r,3,Lightblinded Vanguard,3180,KILL,331.271,Danzilla,P-8ee1779dcaa9232f,19,1689599.0,278.077,83.94,0.0,0.0,12560.0,6575.0,Consecration,1246158,2.0,spell_holy_innerfire.jpg,2,False,39673.0,6639.0,58872.0,0.0
3gymwM9c2Av4Xk6r,3,Lightblinded Vanguard,3180,KILL,331.271,Mannarchy,P-074ea59fb89e97f7,5,1735844.0,324.322,97.9,0.0,0.0,1666697.0,0.0,Shield of the Righteous,1251859,2.0,ability_paladin_shieldofvengeance.jpg,2,False,314203.0,0.0,574002.0,20009.0
3gymwM9c2Av4Xk6r,4,Crown of the Cosmos,3181,WIPE,82.685,Spàdes,P-4b77dd2f26623c73,10,2611999.0,15.156,18.33,0.0,0.0,83952.0,8707.0,Bursting Emptiness,1255378,32.0,inv_artifact_powerofthedarkside.jpg,129,False,72923.0,62311.0,220770.0,1584.0
3gymwM9c2Av4Xk6r,4,Crown of the Cosmos,3181,WIPE,82.685,Zeleria,P-abdfad2d93a43a81,7,2612001.0,15.158,18.33,0.0,0.0,108170.0,8322.0,Bursting Emptiness,1255378,32.0,inv_artifact_powerofthedarkside.jpg,129,False,66049.0,44792.0,220770.0,1759.0
3gymwM9c2Av4Xk6r,4,Crown of the Cosmos,3181,WIPE,82.685,Chontosh,P-81cad9c290ac9716,126,2612002.0,15.159,18.33,0.0,0.0,2926.0,8370.0,Bursting Emptiness,1255378,32.0,inv_artifact_powerofthedarkside.jpg,129,False,246912.0,0.0,220770.0,0.0
3gymwM9c2Av4Xk6r,4,Crown of the Cosmos,3181,WIPE,82.685,Panes,P-ace038bf56a82f7f,6,2648461.0,51.618,62.43,0.0,0.0,58460.0,17006.0,Void Remnants,1242553,32.0,inv_icon_shadowcouncilorb_purple.jpg,129,False,36069.0,7543.0,103026.0,954.0
3gymwM9c2Av4Xk6r,4,Crown of the Cosmos,3181,WIPE,82.685,Averlis,P-77b140a1e9d7fba2,21,2655809.0,58.966,71.31,0.0,0.0,74231.0,12232.0,Interrupting Tremor,1243743,32.0,ability_priest_surgeofdarkness.jpg,134,False,72293.0,58048.0,206052.0,1480.0
3gymwM9c2Av4Xk6r,4,Crown of the Cosmos,3181,WIPE,82.685,Meowrawrxo,P-cae9f2bae0773bc9,15,2655810.0,58.967,71.32,0.0,0.0,130267.0,12231.0,Interrupting Tremor,1243743,32.0,ability_priest_surgeofdarkness.jpg,134,False,162689.0,0.0,206052.0,2959.0
3gymwM9c2Av4Xk6r,4,Crown of the Cosmos,3181,WIPE,82.685,Decayed,P-584cf7139227dcac,1,2663472.0,66.629,80.58,0.0,0.0,0.0,16960.0,Melee,1,1.0,inv_axe_02.jpg,132,False,0.0,10543.0,15922.0,5379.0
3gymwM9c2Av4Xk6r,4,Crown of the Cosmos,3181,WIPE,82.685,Cryonox,P-31619035e7d32aa2,14,2668800.0,71.957,87.03,0.0,0.0,0.0,20336.0,,,,,,,,,,
3gymwM9c2Av4Xk6r,4,Crown of the Cosmos,3181,WIPE,82.685,Sinfxl,P-59860c89738c2525,3,2670087.0,73.244,88.58,0.0,0.0,0.0,20004.0,,,,,,,,,,
3gymwM9c2Av4Xk6r,4,Crown of the Cosmos,3181,WIPE,82.685,Chontosh,P-81cad9c290ac9716,126,2670923.0,74.08,89.59,0.0,0.0,25004.0,11329.0,Grasp of Emptiness,1232470,32.0,inv_shadowelementalmount.jpg,129,False,16522.0,6307.0,47833.0,0.0
3gymwM9c2Av4Xk6r,4,Crown of the Cosmos,3181,WIPE,82.685,Lìllith,P-093da9358d901c39,12,2670923.0,74.08,89.59,0.0,0.0,124986.0,21372.0,Bursting Emptiness,1255378,32.0,inv_artifact_powerofthedarkside.jpg,129,False,43129.0,35780.0,220770.0,16875.0
3gymwM9c2Av4Xk6r,4,Crown of the Cosmos,3181,WIPE,82.685,Grapefroot,P-9a88c0c48c4cf21f,16,2671576.0,74.733,90.38,0.0,0.0,3828.0,36029.0,Echoing Darkness,1281707,32.0,spell_priest_burningwill_shadow.jpg,128,False,7833.0,2822.0,14718.0,235.0
3gymwM9c2Av4Xk6r,4,Crown of the Cosmos,3181,WIPE,82.685,Greyseer,P-146fcdef511d70d4,18,2671576.0,74.733,90.38,0.0,0.0,6022.0,36003.0,Echoing Darkness,1281707,32.0,spell_priest_burningwill_shadow.jpg,134,False,13715.0,3075.0,22812.0,0.0
3gymwM9c2Av4Xk6r,4,Crown of the Cosmos,3181,WIPE,82.685,Danzilla,P-8ee1779dcaa9232f,19,2671910.0,75.067,90.79,0.0,0.0,8882.0,24351.0,Grasp of Emptiness,1232470,32.0,inv_shadowelementalmount.jpg,129,False,10579.0,27978.0,47833.0,394.0
3gymwM9c2Av4Xk6r,4,Crown of the Cosmos,3181,WIPE,82.685,Maztajake,P-dc96b65209ad25d3,4,2673525.0,76.682,92.74,0.0,0.0,0.0,27104.0,,,,,,,,,,
3gymwM9c2Av4Xk6r,4,Crown of the Cosmos,3181,WIPE,82.685,Viserion,P-daa9879d41bb66dd,11,2673926.0,77.083,93.22,0.0,0.0,2152.0,24354.0,Void Expulsion,1233826,32.0,inv_nullstone_void.jpg,129,False,37453.0,6879.0,47288.0,804.0
3gymwM9c2Av4Xk6r,4,Crown of the Cosmos,3181,WIPE,82.685,Primeval,P-d2cfbf0e9385c81d,8,2675878.0,79.035,95.59,0.0,0.0,0.0,49969.0,,,,,,,,,,
3gymwM9c2Av4Xk6r,4,Crown of the Cosmos,3181,WIPE,82.685,Mannarchy,P-074ea59fb89e97f7,5,2676041.0,79.198,95.78,0.0,0.0,0.0,7930.0,,,,,,,,,,
3gymwM9c2Av4Xk6r,4,Crown of the Cosmos,3181,WIPE,82.685,Siare,P-386d8566043e1cef,20,2677944.0,81.101,98.08,0.0,0.0,0.0,27992.0,,,,,,,,,,
3gymwM9c2Av4Xk6r,4,Crown of the Cosmos,3181,WIPE,82.685,Aurëus,P-f95b1f39aecd9371,9,2678173.0,81.33,98.36,0.0,0.0,388959.0,0.0,Melee,1,1.0,inv_axe_02.jpg,128,False,26836.0,352585.0,772579.0,4199.0
3gymwM9c2Av4Xk6r,4,Crown of the Cosmos,3181,WIPE,82.685,Asharia,P-baca25d85259e955,17,2679462.0,82.619,99.92,0.0,0.0,0.0,11986.0,,,,,,,,,,
3gymwM9c2Av4Xk6r,6,Crown of the Cosmos,3181,WIPE,85.565,Spàdes,P-4b77dd2f26623c73,10,2947916.0,31.518,36.84,0.0,0.0,59792.0,2632.0,Interrupting Tremor,1243743,32.0,ability_priest_surgeofdarkness.jpg,134,False,73165.0,12881.0,147180.0,1342.0
3gymwM9c2Av4Xk6r,6,Crown of the Cosmos,3181,WIPE,85.565,Panes,P-ace038bf56a82f7f,6,2969542.0,53.144,62.11,0.0,0.0,33706.0,26253.0,Interrupting Tremor,1243743,32.0,ability_priest_surgeofdarkness.jpg,134,False,114765.0,42863.0,191334.0,0.0
3gymwM9c2Av4Xk6r,6,Crown of the Cosmos,3181,WIPE,85.565,Decayed,P-584cf7139227dcac,1,2978976.0,62.578,73.14,0.0,0.0,0.0,12943.0,,,,,,,,,,
3gymwM9c2Av4Xk6r,6,Crown of the Cosmos,3181,WIPE,85.565,Greyseer,P-146fcdef511d70d4,18,2983070.0,66.672,77.92,0.0,0.0,0.0,2019.0,,,,,,,,,,
3gymwM9c2Av4Xk6r,6,Crown of the Cosmos,3181,WIPE,85.565,Cryonox,P-31619035e7d32aa2,14,2984935.0,68.537,80.1,0.0,0.0,0.0,38024.0,,,,,,,,,,
3gymwM9c2Av4Xk6r,6,Crown of the Cosmos,3181,WIPE,85.565,Zeleria,P-abdfad2d93a43a81,7,2985305.0,68.907,80.53,0.0,0.0,0.0,1995.0,,,,,,,,,,
3gymwM9c2Av4Xk6r,6,Crown of the Cosmos,3181,WIPE,85.565,Meowrawrxo,P-cae9f2bae0773bc9,15,2987607.0,71.209,83.22,0.0,0.0,0.0,20185.0,,,,,,,,,,
3gymwM9c2Av4Xk6r,6,Crown of the Cosmos,3181,WIPE,85.565,Danzilla,P-8ee1779dcaa9232f,19,2988103.0,71.705,83.8,0.0,0.0,0.0,0.0,,,,,,,,,,
3gymwM9c2Av4Xk6r,6,Crown of the Cosmos,3181,WIPE,85.565,Siare,P-386d8566043e1cef,20,2988266.0,71.868,83.99,0.0,0.0,0.0,2512.0,,,,,,,,,,
3gymwM9c2Av4Xk6r,6,Crown of the Cosmos,3181,WIPE,85.565,Sinfxl,P-59860c89738c2525,3,2988567.0,72.169,84.34,0.0,0.0,0.0,18215.0,,,,,,,,,,
3gymwM9c2Av4Xk6r,6,Crown of the Cosmos,3181,WIPE,85.565,Mannarchy,P-074ea59fb89e97f7,5,2989084.0,72.686,84.95,0.0,0.0,0.0,11098.0,,,,,,,,,,
3gymwM9c2Av4Xk6r,6,Crown of the Cosmos,3181,WIPE,85.565,Grapefroot,P-9a88c0c48c4cf21f,16,2990368.0,73.97,86.45,0.0,0.0,0.0,22189.0,,,,,,,,,,
3gymwM9c2Av4Xk6r,6,Crown of the Cosmos,3181,WIPE,85.565,Averlis,P-77b140a1e9d7fba2,21,2990472.0,74.074,86.57,0.0,0.0,140254.0,3219.0,Silverstrike Arrow,1233649,64.0,inv_ammo_arrow_03.jpg,129,False,20976.0,35662.0,200165.0,3273.0
3gymwM9c2Av4Xk6r,6,Crown of the Cosmos,3181,WIPE,85.565,Viserion,P-daa9879d41bb66dd,11,2990848.0,74.45,87.01,0.0,0.0,0.0,3207.0,,,,,,,,,,
3gymwM9c2Av4Xk6r,6,Crown of the Cosmos,3181,WIPE,85.565,Asharia,P-baca25d85259e955,17,2991886.0,75.488,88.22,0.0,0.0,0.0,2013.0,,,,,,,,,,
3gymwM9c2Av4Xk6r,6,Crown of the Cosmos,3181,WIPE,85.565,Primeval,P-d2cfbf0e9385c81d,8,2992143.0,75.745,88.52,0.0,0.0,0.0,42461.0,,,,,,,,,,
3gymwM9c2Av4Xk6r,6,Crown of the Cosmos,3181,WIPE,85.565,Aurëus,P-f95b1f39aecd9371,9,2993259.0,76.861,89.83,0.0,0.0,4273.0,27988.0,Echoing Darkness,1281707,32.0,spell_priest_burningwill_shadow.jpg,127,False,16112.0,0.0,16925.0,0.0
3gymwM9c2Av4Xk6r,6,Crown of the Cosmos,3181,WIPE,85.565,Chontosh,P-81cad9c290ac9716,126,2998023.0,81.625,95.4,0.0,0.0,10503.0,20768.0,Melee,1,1.0,inv_axe_02.jpg,132,False,4326.0,708.0,15537.0,0.0
3gymwM9c2Av4Xk6r,6,Crown of the Cosmos,3181,WIPE,85.565,Lìllith,P-093da9358d901c39,12,3001283.0,84.885,99.21,0.0,0.0,9923.0,10014.0,Echoing Darkness,1281707,32.0,spell_priest_burningwill_shadow.jpg,127,False,6785.0,2257.0,19133.0,168.0
3gymwM9c2Av4Xk6r,8,Crown of the Cosmos,3181,WIPE,153.084,Averlis,P-77b140a1e9d7fba2,21,3167095.0,52.599,34.36,0.0,0.0,40627.0,1686.0,Void Remnants,1242553,32.0,inv_icon_shadowcouncilorb_purple.jpg,129,False,79078.0,0.0,103026.0,0.0
3gymwM9c2Av4Xk6r,8,Crown of the Cosmos,3181,WIPE,153.084,Danzilla,P-8ee1779dcaa9232f,19,3211601.0,97.105,63.43,0.0,0.0,5395.0,4183.0,Silverstrike Arrow,1233649,64.0,inv_ammo_arrow_03.jpg,129,False,144534.0,48722.0,200165.0,1514.0
3gymwM9c2Av4Xk6r,8,Crown of the Cosmos,3181,WIPE,153.084,Greyseer,P-146fcdef511d70d4,18,3220077.0,105.581,68.97,0.0,0.0,1794.0,6682.0,Grasp of Emptiness,1232470,32.0,inv_shadowelementalmount.jpg,129,False,42320.0,3719.0,47833.0,0.0
3gymwM9c2Av4Xk6r,8,Crown of the Cosmos,3181,WIPE,153.084,Meowrawrxo,P-cae9f2bae0773bc9,15,3223441.0,108.945,71.17,0.0,0.0,70976.0,12043.0,Void Remnants,1242553,32.0,inv_icon_shadowcouncilorb_purple.jpg,129,False,18282.0,13431.0,103026.0,337.0
3gymwM9c2Av4Xk6r,8,Crown of the Cosmos,3181,WIPE,153.084,Decayed,P-584cf7139227dcac,1,3250177.0,135.681,88.63,0.0,0.0,134229.0,4795.0,Melee,1,1.0,inv_axe_02.jpg,134,False,828826.0,3160553.0,4426288.0,302680.0
3gymwM9c2Av4Xk6r,8,Crown of the Cosmos,3181,WIPE,153.084,Spàdes,P-4b77dd2f26623c73,10,3258550.0,144.054,94.1,0.0,0.0,401350.0,0.0,Interrupting Tremor,1243743,32.0,ability_priest_surgeofdarkness.jpg,134,False,292535.0,189195.0,883080.0,0.0
3gymwM9c2Av4Xk6r,8,Crown of the Cosmos,3181,WIPE,153.084,Siare,P-386d8566043e1cef,20,3258551.0,144.055,94.1,0.0,0.0,330417.0,0.0,Interrupting Tremor,1243743,32.0,ability_priest_surgeofdarkness.jpg,134,False,385409.0,82838.0,883080.0,84416.0
3gymwM9c2Av4Xk6r,8,Crown of the Cosmos,3181,WIPE,153.084,Lìllith,P-093da9358d901c39,12,3258552.0,144.056,94.1,0.0,0.0,408728.0,0.0,Interrupting Tremor,1243743,32.0,ability_priest_surgeofdarkness.jpg,134,False,281536.0,104178.0,883080.0,88638.0
3gymwM9c2Av4Xk6r,8,Crown of the Cosmos,3181,WIPE,153.084,Viserion,P-daa9879d41bb66dd,11,3258552.0,144.056,94.1,0.0,0.0,432575.0,0.0,Interrupting Tremor,1243743,32.0,ability_priest_surgeofdarkness.jpg,134,False,314479.0,128480.0,883080.0,7546.0
3gymwM9c2Av4Xk6r,8,Crown of the Cosmos,3181,WIPE,153.084,Sinfxl,P-59860c89738c2525,3,3258554.0,144.058,94.1,0.0,0.0,436285.0,0.0,Interrupting Tremor,1243743,32.0,ability_priest_surgeofdarkness.jpg,134,False,258678.0,188117.0,883080.0,0.0
3gymwM9c2Av4Xk6r,8,Crown of the Cosmos,3181,WIPE,153.084,Grapefroot,P-9a88c0c48c4cf21f,16,3258568.0,144.072,94.11,0.0,0.0,356490.0,0.0,Interrupting Tremor,1243743,32.0,ability_priest_surgeofdarkness.jpg,134,False,346534.0,180056.0,883080.0,0.0
3gymwM9c2Av4Xk6r,8,Crown of the Cosmos,3181,WIPE,153.084,Asharia,P-baca25d85259e955,17,3258569.0,144.073,94.11,0.0,0.0,346645.0,0.0,Interrupting Tremor,1243743,32.0,ability_priest_surgeofdarkness.jpg,134,False,302621.0,220632.0,883080.0,13182.0
3gymwM9c2Av4Xk6r,8,Crown of the Cosmos,3181,WIPE,153.084,Aurëus,P-f95b1f39aecd9371,9,3258569.0,144.073,94.11,0.0,0.0,955660.0,0.0,Interrupting Tremor,1243743,32.0,ability_priest_surgeofdarkness.jpg,134,False,311306.0,0.0,838926.0,12797.0
3gymwM9c2Av4Xk6r,8,Crown of the Cosmos,3181,WIPE,153.084,Decayed,P-584cf7139227dcac,1,3258570.0,144.074,94.11,0.0,0.0,34684.0,0.0,Interrupting Tremor,1243743,32.0,ability_priest_surgeofdarkness.jpg,134,False,482780.0,151392.0,883080.0,214224.0
3gymwM9c2Av4Xk6r,8,Crown of the Cosmos,3181,WIPE,153.084,Cryonox,P-31619035e7d32aa2,14,3258571.0,144.075,94.11,0.0,0.0,101216.0,0.0,Interrupting Tremor,1243743,32.0,ability_priest_surgeofdarkness.jpg,134,False,443860.0,126961.0,851289.0,179252.0
3gymwM9c2Av4Xk6r,8,Crown of the Cosmos,3181,WIPE,153.084,Mannarchy,P-074ea59fb89e97f7,5,3258571.0,144.075,94.11,0.0,0.0,128518.0,5121.0,Interrupting Tremor,1243743,32.0,ability_priest_surgeofdarkness.jpg,134,False,460865.0,293697.0,883080.0,0.0
3gymwM9c2Av4Xk6r,8,Crown of the Cosmos,3181,WIPE,153.084,Maztajake,P-dc96b65209ad25d3,4,3258572.0,144.076,94.12,0.0,0.0,169753.0,0.0,Interrupting Tremor,1243743,32.0,ability_priest_surgeofdarkness.jpg,134,False,322116.0,381225.0,883080.0,9986.0
3gymwM9c2Av4Xk6r,8,Crown of the Cosmos,3181,WIPE,153.084,Zeleria,P-abdfad2d93a43a81,7,3258572.0,144.076,94.12,0.0,0.0,376496.0,0.0,Interrupting Tremor,1243743,32.0,ability_priest_surgeofdarkness.jpg,134,False,327414.0,179170.0,883080.0,0.0
3gymwM9c2Av4Xk6r,8,Crown of the Cosmos,3181,WIPE,153.084,Panes,P-ace038bf56a82f7f,6,3261657.0,147.161,96.13,0.0,0.0,1374202.0,0.0,Melee,1,1.0,inv_axe_02.jpg,134,False,301182.0,2551187.0,4328190.0,101619.0
3gymwM9c2Av4Xk6r,8,Crown of the Cosmos,3181,WIPE,153.084,Chontosh,P-81cad9c290ac9716,126,3265963.0,151.467,98.94,0.0,0.0,124.0,14833.0,Melee,1,1.0,inv_axe_02.jpg,132,False,7661.0,9074.0,16859.0,0.0
3gymwM9c2Av4Xk6r,8,Crown of the Cosmos,3181,WIPE,153.084,Primeval,P-d2cfbf0e9385c81d,8,3267052.0,152.556,99.66,0.0,0.0,0.0,34815.0,,,,,,,,,,
3gymwM9c2Av4Xk6r,9,Crown of the Cosmos,3181,WIPE,215.437,Spàdes,P-4b77dd2f26623c73,10,3442511.0,52.579,24.41,0.0,0.0,68884.0,16354.0,Void Remnants,1242553,32.0,inv_icon_shadowcouncilorb_purple.jpg,129,False,13587.0,20555.0,103026.0,0.0
3gymwM9c2Av4Xk6r,9,Crown of the Cosmos,3181,WIPE,215.437,Aurëus,P-f95b1f39aecd9371,9,3524545.0,134.613,62.48,0.0,0.0,52733.0,4409.0,Bursting Emptiness,1255378,32.0,inv_artifact_powerofthedarkside.jpg,129,False,128212.0,39825.0,220770.0,0.0
3gymwM9c2Av4Xk6r,9,Crown of the Cosmos,3181,WIPE,215.437,Decayed,P-584cf7139227dcac,1,3524784.0,134.852,62.59,0.0,0.0,0.0,8038.0,Melee,1,1.0,inv_axe_02.jpg,132,False,0.0,6085.0,15782.0,9697.0
3gymwM9c2Av4Xk6r,9,Crown of the Cosmos,3181,WIPE,215.437,Decayed,P-584cf7139227dcac,1,3538099.0,148.167,68.78,0.0,0.0,0.0,0.0,,,,,,,,,,
3gymwM9c2Av4Xk6r,9,Crown of the Cosmos,3181,WIPE,215.437,Asharia,P-baca25d85259e955,17,3559463.0,169.531,78.69,0.0,0.0,135633.0,0.0,Silverstrike Barrage,1243981,64.0,ability_shootwand.jpg,129,False,321906.0,0.0,66231.0,0.0
3gymwM9c2Av4Xk6r,9,Crown of the Cosmos,3181,WIPE,215.437,Primeval,P-d2cfbf0e9385c81d,8,3562366.0,172.434,80.04,0.0,0.0,336664.0,0.0,Silverstrike Barrage,1243981,64.0,ability_shootwand.jpg,129,False,216491.0,0.0,66231.0,0.0
3gymwM9c2Av4Xk6r,9,Crown of the Cosmos,3181,WIPE,215.437,Zeleria,P-abdfad2d93a43a81,7,3577380.0,187.448,87.01,0.0,0.0,7632.0,22728.0,Melee,1,1.0,inv_axe_02.jpg,129,False,352559.0,350016.0,710207.0,0.0
3gymwM9c2Av4Xk6r,9,Crown of the Cosmos,3181,WIPE,215.437,Viserion,P-daa9879d41bb66dd,11,3579154.0,189.222,87.83,0.0,0.0,34497.0,0.0,Melee,1,1.0,inv_axe_02.jpg,129,False,402700.0,277597.0,720290.0,5496.0
3gymwM9c2Av4Xk6r,9,Crown of the Cosmos,3181,WIPE,215.437,Meowrawrxo,P-cae9f2bae0773bc9,15,3582243.0,192.311,89.27,0.0,0.0,8013.0,17.0,Rift Slash,1246461,1.0,spell_priest_mindspike.jpg,143,False,202952.0,230575.0,441540.0,0.0
3gymwM9c2Av4Xk6r,9,Crown of the Cosmos,3181,WIPE,215.437,Sinfxl,P-59860c89738c2525,3,3598339.0,208.407,96.74,0.0,0.0,24710.0,5557.0,Void Expulsion,1233826,32.0,inv_nullstone_void.jpg,129,False,48961.0,20906.0,94577.0,0.0
3gymwM9c2Av4Xk6r,9,Crown of the Cosmos,3181,WIPE,215.437,Averlis,P-77b140a1e9d7fba2,21,3598359.0,208.427,96.75,0.0,0.0,5389.0,5782.0,Void Expulsion,1233826,32.0,inv_nullstone_void.jpg,129,False,65390.0,23798.0,94577.0,0.0
3gymwM9c2Av4Xk6r,9,Crown of the Cosmos,3181,WIPE,215.437,Siare,P-386d8566043e1cef,20,3598606.0,208.674,96.86,0.0,0.0,3879.0,11017.0,Voidstalker Sting,1237040,32.0,ability_ironmaidens_convulsiveshadows.jpg,129,False,63553.0,7496.0,82420.0,7492.0
3gymwM9c2Av4Xk6r,9,Crown of the Cosmos,3181,WIPE,215.437,Chontosh,P-81cad9c290ac9716,126,3598901.0,208.969,97.0,0.0,0.0,4339.0,8249.0,Voidstalker Sting,1237040,32.0,ability_ironmaidens_convulsiveshadows.jpg,129,False,30541.0,6330.0,41210.0,0.0
3gymwM9c2Av4Xk6r,9,Crown of the Cosmos,3181,WIPE,215.437,Greyseer,P-146fcdef511d70d4,18,3599332.0,209.4,97.2,0.0,0.0,10846.0,12012.0,Cosmic Barrier,1246925,32.0,inv_cosmicvoid_buff.jpg,143,False,4435.0,2381.0,17662.0,0.0
3gymwM9c2Av4Xk6r,9,Crown of the Cosmos,3181,WIPE,215.437,Lìllith,P-093da9358d901c39,12,3600202.0,210.27,97.6,0.0,0.0,14585.0,7631.0,Void Barrage,1260000,32.0,inv_cosmicvoid_missile.jpg,145,False,39671.0,56068.0,117744.0,7420.0
3gymwM9c2Av4Xk6r,9,Crown of the Cosmos,3181,WIPE,215.437,Maztajake,P-dc96b65209ad25d3,4,3602721.0,212.789,98.77,0.0,0.0,31495.0,10000.0,Voidstalker Sting,1237040,32.0,ability_ironmaidens_convulsiveshadows.jpg,129,False,12477.0,38448.0,82420.0,0.0
3gymwM9c2Av4Xk6r,9,Crown of the Cosmos,3181,WIPE,215.437,Panes,P-ace038bf56a82f7f,6,3603303.0,213.371,99.04,0.0,0.0,1594.0,13706.0,Cosmic Barrier,1246925,32.0,inv_cosmicvoid_buff.jpg,143,False,7407.0,7777.0,16778.0,0.0
3gymwM9c2Av4Xk6r,9,Crown of the Cosmos,3181,WIPE,215.437,Grapefroot,P-9a88c0c48c4cf21f,16,3603408.0,213.476,99.09,0.0,0.0,0.0,15701.0,,,,,,,,,,
3gymwM9c2Av4Xk6r,9,Crown of the Cosmos,3181,WIPE,215.437,Primeval,P-d2cfbf0e9385c81d,8,3603611.0,213.679,99.18,0.0,0.0,54721.0,6000.0,Voidstalker Sting,1237040,32.0,ability_ironmaidens_convulsiveshadows.jpg,129,False,14784.0,12915.0,82420.0,0.0
3gymwM9c2Av4Xk6r,9,Crown of the Cosmos,3181,WIPE,215.437,Mannarchy,P-074ea59fb89e97f7,5,3604013.0,214.081,99.37,0.0,0.0,69960.0,1634.0,Melee,1,1.0,inv_axe_02.jpg,129,False,219856.0,1115317.0,1405133.0,0.0
3gymwM9c2Av4Xk6r,9,Crown of the Cosmos,3181,WIPE,215.437,Danzilla,P-8ee1779dcaa9232f,19,3604133.0,214.201,99.43,0.0,0.0,29028.0,6511.0,Void Barrage,1260000,32.0,inv_cosmicvoid_missile.jpg,145,False,31791.0,15714.0,76533.0,0.0
3gymwM9c2Av4Xk6r,9,Crown of the Cosmos,3181,WIPE,215.437,Cryonox,P-31619035e7d32aa2,14,3604612.0,214.68,99.65,0.0,0.0,32383.0,11052.0,Voidstalker Sting,1237040,32.0,ability_ironmaidens_convulsiveshadows.jpg,129,False,11440.0,8485.0,79452.0,27144.0
3gymwM9c2Av4Xk6r,10,Crown of the Cosmos,3181,WIPE,253.844,Maztajake,P-dc96b65209ad25d3,4,3793328.0,75.091,29.58,0.0,0.0,162399.0,7038.0,Bursting Emptiness,1255378,32.0,inv_artifact_powerofthedarkside.jpg,129,False,15043.0,41536.0,220770.0,1792.0
3gymwM9c2Av4Xk6r,10,Crown of the Cosmos,3181,WIPE,253.844,Spàdes,P-4b77dd2f26623c73,10,3838704.0,120.467,47.46,0.0,0.0,206773.0,1538.0,Interrupting Tremor,1243743,32.0,ability_priest_surgeofdarkness.jpg,134,False,77361.0,0.0,147180.0,0.0
3gymwM9c2Av4Xk6r,10,Crown of the Cosmos,3181,WIPE,253.844,Lìllith,P-093da9358d901c39,12,3880954.0,162.717,64.1,0.0,0.0,81106.0,0.0,Silverstrike Barrage,1243981,64.0,ability_shootwand.jpg,129,False,444018.0,0.0,66231.0,64953.0
3gymwM9c2Av4Xk6r,10,Crown of the Cosmos,3181,WIPE,253.844,Mannarchy,P-074ea59fb89e97f7,5,3938782.0,220.545,86.88,0.0,0.0,4606.0,17644.0,Rift Slash,1246461,1.0,spell_priest_mindspike.jpg,143,False,61723.0,374542.0,441540.0,669.0
3gymwM9c2Av4Xk6r,10,Crown of the Cosmos,3181,WIPE,253.844,Sinfxl,P-59860c89738c2525,3,3941195.0,222.958,87.83,0.0,0.0,117434.0,0.0,Melee,1,1.0,inv_axe_02.jpg,143,False,353175.0,181579.0,656941.0,4753.0
3gymwM9c2Av4Xk6r,10,Crown of the Cosmos,3181,WIPE,253.844,Aurëus,P-f95b1f39aecd9371,9,3945843.0,227.606,89.66,0.0,0.0,2823.0,2326.0,Voidstalker Sting,1237040,32.0,ability_ironmaidens_convulsiveshadows.jpg,129,False,20787.0,3556.0,27404.0,238.0
3gymwM9c2Av4Xk6r,10,Crown of the Cosmos,3181,WIPE,253.844,Panes,P-ace038bf56a82f7f,6,3949928.0,231.691,91.27,0.0,0.0,123019.0,4411.0,Melee,1,1.0,inv_axe_02.jpg,143,False,229475.0,273052.0,632702.0,7156.0
3gymwM9c2Av4Xk6r,10,Crown of the Cosmos,3181,WIPE,253.844,Greyseer,P-146fcdef511d70d4,18,3958163.0,239.926,94.52,0.0,0.0,0.0,39908.0,,,,,,,,,,
3gymwM9c2Av4Xk6r,10,Crown of the Cosmos,3181,WIPE,253.844,Asharia,P-baca25d85259e955,17,3961088.0,242.851,95.67,0.0,0.0,0.0,3998.0,,,,,,,,,,
3gymwM9c2Av4Xk6r,10,Crown of the Cosmos,3181,WIPE,253.844,Mannarchy,P-074ea59fb89e97f7,5,3961089.0,242.852,95.67,0.0,0.0,0.0,14666.0,,,,,,,,,,
3gymwM9c2Av4Xk6r,10,Crown of the Cosmos,3181,WIPE,253.844,Siare,P-386d8566043e1cef,20,3961522.0,243.285,95.84,0.0,0.0,45747.0,28333.0,Void Barrage,1260000,32.0,inv_cosmicvoid_missile.jpg,145,False,2268.0,5523.0,58872.0,5334.0
3gymwM9c2Av4Xk6r,10,Crown of the Cosmos,3181,WIPE,253.844,Averlis,P-77b140a1e9d7fba2,21,3962373.0,244.136,96.18,0.0,0.0,24065.0,8165.0,Void Barrage,1260000,32.0,inv_cosmicvoid_missile.jpg,145,False,24318.0,10489.0,58872.0,0.0
3gymwM9c2Av4Xk6r,10,Crown of the Cosmos,3181,WIPE,253.844,Primeval,P-d2cfbf0e9385c81d,8,3962998.0,244.761,96.42,0.0,0.0,0.0,5555.0,,,,,,,,,,
3gymwM9c2Av4Xk6r,10,Crown of the Cosmos,3181,WIPE,253.844,Cryonox,P-31619035e7d32aa2,14,3963183.0,244.946,96.49,0.0,0.0,84641.0,6875.0,Rift Slash,1246461,1.0,spell_priest_mindspike.jpg,143,False,61869.0,134909.0,374567.0,93148.0
3gymwM9c2Av4Xk6r,10,Crown of the Cosmos,3181,WIPE,253.844,Zeleria,P-abdfad2d93a43a81,7,3964027.0,245.79,96.83,0.0,0.0,4303.0,7993.0,Voidstalker Sting,1237040,32.0,ability_ironmaidens_convulsiveshadows.jpg,129,False,12620.0,6543.0,41210.0,17744.0
3gymwM9c2Av4Xk6r,10,Crown of the Cosmos,3181,WIPE,253.844,Chontosh,P-81cad9c290ac9716,126,3964663.0,246.426,97.08,0.0,0.0,4015.0,24135.0,Void Barrage,1260000,32.0,inv_cosmicvoid_missile.jpg,145,False,43298.0,11559.0,58872.0,0.0
3gymwM9c2Av4Xk6r,10,Crown of the Cosmos,3181,WIPE,253.844,Meowrawrxo,P-cae9f2bae0773bc9,15,3967367.0,249.13,98.14,0.0,0.0,554009.0,0.0,Melee,1,1.0,inv_axe_02.jpg,143,False,386859.0,0.0,650054.0,9503.0
3gymwM9c2Av4Xk6r,10,Crown of the Cosmos,3181,WIPE,253.844,Danzilla,P-8ee1779dcaa9232f,19,3967586.0,249.349,98.23,0.0,0.0,30838.0,21798.0,Void Expulsion,1233826,32.0,inv_nullstone_void.jpg,129,False,5810.0,9897.0,47288.0,743.0
3gymwM9c2Av4Xk6r,10,Crown of the Cosmos,3181,WIPE,253.844,Grapefroot,P-9a88c0c48c4cf21f,16,3967878.0,249.641,98.34,0.0,0.0,14662.0,6298.0,Voidstalker Sting,1237040,32.0,ability_ironmaidens_convulsiveshadows.jpg,129,False,19989.0,6209.0,41210.0,350.0
3gymwM9c2Av4Xk6r,10,Crown of the Cosmos,3181,WIPE,253.844,Viserion,P-daa9879d41bb66dd,11,3970484.0,252.247,99.37,0.0,0.0,0.0,6988.0,,,,,,,,,,
3gymwM9c2Av4Xk6r,10,Crown of the Cosmos,3181,WIPE,253.844,Decayed,P-584cf7139227dcac,1,3971805.0,253.568,99.89,0.0,0.0,18035.0,12995.0,Voidstalker Sting,1237040,32.0,ability_ironmaidens_convulsiveshadows.jpg,129,False,8118.0,10124.0,50358.0,14081.0
3gymwM9c2Av4Xk6r,11,Crown of the Cosmos,3181,WIPE,193.938,Meowrawrxo,P-cae9f2bae0773bc9,15,4300752.0,51.13,26.36,0.0,0.0,85935.0,2258.0,Silverstrike Arrow,1233649,64.0,inv_ammo_arrow_03.jpg,129,False,88136.0,26094.0,200165.0,0.0
3gymwM9c2Av4Xk6r,11,Crown of the Cosmos,3181,WIPE,193.938,Panes,P-ace038bf56a82f7f,6,4324719.0,75.097,38.72,0.0,0.0,84332.0,6228.0,Bursting Emptiness,1255378,32.0,inv_artifact_powerofthedarkside.jpg,129,False,255953.0,0.0,220770.0,6908.0
3gymwM9c2Av4Xk6r,11,Crown of the Cosmos,3181,WIPE,193.938,Decayed,P-584cf7139227dcac,1,4383442.0,133.82,69.0,0.0,0.0,0.0,4675.0,Melee,1,1.0,inv_axe_02.jpg,134,False,0.0,2272081.0,4223158.0,1951077.0
3gymwM9c2Av4Xk6r,11,Crown of the Cosmos,3181,WIPE,193.938,Spàdes,P-4b77dd2f26623c73,10,4384233.0,134.611,69.41,0.0,0.0,87545.0,7067.0,Bursting Emptiness,1255378,32.0,inv_artifact_powerofthedarkside.jpg,129,False,188037.0,0.0,220770.0,0.0
3gymwM9c2Av4Xk6r,11,Crown of the Cosmos,3181,WIPE,193.938,Mannarchy,P-074ea59fb89e97f7,5,4384812.0,135.19,69.71,0.0,0.0,413113.0,0.0,Melee,1,1.0,inv_axe_02.jpg,134,False,536545.0,3460934.0,4435500.0,24908.0
3gymwM9c2Av4Xk6r,11,Crown of the Cosmos,3181,WIPE,193.938,Chontosh,P-81cad9c290ac9716,126,4387303.0,137.681,70.99,0.0,0.0,149102.0,6811.0,Void Remnants,1242553,32.0,inv_icon_shadowcouncilorb_purple.jpg,129,False,18290.0,0.0,103026.0,0.0
3gymwM9c2Av4Xk6r,11,Crown of the Cosmos,3181,WIPE,193.938,Zeleria,P-abdfad2d93a43a81,7,4404442.0,154.82,79.83,0.0,0.0,0.0,6399.0,,,,,,,,,,
3gymwM9c2Av4Xk6r,11,Crown of the Cosmos,3181,WIPE,193.938,Cryonox,P-31619035e7d32aa2,14,4409900.0,160.278,82.64,0.0,0.0,0.0,8438.0,,,,,,,,,,
3gymwM9c2Av4Xk6r,11,Crown of the Cosmos,3181,WIPE,193.938,Averlis,P-77b140a1e9d7fba2,21,4415571.0,165.949,85.57,0.0,0.0,0.0,0.0,,,,,,,,,,
3gymwM9c2Av4Xk6r,11,Crown of the Cosmos,3181,WIPE,193.938,Grapefroot,P-9a88c0c48c4cf21f,16,4418143.0,168.521,86.89,0.0,0.0,0.0,0.0,,,,,,,,,,
3gymwM9c2Av4Xk6r,11,Crown of the Cosmos,3181,WIPE,193.938,Greyseer,P-146fcdef511d70d4,18,4418221.0,168.599,86.93,0.0,0.0,0.0,42849.0,,,,,,,,,,
3gymwM9c2Av4Xk6r,11,Crown of the Cosmos,3181,WIPE,193.938,Maztajake,P-dc96b65209ad25d3,4,4421100.0,171.478,88.42,0.0,0.0,0.0,0.0,,,,,,,,,,
3gymwM9c2Av4Xk6r,11,Crown of the Cosmos,3181,WIPE,193.938,Siare,P-386d8566043e1cef,20,4422362.0,172.74,89.07,0.0,0.0,0.0,504.0,,,,,,,,,,
3gymwM9c2Av4Xk6r,11,Crown of the Cosmos,3181,WIPE,193.938,Asharia,P-baca25d85259e955,17,4424085.0,174.463,89.96,0.0,0.0,23027.0,3032.0,Silverstrike Barrage,1243981,64.0,ability_shootwand.jpg,129,False,290879.0,0.0,66231.0,6372.0
3gymwM9c2Av4Xk6r,11,Crown of the Cosmos,3181,WIPE,193.938,Lìllith,P-093da9358d901c39,12,4424085.0,174.463,89.96,0.0,0.0,25142.0,0.0,Silverstrike Barrage,1243981,64.0,ability_shootwand.jpg,129,False,332526.0,0.0,66231.0,49031.0
3gymwM9c2Av4Xk6r,11,Crown of the Cosmos,3181,WIPE,193.938,Sinfxl,P-59860c89738c2525,3,4424447.0,174.825,90.14,0.0,0.0,281767.0,8995.0,Silverstrike Barrage,1243981,64.0,ability_shootwand.jpg,129,False,73237.0,0.0,66231.0,166219.0
3gymwM9c2Av4Xk6r,11,Crown of the Cosmos,3181,WIPE,193.938,Primeval,P-d2cfbf0e9385c81d,8,4436402.0,186.78,96.31,0.0,0.0,0.0,17988.0,,,,,,,,,,
3gymwM9c2Av4Xk6r,11,Crown of the Cosmos,3181,WIPE,193.938,Viserion,P-daa9879d41bb66dd,11,4436402.0,186.78,96.31,0.0,0.0,0.0,12006.0,,,,,,,,,,
3gymwM9c2Av4Xk6r,11,Crown of the Cosmos,3181,WIPE,193.938,Aurëus,P-f95b1f39aecd9371,9,4439227.0,189.605,97.77,0.0,0.0,166466.0,17776.0,Melee,1,1.0,inv_axe_02.jpg,143,False,203983.0,275126.0,645575.0,0.0
3gymwM9c2Av4Xk6r,11,Crown of the Cosmos,3181,WIPE,193.938,Danzilla,P-8ee1779dcaa9232f,19,4443450.0,193.828,99.94,0.0,0.0,0.0,21255.0,,,,,,,,,,
3gymwM9c2Av4Xk6r,12,Crown of the Cosmos,3181,WIPE,145.015,Meowrawrxo,P-cae9f2bae0773bc9,15,4601346.0,57.141,39.4,0.0,0.0,11302.0,9106.0,Echoing Darkness,1281707,32.0,spell_priest_burningwill_shadow.jpg,127,False,621.0,2795.0,14718.0,0.0
3gymwM9c2Av4Xk6r,12,Crown of the Cosmos,3181,WIPE,145.015,Decayed,P-584cf7139227dcac,1,4610423.0,66.218,45.66,0.0,0.0,5189.0,23889.0,Void Remnants,1242553,32.0,inv_icon_shadowcouncilorb_purple.jpg,129,False,50810.0,16875.0,103026.0,30152.0
3gymwM9c2Av4Xk6r,12,Crown of the Cosmos,3181,WIPE,145.015,Chontosh,P-81cad9c290ac9716,126,4626262.0,82.057,56.59,0.0,0.0,60328.0,5133.0,Interrupting Tremor,1243743,32.0,ability_priest_surgeofdarkness.jpg,134,False,144853.0,33148.0,242847.0,4518.0
3gymwM9c2Av4Xk6r,12,Crown of the Cosmos,3181,WIPE,145.015,Decayed,P-584cf7139227dcac,1,4674330.0,130.125,89.73,0.0,0.0,605688.0,0.0,Melee,1,1.0,inv_axe_02.jpg,134,False,639187.0,2651743.0,4476787.0,580169.0
3gymwM9c2Av4Xk6r,12,Crown of the Cosmos,3181,WIPE,145.015,Spàdes,P-4b77dd2f26623c73,10,4675083.0,130.878,90.25,0.0,0.0,60326.0,14770.0,Void Remnants,1242553,32.0,inv_icon_shadowcouncilorb_purple.jpg,129,False,147892.0,0.0,103026.0,4227.0
3gymwM9c2Av4Xk6r,12,Crown of the Cosmos,3181,WIPE,145.015,Mannarchy,P-074ea59fb89e97f7,5,4676006.0,131.801,90.89,0.0,0.0,342049.0,0.0,Melee,1,1.0,inv_axe_02.jpg,134,False,604160.0,3460429.0,4508373.0,101735.0
3gymwM9c2Av4Xk6r,12,Crown of the Cosmos,3181,WIPE,145.015,Panes,P-ace038bf56a82f7f,6,4677131.0,132.926,91.66,0.0,0.0,3721.0,10024.0,Echoing Darkness,1281707,32.0,spell_priest_burningwill_shadow.jpg,134,False,85416.0,0.0,83892.0,0.0
3gymwM9c2Av4Xk6r,12,Crown of the Cosmos,3181,WIPE,145.015,Aurëus,P-f95b1f39aecd9371,9,4681207.0,137.002,94.47,0.0,0.0,33417.0,14781.0,Void Remnants,1242553,32.0,inv_icon_shadowcouncilorb_purple.jpg,129,False,53343.0,16266.0,103026.0,0.0
3gymwM9c2Av4Xk6r,12,Crown of the Cosmos,3181,WIPE,145.015,Viserion,P-daa9879d41bb66dd,11,4683113.0,138.908,95.79,0.0,0.0,78545.0,16004.0,Echoing Darkness,1281707,32.0,spell_priest_burningwill_shadow.jpg,134,False,2393.0,15383.0,97138.0,817.0
3gymwM9c2Av4Xk6r,12,Crown of the Cosmos,3181,WIPE,145.015,Sinfxl,P-59860c89738c2525,3,4683466.0,139.261,96.03,0.0,0.0,0.0,23971.0,,,,,,,,,,
3gymwM9c2Av4Xk6r,12,Crown of the Cosmos,3181,WIPE,145.015,Zeleria,P-abdfad2d93a43a81,7,4683869.0,139.664,96.31,0.0,0.0,0.0,11312.0,,,,,,,,,,
3gymwM9c2Av4Xk6r,12,Crown of the Cosmos,3181,WIPE,145.015,Averlis,P-77b140a1e9d7fba2,21,4685107.0,140.902,97.16,0.0,0.0,12313.0,26022.0,Echoing Darkness,1281707,32.0,spell_priest_burningwill_shadow.jpg,134,False,67519.0,17306.0,97138.0,0.0
3gymwM9c2Av4Xk6r,12,Crown of the Cosmos,3181,WIPE,145.015,Greyseer,P-146fcdef511d70d4,18,4685411.0,141.206,97.37,0.0,0.0,0.0,9976.0,,,,,,,,,,
3gymwM9c2Av4Xk6r,12,Crown of the Cosmos,3181,WIPE,145.015,Siare,P-386d8566043e1cef,20,4685847.0,141.642,97.67,0.0,0.0,0.0,18505.0,,,,,,,,,,
3gymwM9c2Av4Xk6r,12,Crown of the Cosmos,3181,WIPE,145.015,Cryonox,P-31619035e7d32aa2,14,4685848.0,141.643,97.67,0.0,0.0,0.0,15988.0,,,,,,,,,,
3gymwM9c2Av4Xk6r,12,Crown of the Cosmos,3181,WIPE,145.015,Maztajake,P-dc96b65209ad25d3,4,4686124.0,141.919,97.87,0.0,0.0,0.0,6006.0,,,,,,,,,,
3gymwM9c2Av4Xk6r,12,Crown of the Cosmos,3181,WIPE,145.015,Grapefroot,P-9a88c0c48c4cf21f,16,4687116.0,142.911,98.55,0.0,0.0,47100.0,10015.0,Echoing Darkness,1281707,32.0,spell_priest_burningwill_shadow.jpg,134,False,29460.0,19805.0,97138.0,773.0
3gymwM9c2Av4Xk6r,12,Crown of the Cosmos,3181,WIPE,145.015,Danzilla,P-8ee1779dcaa9232f,19,4687117.0,142.912,98.55,0.0,0.0,32571.0,26801.0,Echoing Darkness,1281707,32.0,spell_priest_burningwill_shadow.jpg,134,False,40939.0,22886.0,97138.0,742.0
3gymwM9c2Av4Xk6r,12,Crown of the Cosmos,3181,WIPE,145.015,Lìllith,P-093da9358d901c39,12,4688978.0,144.773,99.83,0.0,0.0,745584.0,0.0,Interrupting Tremor,1243743,32.0,ability_priest_surgeofdarkness.jpg,134,False,19223.0,114596.0,971388.0,91985.0
3gymwM9c2Av4Xk6r,12,Crown of the Cosmos,3181,WIPE,145.015,Asharia,P-baca25d85259e955,17,4688979.0,144.774,99.83,0.0,0.0,723941.0,0.0,Interrupting Tremor,1243743,32.0,ability_priest_surgeofdarkness.jpg,134,False,12495.0,227514.0,971388.0,7438.0
3gymwM9c2Av4Xk6r,12,Crown of the Cosmos,3181,WIPE,145.015,Primeval,P-d2cfbf0e9385c81d,8,4688980.0,144.775,99.83,0.0,0.0,525952.0,0.0,Interrupting Tremor,1243743,32.0,ability_priest_surgeofdarkness.jpg,134,False,277229.0,160095.0,971388.0,8112.0
3gymwM9c2Av4Xk6r,13,Crown of the Cosmos,3181,WIPE,111.826,Spàdes,P-4b77dd2f26623c73,10,5385959.0,31.744,28.39,0.0,0.0,18688.0,8991.0,Interrupting Tremor,1243743,32.0,ability_priest_surgeofdarkness.jpg,134,False,130857.0,34430.0,183975.0,0.0
3gymwM9c2Av4Xk6r,13,Crown of the Cosmos,3181,WIPE,111.826,Chontosh,P-81cad9c290ac9716,126,5385961.0,31.746,28.39,0.0,0.0,9579.0,2950.0,Interrupting Tremor,1243743,32.0,ability_priest_surgeofdarkness.jpg,134,False,142567.0,30293.0,183975.0,1536.0
3gymwM9c2Av4Xk6r,13,Crown of the Cosmos,3181,WIPE,111.826,Asharia,P-baca25d85259e955,17,5406973.0,52.758,47.18,0.0,0.0,6926.0,4008.0,Echoing Darkness,1281707,32.0,spell_priest_burningwill_shadow.jpg,128,False,3975.0,4552.0,15453.0,0.0
3gymwM9c2Av4Xk6r,13,Crown of the Cosmos,3181,WIPE,111.826,Siare,P-386d8566043e1cef,20,5436620.0,82.405,73.69,0.0,0.0,0.0,10016.0,,,,,,,,,,
3gymwM9c2Av4Xk6r,13,Crown of the Cosmos,3181,WIPE,111.826,Sinfxl,P-59860c89738c2525,3,5442872.0,88.657,79.28,0.0,0.0,0.0,16665.0,,,,,,,,,,
3gymwM9c2Av4Xk6r,13,Crown of the Cosmos,3181,WIPE,111.826,Grapefroot,P-9a88c0c48c4cf21f,16,5442979.0,88.764,79.38,0.0,0.0,0.0,10006.0,,,,,,,,,,
3gymwM9c2Av4Xk6r,13,Crown of the Cosmos,3181,WIPE,111.826,Panes,P-ace038bf56a82f7f,6,5443753.0,89.538,80.07,0.0,0.0,0.0,20056.0,,,,,,,,,,
3gymwM9c2Av4Xk6r,13,Crown of the Cosmos,3181,WIPE,111.826,Maztajake,P-dc96b65209ad25d3,4,5444113.0,89.898,80.39,0.0,0.0,0.0,4044.0,,,,,,,,,,
3gymwM9c2Av4Xk6r,13,Crown of the Cosmos,3181,WIPE,111.826,Cryonox,P-31619035e7d32aa2,14,5444606.0,90.391,80.83,0.0,0.0,0.0,14059.0,,,,,,,,,,
3gymwM9c2Av4Xk6r,13,Crown of the Cosmos,3181,WIPE,111.826,Primeval,P-d2cfbf0e9385c81d,8,5445489.0,91.274,81.62,0.0,0.0,0.0,5987.0,,,,,,,,,,
3gymwM9c2Av4Xk6r,13,Crown of the Cosmos,3181,WIPE,111.826,Mannarchy,P-074ea59fb89e97f7,5,5445639.0,91.424,81.76,0.0,0.0,0.0,1.0,,,,,,,,,,
3gymwM9c2Av4Xk6r,13,Crown of the Cosmos,3181,WIPE,111.826,Zeleria,P-abdfad2d93a43a81,7,5446296.0,92.081,82.34,0.0,0.0,0.0,8014.0,,,,,,,,,,
3gymwM9c2Av4Xk6r,13,Crown of the Cosmos,3181,WIPE,111.826,Danzilla,P-8ee1779dcaa9232f,19,5446528.0,92.313,82.55,0.0,0.0,0.0,20015.0,,,,,,,,,,
3gymwM9c2Av4Xk6r,13,Crown of the Cosmos,3181,WIPE,111.826,Lìllith,P-093da9358d901c39,12,5447480.0,93.265,83.4,0.0,0.0,0.0,23986.0,,,,,,,,,,
3gymwM9c2Av4Xk6r,13,Crown of the Cosmos,3181,WIPE,111.826,Viserion,P-daa9879d41bb66dd,11,5447791.0,93.576,83.68,0.0,0.0,0.0,3957.0,,,,,,,,,,
3gymwM9c2Av4Xk6r,13,Crown of the Cosmos,3181,WIPE,111.826,Decayed,P-584cf7139227dcac,1,5449119.0,94.904,84.87,0.0,0.0,0.0,5961.0,,,,,,,,,,
3gymwM9c2Av4Xk6r,13,Crown of the Cosmos,3181,WIPE,111.826,Meowrawrxo,P-cae9f2bae0773bc9,15,5449233.0,95.018,84.97,0.0,0.0,0.0,12006.0,,,,,,,,,,
3gymwM9c2Av4Xk6r,13,Crown of the Cosmos,3181,WIPE,111.826,Mypriiest,P-78c2f253b8a33ced,158,5449574.0,95.359,85.27,0.0,0.0,0.0,19995.0,,,,,,,,,,
3gymwM9c2Av4Xk6r,13,Crown of the Cosmos,3181,WIPE,111.826,Aurëus,P-f95b1f39aecd9371,9,5450927.0,96.712,86.48,0.0,0.0,0.0,12513.0,,,,,,,,,,
3gymwM9c2Av4Xk6r,13,Crown of the Cosmos,3181,WIPE,111.826,Chontosh,P-81cad9c290ac9716,126,5450928.0,96.713,86.49,0.0,0.0,0.0,8709.0,,,,,,,,,,
3gymwM9c2Av4Xk6r,13,Crown of the Cosmos,3181,WIPE,111.826,Averlis,P-77b140a1e9d7fba2,21,5454951.0,100.736,90.08,0.0,0.0,13256.0,16121.0,Echoing Darkness,1281707,32.0,spell_priest_burningwill_shadow.jpg,128,False,49.0,2884.0,16189.0,0.0
3gymwM9c2Av4Xk6r,13,Crown of the Cosmos,3181,WIPE,111.826,Greyseer,P-146fcdef511d70d4,18,5465327.0,111.112,99.36,0.0,0.0,27521.0,17161.0,Void Remnants,1242553,32.0,inv_icon_shadowcouncilorb_purple.jpg,129,False,70433.0,5072.0,103026.0,0.0
3gymwM9c2Av4Xk6r,14,Crown of the Cosmos,3181,WIPE,247.038,Viserion,P-daa9879d41bb66dd,11,5751699.0,97.657,39.53,0.0,0.0,54028.0,765.0,Interrupting Tremor,1243743,32.0,ability_priest_surgeofdarkness.jpg,134,False,104596.0,31108.0,191334.0,1602.0
3gymwM9c2Av4Xk6r,14,Crown of the Cosmos,3181,WIPE,247.038,Chontosh,P-81cad9c290ac9716,126,5751700.0,97.658,39.53,0.0,0.0,9929.0,543.0,Interrupting Tremor,1243743,32.0,ability_priest_surgeofdarkness.jpg,134,False,87157.0,70806.0,191334.0,23442.0
3gymwM9c2Av4Xk6r,14,Crown of the Cosmos,3181,WIPE,247.038,Aurëus,P-f95b1f39aecd9371,9,5753637.0,99.595,40.32,0.0,0.0,29143.0,2487.0,Grasp of Emptiness,1232470,32.0,inv_shadowelementalmount.jpg,129,False,10332.0,8358.0,47833.0,0.0
3gymwM9c2Av4Xk6r,14,Crown of the Cosmos,3181,WIPE,247.038,Danzilla,P-8ee1779dcaa9232f,19,5794556.0,140.514,56.88,0.0,0.0,82066.0,8706.0,Silverstrike Barrage,1243981,64.0,ability_shootwand.jpg,129,False,282745.0,0.0,66231.0,0.0
3gymwM9c2Av4Xk6r,14,Crown of the Cosmos,3181,WIPE,247.038,Greyseer,P-146fcdef511d70d4,18,5852059.0,198.017,80.16,0.0,0.0,2181.0,12019.0,Voidstalker Sting,1237040,32.0,ability_ironmaidens_convulsiveshadows.jpg,129,False,19564.0,4822.0,26786.0,219.0
3gymwM9c2Av4Xk6r,14,Crown of the Cosmos,3181,WIPE,247.038,Primeval,P-d2cfbf0e9385c81d,8,5859352.0,205.31,83.11,0.0,0.0,9916.0,20012.0,Void Expulsion,1233826,32.0,inv_nullstone_void.jpg,129,False,28973.0,8625.0,47514.0,0.0
3gymwM9c2Av4Xk6r,14,Crown of the Cosmos,3181,WIPE,247.038,Lìllith,P-093da9358d901c39,12,5879978.0,225.936,91.46,0.0,0.0,39388.0,42828.0,Void Barrage,1260000,32.0,inv_cosmicvoid_missile.jpg,145,False,3683.0,10045.0,58872.0,5756.0
3gymwM9c2Av4Xk6r,14,Crown of the Cosmos,3181,WIPE,247.038,Viserion,P-daa9879d41bb66dd,11,5881382.0,227.34,92.03,0.0,0.0,4157.0,25481.0,Void Expulsion,1233826,32.0,inv_nullstone_void.jpg,129,False,17195.0,13841.0,47514.0,12321.0
3gymwM9c2Av4Xk6r,14,Crown of the Cosmos,3181,WIPE,247.038,Mypriiest,P-78c2f253b8a33ced,158,5882421.0,228.379,92.45,0.0,0.0,14173.0,11617.0,Void Remnants,1242553,32.0,inv_icon_shadowcouncilorb_purple.jpg,129,False,62729.0,24564.0,103026.0,1560.0
3gymwM9c2Av4Xk6r,14,Crown of the Cosmos,3181,WIPE,247.038,Siare,P-386d8566043e1cef,20,5882732.0,228.69,92.57,0.0,0.0,10940.0,25914.0,Voidstalker Sting,1237040,32.0,ability_ironmaidens_convulsiveshadows.jpg,129,False,22102.0,4497.0,41210.0,3671.0
3gymwM9c2Av4Xk6r,14,Crown of the Cosmos,3181,WIPE,247.038,Grapefroot,P-9a88c0c48c4cf21f,16,5883332.0,229.29,92.82,0.0,0.0,13550.0,27711.0,Silverstrike Ricochet,1237729,64.0,inv_ammo_arrow_02.jpg,129,False,37715.0,10769.0,62551.0,517.0
3gymwM9c2Av4Xk6r,14,Crown of the Cosmos,3181,WIPE,247.038,Meowrawrxo,P-cae9f2bae0773bc9,15,5886336.0,232.294,94.03,0.0,0.0,7912.0,41019.0,Cosmic Barrier,1246925,32.0,inv_cosmicvoid_buff.jpg,143,False,6697.0,3053.0,17662.0,0.0
3gymwM9c2Av4Xk6r,14,Crown of the Cosmos,3181,WIPE,247.038,Decayed,P-584cf7139227dcac,1,5887097.0,233.055,94.34,0.0,0.0,28027.0,48451.0,Melee,1,1.0,inv_axe_02.jpg,143,False,96141.0,452462.0,645418.0,68788.0
3gymwM9c2Av4Xk6r,14,Crown of the Cosmos,3181,WIPE,247.038,Sinfxl,P-59860c89738c2525,3,5889670.0,235.628,95.38,0.0,0.0,3211.0,21030.0,Voidstalker Sting,1237040,32.0,ability_ironmaidens_convulsiveshadows.jpg,129,False,7886.0,34234.0,45331.0,0.0
3gymwM9c2Av4Xk6r,14,Crown of the Cosmos,3181,WIPE,247.038,Spàdes,P-4b77dd2f26623c73,10,5891069.0,237.027,95.95,0.0,0.0,21624.0,75689.0,Voidstalker Sting,1237040,32.0,ability_ironmaidens_convulsiveshadows.jpg,129,False,23518.0,8430.0,53572.0,0.0
3gymwM9c2Av4Xk6r,14,Crown of the Cosmos,3181,WIPE,247.038,Asharia,P-baca25d85259e955,17,5891633.0,237.591,96.18,0.0,0.0,22227.0,42303.0,Void Barrage,1260000,32.0,inv_cosmicvoid_missile.jpg,145,False,45516.0,32339.0,100082.0,0.0
3gymwM9c2Av4Xk6r,14,Crown of the Cosmos,3181,WIPE,247.038,Maztajake,P-dc96b65209ad25d3,4,5891871.0,237.829,96.27,0.0,0.0,57860.0,19423.0,Void Barrage,1260000,32.0,inv_cosmicvoid_missile.jpg,145,False,22563.0,19659.0,100082.0,0.0
3gymwM9c2Av4Xk6r,14,Crown of the Cosmos,3181,WIPE,247.038,Cryonox,P-31619035e7d32aa2,14,5893947.0,239.905,97.11,0.0,0.0,5891.0,59381.0,Voidstalker Sting,1237040,32.0,ability_ironmaidens_convulsiveshadows.jpg,129,False,26273.0,13325.0,65935.0,20446.0
3gymwM9c2Av4Xk6r,14,Crown of the Cosmos,3181,WIPE,247.038,Averlis,P-77b140a1e9d7fba2,21,5896516.0,242.474,98.15,0.0,0.0,58963.0,2550.0,Void Barrage,1260000,32.0,inv_cosmicvoid_missile.jpg,145,False,25514.0,21492.0,105969.0,0.0
3gymwM9c2Av4Xk6r,14,Crown of the Cosmos,3181,WIPE,247.038,Panes,P-ace038bf56a82f7f,6,5898936.0,244.894,99.13,0.0,0.0,46532.0,53604.0,Void Barrage,1260000,32.0,inv_cosmicvoid_missile.jpg,145,False,37897.0,27427.0,111856.0,0.0
3gymwM9c2Av4Xk6r,14,Crown of the Cosmos,3181,WIPE,247.038,Mannarchy,P-074ea59fb89e97f7,5,5899214.0,245.172,99.24,0.0,0.0,16074.0,4650.0,Melee,1,1.0,inv_axe_02.jpg,143,False,10815.0,633830.0,672292.0,11573.0
3gymwM9c2Av4Xk6r,14,Crown of the Cosmos,3181,WIPE,247.038,Zeleria,P-abdfad2d93a43a81,7,5900469.0,246.427,99.75,0.0,0.0,0.0,6475.0,,,,,,,,,,
3gymwM9c2Av4Xk6r,15,Crown of the Cosmos,3181,WIPE,261.389,Viserion,P-daa9879d41bb66dd,11,6237161.0,229.568,87.83,0.0,0.0,53780.0,4948.0,Void Remnants,1242553,32.0,inv_icon_shadowcouncilorb_purple.jpg,129,False,28871.0,19541.0,103026.0,834.0
3gymwM9c2Av4Xk6r,15,Crown of the Cosmos,3181,WIPE,261.389,Danzilla,P-8ee1779dcaa9232f,19,6237566.0,229.973,87.98,0.0,0.0,24225.0,8334.0,Void Remnants,1242553,32.0,inv_icon_shadowcouncilorb_purple.jpg,129,False,66992.0,11809.0,103026.0,0.0
3gymwM9c2Av4Xk6r,15,Crown of the Cosmos,3181,WIPE,261.389,Grapefroot,P-9a88c0c48c4cf21f,16,6239768.0,232.175,88.82,0.0,0.0,5923.0,27783.0,Void Barrage,1260000,32.0,inv_cosmicvoid_missile.jpg,145,False,40467.0,12482.0,58872.0,0.0
3gymwM9c2Av4Xk6r,15,Crown of the Cosmos,3181,WIPE,261.389,Chontosh,P-81cad9c290ac9716,126,6241259.0,233.666,89.39,0.0,0.0,7232.0,12027.0,Voidstalker Sting,1237040,32.0,ability_ironmaidens_convulsiveshadows.jpg,129,False,6751.0,6622.0,20605.0,0.0
3gymwM9c2Av4Xk6r,15,Crown of the Cosmos,3181,WIPE,261.389,Spàdes,P-4b77dd2f26623c73,10,6248010.0,240.417,91.98,0.0,0.0,12340.0,38807.0,Cosmic Barrier,1246925,32.0,inv_cosmicvoid_buff.jpg,143,False,1005.0,4317.0,17662.0,0.0
3gymwM9c2Av4Xk6r,15,Crown of the Cosmos,3181,WIPE,261.389,Decayed,P-584cf7139227dcac,1,6248709.0,241.116,92.24,0.0,0.0,32290.0,55729.0,Rift Slash,1246461,1.0,spell_priest_mindspike.jpg,143,False,64843.0,284526.0,441540.0,59881.0
3gymwM9c2Av4Xk6r,15,Crown of the Cosmos,3181,WIPE,261.389,Siare,P-386d8566043e1cef,20,6253304.0,245.711,94.0,0.0,0.0,10526.0,66547.0,Voidstalker Sting,1237040,32.0,ability_ironmaidens_convulsiveshadows.jpg,129,False,33304.0,4872.0,53572.0,4870.0
3gymwM9c2Av4Xk6r,15,Crown of the Cosmos,3181,WIPE,261.389,Averlis,P-77b140a1e9d7fba2,21,6255324.0,247.731,94.77,0.0,0.0,49791.0,10319.0,Voidstalker Sting,1237040,32.0,ability_ironmaidens_convulsiveshadows.jpg,129,False,3660.0,8364.0,61815.0,0.0
3gymwM9c2Av4Xk6r,15,Crown of the Cosmos,3181,WIPE,261.389,Meowrawrxo,P-cae9f2bae0773bc9,15,6255901.0,248.308,95.0,0.0,0.0,1649.0,35263.0,Volatile Fissure,1238210,32.0,ability_warlock_burningembersblue.jpg,129,False,22448.0,4162.0,28259.0,0.0
3gymwM9c2Av4Xk6r,15,Crown of the Cosmos,3181,WIPE,261.389,Mannarchy,P-074ea59fb89e97f7,5,6256033.0,248.44,95.05,0.0,0.0,3932.0,3763.0,Silverstrike Ricochet,1237729,64.0,inv_ammo_arrow_02.jpg,129,False,28806.0,66349.0,100081.0,994.0
3gymwM9c2Av4Xk6r,15,Crown of the Cosmos,3181,WIPE,261.389,Greyseer,P-146fcdef511d70d4,18,6256083.0,248.49,95.07,0.0,0.0,41534.0,21860.0,Void Barrage,1260000,32.0,inv_cosmicvoid_missile.jpg,145,False,39130.0,13531.0,94195.0,0.0
3gymwM9c2Av4Xk6r,15,Crown of the Cosmos,3181,WIPE,261.389,Zeleria,P-abdfad2d93a43a81,7,6256254.0,248.661,95.13,0.0,0.0,49734.0,10254.0,Voidstalker Sting,1237040,32.0,ability_ironmaidens_convulsiveshadows.jpg,129,False,4717.0,11484.0,65935.0,0.0
3gymwM9c2Av4Xk6r,15,Crown of the Cosmos,3181,WIPE,261.389,Lìllith,P-093da9358d901c39,12,6256298.0,248.705,95.15,0.0,0.0,36155.0,31985.0,Voidstalker Sting,1237040,32.0,ability_ironmaidens_convulsiveshadows.jpg,129,False,16852.0,5648.0,65935.0,7280.0
3gymwM9c2Av4Xk6r,15,Crown of the Cosmos,3181,WIPE,261.389,Sinfxl,P-59860c89738c2525,3,6257473.0,249.88,95.6,0.0,0.0,240913.0,0.0,Melee,1,1.0,inv_axe_02.jpg,143,False,294581.0,135885.0,671379.0,0.0
3gymwM9c2Av4Xk6r,15,Crown of the Cosmos,3181,WIPE,261.389,Maztajake,P-dc96b65209ad25d3,4,6258006.0,250.413,95.8,0.0,0.0,339.0,13019.0,Cosmic Barrier,1246925,32.0,inv_cosmicvoid_buff.jpg,143,False,12853.0,4470.0,17662.0,0.0
3gymwM9c2Av4Xk6r,15,Crown of the Cosmos,3181,WIPE,261.389,Cryonox,P-31619035e7d32aa2,14,6258467.0,250.874,95.98,0.0,0.0,221.0,62953.0,Void Barrage,1260000,32.0,inv_cosmicvoid_missile.jpg,145,False,54467.0,14746.0,98881.0,29447.0
3gymwM9c2Av4Xk6r,15,Crown of the Cosmos,3181,WIPE,261.389,Asharia,P-baca25d85259e955,17,6259225.0,251.632,96.27,0.0,0.0,4683.0,18240.0,Voidstalker Sting,1237040,32.0,ability_ironmaidens_convulsiveshadows.jpg,129,False,20563.0,7721.0,32967.0,0.0
3gymwM9c2Av4Xk6r,15,Crown of the Cosmos,3181,WIPE,261.389,Decayed,P-584cf7139227dcac,1,6260299.0,252.706,96.68,0.0,0.0,113369.0,4587.0,Melee,1,1.0,inv_axe_02.jpg,129,False,138412.0,771933.0,1159287.0,135573.0
3gymwM9c2Av4Xk6r,15,Crown of the Cosmos,3181,WIPE,261.389,Panes,P-ace038bf56a82f7f,6,6260912.0,253.319,96.91,0.0,0.0,154058.0,22369.0,Rift Slash,1246461,1.0,spell_priest_mindspike.jpg,143,False,74212.0,191193.0,419463.0,0.0
3gymwM9c2Av4Xk6r,15,Crown of the Cosmos,3181,WIPE,261.389,Mypriiest,P-78c2f253b8a33ced,158,6260913.0,253.32,96.91,0.0,0.0,47530.0,31680.0,Void Barrage,1260000,32.0,inv_cosmicvoid_missile.jpg,145,False,44906.0,25308.0,117744.0,0.0
3gymwM9c2Av4Xk6r,15,Crown of the Cosmos,3181,WIPE,261.389,Primeval,P-d2cfbf0e9385c81d,8,6261015.0,253.422,96.95,0.0,0.0,83820.0,23019.0,Void Barrage,1260000,32.0,inv_cosmicvoid_missile.jpg,145,False,14518.0,19406.0,117744.0,0.0
3gymwM9c2Av4Xk6r,15,Crown of the Cosmos,3181,WIPE,261.389,Aurëus,P-f95b1f39aecd9371,9,6268213.0,260.62,99.71,0.0,0.0,230348.0,16820.0,Melee,1,1.0,inv_axe_02.jpg,143,False,135338.0,264950.0,630636.0,0.0
3gymwM9c2Av4Xk6r,16,Crown of the Cosmos,3181,WIPE,297.297,Mypriiest,P-78c2f253b8a33ced,158,6506822.0,32.874,11.06,0.0,0.0,5008.0,26012.0,Echoing Darkness,1281707,32.0,spell_priest_burningwill_shadow.jpg,127,False,8436.0,1274.0,14718.0,0.0
3gymwM9c2Av4Xk6r,16,Crown of the Cosmos,3181,WIPE,297.297,Meowrawrxo,P-cae9f2bae0773bc9,15,6524998.0,51.05,17.17,0.0,0.0,13086.0,12190.0,Silverstrike Arrow,1233649,64.0,inv_ammo_arrow_03.jpg,129,False,198805.0,0.0,200165.0,0.0
3gymwM9c2Av4Xk6r,16,Crown of the Cosmos,3181,WIPE,297.297,Spàdes,P-4b77dd2f26623c73,10,6526191.0,52.243,17.57,0.0,0.0,8354.0,7396.0,Void Remnants,1242553,32.0,inv_icon_shadowcouncilorb_purple.jpg,129,False,71215.0,23457.0,103026.0,0.0
3gymwM9c2Av4Xk6r,16,Crown of the Cosmos,3181,WIPE,297.297,Aurëus,P-f95b1f39aecd9371,9,6715647.0,241.699,81.3,0.0,0.0,2233.0,6387.0,Voidstalker Sting,1237040,32.0,ability_ironmaidens_convulsiveshadows.jpg,129,False,32471.0,6506.0,41210.0,0.0
3gymwM9c2Av4Xk6r,16,Crown of the Cosmos,3181,WIPE,297.297,Zeleria,P-abdfad2d93a43a81,7,6734963.0,261.015,87.8,0.0,0.0,7011.0,10709.0,Void Remnants,1242553,32.0,inv_icon_shadowcouncilorb_purple.jpg,129,False,55097.0,28924.0,103026.0,11994.0
3gymwM9c2Av4Xk6r,16,Crown of the Cosmos,3181,WIPE,297.297,Decayed,P-584cf7139227dcac,1,6751641.0,277.693,93.41,0.0,0.0,22422.0,4244.0,Melee,1,1.0,inv_axe_02.jpg,129,False,114734.0,485585.0,739290.0,116549.0
3gymwM9c2Av4Xk6r,16,Crown of the Cosmos,3181,WIPE,297.297,Primeval,P-d2cfbf0e9385c81d,8,6753577.0,279.629,94.06,0.0,0.0,27723.0,52969.0,Voidstalker Sting,1237040,32.0,ability_ironmaidens_convulsiveshadows.jpg,129,False,6141.0,7004.0,41210.0,342.0
3gymwM9c2Av4Xk6r,16,Crown of the Cosmos,3181,WIPE,297.297,Lìllith,P-093da9358d901c39,12,6755365.0,281.417,94.66,0.0,0.0,23121.0,13153.0,Void Expulsion,1233826,32.0,inv_nullstone_void.jpg,129,False,15893.0,8917.0,52265.0,4334.0
3gymwM9c2Av4Xk6r,16,Crown of the Cosmos,3181,WIPE,297.297,Siare,P-386d8566043e1cef,20,6755365.0,281.417,94.66,0.0,0.0,5550.0,37282.0,Cosmic Barrier,1246925,32.0,inv_cosmicvoid_buff.jpg,143,False,8708.0,1820.0,17662.0,1584.0
3gymwM9c2Av4Xk6r,16,Crown of the Cosmos,3181,WIPE,297.297,Chontosh,P-81cad9c290ac9716,126,6755399.0,281.451,94.67,0.0,0.0,36640.0,43161.0,Void Barrage,1260000,32.0,inv_cosmicvoid_missile.jpg,145,False,55580.0,25524.0,117744.0,0.0
3gymwM9c2Av4Xk6r,16,Crown of the Cosmos,3181,WIPE,297.297,Viserion,P-daa9879d41bb66dd,11,6755579.0,281.631,94.73,0.0,0.0,71642.0,11213.0,Void Barrage,1260000,32.0,inv_cosmicvoid_missile.jpg,145,False,25463.0,19659.0,117744.0,980.0
3gymwM9c2Av4Xk6r,16,Crown of the Cosmos,3181,WIPE,297.297,Greyseer,P-146fcdef511d70d4,18,6755707.0,281.759,94.77,0.0,0.0,9040.0,11999.0,Voidstalker Sting,1237040,32.0,ability_ironmaidens_convulsiveshadows.jpg,129,False,11443.0,1976.0,22665.0,206.0
3gymwM9c2Av4Xk6r,16,Crown of the Cosmos,3181,WIPE,297.297,Sinfxl,P-59860c89738c2525,3,6755740.0,281.792,94.78,0.0,0.0,7344.0,49241.0,Voidstalker Sting,1237040,32.0,ability_ironmaidens_convulsiveshadows.jpg,129,False,28910.0,8342.0,45331.0,735.0
3gymwM9c2Av4Xk6r,16,Crown of the Cosmos,3181,WIPE,297.297,Grapefroot,P-9a88c0c48c4cf21f,16,6755813.0,281.865,94.81,0.0,0.0,8894.0,72544.0,Void Barrage,1260000,32.0,inv_cosmicvoid_missile.jpg,145,False,84842.0,24008.0,117744.0,0.0
3gymwM9c2Av4Xk6r,16,Crown of the Cosmos,3181,WIPE,297.297,Maztajake,P-dc96b65209ad25d3,4,6760604.0,286.656,96.42,0.0,0.0,0.0,16270.0,,,,,,,,,,
3gymwM9c2Av4Xk6r,16,Crown of the Cosmos,3181,WIPE,297.297,Zeleria,P-abdfad2d93a43a81,7,6761327.0,287.379,96.66,0.0,0.0,1434.0,15696.0,Cosmic Barrier,1246925,32.0,inv_cosmicvoid_buff.jpg,143,False,12530.0,3698.0,17662.0,0.0
3gymwM9c2Av4Xk6r,16,Crown of the Cosmos,3181,WIPE,297.297,Panes,P-ace038bf56a82f7f,6,6762898.0,288.95,97.19,0.0,0.0,0.0,89580.0,,,,,,,,,,
3gymwM9c2Av4Xk6r,16,Crown of the Cosmos,3181,WIPE,297.297,Cryonox,P-31619035e7d32aa2,14,6763879.0,289.931,97.52,0.0,0.0,2373.0,80875.0,Voidstalker Sting,1237040,32.0,ability_ironmaidens_convulsiveshadows.jpg,129,False,33836.0,13038.0,81430.0,32183.0
3gymwM9c2Av4Xk6r,16,Crown of the Cosmos,3181,WIPE,297.297,Danzilla,P-8ee1779dcaa9232f,19,6765184.0,291.236,97.96,0.0,0.0,43098.0,33644.0,Void Barrage,1260000,32.0,inv_cosmicvoid_missile.jpg,145,False,48609.0,24176.0,117744.0,1861.0
3gymwM9c2Av4Xk6r,16,Crown of the Cosmos,3181,WIPE,297.297,Primeval,P-d2cfbf0e9385c81d,8,6766061.0,292.113,98.26,0.0,0.0,55001.0,0.0,Void Barrage,1260000,32.0,inv_cosmicvoid_missile.jpg,145,False,43888.0,18855.0,117744.0,0.0
3gymwM9c2Av4Xk6r,16,Crown of the Cosmos,3181,WIPE,297.297,Asharia,P-baca25d85259e955,17,6767105.0,293.157,98.61,0.0,0.0,0.0,21538.0,,,,,,,,,,
3gymwM9c2Av4Xk6r,16,Crown of the Cosmos,3181,WIPE,297.297,Averlis,P-77b140a1e9d7fba2,21,6767307.0,293.359,98.68,0.0,0.0,45178.0,28695.0,Void Barrage,1260000,32.0,inv_cosmicvoid_missile.jpg,145,False,16456.0,14277.0,76533.0,622.0
3gymwM9c2Av4Xk6r,16,Crown of the Cosmos,3181,WIPE,297.297,Mannarchy,P-074ea59fb89e97f7,5,6770945.0,296.997,99.9,0.0,0.0,6260.0,1642.0,Void Barrage,1260000,32.0,inv_cosmicvoid_missile.jpg,145,False,39165.0,71594.0,117744.0,725.0
3gymwM9c2Av4Xk6r,17,Crown of the Cosmos,3181,WIPE,273.276,Spàdes,P-4b77dd2f26623c73,10,6974119.0,43.221,15.82,0.0,0.0,11638.0,2029.0,Echoing Darkness,1281707,32.0,spell_priest_burningwill_shadow.jpg,134,False,8337.0,0.0,16925.0,201.0
3gymwM9c2Av4Xk6r,17,Crown of the Cosmos,3181,WIPE,273.276,Danzilla,P-8ee1779dcaa9232f,19,7083355.0,152.457,55.79,0.0,0.0,9042.0,3035.0,Silverstrike Barrage,1243981,64.0,ability_shootwand.jpg,129,False,295212.0,0.0,66231.0,14693.0
3gymwM9c2Av4Xk6r,17,Crown of the Cosmos,3181,WIPE,273.276,Greyseer,P-146fcdef511d70d4,18,7128909.0,198.011,72.46,0.0,0.0,0.0,13006.0,,,,,,,,,,
3gymwM9c2Av4Xk6r,17,Crown of the Cosmos,3181,WIPE,273.276,Chontosh,P-81cad9c290ac9716,126,7139437.0,208.539,76.31,0.0,0.0,52545.0,20506.0,Void Remnants,1242553,32.0,inv_icon_shadowcouncilorb_purple.jpg,129,False,56690.0,45304.0,154539.0,0.0
3gymwM9c2Av4Xk6r,17,Crown of the Cosmos,3181,WIPE,273.276,Lìllith,P-093da9358d901c39,12,7165237.0,234.339,85.75,0.0,0.0,3443.0,14429.0,Voidstalker Sting,1237040,32.0,ability_ironmaidens_convulsiveshadows.jpg,129,False,28452.0,5415.0,41210.0,3900.0
3gymwM9c2Av4Xk6r,17,Crown of the Cosmos,3181,WIPE,273.276,Panes,P-ace038bf56a82f7f,6,7166529.0,235.631,86.22,0.0,0.0,24428.0,11028.0,Voidstalker Sting,1237040,32.0,ability_ironmaidens_convulsiveshadows.jpg,129,False,12107.0,4675.0,41210.0,0.0
3gymwM9c2Av4Xk6r,17,Crown of the Cosmos,3181,WIPE,273.276,Aurëus,P-f95b1f39aecd9371,9,7167563.0,236.665,86.6,0.0,0.0,25823.0,17027.0,Voidstalker Sting,1237040,32.0,ability_ironmaidens_convulsiveshadows.jpg,129,False,7145.0,8242.0,41210.0,0.0
3gymwM9c2Av4Xk6r,17,Crown of the Cosmos,3181,WIPE,273.276,Meowrawrxo,P-cae9f2bae0773bc9,15,7170633.0,239.735,87.73,0.0,0.0,9824.0,23679.0,Voidstalker Sting,1237040,32.0,ability_ironmaidens_convulsiveshadows.jpg,129,False,8671.0,2110.0,20605.0,0.0
3gymwM9c2Av4Xk6r,17,Crown of the Cosmos,3181,WIPE,273.276,Chontosh,P-81cad9c290ac9716,126,7181996.0,251.098,91.88,0.0,0.0,79841.0,24380.0,Void Remnants,1242553,32.0,inv_icon_shadowcouncilorb_purple.jpg,129,False,14591.0,8594.0,103026.0,0.0
3gymwM9c2Av4Xk6r,17,Crown of the Cosmos,3181,WIPE,273.276,Decayed,P-584cf7139227dcac,1,7187580.0,256.682,93.93,0.0,0.0,134284.0,24636.0,Melee,1,1.0,inv_axe_02.jpg,129,False,522.0,465474.0,721084.0,120804.0
3gymwM9c2Av4Xk6r,17,Crown of the Cosmos,3181,WIPE,273.276,Sinfxl,P-59860c89738c2525,3,7193769.0,262.871,96.19,0.0,0.0,0.0,19296.0,,,,,,,,,,
3gymwM9c2Av4Xk6r,17,Crown of the Cosmos,3181,WIPE,273.276,Maztajake,P-dc96b65209ad25d3,4,7195991.0,265.093,97.01,0.0,0.0,0.0,2003.0,,,,,,,,,,
3gymwM9c2Av4Xk6r,17,Crown of the Cosmos,3181,WIPE,273.276,Siare,P-386d8566043e1cef,20,7196286.0,265.388,97.11,0.0,0.0,19377.0,15296.0,Voidstalker Sting,1237040,32.0,ability_ironmaidens_convulsiveshadows.jpg,129,False,34569.0,5996.0,65935.0,5993.0
3gymwM9c2Av4Xk6r,17,Crown of the Cosmos,3181,WIPE,273.276,Cryonox,P-31619035e7d32aa2,14,7196305.0,265.407,97.12,0.0,0.0,0.0,2012.0,,,,,,,,,,
3gymwM9c2Av4Xk6r,17,Crown of the Cosmos,3181,WIPE,273.276,Zeleria,P-abdfad2d93a43a81,7,7198348.0,267.45,97.87,0.0,0.0,21165.0,5416.0,Voidstalker Sting,1237040,32.0,ability_ironmaidens_convulsiveshadows.jpg,129,False,44009.0,9004.0,74178.0,0.0
3gymwM9c2Av4Xk6r,17,Crown of the Cosmos,3181,WIPE,273.276,Grapefroot,P-9a88c0c48c4cf21f,16,7198419.0,267.521,97.89,0.0,0.0,12002.0,91257.0,Void Barrage,1260000,32.0,inv_cosmicvoid_missile.jpg,145,False,77048.0,28694.0,117744.0,0.0
3gymwM9c2Av4Xk6r,17,Crown of the Cosmos,3181,WIPE,273.276,Viserion,P-daa9879d41bb66dd,11,7199058.0,268.16,98.13,0.0,0.0,6159.0,3274.0,Volatile Fissure,1238210,32.0,ability_warlock_burningembersblue.jpg,129,False,22230.0,4882.0,33557.0,286.0
3gymwM9c2Av4Xk6r,17,Crown of the Cosmos,3181,WIPE,273.276,Asharia,P-baca25d85259e955,17,7199263.0,268.365,98.2,0.0,0.0,9832.0,25687.0,Voidstalker Sting,1237040,32.0,ability_ironmaidens_convulsiveshadows.jpg,129,False,19553.0,9169.0,39149.0,595.0
3gymwM9c2Av4Xk6r,17,Crown of the Cosmos,3181,WIPE,273.276,Averlis,P-77b140a1e9d7fba2,21,7199413.0,268.515,98.26,0.0,0.0,84319.0,6482.0,Void Barrage,1260000,32.0,inv_cosmicvoid_missile.jpg,145,False,10523.0,20978.0,117744.0,1924.0
3gymwM9c2Av4Xk6r,17,Crown of the Cosmos,3181,WIPE,273.276,Primeval,P-d2cfbf0e9385c81d,8,7200922.0,270.024,98.81,0.0,0.0,4389.0,3005.0,Cosmic Barrier,1246925,32.0,inv_cosmicvoid_buff.jpg,143,False,10215.0,2911.0,17662.0,147.0
3gymwM9c2Av4Xk6r,17,Crown of the Cosmos,3181,WIPE,273.276,Mannarchy,P-074ea59fb89e97f7,5,7203834.0,272.936,99.88,0.0,0.0,712297.0,0.0,Melee,1,1.0,inv_axe_02.jpg,143,False,281644.0,2837225.0,3841998.0,10832.0
7fgDKpMGWzkq8Hbm,3,"Chimaerus, the Undreamt God",3306,WIPE,338.897,Mortiis,P-7712d5bc5acb46e6,42,643083.0,129.057,38.08,0.0,0.0,17641.0,73454.0,Lingering Miasma,1258192,8.0,spell_azerite_essence01.jpg,66,False,28840.0,4860.0,51810.0,469.0
7fgDKpMGWzkq8Hbm,3,"Chimaerus, the Undreamt God",3306,WIPE,338.897,Aurëus,P-f95b1f39aecd9371,6,707686.0,193.66,57.14,0.0,0.0,39621.0,11465.0,Lingering Miasma,1258192,8.0,spell_azerite_essence01.jpg,66,False,617.0,11166.0,51810.0,406.0
7fgDKpMGWzkq8Hbm,3,"Chimaerus, the Undreamt God",3306,WIPE,338.897,Emikohime,P-fdb70b9324d83913,39,736771.0,222.745,65.73,0.0,0.0,29128.0,13327.0,Discordant Roar,1249207,1.0,ability_druid_challangingroar.jpg,104,False,85611.0,7734.0,123631.0,1158.0
7fgDKpMGWzkq8Hbm,3,"Chimaerus, the Undreamt God",3306,WIPE,338.897,Sinfxl,P-59860c89738c2525,47,793852.0,279.826,82.57,0.0,0.0,13266.0,12831.0,Caustic Phlegm,1246653,8.0,inv_ability_poison_orb.jpg,66,False,4697.0,3050.0,21194.0,181.0
7fgDKpMGWzkq8Hbm,3,"Chimaerus, the Undreamt God",3306,WIPE,338.897,Mannarchy,P-074ea59fb89e97f7,8,839907.0,325.881,96.16,0.0,0.0,5082.0,20641.0,Cannibalized Essence,1280655,8.0,ability_racial_cannibalize.jpg,66,False,189701.0,99577.0,294360.0,0.0
7fgDKpMGWzkq8Hbm,3,"Chimaerus, the Undreamt God",3306,WIPE,338.897,Hörnstar,P-7d8495005048bc14,4,839982.0,325.956,96.18,0.0,0.0,142039.0,23757.0,Cannibalized Essence,1280655,8.0,ability_racial_cannibalize.jpg,66,False,62090.0,65260.0,294360.0,24971.0
7fgDKpMGWzkq8Hbm,3,"Chimaerus, the Undreamt God",3306,WIPE,338.897,Spàdes,P-4b77dd2f26623c73,19,840062.0,326.036,96.21,0.0,0.0,173246.0,21027.0,Cannibalized Essence,1280655,8.0,ability_racial_cannibalize.jpg,66,False,34431.0,84586.0,294360.0,2097.0
7fgDKpMGWzkq8Hbm,3,"Chimaerus, the Undreamt God",3306,WIPE,338.897,Cryonox,P-31619035e7d32aa2,9,840249.0,326.223,96.26,0.0,0.0,67004.0,8504.0,Cannibalized Essence,1280655,8.0,ability_racial_cannibalize.jpg,66,False,68023.0,51264.0,283763.0,97472.0
7fgDKpMGWzkq8Hbm,3,"Chimaerus, the Undreamt God",3306,WIPE,338.897,Grapefroot,P-9a88c0c48c4cf21f,1,840388.0,326.362,96.3,0.0,0.0,149658.0,50808.0,Cannibalized Essence,1280655,8.0,ability_racial_cannibalize.jpg,66,False,87257.0,57445.0,294360.0,0.0
7fgDKpMGWzkq8Hbm,3,"Chimaerus, the Undreamt God",3306,WIPE,338.897,Meowrawrxo,P-cae9f2bae0773bc9,52,840466.0,326.44,96.32,0.0,0.0,193084.0,2728.0,Cannibalized Essence,1280655,8.0,ability_racial_cannibalize.jpg,66,False,66690.0,29313.0,294360.0,5273.0
7fgDKpMGWzkq8Hbm,3,"Chimaerus, the Undreamt God",3306,WIPE,338.897,Abrakadavar,P-b7de36807c83458d,7,840537.0,326.511,96.35,0.0,0.0,109078.0,215.0,Cannibalized Essence,1280655,8.0,ability_racial_cannibalize.jpg,66,False,142169.0,40576.0,294360.0,2537.0
7fgDKpMGWzkq8Hbm,3,"Chimaerus, the Undreamt God",3306,WIPE,338.897,Lìllith,P-093da9358d901c39,20,840538.0,326.512,96.35,0.0,0.0,116101.0,23350.0,Cannibalized Essence,1280655,8.0,ability_racial_cannibalize.jpg,66,False,106619.0,44395.0,294360.0,27245.0
7fgDKpMGWzkq8Hbm,3,"Chimaerus, the Undreamt God",3306,WIPE,338.897,Mortiis,P-7712d5bc5acb46e6,42,840538.0,326.512,96.35,0.0,0.0,226961.0,19706.0,Cannibalized Essence,1280655,8.0,ability_racial_cannibalize.jpg,66,False,25161.0,39692.0,294360.0,2546.0
7fgDKpMGWzkq8Hbm,3,"Chimaerus, the Undreamt God",3306,WIPE,338.897,Siare,P-386d8566043e1cef,73,840539.0,326.513,96.35,0.0,0.0,137375.0,11615.0,Cannibalized Essence,1280655,8.0,ability_racial_cannibalize.jpg,66,False,95869.0,29940.0,294360.0,31176.0
7fgDKpMGWzkq8Hbm,3,"Chimaerus, the Undreamt God",3306,WIPE,338.897,Viserion,P-daa9879d41bb66dd,15,840539.0,326.513,96.35,0.0,0.0,71410.0,15219.0,Cannibalized Essence,1280655,8.0,ability_racial_cannibalize.jpg,66,False,106300.0,114855.0,294360.0,1795.0
7fgDKpMGWzkq8Hbm,3,"Chimaerus, the Undreamt God",3306,WIPE,338.897,Sinfxl,P-59860c89738c2525,47,840639.0,326.613,96.38,0.0,0.0,178441.0,7196.0,Cannibalized Essence,1280655,8.0,ability_racial_cannibalize.jpg,66,False,54663.0,58902.0,294360.0,2354.0
7fgDKpMGWzkq8Hbm,3,"Chimaerus, the Undreamt God",3306,WIPE,338.897,Ämon,P-26f181f915fe34c3,24,840704.0,326.678,96.39,0.0,0.0,215909.0,44506.0,Cannibalized Essence,1280655,8.0,ability_racial_cannibalize.jpg,66,False,27964.0,48024.0,294360.0,2463.0
7fgDKpMGWzkq8Hbm,3,"Chimaerus, the Undreamt God",3306,WIPE,338.897,Primeval,P-d2cfbf0e9385c81d,17,840886.0,326.86,96.45,0.0,0.0,81027.0,22877.0,Cannibalized Essence,1280655,8.0,ability_racial_cannibalize.jpg,66,False,169666.0,41135.0,294360.0,2532.0
7fgDKpMGWzkq8Hbm,3,"Chimaerus, the Undreamt God",3306,WIPE,338.897,Danzilla,P-8ee1779dcaa9232f,25,845685.0,331.659,97.86,0.0,0.0,144712.0,0.0,Rift Emergence,1258610,8.0,inv_azeritefireball.jpg,66,False,250092.0,90890.0,485694.0,0.0
7fgDKpMGWzkq8Hbm,3,"Chimaerus, the Undreamt God",3306,WIPE,338.897,Emikohime,P-fdb70b9324d83913,39,847361.0,333.335,98.36,0.0,0.0,86699.0,1709.0,Consuming Miasma,1257087,8.0,spell_azerite_essence_16.jpg,66,False,42099.0,16944.0,148356.0,2614.0
7fgDKpMGWzkq8Hbm,3,"Chimaerus, the Undreamt God",3306,WIPE,338.897,Decayed,P-584cf7139227dcac,23,852751.0,338.725,99.95,0.0,0.0,0.0,25649.0,,,,,,,,,,
7fgDKpMGWzkq8Hbm,4,"Chimaerus, the Undreamt God",3306,WIPE,369.182,Mortiis,P-7712d5bc5acb46e6,42,1067696.0,116.862,31.65,0.0,0.0,39002.0,32905.0,Discordant Roar,1249207,1.0,ability_druid_challangingroar.jpg,86,False,46611.0,2695.0,88308.0,0.0
7fgDKpMGWzkq8Hbm,4,"Chimaerus, the Undreamt God",3306,WIPE,369.182,Spàdes,P-4b77dd2f26623c73,19,1072136.0,121.302,32.86,0.0,0.0,1671.0,37362.0,Alndust Essence,1245919,8.0,inv__azerite-area-denial.jpg,,False,36493.0,5990.0,44154.0,0.0
7fgDKpMGWzkq8Hbm,4,"Chimaerus, the Undreamt God",3306,WIPE,369.182,Danzilla,P-8ee1779dcaa9232f,25,1079080.0,128.246,34.74,0.0,0.0,7020.0,44291.0,Caustic Phlegm,1246653,8.0,inv_ability_poison_orb.jpg,66,False,4433.0,9741.0,21194.0,0.0
7fgDKpMGWzkq8Hbm,4,"Chimaerus, the Undreamt God",3306,WIPE,369.182,Hörnstar,P-7d8495005048bc14,4,1292100.0,341.266,92.44,0.0,0.0,86617.0,22197.0,Alndust Upheaval,1262305,8.0,ability_earthen_azeritesurge.jpg,66,False,92506.0,196350.0,397385.0,21912.0
7fgDKpMGWzkq8Hbm,4,"Chimaerus, the Undreamt God",3306,WIPE,369.182,Lìllith,P-093da9358d901c39,20,1292101.0,341.267,92.44,0.0,0.0,8862.0,22297.0,Alndust Upheaval,1262305,8.0,ability_earthen_azeritesurge.jpg,66,False,304635.0,38394.0,397385.0,45494.0
7fgDKpMGWzkq8Hbm,4,"Chimaerus, the Undreamt God",3306,WIPE,369.182,Mortiis,P-7712d5bc5acb46e6,42,1292102.0,341.268,92.44,0.0,0.0,162309.0,25380.0,Alndust Upheaval,1262305,8.0,ability_earthen_azeritesurge.jpg,66,False,179783.0,48348.0,397385.0,6945.0
7fgDKpMGWzkq8Hbm,4,"Chimaerus, the Undreamt God",3306,WIPE,369.182,Siare,P-386d8566043e1cef,73,1306398.0,355.564,96.31,0.0,0.0,0.0,22385.0,,,,,,,,,,
7fgDKpMGWzkq8Hbm,4,"Chimaerus, the Undreamt God",3306,WIPE,369.182,Decayed,P-584cf7139227dcac,23,1307326.0,356.492,96.56,0.0,0.0,0.0,20965.0,Colossal Strikes,1262059,8.0,ability_golemthunderclap.jpg,,,,,,
7fgDKpMGWzkq8Hbm,4,"Chimaerus, the Undreamt God",3306,WIPE,369.182,Cryonox,P-31619035e7d32aa2,9,1309152.0,358.318,97.06,0.0,0.0,0.0,24288.0,,,,,,,,,,
7fgDKpMGWzkq8Hbm,4,"Chimaerus, the Undreamt God",3306,WIPE,369.182,Viserion,P-daa9879d41bb66dd,15,1311576.0,360.742,97.71,0.0,0.0,0.0,26935.0,,,,,,,,,,
7fgDKpMGWzkq8Hbm,4,"Chimaerus, the Undreamt God",3306,WIPE,369.182,Grapefroot,P-9a88c0c48c4cf21f,1,1312117.0,361.283,97.86,0.0,0.0,0.0,28059.0,Falling,3,1.0,inv_axe_02.jpg,,False,104315.0,0.0,104315.0,0.0
7fgDKpMGWzkq8Hbm,4,"Chimaerus, the Undreamt God",3306,WIPE,369.182,Mannarchy,P-074ea59fb89e97f7,8,1313067.0,362.233,98.12,0.0,0.0,0.0,7004.0,,,,,,,,,,
7fgDKpMGWzkq8Hbm,4,"Chimaerus, the Undreamt God",3306,WIPE,369.182,Meowrawrxo,P-cae9f2bae0773bc9,52,1313719.0,362.885,98.29,0.0,0.0,0.0,28949.0,,,,,,,,,,
7fgDKpMGWzkq8Hbm,4,"Chimaerus, the Undreamt God",3306,WIPE,369.182,Sinfxl,P-59860c89738c2525,47,1314361.0,363.527,98.47,0.0,0.0,0.0,46896.0,,,,,,,,,,
7fgDKpMGWzkq8Hbm,4,"Chimaerus, the Undreamt God",3306,WIPE,369.182,Aurëus,P-f95b1f39aecd9371,6,1314375.0,363.541,98.47,0.0,0.0,0.0,0.0,,,,,,,,,,
7fgDKpMGWzkq8Hbm,4,"Chimaerus, the Undreamt God",3306,WIPE,369.182,Primeval,P-d2cfbf0e9385c81d,17,1316622.0,365.788,99.08,0.0,0.0,0.0,4006.0,,,,,,,,,,
7fgDKpMGWzkq8Hbm,4,"Chimaerus, the Undreamt God",3306,WIPE,369.182,Abrakadavar,P-b7de36807c83458d,7,1317422.0,366.588,99.3,0.0,0.0,0.0,13992.0,,,,,,,,,,
7fgDKpMGWzkq8Hbm,4,"Chimaerus, the Undreamt God",3306,WIPE,369.182,Emikohime,P-fdb70b9324d83913,39,1317598.0,366.764,99.35,0.0,0.0,0.0,5004.0,,,,,,,,,,
7fgDKpMGWzkq8Hbm,4,"Chimaerus, the Undreamt God",3306,WIPE,369.182,Ämon,P-26f181f915fe34c3,24,1319649.0,368.815,99.9,0.0,0.0,0.0,6533.0,,,,,,,,,,
7fgDKpMGWzkq8Hbm,5,"Chimaerus, the Undreamt God",3306,WIPE,88.222,Cryonox,P-31619035e7d32aa2,9,1587648.0,74.897,84.9,0.0,0.0,0.0,5002.0,,,,,,,,,,
7fgDKpMGWzkq8Hbm,5,"Chimaerus, the Undreamt God",3306,WIPE,88.222,Hörnstar,P-7d8495005048bc14,4,1587937.0,75.186,85.22,0.0,0.0,0.0,17991.0,,,,,,,,,,
7fgDKpMGWzkq8Hbm,5,"Chimaerus, the Undreamt God",3306,WIPE,88.222,Sinfxl,P-59860c89738c2525,47,1588548.0,75.797,85.92,0.0,0.0,0.0,4297.0,,,,,,,,,,
7fgDKpMGWzkq8Hbm,5,"Chimaerus, the Undreamt God",3306,WIPE,88.222,Meowrawrxo,P-cae9f2bae0773bc9,52,1589044.0,76.293,86.48,0.0,0.0,0.0,6068.0,,,,,,,,,,
7fgDKpMGWzkq8Hbm,5,"Chimaerus, the Undreamt God",3306,WIPE,88.222,Grapefroot,P-9a88c0c48c4cf21f,1,1589328.0,76.577,86.8,0.0,0.0,0.0,6006.0,,,,,,,,,,
7fgDKpMGWzkq8Hbm,5,"Chimaerus, the Undreamt God",3306,WIPE,88.222,Mannarchy,P-074ea59fb89e97f7,8,1589709.0,76.958,87.23,0.0,0.0,0.0,6480.0,,,,,,,,,,
7fgDKpMGWzkq8Hbm,5,"Chimaerus, the Undreamt God",3306,WIPE,88.222,Spàdes,P-4b77dd2f26623c73,19,1590473.0,77.722,88.1,0.0,0.0,0.0,19231.0,,,,,,,,,,
7fgDKpMGWzkq8Hbm,5,"Chimaerus, the Undreamt God",3306,WIPE,88.222,Chontosh,P-81cad9c290ac9716,123,1591300.0,78.549,89.04,0.0,0.0,16038.0,14525.0,Cannibalized Essence,1280655,8.0,ability_racial_cannibalize.jpg,66,False,101373.0,28584.0,147180.0,1185.0
7fgDKpMGWzkq8Hbm,5,"Chimaerus, the Undreamt God",3306,WIPE,88.222,Abrakadavar,P-b7de36807c83458d,7,1592803.0,80.052,90.74,0.0,0.0,0.0,7461.0,,,,,,,,,,
7fgDKpMGWzkq8Hbm,5,"Chimaerus, the Undreamt God",3306,WIPE,88.222,Siare,P-386d8566043e1cef,73,1592883.0,80.132,90.83,0.0,0.0,0.0,21487.0,,,,,,,,,,
7fgDKpMGWzkq8Hbm,5,"Chimaerus, the Undreamt God",3306,WIPE,88.222,Lìllith,P-093da9358d901c39,20,1593257.0,80.506,91.25,0.0,0.0,0.0,24003.0,,,,,,,,,,
7fgDKpMGWzkq8Hbm,5,"Chimaerus, the Undreamt God",3306,WIPE,88.222,Mortiis,P-7712d5bc5acb46e6,42,1593292.0,80.541,91.29,0.0,0.0,0.0,23605.0,,,,,,,,,,
7fgDKpMGWzkq8Hbm,5,"Chimaerus, the Undreamt God",3306,WIPE,88.222,Aurëus,P-f95b1f39aecd9371,6,1593327.0,80.576,91.33,0.0,0.0,0.0,9826.0,,,,,,,,,,
7fgDKpMGWzkq8Hbm,5,"Chimaerus, the Undreamt God",3306,WIPE,88.222,Danzilla,P-8ee1779dcaa9232f,25,1593516.0,80.765,91.55,0.0,0.0,0.0,18992.0,,,,,,,,,,
7fgDKpMGWzkq8Hbm,5,"Chimaerus, the Undreamt God",3306,WIPE,88.222,Emikohime,P-fdb70b9324d83913,39,1594351.0,81.6,92.49,0.0,0.0,0.0,8576.0,,,,,,,,,,
7fgDKpMGWzkq8Hbm,5,"Chimaerus, the Undreamt God",3306,WIPE,88.222,Viserion,P-daa9879d41bb66dd,15,1595990.0,83.239,94.35,0.0,0.0,0.0,14146.0,,,,,,,,,,
7fgDKpMGWzkq8Hbm,5,"Chimaerus, the Undreamt God",3306,WIPE,88.222,Ämon,P-26f181f915fe34c3,24,1596697.0,83.946,95.15,0.0,0.0,107586.0,29227.0,Rift Emergence,1258610,8.0,inv_azeritefireball.jpg,66,False,144653.0,69010.0,323796.0,2547.0
7fgDKpMGWzkq8Hbm,5,"Chimaerus, the Undreamt God",3306,WIPE,88.222,Primeval,P-d2cfbf0e9385c81d,17,1598879.0,86.128,97.63,0.0,0.0,0.0,17985.0,,,,,,,,,,
7fgDKpMGWzkq8Hbm,5,"Chimaerus, the Undreamt God",3306,WIPE,88.222,Decayed,P-584cf7139227dcac,23,1600447.0,87.696,99.4,0.0,0.0,0.0,5960.0,,,,,,,,,,
7fgDKpMGWzkq8Hbm,6,"Chimaerus, the Undreamt God",3306,WIPE,581.159,Sinfxl,P-59860c89738c2525,47,1767981.0,78.056,13.43,0.0,0.0,5533.0,7858.0,Consume,1273112,8.0,spell_deathknight_gnaw_ghoul.jpg,66,False,90721.0,17549.0,117744.0,3941.0
7fgDKpMGWzkq8Hbm,6,"Chimaerus, the Undreamt God",3306,WIPE,581.159,Spàdes,P-4b77dd2f26623c73,19,1781981.0,92.056,15.84,0.0,0.0,43017.0,22044.0,Alndust Upheaval,1262305,8.0,ability_earthen_azeritesurge.jpg,66,False,128916.0,12758.0,186427.0,1736.0
7fgDKpMGWzkq8Hbm,6,"Chimaerus, the Undreamt God",3306,WIPE,581.159,Sinfxl,P-59860c89738c2525,47,2248701.0,558.776,96.15,0.0,0.0,41714.0,13598.0,Consume,1273112,8.0,spell_deathknight_gnaw_ghoul.jpg,66,False,137234.0,56540.0,235488.0,0.0
7fgDKpMGWzkq8Hbm,6,"Chimaerus, the Undreamt God",3306,WIPE,581.159,Mortiis,P-7712d5bc5acb46e6,42,2248720.0,558.795,96.15,0.0,0.0,2208.0,10358.0,Consume,1273112,8.0,spell_deathknight_gnaw_ghoul.jpg,66,False,199164.0,34116.0,235488.0,0.0
7fgDKpMGWzkq8Hbm,6,"Chimaerus, the Undreamt God",3306,WIPE,581.159,Aurëus,P-f95b1f39aecd9371,6,2248721.0,558.796,96.15,0.0,0.0,16980.0,11852.0,Consume,1273112,8.0,spell_deathknight_gnaw_ghoul.jpg,66,False,159237.0,57492.0,235488.0,1779.0
7fgDKpMGWzkq8Hbm,6,"Chimaerus, the Undreamt God",3306,WIPE,581.159,Siare,P-386d8566043e1cef,73,2248722.0,558.797,96.15,0.0,0.0,72074.0,12240.0,Consume,1273112,8.0,spell_deathknight_gnaw_ghoul.jpg,66,False,118308.0,23953.0,235488.0,21153.0
7fgDKpMGWzkq8Hbm,6,"Chimaerus, the Undreamt God",3306,WIPE,581.159,Danzilla,P-8ee1779dcaa9232f,25,2250686.0,560.761,96.49,0.0,0.0,54645.0,12322.0,Consume,1273112,8.0,spell_deathknight_gnaw_ghoul.jpg,66,False,59944.0,120899.0,235488.0,0.0
7fgDKpMGWzkq8Hbm,6,"Chimaerus, the Undreamt God",3306,WIPE,581.159,Grapefroot,P-9a88c0c48c4cf21f,1,2250687.0,560.762,96.49,0.0,0.0,113533.0,14901.0,Consume,1273112,8.0,spell_deathknight_gnaw_ghoul.jpg,66,False,74103.0,45957.0,235488.0,1895.0
7fgDKpMGWzkq8Hbm,6,"Chimaerus, the Undreamt God",3306,WIPE,581.159,Abrakadavar,P-b7de36807c83458d,7,2252699.0,562.774,96.84,0.0,0.0,130848.0,14885.0,Consume,1273112,8.0,spell_deathknight_gnaw_ghoul.jpg,66,False,70613.0,31993.0,235488.0,2034.0
7fgDKpMGWzkq8Hbm,6,"Chimaerus, the Undreamt God",3306,WIPE,581.159,Ämon,P-26f181f915fe34c3,24,2252699.0,562.774,96.84,0.0,0.0,81057.0,18489.0,Consume,1273112,8.0,spell_deathknight_gnaw_ghoul.jpg,66,False,98740.0,50189.0,235488.0,5502.0
7fgDKpMGWzkq8Hbm,6,"Chimaerus, the Undreamt God",3306,WIPE,581.159,Mortiis,P-7712d5bc5acb46e6,42,2252700.0,562.775,96.84,0.0,0.0,119825.0,0.0,Consume,1273112,8.0,spell_deathknight_gnaw_ghoul.jpg,66,False,84614.0,31049.0,235488.0,0.0
7fgDKpMGWzkq8Hbm,6,"Chimaerus, the Undreamt God",3306,WIPE,581.159,Cryonox,P-31619035e7d32aa2,9,2254677.0,564.752,97.18,0.0,0.0,31487.0,19165.0,Consume,1273112,8.0,spell_deathknight_gnaw_ghoul.jpg,66,False,59807.0,30226.0,235488.0,113968.0
7fgDKpMGWzkq8Hbm,6,"Chimaerus, the Undreamt God",3306,WIPE,581.159,Hörnstar,P-7d8495005048bc14,4,2256664.0,566.739,97.52,0.0,0.0,59977.0,17328.0,Consume,1273112,8.0,spell_deathknight_gnaw_ghoul.jpg,66,False,40512.0,52209.0,235488.0,82790.0
7fgDKpMGWzkq8Hbm,6,"Chimaerus, the Undreamt God",3306,WIPE,581.159,Chontosh,P-81cad9c290ac9716,123,2257187.0,567.262,97.61,0.0,0.0,83804.0,10813.0,Cannibalized Essence,1280655,8.0,ability_racial_cannibalize.jpg,66,False,103558.0,55404.0,294360.0,51594.0
7fgDKpMGWzkq8Hbm,6,"Chimaerus, the Undreamt God",3306,WIPE,581.159,Emikohime,P-fdb70b9324d83913,39,2257456.0,567.531,97.66,0.0,0.0,12334.0,796.0,Cannibalized Essence,1280655,8.0,ability_racial_cannibalize.jpg,66,False,233997.0,40490.0,294360.0,7539.0
7fgDKpMGWzkq8Hbm,6,"Chimaerus, the Undreamt God",3306,WIPE,581.159,Lìllith,P-093da9358d901c39,20,2257560.0,567.635,97.67,0.0,0.0,30002.0,90381.0,Cannibalized Essence,1280655,8.0,ability_racial_cannibalize.jpg,66,False,189904.0,44395.0,294360.0,30059.0
7fgDKpMGWzkq8Hbm,6,"Chimaerus, the Undreamt God",3306,WIPE,581.159,Meowrawrxo,P-cae9f2bae0773bc9,52,2257709.0,567.784,97.7,0.0,0.0,118804.0,7406.0,Cannibalized Essence,1280655,8.0,ability_racial_cannibalize.jpg,66,False,127850.0,45215.0,294360.0,2491.0
7fgDKpMGWzkq8Hbm,6,"Chimaerus, the Undreamt God",3306,WIPE,581.159,Viserion,P-daa9879d41bb66dd,15,2258367.0,568.442,97.81,0.0,0.0,50298.0,9788.0,Alndust Essence,1245919,8.0,inv__azerite-area-denial.jpg,,False,24123.0,56531.0,132462.0,1510.0
7fgDKpMGWzkq8Hbm,6,"Chimaerus, the Undreamt God",3306,WIPE,581.159,Primeval,P-d2cfbf0e9385c81d,17,2263989.0,574.064,98.78,0.0,0.0,83132.0,1421.0,Lingering Miasma,1258192,8.0,spell_azerite_essence01.jpg,66,False,42555.0,29743.0,155430.0,0.0
7fgDKpMGWzkq8Hbm,6,"Chimaerus, the Undreamt God",3306,WIPE,581.159,Decayed,P-584cf7139227dcac,23,2267251.0,577.326,99.34,0.0,0.0,0.0,12617.0,Consuming Miasma,1257087,8.0,spell_azerite_essence_16.jpg,66,False,70699.0,29472.0,148356.0,48185.0
7fgDKpMGWzkq8Hbm,6,"Chimaerus, the Undreamt God",3306,WIPE,581.159,Mannarchy,P-074ea59fb89e97f7,8,2271071.0,581.146,100.0,0.0,0.0,0.0,0.0,,,,,,,,,,
7fgDKpMGWzkq8Hbm,7,"Chimaerus, the Undreamt God",3306,WIPE,534.365,Emikohime,P-fdb70b9324d83913,39,2558435.0,195.519,36.59,0.0,0.0,10818.0,8853.0,Lingering Miasma,1258192,8.0,spell_azerite_essence01.jpg,66,False,33483.0,6611.0,51810.0,898.0
7fgDKpMGWzkq8Hbm,7,"Chimaerus, the Undreamt God",3306,WIPE,534.365,Spàdes,P-4b77dd2f26623c73,19,2719574.0,356.658,66.74,0.0,0.0,8476.0,28192.0,Caustic Phlegm,1246653,8.0,inv_ability_poison_orb.jpg,66,False,7366.0,5352.0,21194.0,0.0
7fgDKpMGWzkq8Hbm,7,"Chimaerus, the Undreamt God",3306,WIPE,534.365,Ämon,P-26f181f915fe34c3,24,2798699.0,435.783,81.55,0.0,0.0,25638.0,9017.0,Caustic Phlegm,1246653,8.0,inv_ability_poison_orb.jpg,66,False,8785.0,7267.0,42388.0,698.0
7fgDKpMGWzkq8Hbm,7,"Chimaerus, the Undreamt God",3306,WIPE,534.365,Sinfxl,P-59860c89738c2525,47,2799490.0,436.574,81.7,0.0,0.0,30444.0,29017.0,Caustic Phlegm,1246653,8.0,inv_ability_poison_orb.jpg,66,False,3666.0,8278.0,42388.0,0.0
7fgDKpMGWzkq8Hbm,7,"Chimaerus, the Undreamt God",3306,WIPE,534.365,Mortiis,P-7712d5bc5acb46e6,42,2799814.0,436.898,81.76,0.0,0.0,23290.0,29022.0,Caustic Phlegm,1246653,8.0,inv_ability_poison_orb.jpg,66,False,10688.0,7721.0,42388.0,689.0
7fgDKpMGWzkq8Hbm,7,"Chimaerus, the Undreamt God",3306,WIPE,534.365,Meowrawrxo,P-cae9f2bae0773bc9,52,2800723.0,437.807,81.93,0.0,0.0,58492.0,9144.0,Lingering Miasma,1258192,8.0,spell_azerite_essence01.jpg,66,False,22336.0,21152.0,103620.0,1640.0
7fgDKpMGWzkq8Hbm,7,"Chimaerus, the Undreamt God",3306,WIPE,534.365,Siare,P-386d8566043e1cef,73,2802217.0,439.301,82.21,0.0,0.0,18680.0,12002.0,Caustic Phlegm,1246653,8.0,inv_ability_poison_orb.jpg,66,False,14566.0,4700.0,42388.0,4442.0
7fgDKpMGWzkq8Hbm,7,"Chimaerus, the Undreamt God",3306,WIPE,534.365,Danzilla,P-8ee1779dcaa9232f,25,2825797.0,462.881,86.62,0.0,0.0,35001.0,4939.0,Lingering Miasma,1258192,8.0,spell_azerite_essence01.jpg,66,False,50342.0,17415.0,103620.0,862.0
7fgDKpMGWzkq8Hbm,7,"Chimaerus, the Undreamt God",3306,WIPE,534.365,Grapefroot,P-9a88c0c48c4cf21f,1,2827437.0,464.521,86.93,0.0,0.0,10700.0,16247.0,Lingering Miasma,1258192,8.0,spell_azerite_essence01.jpg,66,False,79114.0,12899.0,103620.0,907.0
7fgDKpMGWzkq8Hbm,7,"Chimaerus, the Undreamt God",3306,WIPE,534.365,Aurëus,P-f95b1f39aecd9371,6,2853293.0,490.377,91.77,0.0,0.0,5271.0,11184.0,Lingering Miasma,1258192,8.0,spell_azerite_essence01.jpg,66,False,76244.0,22105.0,103620.0,0.0
7fgDKpMGWzkq8Hbm,7,"Chimaerus, the Undreamt God",3306,WIPE,534.365,Emikohime,P-fdb70b9324d83913,39,2854374.0,491.458,91.97,0.0,0.0,7305.0,5014.0,Caustic Phlegm,1246653,8.0,inv_ability_poison_orb.jpg,66,False,26436.0,7616.0,42388.0,1031.0
7fgDKpMGWzkq8Hbm,7,"Chimaerus, the Undreamt God",3306,WIPE,534.365,Mannarchy,P-074ea59fb89e97f7,8,2870577.0,507.661,95.0,0.0,0.0,3782.0,2416.0,Melee,1,1.0,inv_axe_02.jpg,66,False,359420.0,681182.0,1060909.0,16525.0
7fgDKpMGWzkq8Hbm,7,"Chimaerus, the Undreamt God",3306,WIPE,534.365,Abrakadavar,P-b7de36807c83458d,7,2884636.0,521.72,97.63,0.0,0.0,909318.0,0.0,Alndust Upheaval,1262305,8.0,ability_earthen_azeritesurge.jpg,66,False,359280.0,372941.0,1677850.0,36311.0
7fgDKpMGWzkq8Hbm,7,"Chimaerus, the Undreamt God",3306,WIPE,534.365,Decayed,P-584cf7139227dcac,23,2884637.0,521.721,97.63,0.0,0.0,268632.0,0.0,Alndust Upheaval,1262305,8.0,ability_earthen_azeritesurge.jpg,66,False,639876.0,471471.0,1677850.0,297871.0
7fgDKpMGWzkq8Hbm,7,"Chimaerus, the Undreamt God",3306,WIPE,534.365,Hörnstar,P-7d8495005048bc14,4,2886417.0,523.501,97.97,0.0,0.0,305720.0,0.0,Melee,1,1.0,inv_axe_02.jpg,66,False,379607.0,312928.0,1054677.0,56422.0
7fgDKpMGWzkq8Hbm,7,"Chimaerus, the Undreamt God",3306,WIPE,534.365,Cryonox,P-31619035e7d32aa2,9,2888820.0,525.904,98.42,0.0,0.0,22796.0,0.0,Melee,1,1.0,inv_axe_02.jpg,66,False,395420.0,304706.0,894394.0,171472.0
7fgDKpMGWzkq8Hbm,7,"Chimaerus, the Undreamt God",3306,WIPE,534.365,Primeval,P-d2cfbf0e9385c81d,17,2893739.0,530.823,99.34,0.0,0.0,0.0,0.0,,,,,,,,,,
7fgDKpMGWzkq8Hbm,7,"Chimaerus, the Undreamt God",3306,WIPE,534.365,Chontosh,P-81cad9c290ac9716,123,2895117.0,532.201,99.6,0.0,0.0,0.0,987.0,,,,,,,,,,
7fgDKpMGWzkq8Hbm,7,"Chimaerus, the Undreamt God",3306,WIPE,534.365,Viserion,P-daa9879d41bb66dd,15,2896732.0,533.816,99.9,0.0,0.0,0.0,1987.0,,,,,,,,,,
7fgDKpMGWzkq8Hbm,7,"Chimaerus, the Undreamt God",3306,WIPE,534.365,Lìllith,P-093da9358d901c39,20,2896890.0,533.974,99.93,0.0,0.0,346984.0,0.0,Melee,1,1.0,inv_axe_02.jpg,66,False,307368.0,302873.0,1037390.0,80165.0
7fgDKpMGWzkq8Hbm,8,"Chimaerus, the Undreamt God",3306,WIPE,593.1,Cryonox,P-31619035e7d32aa2,9,3252383.0,191.185,32.23,0.0,0.0,3775.0,14903.0,Corrupted Devastation,1245486,8.0,spell_azerite_essence02.jpg,66,False,120421.0,55640.0,294360.0,114524.0
7fgDKpMGWzkq8Hbm,8,"Chimaerus, the Undreamt God",3306,WIPE,593.1,Ämon,P-26f181f915fe34c3,24,3398858.0,337.66,56.93,0.0,0.0,16910.0,8181.0,Lingering Miasma,1258192,8.0,spell_azerite_essence01.jpg,66,False,55926.0,30784.0,103620.0,0.0
7fgDKpMGWzkq8Hbm,8,"Chimaerus, the Undreamt God",3306,WIPE,593.1,Viserion,P-daa9879d41bb66dd,15,3398859.0,337.661,56.93,0.0,0.0,18261.0,4022.0,Lingering Miasma,1258192,8.0,spell_azerite_essence01.jpg,66,False,64933.0,18738.0,103620.0,1688.0
7fgDKpMGWzkq8Hbm,8,"Chimaerus, the Undreamt God",3306,WIPE,593.1,Spàdes,P-4b77dd2f26623c73,19,3410783.0,349.585,58.94,0.0,0.0,122366.0,12037.0,Colossal Strikes,1262053,1.0,ability_golemthunderclap.jpg,86,False,36389.0,135605.0,294360.0,0.0
7fgDKpMGWzkq8Hbm,8,"Chimaerus, the Undreamt God",3306,WIPE,593.1,Sinfxl,P-59860c89738c2525,47,3622833.0,561.635,94.69,0.0,0.0,0.0,4578.0,,,,,,,,,,
7fgDKpMGWzkq8Hbm,8,"Chimaerus, the Undreamt God",3306,WIPE,593.1,Danzilla,P-8ee1779dcaa9232f,25,3623799.0,562.601,94.86,0.0,0.0,3442.0,17773.0,Consume,1273112,8.0,spell_deathknight_gnaw_ghoul.jpg,66,False,82278.0,28695.0,117744.0,3329.0
7fgDKpMGWzkq8Hbm,8,"Chimaerus, the Undreamt God",3306,WIPE,593.1,Grapefroot,P-9a88c0c48c4cf21f,1,3626370.0,565.172,95.29,0.0,0.0,112763.0,11807.0,Cannibalized Essence,1280655,8.0,ability_racial_cannibalize.jpg,66,False,86559.0,95038.0,294360.0,0.0
7fgDKpMGWzkq8Hbm,8,"Chimaerus, the Undreamt God",3306,WIPE,593.1,Aurëus,P-f95b1f39aecd9371,6,3626545.0,565.347,95.32,0.0,0.0,119.0,84291.0,Cannibalized Essence,1280655,8.0,ability_racial_cannibalize.jpg,66,False,231820.0,60079.0,294360.0,2342.0
7fgDKpMGWzkq8Hbm,8,"Chimaerus, the Undreamt God",3306,WIPE,593.1,Viserion,P-daa9879d41bb66dd,15,3626545.0,565.347,95.32,0.0,0.0,213573.0,12101.0,Cannibalized Essence,1280655,8.0,ability_racial_cannibalize.jpg,66,False,35195.0,40542.0,294360.0,5050.0
7fgDKpMGWzkq8Hbm,8,"Chimaerus, the Undreamt God",3306,WIPE,593.1,Mortiis,P-7712d5bc5acb46e6,42,3626616.0,565.418,95.33,0.0,0.0,16122.0,818.0,Cannibalized Essence,1280655,8.0,ability_racial_cannibalize.jpg,66,False,230533.0,45214.0,294360.0,2491.0
7fgDKpMGWzkq8Hbm,8,"Chimaerus, the Undreamt God",3306,WIPE,593.1,Lìllith,P-093da9358d901c39,20,3626848.0,565.65,95.37,0.0,0.0,183860.0,21310.0,Cannibalized Essence,1280655,8.0,ability_racial_cannibalize.jpg,66,False,53026.0,31154.0,294360.0,26320.0
7fgDKpMGWzkq8Hbm,8,"Chimaerus, the Undreamt God",3306,WIPE,593.1,Abrakadavar,P-b7de36807c83458d,7,3626981.0,565.783,95.39,0.0,0.0,180298.0,16757.0,Cannibalized Essence,1280655,8.0,ability_racial_cannibalize.jpg,66,False,58885.0,55177.0,294360.0,0.0
7fgDKpMGWzkq8Hbm,8,"Chimaerus, the Undreamt God",3306,WIPE,593.1,Chontosh,P-81cad9c290ac9716,123,3627103.0,565.905,95.41,0.0,0.0,162650.0,12128.0,Cannibalized Essence,1280655,8.0,ability_racial_cannibalize.jpg,66,False,69039.0,62671.0,294360.0,0.0
7fgDKpMGWzkq8Hbm,8,"Chimaerus, the Undreamt God",3306,WIPE,593.1,Hörnstar,P-7d8495005048bc14,4,3631805.0,570.607,96.21,0.0,0.0,136576.0,5325.0,Rift Emergence,1258610,8.0,inv_azeritefireball.jpg,66,False,185194.0,133987.0,485694.0,29937.0
7fgDKpMGWzkq8Hbm,8,"Chimaerus, the Undreamt God",3306,WIPE,593.1,Emikohime,P-fdb70b9324d83913,39,3631806.0,570.608,96.21,0.0,0.0,23876.0,0.0,Rift Emergence,1258610,8.0,inv_azeritefireball.jpg,66,False,361960.0,95961.0,485694.0,3897.0
7fgDKpMGWzkq8Hbm,8,"Chimaerus, the Undreamt God",3306,WIPE,593.1,Meowrawrxo,P-cae9f2bae0773bc9,52,3631807.0,570.609,96.21,0.0,0.0,285693.0,0.0,Rift Emergence,1258610,8.0,inv_azeritefireball.jpg,66,False,147172.0,52829.0,485694.0,0.0
7fgDKpMGWzkq8Hbm,8,"Chimaerus, the Undreamt God",3306,WIPE,593.1,Primeval,P-d2cfbf0e9385c81d,17,3631808.0,570.61,96.21,0.0,0.0,18275.0,28341.0,Rift Emergence,1258610,8.0,inv_azeritefireball.jpg,66,False,379313.0,84090.0,485694.0,4016.0
7fgDKpMGWzkq8Hbm,8,"Chimaerus, the Undreamt God",3306,WIPE,593.1,Siare,P-386d8566043e1cef,73,3631809.0,570.611,96.21,0.0,0.0,3256.0,6669.0,Rift Emergence,1258610,8.0,inv_azeritefireball.jpg,66,False,330860.0,100062.0,485694.0,51516.0
7fgDKpMGWzkq8Hbm,8,"Chimaerus, the Undreamt God",3306,WIPE,593.1,Ämon,P-26f181f915fe34c3,24,3641327.0,580.129,97.81,0.0,0.0,0.0,26280.0,,,,,,,,,,
7fgDKpMGWzkq8Hbm,8,"Chimaerus, the Undreamt God",3306,WIPE,593.1,Decayed,P-584cf7139227dcac,23,3642838.0,581.64,98.07,0.0,0.0,0.0,19028.0,Alndust Upheaval,1262305,8.0,ability_earthen_azeritesurge.jpg,66,False,0.0,1040046.0,1325169.0,285123.0
7fgDKpMGWzkq8Hbm,8,"Chimaerus, the Undreamt God",3306,WIPE,593.1,Mannarchy,P-074ea59fb89e97f7,8,3654092.0,592.894,99.97,0.0,0.0,0.0,34787.0,,,,,,,,,,
7fgDKpMGWzkq8Hbm,9,"Chimaerus, the Undreamt God",3306,WIPE,406.204,Sinfxl,P-59860c89738c2525,47,4666731.0,390.972,96.25,0.0,0.0,0.0,35403.0,,,,,,,,,,
7fgDKpMGWzkq8Hbm,9,"Chimaerus, the Undreamt God",3306,WIPE,406.204,Abrakadavar,P-b7de36807c83458d,7,4671852.0,396.093,97.51,0.0,0.0,92564.0,2405.0,Cannibalized Essence,1280655,8.0,ability_racial_cannibalize.jpg,66,False,120996.0,78643.0,294360.0,2157.0
7fgDKpMGWzkq8Hbm,9,"Chimaerus, the Undreamt God",3306,WIPE,406.204,Cryonox,P-31619035e7d32aa2,9,4671973.0,396.214,97.54,0.0,0.0,28138.0,11024.0,Cannibalized Essence,1280655,8.0,ability_racial_cannibalize.jpg,66,False,107152.0,73524.0,283763.0,74949.0
7fgDKpMGWzkq8Hbm,9,"Chimaerus, the Undreamt God",3306,WIPE,406.204,Spàdes,P-4b77dd2f26623c73,19,4671974.0,396.215,97.54,0.0,0.0,151054.0,101.0,Cannibalized Essence,1280655,8.0,ability_racial_cannibalize.jpg,66,False,112984.0,169421.0,441540.0,8081.0
7fgDKpMGWzkq8Hbm,9,"Chimaerus, the Undreamt God",3306,WIPE,406.204,Hörnstar,P-7d8495005048bc14,4,4672010.0,396.251,97.55,0.0,0.0,51020.0,9528.0,Cannibalized Essence,1280655,8.0,ability_racial_cannibalize.jpg,66,False,139525.0,79006.0,294360.0,24809.0
7fgDKpMGWzkq8Hbm,9,"Chimaerus, the Undreamt God",3306,WIPE,406.204,Viserion,P-daa9879d41bb66dd,15,4672078.0,396.319,97.57,0.0,0.0,256844.0,9601.0,Cannibalized Essence,1280655,8.0,ability_racial_cannibalize.jpg,66,False,44380.0,134201.0,441540.0,6115.0
7fgDKpMGWzkq8Hbm,9,"Chimaerus, the Undreamt God",3306,WIPE,406.204,Grapefroot,P-9a88c0c48c4cf21f,1,4672168.0,396.409,97.59,0.0,0.0,91800.0,17511.0,Cannibalized Essence,1280655,8.0,ability_racial_cannibalize.jpg,66,False,87628.0,260300.0,441540.0,1812.0
7fgDKpMGWzkq8Hbm,9,"Chimaerus, the Undreamt God",3306,WIPE,406.204,Meowrawrxo,P-cae9f2bae0773bc9,52,4672168.0,396.409,97.59,0.0,0.0,45630.0,22778.0,Cannibalized Essence,1280655,8.0,ability_racial_cannibalize.jpg,66,False,177408.0,69070.0,294360.0,2252.0
7fgDKpMGWzkq8Hbm,9,"Chimaerus, the Undreamt God",3306,WIPE,406.204,Mortiis,P-7712d5bc5acb46e6,42,4672169.0,396.41,97.59,0.0,0.0,103779.0,10722.0,Cannibalized Essence,1280655,8.0,ability_racial_cannibalize.jpg,66,False,95330.0,93240.0,294360.0,2011.0
7fgDKpMGWzkq8Hbm,9,"Chimaerus, the Undreamt God",3306,WIPE,406.204,Siare,P-386d8566043e1cef,73,4672169.0,396.41,97.59,0.0,0.0,6916.0,16125.0,Cannibalized Essence,1280655,8.0,ability_racial_cannibalize.jpg,66,False,145199.0,125344.0,294360.0,16901.0
7fgDKpMGWzkq8Hbm,9,"Chimaerus, the Undreamt God",3306,WIPE,406.204,Danzilla,P-8ee1779dcaa9232f,25,4672228.0,396.469,97.6,0.0,0.0,35635.0,47654.0,Cannibalized Essence,1280655,8.0,ability_racial_cannibalize.jpg,66,False,121879.0,132025.0,294360.0,4821.0
7fgDKpMGWzkq8Hbm,9,"Chimaerus, the Undreamt God",3306,WIPE,406.204,Aurëus,P-f95b1f39aecd9371,6,4672229.0,396.47,97.6,0.0,0.0,1121.0,11153.0,Cannibalized Essence,1280655,8.0,ability_racial_cannibalize.jpg,66,False,200135.0,91072.0,294360.0,2032.0
7fgDKpMGWzkq8Hbm,9,"Chimaerus, the Undreamt God",3306,WIPE,406.204,Ämon,P-26f181f915fe34c3,24,4672229.0,396.47,97.6,0.0,0.0,160992.0,12146.0,Cannibalized Essence,1280655,8.0,ability_racial_cannibalize.jpg,66,False,68317.0,62735.0,294360.0,2316.0
7fgDKpMGWzkq8Hbm,9,"Chimaerus, the Undreamt God",3306,WIPE,406.204,Chontosh,P-81cad9c290ac9716,123,4672290.0,396.531,97.62,0.0,0.0,237001.0,13161.0,Cannibalized Essence,1280655,8.0,ability_racial_cannibalize.jpg,66,False,76712.0,121459.0,441540.0,6368.0
7fgDKpMGWzkq8Hbm,9,"Chimaerus, the Undreamt God",3306,WIPE,406.204,Emikohime,P-fdb70b9324d83913,39,4672326.0,396.567,97.63,0.0,0.0,2937.0,11360.0,Cannibalized Essence,1280655,8.0,ability_racial_cannibalize.jpg,66,False,184274.0,101419.0,294360.0,5730.0
7fgDKpMGWzkq8Hbm,9,"Chimaerus, the Undreamt God",3306,WIPE,406.204,Lìllith,P-093da9358d901c39,20,4672501.0,396.742,97.67,0.0,0.0,63100.0,10978.0,Cannibalized Essence,1280655,8.0,ability_racial_cannibalize.jpg,66,False,126449.0,81624.0,294360.0,23187.0
7fgDKpMGWzkq8Hbm,9,"Chimaerus, the Undreamt God",3306,WIPE,406.204,Primeval,P-d2cfbf0e9385c81d,17,4672919.0,397.16,97.77,0.0,0.0,233087.0,24470.0,Cannibalized Essence,1280655,8.0,ability_racial_cannibalize.jpg,66,False,67081.0,285521.0,588720.0,3031.0
7fgDKpMGWzkq8Hbm,9,"Chimaerus, the Undreamt God",3306,WIPE,406.204,Decayed,P-584cf7139227dcac,23,4675361.0,399.602,98.37,0.0,0.0,0.0,18067.0,Cannibalized Essence,1280655,8.0,ability_racial_cannibalize.jpg,66,False,96632.0,219198.0,588720.0,272890.0
7fgDKpMGWzkq8Hbm,10,"Chimaerus, the Undreamt God",3306,WIPE,148.916,Decayed,P-584cf7139227dcac,23,4930968.0,107.6,72.26,0.0,0.0,0.0,17912.0,Colossal Strikes,1262059,8.0,ability_golemthunderclap.jpg,,,,,,
7fgDKpMGWzkq8Hbm,10,"Chimaerus, the Undreamt God",3306,WIPE,148.916,Hörnstar,P-7d8495005048bc14,4,4941578.0,118.21,79.38,0.0,0.0,6912.0,26155.0,Melee,1,1.0,inv_axe_02.jpg,86,False,81435.0,110126.0,208289.0,9816.0
7fgDKpMGWzkq8Hbm,10,"Chimaerus, the Undreamt God",3306,WIPE,148.916,Ämon,P-26f181f915fe34c3,24,4943667.0,120.299,80.78,0.0,0.0,35552.0,14556.0,Melee,1,1.0,inv_axe_02.jpg,86,False,89022.0,85884.0,210458.0,0.0
7fgDKpMGWzkq8Hbm,10,"Chimaerus, the Undreamt God",3306,WIPE,148.916,Spàdes,P-4b77dd2f26623c73,19,4946914.0,123.546,82.96,0.0,0.0,21602.0,31512.0,Colossal Strikes,1262053,1.0,ability_golemthunderclap.jpg,86,False,150958.0,121800.0,294360.0,0.0
7fgDKpMGWzkq8Hbm,10,"Chimaerus, the Undreamt God",3306,WIPE,148.916,Primeval,P-d2cfbf0e9385c81d,17,4951026.0,127.658,85.72,0.0,0.0,270.0,43684.0,Discordant Roar,1249207,1.0,ability_druid_challangingroar.jpg,86,False,101676.0,4023.0,105969.0,0.0
7fgDKpMGWzkq8Hbm,10,"Chimaerus, the Undreamt God",3306,WIPE,148.916,Meowrawrxo,P-cae9f2bae0773bc9,52,4954209.0,130.841,87.86,0.0,0.0,12560.0,14353.0,Caustic Phlegm,1246653,8.0,inv_ability_poison_orb.jpg,66,False,7114.0,1520.0,21194.0,0.0
7fgDKpMGWzkq8Hbm,10,"Chimaerus, the Undreamt God",3306,WIPE,148.916,Mannarchy,P-074ea59fb89e97f7,8,4957774.0,134.406,90.26,0.0,0.0,0.0,0.0,,,,,,,,,,
7fgDKpMGWzkq8Hbm,10,"Chimaerus, the Undreamt God",3306,WIPE,148.916,Sinfxl,P-59860c89738c2525,47,4958168.0,134.8,90.52,0.0,0.0,0.0,0.0,,,,,,,,,,
7fgDKpMGWzkq8Hbm,10,"Chimaerus, the Undreamt God",3306,WIPE,148.916,Cryonox,P-31619035e7d32aa2,9,4959253.0,135.885,91.25,0.0,0.0,0.0,1989.0,,,,,,,,,,
7fgDKpMGWzkq8Hbm,10,"Chimaerus, the Undreamt God",3306,WIPE,148.916,Viserion,P-daa9879d41bb66dd,15,4959909.0,136.541,91.69,0.0,0.0,0.0,3997.0,,,,,,,,,,
7fgDKpMGWzkq8Hbm,10,"Chimaerus, the Undreamt God",3306,WIPE,148.916,Abrakadavar,P-b7de36807c83458d,7,4960554.0,137.186,92.12,0.0,0.0,161491.0,0.0,Melee,1,1.0,inv_axe_02.jpg,66,False,277848.0,91314.0,530653.0,0.0
7fgDKpMGWzkq8Hbm,10,"Chimaerus, the Undreamt God",3306,WIPE,148.916,Danzilla,P-8ee1779dcaa9232f,25,4961227.0,137.859,92.58,0.0,0.0,3090.0,33853.0,Caustic Phlegm,1246653,8.0,inv_ability_poison_orb.jpg,66,False,15998.0,2106.0,21194.0,0.0
7fgDKpMGWzkq8Hbm,10,"Chimaerus, the Undreamt God",3306,WIPE,148.916,Emikohime,P-fdb70b9324d83913,39,4961708.0,138.34,92.9,0.0,0.0,0.0,2997.0,,,,,,,,,,
7fgDKpMGWzkq8Hbm,10,"Chimaerus, the Undreamt God",3306,WIPE,148.916,Aurëus,P-f95b1f39aecd9371,6,4962842.0,139.474,93.66,0.0,0.0,0.0,5992.0,,,,,,,,,,
7fgDKpMGWzkq8Hbm,10,"Chimaerus, the Undreamt God",3306,WIPE,148.916,Grapefroot,P-9a88c0c48c4cf21f,1,4963821.0,140.453,94.32,0.0,0.0,0.0,11435.0,,,,,,,,,,
7fgDKpMGWzkq8Hbm,10,"Chimaerus, the Undreamt God",3306,WIPE,148.916,Chontosh,P-81cad9c290ac9716,123,4964133.0,140.765,94.53,0.0,0.0,0.0,5989.0,,,,,,,,,,
7fgDKpMGWzkq8Hbm,10,"Chimaerus, the Undreamt God",3306,WIPE,148.916,Lìllith,P-093da9358d901c39,20,4965324.0,141.956,95.33,0.0,0.0,805.0,39249.0,Caustic Phlegm,1246653,8.0,inv_ability_poison_orb.jpg,66,False,15737.0,1774.0,21194.0,2878.0
7fgDKpMGWzkq8Hbm,10,"Chimaerus, the Undreamt God",3306,WIPE,148.916,Mortiis,P-7712d5bc5acb46e6,42,4967411.0,144.043,96.73,0.0,0.0,0.0,12997.0,,,,,,,,,,
7fgDKpMGWzkq8Hbm,10,"Chimaerus, the Undreamt God",3306,WIPE,148.916,Decayed,P-584cf7139227dcac,23,4968974.0,145.606,97.78,0.0,0.0,0.0,15561.0,,,,,,,,,,
7fgDKpMGWzkq8Hbm,10,"Chimaerus, the Undreamt God",3306,WIPE,148.916,Siare,P-386d8566043e1cef,73,4971731.0,148.363,99.63,0.0,0.0,0.0,22980.0,,,,,,,,,,
7fgDKpMGWzkq8Hbm,11,"Chimaerus, the Undreamt God",3306,WIPE,138.131,Ämon,P-26f181f915fe34c3,24,5219656.0,92.072,66.66,0.0,0.0,129109.0,0.0,Alndust Upheaval,1262305,8.0,ability_earthen_azeritesurge.jpg,66,False,343844.0,81553.0,559283.0,4777.0
7fgDKpMGWzkq8Hbm,11,"Chimaerus, the Undreamt God",3306,WIPE,138.131,Hörnstar,P-7d8495005048bc14,4,5223243.0,95.659,69.25,0.0,0.0,11914.0,4006.0,Lingering Miasma,1258192,8.0,spell_azerite_essence01.jpg,66,False,11435.0,25867.0,51810.0,2594.0
7fgDKpMGWzkq8Hbm,11,"Chimaerus, the Undreamt God",3306,WIPE,138.131,Sinfxl,P-59860c89738c2525,47,5246092.0,118.508,85.79,0.0,0.0,0.0,4001.0,,,,,,,,,,
7fgDKpMGWzkq8Hbm,11,"Chimaerus, the Undreamt God",3306,WIPE,138.131,Siare,P-386d8566043e1cef,73,5246575.0,118.991,86.14,0.0,0.0,0.0,14499.0,Falling,3,1.0,inv_axe_02.jpg,,False,78630.0,0.0,78630.0,0.0
7fgDKpMGWzkq8Hbm,11,"Chimaerus, the Undreamt God",3306,WIPE,138.131,Meowrawrxo,P-cae9f2bae0773bc9,52,5246700.0,119.116,86.23,0.0,0.0,0.0,2004.0,,,,,,,,,,
7fgDKpMGWzkq8Hbm,11,"Chimaerus, the Undreamt God",3306,WIPE,138.131,Hörnstar,P-7d8495005048bc14,4,5246899.0,119.315,86.38,0.0,0.0,0.0,-5239363.0,,,,,,,,,,
7fgDKpMGWzkq8Hbm,11,"Chimaerus, the Undreamt God",3306,WIPE,138.131,Spàdes,P-4b77dd2f26623c73,19,5248086.0,120.502,87.24,0.0,0.0,0.0,14989.0,,,,,,,,,,
7fgDKpMGWzkq8Hbm,11,"Chimaerus, the Undreamt God",3306,WIPE,138.131,Cryonox,P-31619035e7d32aa2,9,5248507.0,120.923,87.54,0.0,0.0,0.0,18007.0,,,,,,,,,,
7fgDKpMGWzkq8Hbm,11,"Chimaerus, the Undreamt God",3306,WIPE,138.131,Mortiis,P-7712d5bc5acb46e6,42,5248536.0,120.952,87.56,0.0,0.0,0.0,5005.0,,,,,,,,,,
7fgDKpMGWzkq8Hbm,11,"Chimaerus, the Undreamt God",3306,WIPE,138.131,Grapefroot,P-9a88c0c48c4cf21f,1,5248816.0,121.232,87.77,0.0,0.0,0.0,11993.0,,,,,,,,,,
7fgDKpMGWzkq8Hbm,11,"Chimaerus, the Undreamt God",3306,WIPE,138.131,Primeval,P-d2cfbf0e9385c81d,17,5249062.0,121.478,87.94,0.0,0.0,0.0,5994.0,,,,,,,,,,
7fgDKpMGWzkq8Hbm,11,"Chimaerus, the Undreamt God",3306,WIPE,138.131,Mannarchy,P-074ea59fb89e97f7,8,5249115.0,121.531,87.98,0.0,0.0,0.0,6481.0,,,,,,,,,,
7fgDKpMGWzkq8Hbm,11,"Chimaerus, the Undreamt God",3306,WIPE,138.131,Lìllith,P-093da9358d901c39,20,5249134.0,121.55,88.0,0.0,0.0,0.0,16992.0,,,,,,,,,,
7fgDKpMGWzkq8Hbm,11,"Chimaerus, the Undreamt God",3306,WIPE,138.131,Danzilla,P-8ee1779dcaa9232f,25,5249508.0,121.924,88.27,0.0,0.0,0.0,6001.0,,,,,,,,,,
7fgDKpMGWzkq8Hbm,11,"Chimaerus, the Undreamt God",3306,WIPE,138.131,Viserion,P-daa9879d41bb66dd,15,5249708.0,122.124,88.41,0.0,0.0,0.0,15999.0,,,,,,,,,,
7fgDKpMGWzkq8Hbm,11,"Chimaerus, the Undreamt God",3306,WIPE,138.131,Abrakadavar,P-b7de36807c83458d,7,5250416.0,122.832,88.92,0.0,0.0,0.0,12000.0,,,,,,,,,,
7fgDKpMGWzkq8Hbm,11,"Chimaerus, the Undreamt God",3306,WIPE,138.131,Chontosh,P-81cad9c290ac9716,123,5250803.0,123.219,89.2,0.0,0.0,0.0,17995.0,,,,,,,,,,
7fgDKpMGWzkq8Hbm,11,"Chimaerus, the Undreamt God",3306,WIPE,138.131,Aurëus,P-f95b1f39aecd9371,6,5251393.0,123.809,89.63,0.0,0.0,0.0,3006.0,,,,,,,,,,
7fgDKpMGWzkq8Hbm,11,"Chimaerus, the Undreamt God",3306,WIPE,138.131,Emikohime,P-fdb70b9324d83913,39,5252495.0,124.911,90.43,0.0,0.0,0.0,5987.0,,,,,,,,,,
7fgDKpMGWzkq8Hbm,11,"Chimaerus, the Undreamt God",3306,WIPE,138.131,Decayed,P-584cf7139227dcac,23,5265433.0,137.849,99.8,0.0,0.0,0.0,46215.0,Melee,1,1.0,inv_axe_02.jpg,66,False,0.0,340671.0,537601.0,196930.0
7fgDKpMGWzkq8Hbm,12,"Chimaerus, the Undreamt God",3306,WIPE,399.812,Mannarchy,P-074ea59fb89e97f7,8,5682941.0,335.298,83.86,0.0,0.0,519195.0,0.0,Alndust Upheaval,1262305,8.0,ability_earthen_azeritesurge.jpg,66,False,441709.0,0.0,209731.0,10576.0
7fgDKpMGWzkq8Hbm,12,"Chimaerus, the Undreamt God",3306,WIPE,399.812,Spàdes,P-4b77dd2f26623c73,19,5690607.0,342.964,85.78,0.0,0.0,12353.0,15782.0,Melee,1,1.0,inv_axe_02.jpg,86,False,123101.0,72502.0,207956.0,0.0
7fgDKpMGWzkq8Hbm,12,"Chimaerus, the Undreamt God",3306,WIPE,399.812,Hörnstar,P-7d8495005048bc14,4,5697399.0,349.756,87.48,0.0,0.0,117416.0,22536.0,Colossal Strikes,1262053,1.0,ability_golemthunderclap.jpg,86,False,11639.0,150966.0,294360.0,14339.0
7fgDKpMGWzkq8Hbm,12,"Chimaerus, the Undreamt God",3306,WIPE,399.812,Danzilla,P-8ee1779dcaa9232f,25,5700546.0,352.903,88.27,0.0,0.0,5264.0,25715.0,Caustic Phlegm,1246653,8.0,inv_ability_poison_orb.jpg,66,False,13825.0,2105.0,21194.0,0.0
7fgDKpMGWzkq8Hbm,12,"Chimaerus, the Undreamt God",3306,WIPE,399.812,Ämon,P-26f181f915fe34c3,24,5702733.0,355.09,88.81,0.0,0.0,39526.0,19815.0,Discordant Roar,1249207,1.0,ability_druid_challangingroar.jpg,86,False,37453.0,11329.0,88308.0,0.0
7fgDKpMGWzkq8Hbm,12,"Chimaerus, the Undreamt God",3306,WIPE,399.812,Sinfxl,P-59860c89738c2525,47,5703020.0,355.377,88.89,0.0,0.0,0.0,0.0,,,,,,,,,,
7fgDKpMGWzkq8Hbm,12,"Chimaerus, the Undreamt God",3306,WIPE,399.812,Abrakadavar,P-b7de36807c83458d,7,5704528.0,356.885,89.26,0.0,0.0,8416.0,29697.0,Caustic Phlegm,1246653,8.0,inv_ability_poison_orb.jpg,66,False,10465.0,2313.0,21194.0,0.0
7fgDKpMGWzkq8Hbm,12,"Chimaerus, the Undreamt God",3306,WIPE,399.812,Mannarchy,P-074ea59fb89e97f7,8,5704713.0,357.07,89.31,0.0,0.0,0.0,9118.0,,,,,,,,,,
7fgDKpMGWzkq8Hbm,12,"Chimaerus, the Undreamt God",3306,WIPE,399.812,Meowrawrxo,P-cae9f2bae0773bc9,52,5706364.0,358.721,89.72,0.0,0.0,4791.0,10394.0,Melee,1,1.0,inv_axe_02.jpg,88,False,7302.0,3730.0,15823.0,0.0
7fgDKpMGWzkq8Hbm,12,"Chimaerus, the Undreamt God",3306,WIPE,399.812,Siare,P-386d8566043e1cef,73,5707502.0,359.859,90.01,0.0,0.0,65272.0,32677.0,Melee,1,1.0,inv_axe_02.jpg,86,False,80781.0,50417.0,212698.0,16228.0
7fgDKpMGWzkq8Hbm,12,"Chimaerus, the Undreamt God",3306,WIPE,399.812,Grapefroot,P-9a88c0c48c4cf21f,1,5712474.0,364.831,91.25,0.0,0.0,0.0,7010.0,,,,,,,,,,
7fgDKpMGWzkq8Hbm,12,"Chimaerus, the Undreamt God",3306,WIPE,399.812,Cryonox,P-31619035e7d32aa2,9,5738492.0,390.849,97.76,0.0,0.0,0.0,1990.0,,,,,,,,,,
7fgDKpMGWzkq8Hbm,12,"Chimaerus, the Undreamt God",3306,WIPE,399.812,Mortiis,P-7712d5bc5acb46e6,42,5739225.0,391.582,97.94,0.0,0.0,0.0,1990.0,,,,,,,,,,
7fgDKpMGWzkq8Hbm,12,"Chimaerus, the Undreamt God",3306,WIPE,399.812,Lìllith,P-093da9358d901c39,20,5743315.0,395.672,98.96,0.0,0.0,0.0,7403.0,,,,,,,,,,
7fgDKpMGWzkq8Hbm,12,"Chimaerus, the Undreamt God",3306,WIPE,399.812,Emikohime,P-fdb70b9324d83913,39,5743609.0,395.966,99.04,0.0,0.0,47849.0,180.0,Cannibalized Essence,1280655,8.0,ability_racial_cannibalize.jpg,66,False,174346.0,67654.0,294360.0,4511.0
7fgDKpMGWzkq8Hbm,12,"Chimaerus, the Undreamt God",3306,WIPE,399.812,Chontosh,P-81cad9c290ac9716,123,5743891.0,396.248,99.11,0.0,0.0,2999.0,449.0,Cannibalized Essence,1280655,8.0,ability_racial_cannibalize.jpg,66,False,200135.0,89175.0,294360.0,2051.0
7fgDKpMGWzkq8Hbm,12,"Chimaerus, the Undreamt God",3306,WIPE,399.812,Aurëus,P-f95b1f39aecd9371,6,5743964.0,396.321,99.13,0.0,0.0,161466.0,523.0,Cannibalized Essence,1280655,8.0,ability_racial_cannibalize.jpg,66,False,158959.0,95802.0,419463.0,3236.0
7fgDKpMGWzkq8Hbm,12,"Chimaerus, the Undreamt God",3306,WIPE,399.812,Viserion,P-daa9879d41bb66dd,15,5744032.0,396.389,99.14,0.0,0.0,80372.0,602.0,Cannibalized Essence,1280655,8.0,ability_racial_cannibalize.jpg,66,False,158268.0,53310.0,294360.0,2410.0
7fgDKpMGWzkq8Hbm,12,"Chimaerus, the Undreamt God",3306,WIPE,399.812,Primeval,P-d2cfbf0e9385c81d,17,5744359.0,396.716,99.23,0.0,0.0,56435.0,930.0,Cannibalized Essence,1280655,8.0,ability_racial_cannibalize.jpg,66,False,157321.0,227784.0,441540.0,0.0
7fgDKpMGWzkq8Hbm,12,"Chimaerus, the Undreamt God",3306,WIPE,399.812,Decayed,P-584cf7139227dcac,23,5746987.0,399.344,99.88,0.0,0.0,0.0,3557.0,Cannibalized Essence,1280655,8.0,ability_racial_cannibalize.jpg,,,,,,
7fgDKpMGWzkq8Hbm,13,"Chimaerus, the Undreamt God",3306,WIPE,84.64,Sinfxl,P-59860c89738c2525,47,5887153.0,68.378,80.79,0.0,0.0,0.0,0.0,,,,,,,,,,
7fgDKpMGWzkq8Hbm,13,"Chimaerus, the Undreamt God",3306,WIPE,84.64,Viserion,P-daa9879d41bb66dd,15,5887301.0,68.526,80.96,0.0,0.0,0.0,11001.0,,,,,,,,,,
7fgDKpMGWzkq8Hbm,13,"Chimaerus, the Undreamt God",3306,WIPE,84.64,Siare,P-386d8566043e1cef,73,5887913.0,69.138,81.68,0.0,0.0,0.0,0.0,,,,,,,,,,
7fgDKpMGWzkq8Hbm,13,"Chimaerus, the Undreamt God",3306,WIPE,84.64,Meowrawrxo,P-cae9f2bae0773bc9,52,5887973.0,69.198,81.76,0.0,0.0,0.0,4632.0,,,,,,,,,,
7fgDKpMGWzkq8Hbm,13,"Chimaerus, the Undreamt God",3306,WIPE,84.64,Decayed,P-584cf7139227dcac,23,5888150.0,69.375,81.96,0.0,0.0,0.0,6304.0,,,,,,,,,,
7fgDKpMGWzkq8Hbm,13,"Chimaerus, the Undreamt God",3306,WIPE,84.64,Hörnstar,P-7d8495005048bc14,4,5888152.0,69.377,81.97,0.0,0.0,0.0,13997.0,,,,,,,,,,
7fgDKpMGWzkq8Hbm,13,"Chimaerus, the Undreamt God",3306,WIPE,84.64,Danzilla,P-8ee1779dcaa9232f,25,5889800.0,71.025,83.91,0.0,0.0,158124.0,16045.0,Rift Miasma,1272653,8.0,inv__azerite-area-denial.jpg,,False,62913.0,28711.0,249748.0,0.0
7fgDKpMGWzkq8Hbm,13,"Chimaerus, the Undreamt God",3306,WIPE,84.64,Cryonox,P-31619035e7d32aa2,9,5889845.0,71.07,83.97,0.0,0.0,0.0,12547.0,,,,,,,,,,
7fgDKpMGWzkq8Hbm,13,"Chimaerus, the Undreamt God",3306,WIPE,84.64,Primeval,P-d2cfbf0e9385c81d,17,5891797.0,73.022,86.27,0.0,0.0,0.0,11995.0,,,,,,,,,,
7fgDKpMGWzkq8Hbm,13,"Chimaerus, the Undreamt God",3306,WIPE,84.64,Abrakadavar,P-b7de36807c83458d,7,5892824.0,74.049,87.49,0.0,0.0,14632.0,13353.0,Consume,1273112,8.0,spell_deathknight_gnaw_ghoul.jpg,66,False,81011.0,22101.0,117744.0,0.0
7fgDKpMGWzkq8Hbm,13,"Chimaerus, the Undreamt God",3306,WIPE,84.64,Lìllith,P-093da9358d901c39,20,5893498.0,74.723,88.28,0.0,0.0,0.0,19008.0,,,,,,,,,,
7fgDKpMGWzkq8Hbm,13,"Chimaerus, the Undreamt God",3306,WIPE,84.64,Mortiis,P-7712d5bc5acb46e6,42,5893998.0,75.223,88.87,0.0,0.0,0.0,17401.0,,,,,,,,,,
7fgDKpMGWzkq8Hbm,13,"Chimaerus, the Undreamt God",3306,WIPE,84.64,Emikohime,P-fdb70b9324d83913,39,5894813.0,76.038,89.84,0.0,0.0,6814.0,9306.0,Consume,1273112,8.0,spell_deathknight_gnaw_ghoul.jpg,66,False,91719.0,16196.0,117744.0,3015.0
7fgDKpMGWzkq8Hbm,13,"Chimaerus, the Undreamt God",3306,WIPE,84.64,Grapefroot,P-9a88c0c48c4cf21f,1,5894813.0,76.038,89.84,0.0,0.0,28037.0,18742.0,Consume,1273112,8.0,spell_deathknight_gnaw_ghoul.jpg,66,False,59272.0,28664.0,117744.0,1771.0
7fgDKpMGWzkq8Hbm,13,"Chimaerus, the Undreamt God",3306,WIPE,84.64,Chontosh,P-81cad9c290ac9716,123,5894814.0,76.039,89.84,0.0,0.0,74172.0,20844.0,Consume,1273112,8.0,spell_deathknight_gnaw_ghoul.jpg,66,False,19008.0,24564.0,117744.0,0.0
7fgDKpMGWzkq8Hbm,13,"Chimaerus, the Undreamt God",3306,WIPE,84.64,Aurëus,P-f95b1f39aecd9371,6,5896826.0,78.051,92.22,0.0,0.0,62689.0,11558.0,Consume,1273112,8.0,spell_deathknight_gnaw_ghoul.jpg,66,False,19958.0,27532.0,111856.0,1677.0
7fgDKpMGWzkq8Hbm,13,"Chimaerus, the Undreamt God",3306,WIPE,84.64,Ämon,P-26f181f915fe34c3,24,5897586.0,78.811,93.11,0.0,0.0,28568.0,13816.0,Cannibalized Essence,1280655,8.0,ability_racial_cannibalize.jpg,66,False,98447.0,20165.0,147180.0,0.0
7fgDKpMGWzkq8Hbm,13,"Chimaerus, the Undreamt God",3306,WIPE,84.64,Mannarchy,P-074ea59fb89e97f7,8,5899280.0,80.505,95.11,0.0,0.0,0.0,21773.0,,,,,,,,,,
7fgDKpMGWzkq8Hbm,13,"Chimaerus, the Undreamt God",3306,WIPE,84.64,Spàdes,P-4b77dd2f26623c73,19,5902755.0,83.98,99.22,0.0,0.0,166520.0,28402.0,Rift Emergence,1258610,8.0,inv_azeritefireball.jpg,66,False,144444.0,12832.0,323796.0,0.0
D6gZPwN8vC1qAXKH,3,Crown of the Cosmos,3181,WIPE,31.645,Deseral,P-26b6baeac5b628dc,7,681916.0,10.239,32.36,0.0,0.0,0.0,2012.0,,,,,,,,,,
D6gZPwN8vC1qAXKH,3,Crown of the Cosmos,3181,WIPE,31.645,Ilidank,P-4b25ba747f972b89,11,684196.0,12.519,39.56,0.0,0.0,0.0,3999.0,,,,,,,,,,
D6gZPwN8vC1qAXKH,3,Crown of the Cosmos,3181,WIPE,31.645,Siare,P-386d8566043e1cef,17,684629.0,12.952,40.93,0.0,0.0,0.0,5988.0,,,,,,,,,,
D6gZPwN8vC1qAXKH,3,Crown of the Cosmos,3181,WIPE,31.645,Grapefroot,P-9a88c0c48c4cf21f,15,685640.0,13.963,44.12,0.0,0.0,0.0,5987.0,,,,,,,,,,
D6gZPwN8vC1qAXKH,3,Crown of the Cosmos,3181,WIPE,31.645,Maztajake,P-dc96b65209ad25d3,19,692504.0,20.827,65.81,0.0,0.0,0.0,11979.0,,,,,,,,,,
D6gZPwN8vC1qAXKH,3,Crown of the Cosmos,3181,WIPE,31.645,Tavendar,P-dd48d38ee5e5c55c,12,693249.0,21.572,68.17,0.0,0.0,0.0,13991.0,,,,,,,,,,
D6gZPwN8vC1qAXKH,3,Crown of the Cosmos,3181,WIPE,31.645,Dystrophee,P-14b92b7f6709320a,4,693515.0,21.838,69.01,0.0,0.0,0.0,13991.0,,,,,,,,,,
D6gZPwN8vC1qAXKH,3,Crown of the Cosmos,3181,WIPE,31.645,Averlis,P-77b140a1e9d7fba2,8,694474.0,22.797,72.04,0.0,0.0,0.0,13991.0,,,,,,,,,,
D6gZPwN8vC1qAXKH,3,Crown of the Cosmos,3181,WIPE,31.645,Primeval,P-d2cfbf0e9385c81d,9,695146.0,23.469,74.16,0.0,0.0,0.0,16198.0,,,,,,,,,,
D6gZPwN8vC1qAXKH,3,Crown of the Cosmos,3181,WIPE,31.645,Mannarchy,P-074ea59fb89e97f7,14,695298.0,23.621,74.64,0.0,0.0,0.0,16198.0,,,,,,,,,,
D6gZPwN8vC1qAXKH,3,Crown of the Cosmos,3181,WIPE,31.645,Soliloquy,P-ace0c6b4dcb42bd6,3,695693.0,24.016,75.89,0.0,0.0,0.0,4015.0,,,,,,,,,,
D6gZPwN8vC1qAXKH,3,Crown of the Cosmos,3181,WIPE,31.645,Whilton,P-04eb4efde7a37b62,10,696081.0,24.404,77.12,0.0,0.0,0.0,10211.0,,,,,,,,,,
D6gZPwN8vC1qAXKH,3,Crown of the Cosmos,3181,WIPE,31.645,Dahlela,P-6361fdb34c226d87,13,696402.0,24.725,78.13,0.0,0.0,0.0,16198.0,,,,,,,,,,
D6gZPwN8vC1qAXKH,3,Crown of the Cosmos,3181,WIPE,31.645,Decayed,P-584cf7139227dcac,6,699363.0,27.686,87.49,0.0,0.0,0.0,2976.0,,,,,,,,,,
D6gZPwN8vC1qAXKH,3,Crown of the Cosmos,3181,WIPE,31.645,Chontosh,P-81cad9c290ac9716,5,702312.0,30.635,96.81,0.0,0.0,0.0,4204.0,,,,,,,,,,
D6gZPwN8vC1qAXKH,4,Crown of the Cosmos,3181,WIPE,555.21,Mannarchy,P-074ea59fb89e97f7,14,1096339.0,88.775,15.99,0.0,0.0,0.0,166.0,,,,,,,,,,
D6gZPwN8vC1qAXKH,4,Crown of the Cosmos,3181,WIPE,555.21,Tavendar,P-dd48d38ee5e5c55c,12,1344710.0,337.146,60.72,0.0,0.0,0.0,7541.0,,,,,,,,,,
D6gZPwN8vC1qAXKH,4,Crown of the Cosmos,3181,WIPE,555.21,Dahlela,P-6361fdb34c226d87,13,1348624.0,341.06,61.43,0.0,0.0,0.0,12218.0,,,,,,,,,,
D6gZPwN8vC1qAXKH,4,Crown of the Cosmos,3181,WIPE,555.21,Whilton,P-04eb4efde7a37b62,10,1378774.0,371.21,66.86,0.0,0.0,48197.0,6883.0,Gravity Collapse,1239095,32.0,spell_holy_circleofrenewal_shadow.jpg,88,False,67804.0,19070.0,135071.0,0.0
D6gZPwN8vC1qAXKH,4,Crown of the Cosmos,3181,WIPE,555.21,Chontosh,P-81cad9c290ac9716,5,1445036.0,437.472,78.79,0.0,0.0,35001.0,4774.0,Bursting Emptiness,1255378,32.0,inv_artifact_powerofthedarkside.jpg,88,False,137149.0,48620.0,220770.0,0.0
D6gZPwN8vC1qAXKH,4,Crown of the Cosmos,3181,WIPE,555.21,Soliloquy,P-ace0c6b4dcb42bd6,3,1445051.0,437.487,78.8,0.0,0.0,78116.0,23783.0,Bursting Emptiness,1255378,32.0,inv_artifact_powerofthedarkside.jpg,88,False,62869.0,79785.0,220770.0,0.0
D6gZPwN8vC1qAXKH,4,Crown of the Cosmos,3181,WIPE,555.21,Mannarchy,P-074ea59fb89e97f7,14,1487379.0,479.815,86.42,0.0,0.0,0.0,2132.0,,,,,,,,,,
D6gZPwN8vC1qAXKH,4,Crown of the Cosmos,3181,WIPE,555.21,Averlis,P-77b140a1e9d7fba2,8,1494804.0,487.24,87.76,0.0,0.0,0.0,10983.0,,,,,,,,,,
D6gZPwN8vC1qAXKH,4,Crown of the Cosmos,3181,WIPE,555.21,Ilidank,P-4b25ba747f972b89,11,1553649.0,546.085,98.36,0.0,0.0,101417.0,5394.0,Gravity Collapse,1239095,32.0,spell_holy_circleofrenewal_shadow.jpg,88,False,695.0,32959.0,135071.0,0.0
D6gZPwN8vC1qAXKH,4,Crown of the Cosmos,3181,WIPE,555.21,Primeval,P-d2cfbf0e9385c81d,9,1553650.0,546.086,98.36,0.0,0.0,35516.0,30336.0,Gravity Collapse,1239095,32.0,spell_holy_circleofrenewal_shadow.jpg,88,False,57508.0,42047.0,135071.0,0.0
D6gZPwN8vC1qAXKH,4,Crown of the Cosmos,3181,WIPE,555.21,Maztajake,P-dc96b65209ad25d3,19,1553652.0,546.088,98.36,0.0,0.0,65429.0,17327.0,Gravity Collapse,1239095,32.0,spell_holy_circleofrenewal_shadow.jpg,88,False,26704.0,42938.0,135071.0,0.0
D6gZPwN8vC1qAXKH,4,Crown of the Cosmos,3181,WIPE,555.21,Grapefroot,P-9a88c0c48c4cf21f,15,1553685.0,546.121,98.36,0.0,0.0,39681.0,19380.0,Gravity Collapse,1239095,32.0,spell_holy_circleofrenewal_shadow.jpg,88,False,70296.0,25094.0,135071.0,0.0
D6gZPwN8vC1qAXKH,4,Crown of the Cosmos,3181,WIPE,555.21,Dystrophee,P-14b92b7f6709320a,4,1553686.0,546.122,98.36,0.0,0.0,53244.0,41396.0,Gravity Collapse,1239095,32.0,spell_holy_circleofrenewal_shadow.jpg,88,False,428.0,23092.0,114583.0,37819.0
D6gZPwN8vC1qAXKH,4,Crown of the Cosmos,3181,WIPE,555.21,Deseral,P-26b6baeac5b628dc,7,1553687.0,546.123,98.36,0.0,0.0,35173.0,3644.0,Bursting Emptiness,1255378,32.0,inv_artifact_powerofthedarkside.jpg,88,False,68347.0,117250.0,220770.0,0.0
D6gZPwN8vC1qAXKH,4,Crown of the Cosmos,3181,WIPE,555.21,Siare,P-386d8566043e1cef,17,1553687.0,546.123,98.36,0.0,0.0,64339.0,19402.0,Bursting Emptiness,1255378,32.0,inv_artifact_powerofthedarkside.jpg,88,False,34456.0,110998.0,220770.0,10977.0
D6gZPwN8vC1qAXKH,4,Crown of the Cosmos,3181,WIPE,555.21,Tavendar,P-dd48d38ee5e5c55c,12,1557298.0,549.734,99.01,0.0,0.0,38447.0,19992.0,Bursting Emptiness,1255378,32.0,inv_artifact_powerofthedarkside.jpg,88,False,136054.0,46269.0,220770.0,0.0
D6gZPwN8vC1qAXKH,4,Crown of the Cosmos,3181,WIPE,555.21,Decayed,P-584cf7139227dcac,6,1562687.0,555.123,99.98,0.0,0.0,0.0,26685.0,Devouring Cosmos,1238882,32.0,inv_cosmicvoid_orb.jpg,88,False,0.0,22109.0,88308.0,66199.0
D6gZPwN8vC1qAXKH,5,Crown of the Cosmos,3181,KILL,472.34,Whilton,P-04eb4efde7a37b62,10,1787121.0,43.055,9.12,0.0,0.0,126586.0,4191.0,Bursting Emptiness,1255378,32.0,inv_artifact_powerofthedarkside.jpg,88,False,47729.0,46455.0,220770.0,0.0
D6gZPwN8vC1qAXKH,5,Crown of the Cosmos,3181,KILL,472.34,Tavendar,P-dd48d38ee5e5c55c,12,2040871.0,296.805,62.84,0.0,0.0,0.0,29007.0,,,,,,,,,,
D6gZPwN8vC1qAXKH,5,Crown of the Cosmos,3181,KILL,472.34,Dystrophee,P-14b92b7f6709320a,4,2116049.0,371.983,78.75,0.0,0.0,0.0,3108.0,,,,,,,,,,
D6gZPwN8vC1qAXKH,5,Crown of the Cosmos,3181,KILL,472.34,Averlis,P-77b140a1e9d7fba2,8,2186066.0,442.0,93.58,0.0,0.0,124598.0,2040.0,Bursting Emptiness,1255378,32.0,inv_artifact_powerofthedarkside.jpg,88,False,60428.0,35744.0,220770.0,0.0
D6gZPwN8vC1qAXKH,9,"Belo'ren, Child of Al'ar",3182,KILL,263.179,Soliloquy,P-ace0c6b4dcb42bd6,3,3175587.0,208.595,79.26,0.0,0.0,75511.0,6763.0,Voidlight Rupture,1243866,34.0,inv_12_dualityphoenix_lightvoid_explosion.jpg,363,False,135443.0,69024.0,294360.0,14382.0
D6gZPwN8vC1qAXKH,9,"Belo'ren, Child of Al'ar",3182,KILL,263.179,Mannarchy,P-074ea59fb89e97f7,14,3177080.0,210.088,79.83,0.0,0.0,12516.0,1.0,Void Edict,1265793,1.0,ability_priest_cascade_shadow.jpg,363,False,142369.0,316091.0,470976.0,0.0
D6gZPwN8vC1qAXKH,9,"Belo'ren, Child of Al'ar",3182,KILL,263.179,Mannarchy,P-074ea59fb89e97f7,14,3191080.0,224.088,85.15,0.0,0.0,736530.0,0.0,Light Edict,1241646,2.0,ability_priest_cascade.jpg,363,False,568540.0,106523.0,1412927.0,1334.0
D6gZPwN8vC1qAXKH,9,"Belo'ren, Child of Al'ar",3182,KILL,263.179,Deseral,P-26b6baeac5b628dc,7,3191085.0,224.093,85.15,0.0,0.0,1300798.0,0.0,Light Edict,1241646,2.0,ability_priest_cascade.jpg,363,False,254380.0,140334.0,1695512.0,0.0
D6gZPwN8vC1qAXKH,9,"Belo'ren, Child of Al'ar",3182,KILL,263.179,Dahlela,P-6361fdb34c226d87,13,3198211.0,231.219,87.86,0.0,0.0,33116.0,0.0,Void Quill,1242094,32.0,inv_12_trinket_raid_darkwell_physdps3_phoenixplumage_void.jpg,363,False,411100.0,57176.0,515130.0,13738.0
D6gZPwN8vC1qAXKH,9,"Belo'ren, Child of Al'ar",3182,KILL,263.179,Maztajake,P-dc96b65209ad25d3,19,3214882.0,247.89,94.19,0.0,0.0,12359.0,4011.0,Void Flames,1242815,32.0,inv_cosmicvoid_wave.jpg,363,False,339647.0,60098.0,412104.0,0.0
D6gZPwN8vC1qAXKH,9,"Belo'ren, Child of Al'ar",3182,KILL,263.179,Primeval,P-d2cfbf0e9385c81d,9,3214883.0,247.891,94.19,0.0,0.0,36842.0,4055.0,Void Flames,1242815,32.0,inv_cosmicvoid_wave.jpg,363,False,78000.0,0.0,82420.0,0.0
D6gZPwN8vC1qAXKH,9,"Belo'ren, Child of Al'ar",3182,KILL,263.179,Averlis,P-77b140a1e9d7fba2,8,3214886.0,247.894,94.19,0.0,0.0,3704.0,4010.0,Void Flames,1242815,32.0,inv_cosmicvoid_wave.jpg,363,False,367220.0,41180.0,412104.0,0.0
D6gZPwN8vC1qAXKH,9,"Belo'ren, Child of Al'ar",3182,KILL,263.179,Sinfxl,P-59860c89738c2525,103,3226891.0,259.899,98.75,0.0,0.0,61148.0,6983.0,Void Flames,1242815,32.0,inv_cosmicvoid_wave.jpg,363,False,3654.0,17618.0,82420.0,0.0
DVPfBvHpYFwytd2G,1,Rotmire,3159,WIPE,144.699,Synkro,P-387f40c59682d853,1,393407.0,111.094,76.78,0.0,0.0,8740.0,0.0,Putrid Fist,1221781,1.0,inv_misc_herb_ancientlichen.jpg,12,False,699140.0,0.0,1981484.0,1370235.0
DVPfBvHpYFwytd2G,1,Rotmire,3159,WIPE,144.699,Tavendar,P-dd48d38ee5e5c55c,23,418747.0,136.434,94.29,0.0,0.0,213322.0,1347.0,Bursting Shroom,1221965,8.0,inv_misc_starspecklemushroom.jpg,89,False,114905.0,68070.0,396297.0,0.0
DVPfBvHpYFwytd2G,1,Rotmire,3159,WIPE,144.699,Averlis,P-77b140a1e9d7fba2,18,418749.0,136.436,94.29,0.0,0.0,178898.0,4296.0,Bursting Shroom,1221965,8.0,inv_misc_starspecklemushroom.jpg,89,False,15949.0,201450.0,396297.0,0.0
DVPfBvHpYFwytd2G,1,Rotmire,3159,WIPE,144.699,Soliloquy,P-ace0c6b4dcb42bd6,25,418750.0,136.437,94.29,0.0,0.0,210857.0,1355.0,Bursting Shroom,1221965,8.0,inv_misc_starspecklemushroom.jpg,89,False,80375.0,105065.0,396297.0,0.0
DVPfBvHpYFwytd2G,1,Rotmire,3159,WIPE,144.699,Synkro,P-387f40c59682d853,1,418750.0,136.437,94.29,0.0,0.0,85307.0,2005.0,Bursting Shroom,1221965,8.0,inv_misc_starspecklemushroom.jpg,89,False,90005.0,72167.0,396297.0,148818.0
DVPfBvHpYFwytd2G,1,Rotmire,3159,WIPE,144.699,Viserion,P-daa9879d41bb66dd,6,418751.0,136.438,94.29,0.0,0.0,151047.0,24356.0,Bursting Shroom,1221965,8.0,inv_misc_starspecklemushroom.jpg,89,False,147459.0,86765.0,396297.0,11026.0
DVPfBvHpYFwytd2G,1,Rotmire,3159,WIPE,144.699,Aurëus,P-f95b1f39aecd9371,19,418752.0,136.439,94.29,0.0,0.0,200495.0,18397.0,Bursting Shroom,1221965,8.0,inv_misc_starspecklemushroom.jpg,89,False,129263.0,66539.0,396297.0,0.0
DVPfBvHpYFwytd2G,1,Rotmire,3159,WIPE,144.699,Chontosh,P-81cad9c290ac9716,21,418755.0,136.442,94.29,0.0,0.0,119520.0,9360.0,Bursting Shroom,1221965,8.0,inv_misc_starspecklemushroom.jpg,89,False,157006.0,119771.0,396297.0,0.0
DVPfBvHpYFwytd2G,1,Rotmire,3159,WIPE,144.699,Siare,P-386d8566043e1cef,5,418775.0,136.462,94.31,0.0,0.0,107706.0,16853.0,Bursting Shroom,1221965,8.0,inv_misc_starspecklemushroom.jpg,89,False,218625.0,32687.0,396297.0,37279.0
DVPfBvHpYFwytd2G,1,Rotmire,3159,WIPE,144.699,Panes,P-ace038bf56a82f7f,17,418776.0,136.463,94.31,0.0,0.0,114877.0,23363.0,Bursting Shroom,1221965,8.0,inv_misc_starspecklemushroom.jpg,89,False,174465.0,106955.0,396297.0,0.0
DVPfBvHpYFwytd2G,1,Rotmire,3159,WIPE,144.699,Lìllith,P-093da9358d901c39,2,418777.0,136.464,94.31,0.0,0.0,233734.0,3273.0,Bursting Shroom,1221965,8.0,inv_misc_starspecklemushroom.jpg,89,False,69343.0,59545.0,396297.0,33675.0
DVPfBvHpYFwytd2G,1,Rotmire,3159,WIPE,144.699,Greyseer,P-146fcdef511d70d4,8,418778.0,136.465,94.31,0.0,0.0,242015.0,20363.0,Bursting Shroom,1221965,8.0,inv_misc_starspecklemushroom.jpg,89,False,76519.0,77763.0,396297.0,0.0
DVPfBvHpYFwytd2G,1,Rotmire,3159,WIPE,144.699,Dystrophee,P-14b92b7f6709320a,24,418779.0,136.466,94.31,0.0,0.0,49844.0,16398.0,Bursting Shroom,1221965,8.0,inv_misc_starspecklemushroom.jpg,89,False,86934.0,163137.0,396297.0,96382.0
DVPfBvHpYFwytd2G,1,Rotmire,3159,WIPE,144.699,Maztajake,P-dc96b65209ad25d3,16,418780.0,136.467,94.31,0.0,0.0,170842.0,1335.0,Bursting Shroom,1221965,8.0,inv_misc_starspecklemushroom.jpg,89,False,114613.0,110842.0,396297.0,0.0
DVPfBvHpYFwytd2G,1,Rotmire,3159,WIPE,144.699,Meowrawrxo,P-cae9f2bae0773bc9,13,418782.0,136.469,94.31,0.0,0.0,253501.0,1289.0,Bursting Shroom,1221965,8.0,inv_misc_starspecklemushroom.jpg,89,False,85054.0,57742.0,396297.0,0.0
DVPfBvHpYFwytd2G,1,Rotmire,3159,WIPE,144.699,Ilidank,P-4b25ba747f972b89,15,418784.0,136.471,94.31,0.0,0.0,148811.0,2356.0,Bursting Shroom,1221965,8.0,inv_misc_starspecklemushroom.jpg,89,False,56109.0,191377.0,396297.0,0.0
DVPfBvHpYFwytd2G,1,Rotmire,3159,WIPE,144.699,Primeval,P-d2cfbf0e9385c81d,14,418785.0,136.472,94.31,0.0,0.0,167677.0,1333.0,Bursting Shroom,1221965,8.0,inv_misc_starspecklemushroom.jpg,89,False,152946.0,75674.0,396297.0,0.0
DVPfBvHpYFwytd2G,1,Rotmire,3159,WIPE,144.699,Decayed,P-584cf7139227dcac,26,421730.0,139.417,96.35,0.0,0.0,0.0,4317.0,Bursting Shroom,1221965,8.0,inv_misc_starspecklemushroom.jpg,,,,,,
DVPfBvHpYFwytd2G,1,Rotmire,3159,WIPE,144.699,Mannarchy,P-074ea59fb89e97f7,7,422324.0,140.011,96.76,0.0,0.0,154701.0,0.0,Melee,1,1.0,inv_axe_02.jpg,12,False,369923.0,351519.0,876143.0,0.0
DVPfBvHpYFwytd2G,2,Rotmire,3159,WIPE,136.855,Decayed,P-584cf7139227dcac,26,883921.0,89.402,65.33,0.0,0.0,220652.0,2411.0,Melee,1,1.0,inv_axe_02.jpg,12,False,224930.0,190305.0,875815.0,239928.0
DVPfBvHpYFwytd2G,2,Rotmire,3159,WIPE,136.855,Mannarchy,P-074ea59fb89e97f7,7,894562.0,100.043,73.1,0.0,0.0,27243.0,7030.0,Festering Vines,1222122,8.0,ability_creature_poison_04.jpg,12,False,114775.0,38297.0,180315.0,0.0
DVPfBvHpYFwytd2G,2,Rotmire,3159,WIPE,136.855,Averlis,P-77b140a1e9d7fba2,18,930945.0,136.426,99.69,0.0,0.0,101032.0,17386.0,Bursting Shroom,1221965,8.0,inv_misc_starspecklemushroom.jpg,89,False,146751.0,148514.0,396297.0,0.0
DVPfBvHpYFwytd2G,2,Rotmire,3159,WIPE,136.855,Soliloquy,P-ace0c6b4dcb42bd6,25,930946.0,136.427,99.69,0.0,0.0,216062.0,422.0,Bursting Shroom,1221965,8.0,inv_misc_starspecklemushroom.jpg,89,False,107529.0,72706.0,396297.0,0.0
DVPfBvHpYFwytd2G,2,Rotmire,3159,WIPE,136.855,Synkro,P-387f40c59682d853,1,930947.0,136.428,99.69,0.0,0.0,107425.0,638.0,Bursting Shroom,1221965,8.0,inv_misc_starspecklemushroom.jpg,89,False,40589.0,129052.0,396297.0,119231.0
DVPfBvHpYFwytd2G,2,Rotmire,3159,WIPE,136.855,Viserion,P-daa9879d41bb66dd,6,930950.0,136.431,99.69,0.0,0.0,9581.0,428.0,Bursting Shroom,1221965,8.0,inv_misc_starspecklemushroom.jpg,89,False,152201.0,234515.0,396297.0,0.0
DVPfBvHpYFwytd2G,2,Rotmire,3159,WIPE,136.855,Monfro,P-930377bb7fd85d97,9,930951.0,136.432,99.69,0.0,0.0,133269.0,3402.0,Bursting Shroom,1221965,8.0,inv_misc_starspecklemushroom.jpg,89,False,153305.0,109723.0,396297.0,0.0
DVPfBvHpYFwytd2G,2,Rotmire,3159,WIPE,136.855,Aurëus,P-f95b1f39aecd9371,19,930955.0,136.436,99.69,0.0,0.0,223221.0,16430.0,Bursting Shroom,1221965,8.0,inv_misc_starspecklemushroom.jpg,89,False,71252.0,82009.0,376482.0,0.0
DVPfBvHpYFwytd2G,2,Rotmire,3159,WIPE,136.855,Chontosh,P-81cad9c290ac9716,21,930960.0,136.441,99.7,0.0,0.0,223870.0,425.0,Bursting Shroom,1221965,8.0,inv_misc_starspecklemushroom.jpg,89,False,29692.0,142735.0,396297.0,0.0
DVPfBvHpYFwytd2G,2,Rotmire,3159,WIPE,136.855,Siare,P-386d8566043e1cef,5,930982.0,136.463,99.71,0.0,0.0,147848.0,7423.0,Bursting Shroom,1221965,8.0,inv_misc_starspecklemushroom.jpg,89,False,31771.0,196721.0,396297.0,19957.0
DVPfBvHpYFwytd2G,2,Rotmire,3159,WIPE,136.855,Decayed,P-584cf7139227dcac,26,930983.0,136.464,99.71,0.0,0.0,110071.0,2426.0,Bursting Shroom,1221965,8.0,inv_misc_starspecklemushroom.jpg,89,False,60760.0,133481.0,396297.0,91985.0
DVPfBvHpYFwytd2G,2,Rotmire,3159,WIPE,136.855,Lìllith,P-093da9358d901c39,2,930984.0,136.465,99.72,0.0,0.0,12771.0,16429.0,Bursting Shroom,1221965,8.0,inv_misc_starspecklemushroom.jpg,89,False,217069.0,140920.0,396297.0,25537.0
DVPfBvHpYFwytd2G,2,Rotmire,3159,WIPE,136.855,Panes,P-ace038bf56a82f7f,17,930984.0,136.465,99.72,0.0,0.0,93530.0,16409.0,Bursting Shroom,1221965,8.0,inv_misc_starspecklemushroom.jpg,89,False,159684.0,123268.0,376482.0,0.0
DVPfBvHpYFwytd2G,2,Rotmire,3159,WIPE,136.855,Greyseer,P-146fcdef511d70d4,8,930985.0,136.466,99.72,0.0,0.0,49564.0,16402.0,Bursting Shroom,1221965,8.0,inv_misc_starspecklemushroom.jpg,89,False,275471.0,71262.0,396297.0,0.0
DVPfBvHpYFwytd2G,2,Rotmire,3159,WIPE,136.855,Dystrophee,P-14b92b7f6709320a,24,930988.0,136.469,99.72,0.0,0.0,41837.0,2392.0,Bursting Shroom,1221965,8.0,inv_misc_starspecklemushroom.jpg,89,False,111163.0,135485.0,396297.0,107812.0
DVPfBvHpYFwytd2G,2,Rotmire,3159,WIPE,136.855,Maztajake,P-dc96b65209ad25d3,16,930989.0,136.47,99.72,0.0,0.0,259717.0,16403.0,Bursting Shroom,1221965,8.0,inv_misc_starspecklemushroom.jpg,89,False,37090.0,99490.0,396297.0,0.0
DVPfBvHpYFwytd2G,2,Rotmire,3159,WIPE,136.855,Meowrawrxo,P-cae9f2bae0773bc9,13,930991.0,136.472,99.72,0.0,0.0,296767.0,16433.0,Bursting Shroom,1221965,8.0,inv_misc_starspecklemushroom.jpg,89,False,41788.0,57742.0,396297.0,0.0
DVPfBvHpYFwytd2G,2,Rotmire,3159,WIPE,136.855,Ilidank,P-4b25ba747f972b89,15,930994.0,136.475,99.72,0.0,0.0,63925.0,3410.0,Bursting Shroom,1221965,8.0,inv_misc_starspecklemushroom.jpg,89,False,187772.0,144600.0,396297.0,0.0
DVPfBvHpYFwytd2G,2,Rotmire,3159,WIPE,136.855,Primeval,P-d2cfbf0e9385c81d,14,930995.0,136.476,99.72,0.0,0.0,29980.0,430.0,Bursting Shroom,1221965,8.0,inv_misc_starspecklemushroom.jpg,89,False,166597.0,199720.0,396297.0,0.0
DVPfBvHpYFwytd2G,2,Rotmire,3159,WIPE,136.855,Claye,P-c1390518e00a0324,94,930997.0,136.478,99.72,0.0,0.0,208486.0,17392.0,Bursting Shroom,1221965,8.0,inv_misc_starspecklemushroom.jpg,89,False,40096.0,147715.0,396297.0,0.0
DVPfBvHpYFwytd2G,3,Rotmire,3159,WIPE,164.264,Greyseer,P-146fcdef511d70d4,8,1249800.0,127.023,77.33,0.0,0.0,12471.0,7012.0,Fungal Bloom,1221637,8.0,inv_misc_herb_plaguebloom.jpg,12,False,52364.0,9471.0,74306.0,0.0
DVPfBvHpYFwytd2G,3,Rotmire,3159,WIPE,164.264,Averlis,P-77b140a1e9d7fba2,18,1259089.0,136.312,82.98,0.0,0.0,103504.0,16364.0,Bursting Shroom,1221965,8.0,inv_misc_starspecklemushroom.jpg,89,False,129038.0,163755.0,396297.0,0.0
DVPfBvHpYFwytd2G,3,Rotmire,3159,WIPE,164.264,Soliloquy,P-ace0c6b4dcb42bd6,25,1259090.0,136.313,82.98,0.0,0.0,10231.0,2656.0,Bursting Shroom,1221965,8.0,inv_misc_starspecklemushroom.jpg,89,False,313360.0,72706.0,396297.0,0.0
DVPfBvHpYFwytd2G,3,Rotmire,3159,WIPE,164.264,Chontosh,P-81cad9c290ac9716,21,1259093.0,136.316,82.99,0.0,0.0,150753.0,17369.0,Bursting Shroom,1221965,8.0,inv_misc_starspecklemushroom.jpg,89,False,153263.0,92281.0,396297.0,0.0
DVPfBvHpYFwytd2G,3,Rotmire,3159,WIPE,164.264,Siare,P-386d8566043e1cef,5,1259108.0,136.331,83.0,0.0,0.0,212552.0,6856.0,Bursting Shroom,1221965,8.0,inv_misc_starspecklemushroom.jpg,89,False,112420.0,35217.0,396297.0,36108.0
DVPfBvHpYFwytd2G,3,Rotmire,3159,WIPE,164.264,Lìllith,P-093da9358d901c39,2,1259109.0,136.332,83.0,0.0,0.0,219587.0,16365.0,Bursting Shroom,1221965,8.0,inv_misc_starspecklemushroom.jpg,89,False,67713.0,77075.0,396297.0,31922.0
DVPfBvHpYFwytd2G,3,Rotmire,3159,WIPE,164.264,Mannarchy,P-074ea59fb89e97f7,7,1259110.0,136.333,83.0,0.0,0.0,282029.0,16370.0,Bursting Shroom,1221965,8.0,inv_misc_starspecklemushroom.jpg,89,False,40061.0,74207.0,396297.0,0.0
DVPfBvHpYFwytd2G,3,Rotmire,3159,WIPE,164.264,Dystrophee,P-14b92b7f6709320a,24,1259111.0,136.334,83.0,0.0,0.0,46502.0,16369.0,Bursting Shroom,1221965,8.0,inv_misc_starspecklemushroom.jpg,89,False,114550.0,135485.0,396297.0,99760.0
DVPfBvHpYFwytd2G,3,Rotmire,3159,WIPE,164.264,Maztajake,P-dc96b65209ad25d3,16,1259111.0,136.334,83.0,0.0,0.0,204066.0,18359.0,Bursting Shroom,1221965,8.0,inv_misc_starspecklemushroom.jpg,89,False,96888.0,95343.0,396297.0,0.0
DVPfBvHpYFwytd2G,3,Rotmire,3159,WIPE,164.264,Meowrawrxo,P-cae9f2bae0773bc9,13,1259115.0,136.338,83.0,0.0,0.0,7572.0,16360.0,Bursting Shroom,1221965,8.0,inv_misc_starspecklemushroom.jpg,89,False,317904.0,70821.0,396297.0,0.0
DVPfBvHpYFwytd2G,3,Rotmire,3159,WIPE,164.264,Ilidank,P-4b25ba747f972b89,15,1259117.0,136.34,83.0,0.0,0.0,21779.0,4348.0,Bursting Shroom,1221965,8.0,inv_misc_starspecklemushroom.jpg,89,False,251448.0,123070.0,396297.0,0.0
DVPfBvHpYFwytd2G,3,Rotmire,3159,WIPE,164.264,Claye,P-c1390518e00a0324,94,1259119.0,136.342,83.0,0.0,0.0,215538.0,370.0,Bursting Shroom,1221965,8.0,inv_misc_starspecklemushroom.jpg,89,False,115437.0,65322.0,396297.0,0.0
DVPfBvHpYFwytd2G,3,Rotmire,3159,WIPE,164.264,Primeval,P-d2cfbf0e9385c81d,14,1259119.0,136.342,83.0,0.0,0.0,245368.0,24295.0,Bursting Shroom,1221965,8.0,inv_misc_starspecklemushroom.jpg,89,False,32723.0,118206.0,396297.0,0.0
DVPfBvHpYFwytd2G,3,Rotmire,3159,WIPE,164.264,Decayed,P-584cf7139227dcac,26,1261942.0,139.165,84.72,0.0,0.0,24865.0,3227.0,Melee,1,1.0,inv_axe_02.jpg,12,False,164456.0,578887.0,870150.0,101942.0
DVPfBvHpYFwytd2G,3,Rotmire,3159,WIPE,164.264,Viserion,P-daa9879d41bb66dd,6,1269147.0,146.37,89.11,0.0,0.0,4494.0,27420.0,Bursting Pustules,1222278,8.0,inv_misc_herb_zoanthid.jpg,12,False,67042.0,10893.0,82429.0,0.0
DVPfBvHpYFwytd2G,3,Rotmire,3159,WIPE,164.264,Monfro,P-930377bb7fd85d97,9,1269523.0,146.746,89.34,0.0,0.0,28712.0,12825.0,Bursting Pustules,1222278,8.0,inv_misc_herb_zoanthid.jpg,12,False,40834.0,12883.0,82429.0,0.0
DVPfBvHpYFwytd2G,3,Rotmire,3159,WIPE,164.264,Aurëus,P-f95b1f39aecd9371,19,1282746.0,159.969,97.39,0.0,0.0,6363.0,23989.0,Rotting Pustules,1222284,8.0,ability_creature_poison_06.jpg,12,False,12047.0,5682.0,24092.0,0.0
DVPfBvHpYFwytd2G,3,Rotmire,3159,WIPE,164.264,Synkro,P-387f40c59682d853,1,1284740.0,161.963,98.6,0.0,0.0,325442.0,28043.0,Putrid Fist,1221781,1.0,inv_misc_herb_ancientlichen.jpg,12,False,270845.0,768990.0,1981484.0,616207.0
DVPfBvHpYFwytd2G,3,Rotmire,3159,WIPE,164.264,Panes,P-ace038bf56a82f7f,17,1286932.0,164.155,99.93,0.0,0.0,1382.0,21231.0,Melee,1,1.0,inv_axe_02.jpg,74,False,20453.0,15548.0,36692.0,0.0
DVPfBvHpYFwytd2G,4,Rotmire,3159,WIPE,235.535,Averlis,P-77b140a1e9d7fba2,18,1515814.0,136.379,57.9,0.0,0.0,20217.0,12322.0,Bursting Shroom,1221965,8.0,inv_misc_starspecklemushroom.jpg,89,False,249166.0,114576.0,396297.0,12338.0
DVPfBvHpYFwytd2G,4,Rotmire,3159,WIPE,235.535,Soliloquy,P-ace0c6b4dcb42bd6,25,1515816.0,136.381,57.9,0.0,0.0,43492.0,16355.0,Bursting Shroom,1221965,8.0,inv_misc_starspecklemushroom.jpg,89,False,266329.0,86476.0,396297.0,0.0
DVPfBvHpYFwytd2G,4,Rotmire,3159,WIPE,235.535,Aurëus,P-f95b1f39aecd9371,19,1515817.0,136.382,57.9,0.0,0.0,36190.0,4296.0,Bursting Shroom,1221965,8.0,inv_misc_starspecklemushroom.jpg,89,False,267456.0,92651.0,396297.0,0.0
DVPfBvHpYFwytd2G,4,Rotmire,3159,WIPE,235.535,Chontosh,P-81cad9c290ac9716,21,1515821.0,136.386,57.9,0.0,0.0,29593.0,16365.0,Bursting Shroom,1221965,8.0,inv_misc_starspecklemushroom.jpg,89,False,280891.0,85813.0,396297.0,0.0
DVPfBvHpYFwytd2G,4,Rotmire,3159,WIPE,235.535,Siare,P-386d8566043e1cef,5,1515850.0,136.415,57.92,0.0,0.0,4643.0,16358.0,Bursting Shroom,1221965,8.0,inv_misc_starspecklemushroom.jpg,89,False,320330.0,35216.0,396297.0,36108.0
DVPfBvHpYFwytd2G,4,Rotmire,3159,WIPE,235.535,Meowrawrxo,P-cae9f2bae0773bc9,13,1515853.0,136.418,57.92,0.0,0.0,13664.0,5333.0,Bursting Shroom,1221965,8.0,inv_misc_starspecklemushroom.jpg,89,False,301697.0,80936.0,396297.0,0.0
DVPfBvHpYFwytd2G,4,Rotmire,3159,WIPE,235.535,Maztajake,P-dc96b65209ad25d3,16,1565618.0,186.183,79.05,0.0,0.0,65140.0,15115.0,Poison Burst,1221714,8.0,spell_nature_elementalshields.jpg,72,False,162274.0,69809.0,297223.0,0.0
DVPfBvHpYFwytd2G,4,Rotmire,3159,WIPE,235.535,Panes,P-ace038bf56a82f7f,17,1566517.0,187.082,79.43,0.0,0.0,48022.0,20033.0,Festering Vines,1222122,8.0,ability_creature_poison_04.jpg,12,False,73012.0,50265.0,171299.0,0.0
DVPfBvHpYFwytd2G,4,Rotmire,3159,WIPE,235.535,Greyseer,P-146fcdef511d70d4,8,1566518.0,187.083,79.43,0.0,0.0,71607.0,1051.0,Festering Vines,1222122,8.0,ability_creature_poison_04.jpg,12,False,76284.0,32424.0,180315.0,0.0
DVPfBvHpYFwytd2G,4,Rotmire,3159,WIPE,235.535,Monfro,P-930377bb7fd85d97,9,1570587.0,191.152,81.16,0.0,0.0,13302.0,11129.0,Poison Burst,1221714,8.0,spell_nature_elementalshields.jpg,72,False,44738.0,16266.0,74306.0,0.0
DVPfBvHpYFwytd2G,4,Rotmire,3159,WIPE,235.535,Lìllith,P-093da9358d901c39,2,1573515.0,194.08,82.4,0.0,0.0,13381.0,10997.0,Rotting Pustules,1222284,8.0,ability_creature_poison_06.jpg,12,False,9320.0,5433.0,31700.0,3566.0
DVPfBvHpYFwytd2G,4,Rotmire,3159,WIPE,235.535,Mannarchy,P-074ea59fb89e97f7,7,1595914.0,216.479,91.91,0.0,0.0,25041.0,7449.0,Bursting Pustules,1222278,8.0,inv_misc_herb_zoanthid.jpg,12,False,35216.0,18050.0,78307.0,0.0
DVPfBvHpYFwytd2G,4,Rotmire,3159,WIPE,235.535,Chontosh,P-81cad9c290ac9716,21,1602884.0,223.449,94.87,0.0,0.0,18096.0,10994.0,Poison Burst,1221714,8.0,spell_nature_elementalshields.jpg,72,False,99802.0,30714.0,148612.0,0.0
DVPfBvHpYFwytd2G,4,Rotmire,3159,WIPE,235.535,Primeval,P-d2cfbf0e9385c81d,14,1603842.0,224.407,95.28,0.0,0.0,8958.0,15380.0,Poison Burst,1221714,8.0,spell_nature_elementalshields.jpg,72,False,99449.0,40205.0,148612.0,0.0
DVPfBvHpYFwytd2G,4,Rotmire,3159,WIPE,235.535,Viserion,P-daa9879d41bb66dd,6,1604415.0,224.98,95.52,0.0,0.0,9168.0,3593.0,Poison Burst,1221714,8.0,spell_nature_elementalshields.jpg,72,False,216392.0,61542.0,297223.0,10121.0
DVPfBvHpYFwytd2G,4,Rotmire,3159,WIPE,235.535,Claye,P-c1390518e00a0324,94,1604417.0,224.982,95.52,0.0,0.0,73263.0,2967.0,Poison Burst,1221714,8.0,spell_nature_elementalshields.jpg,72,False,148408.0,75552.0,297223.0,0.0
DVPfBvHpYFwytd2G,4,Rotmire,3159,WIPE,235.535,Dystrophee,P-14b92b7f6709320a,24,1604867.0,225.432,95.71,0.0,0.0,51734.0,17359.0,Poison Burst,1221714,8.0,spell_nature_elementalshields.jpg,72,False,25376.0,43460.0,189105.0,68535.0
DVPfBvHpYFwytd2G,4,Rotmire,3159,WIPE,235.535,Ilidank,P-4b25ba747f972b89,15,1606838.0,227.403,96.55,0.0,0.0,9746.0,5012.0,Poison Burst,1221714,8.0,spell_nature_elementalshields.jpg,72,False,100318.0,112854.0,222918.0,0.0
DVPfBvHpYFwytd2G,4,Rotmire,3159,WIPE,235.535,Synkro,P-387f40c59682d853,1,1609908.0,230.473,97.85,0.0,0.0,15562.0,8121.0,Melee,1,1.0,inv_axe_02.jpg,12,False,117216.0,341053.0,878805.0,404974.0
DVPfBvHpYFwytd2G,4,Rotmire,3159,WIPE,235.535,Decayed,P-584cf7139227dcac,26,1614510.0,235.075,99.8,0.0,0.0,146294.0,4049.0,Putrid Fist,1221781,1.0,inv_misc_herb_ancientlichen.jpg,12,False,387835.0,811102.0,1981484.0,636253.0
DVPfBvHpYFwytd2G,5,Rotmire,3159,WIPE,296.279,Soliloquy,P-ace0c6b4dcb42bd6,25,1899138.0,187.041,63.13,0.0,0.0,12016.0,10059.0,Festering Vines,1222122,8.0,ability_creature_poison_04.jpg,12,False,97627.0,70672.0,180315.0,0.0
DVPfBvHpYFwytd2G,5,Rotmire,3159,WIPE,296.279,Lìllith,P-093da9358d901c39,2,1900108.0,188.011,63.46,0.0,0.0,7249.0,8004.0,Rotting Pustules,1222284,8.0,ability_creature_poison_06.jpg,12,False,14306.0,5959.0,31700.0,4186.0
DVPfBvHpYFwytd2G,5,Rotmire,3159,WIPE,296.279,Averlis,P-77b140a1e9d7fba2,18,1984623.0,272.526,91.98,0.0,0.0,250867.0,22474.0,Bursting Shroom,1221965,8.0,inv_misc_starspecklemushroom.jpg,89,False,9457.0,135973.0,396297.0,0.0
DVPfBvHpYFwytd2G,5,Rotmire,3159,WIPE,296.279,Soliloquy,P-ace0c6b4dcb42bd6,25,1984625.0,272.528,91.98,0.0,0.0,212547.0,8413.0,Bursting Shroom,1221965,8.0,inv_misc_starspecklemushroom.jpg,89,False,20438.0,163312.0,396297.0,0.0
DVPfBvHpYFwytd2G,5,Rotmire,3159,WIPE,296.279,Synkro,P-387f40c59682d853,1,1984626.0,272.529,91.98,0.0,0.0,87534.0,1528.0,Bursting Shroom,1221965,8.0,inv_misc_starspecklemushroom.jpg,89,False,84994.0,97611.0,396297.0,126158.0
DVPfBvHpYFwytd2G,5,Rotmire,3159,WIPE,296.279,Monfro,P-930377bb7fd85d97,9,1984627.0,272.53,91.98,0.0,0.0,222651.0,18458.0,Bursting Shroom,1221965,8.0,inv_misc_starspecklemushroom.jpg,89,False,50367.0,123279.0,396297.0,0.0
DVPfBvHpYFwytd2G,5,Rotmire,3159,WIPE,296.279,Aurëus,P-f95b1f39aecd9371,19,1984629.0,272.532,91.98,0.0,0.0,148815.0,463.0,Bursting Shroom,1221965,8.0,inv_misc_starspecklemushroom.jpg,89,False,187672.0,59810.0,396297.0,0.0
DVPfBvHpYFwytd2G,5,Rotmire,3159,WIPE,296.279,Chontosh,P-81cad9c290ac9716,21,1984633.0,272.536,91.99,0.0,0.0,101605.0,20487.0,Bursting Shroom,1221965,8.0,inv_misc_starspecklemushroom.jpg,89,False,79097.0,170420.0,396297.0,45175.0
DVPfBvHpYFwytd2G,5,Rotmire,3159,WIPE,296.279,Siare,P-386d8566043e1cef,5,1984649.0,272.552,91.99,0.0,0.0,114857.0,29453.0,Bursting Shroom,1221965,8.0,inv_misc_starspecklemushroom.jpg,89,False,100686.0,156805.0,396297.0,23949.0
DVPfBvHpYFwytd2G,5,Rotmire,3159,WIPE,296.279,Greyseer,P-146fcdef511d70d4,8,1984650.0,272.553,91.99,0.0,0.0,275545.0,10463.0,Bursting Shroom,1221965,8.0,inv_misc_starspecklemushroom.jpg,89,False,6818.0,113934.0,396297.0,0.0
DVPfBvHpYFwytd2G,5,Rotmire,3159,WIPE,296.279,Panes,P-ace038bf56a82f7f,17,1984650.0,272.553,91.99,0.0,0.0,168608.0,16451.0,Bursting Shroom,1221965,8.0,inv_misc_starspecklemushroom.jpg,89,False,81383.0,146306.0,396297.0,0.0
DVPfBvHpYFwytd2G,5,Rotmire,3159,WIPE,296.279,Mannarchy,P-074ea59fb89e97f7,7,1984653.0,272.556,91.99,0.0,0.0,100098.0,8428.0,Bursting Shroom,1221965,8.0,inv_misc_starspecklemushroom.jpg,89,False,105782.0,190417.0,396297.0,0.0
DVPfBvHpYFwytd2G,5,Rotmire,3159,WIPE,296.279,Maztajake,P-dc96b65209ad25d3,16,1984654.0,272.557,91.99,0.0,0.0,108299.0,21484.0,Bursting Shroom,1221965,8.0,inv_misc_starspecklemushroom.jpg,89,False,35570.0,252428.0,396297.0,0.0
DVPfBvHpYFwytd2G,5,Rotmire,3159,WIPE,296.279,Meowrawrxo,P-cae9f2bae0773bc9,13,1984654.0,272.557,91.99,0.0,0.0,203045.0,18449.0,Bursting Shroom,1221965,8.0,inv_misc_starspecklemushroom.jpg,89,False,105009.0,88243.0,396297.0,0.0
DVPfBvHpYFwytd2G,5,Rotmire,3159,WIPE,296.279,Ilidank,P-4b25ba747f972b89,15,1984657.0,272.56,91.99,0.0,0.0,62763.0,16450.0,Bursting Shroom,1221965,8.0,inv_misc_starspecklemushroom.jpg,89,False,124415.0,209119.0,396297.0,0.0
DVPfBvHpYFwytd2G,5,Rotmire,3159,WIPE,296.279,Primeval,P-d2cfbf0e9385c81d,14,1984658.0,272.561,91.99,0.0,0.0,123427.0,19478.0,Bursting Shroom,1221965,8.0,inv_misc_starspecklemushroom.jpg,89,False,112133.0,160737.0,396297.0,0.0
DVPfBvHpYFwytd2G,5,Rotmire,3159,WIPE,296.279,Claye,P-c1390518e00a0324,94,1984659.0,272.562,92.0,0.0,0.0,84566.0,8417.0,Bursting Shroom,1221965,8.0,inv_misc_starspecklemushroom.jpg,89,False,134958.0,176773.0,396297.0,0.0
DVPfBvHpYFwytd2G,5,Rotmire,3159,WIPE,296.279,Viserion,P-daa9879d41bb66dd,6,1999064.0,286.967,96.86,0.0,0.0,23176.0,36003.0,Rotting Pustules,1222284,8.0,ability_creature_poison_06.jpg,12,False,15339.0,5865.0,44380.0,0.0
DVPfBvHpYFwytd2G,5,Rotmire,3159,WIPE,296.279,Dystrophee,P-14b92b7f6709320a,24,2002060.0,289.963,97.87,0.0,0.0,4885.0,44982.0,Rotting Pustules,1222284,8.0,ability_creature_poison_06.jpg,12,False,18488.0,6824.0,42782.0,12585.0
DVPfBvHpYFwytd2G,5,Rotmire,3159,WIPE,296.279,Decayed,P-584cf7139227dcac,26,2007575.0,295.478,99.73,0.0,0.0,87200.0,23480.0,Writhing Vines,1222129,8.0,inv_misc_herb_nightmarevine_stem.jpg,12,False,1.0,39226.0,173380.0,46953.0
DVPfBvHpYFwytd2G,6,"Chimaerus, the Undreamt God",3306,WIPE,80.98,Ilidank,P-4b25ba747f972b89,15,3421780.0,48.382,59.75,0.0,0.0,21729.0,4082.0,Dissonance,1268666,8.0,inv_artifact_powerofthedarkside.jpg,6,True,59886.0,34937.0,116552.0,0.0
DVPfBvHpYFwytd2G,6,"Chimaerus, the Undreamt God",3306,WIPE,80.98,Whilton,P-04eb4efde7a37b62,111,3439877.0,66.479,82.09,0.0,0.0,13909.0,10017.0,Caustic Phlegm,1246653,8.0,inv_ability_poison_orb.jpg,112,False,36081.0,14346.0,64336.0,0.0
DVPfBvHpYFwytd2G,6,"Chimaerus, the Undreamt God",3306,WIPE,80.98,Maztajake,P-dc96b65209ad25d3,16,3440177.0,66.779,82.46,0.0,0.0,25447.0,11035.0,Caustic Phlegm,1246653,8.0,inv_ability_poison_orb.jpg,112,False,28804.0,10085.0,64336.0,0.0
DVPfBvHpYFwytd2G,6,"Chimaerus, the Undreamt God",3306,WIPE,80.98,Greyseer,P-146fcdef511d70d4,8,3440344.0,66.946,82.67,0.0,0.0,2747.0,6041.0,Caustic Phlegm,1246653,8.0,inv_ability_poison_orb.jpg,112,False,54256.0,7333.0,64336.0,0.0
DVPfBvHpYFwytd2G,6,"Chimaerus, the Undreamt God",3306,WIPE,80.98,Siare,P-386d8566043e1cef,5,3440980.0,67.582,83.46,0.0,0.0,15775.0,12018.0,Caustic Phlegm,1246653,8.0,inv_ability_poison_orb.jpg,112,False,35436.0,5717.0,64336.0,7408.0
DVPfBvHpYFwytd2G,6,"Chimaerus, the Undreamt God",3306,WIPE,80.98,Monfro,P-930377bb7fd85d97,9,3443451.0,70.053,86.51,0.0,0.0,160963.0,50760.0,Consume,1273112,8.0,spell_deathknight_gnaw_ghoul.jpg,112,False,130098.0,66363.0,357424.0,0.0
DVPfBvHpYFwytd2G,6,"Chimaerus, the Undreamt God",3306,WIPE,80.98,Lìllith,P-093da9358d901c39,2,3443455.0,70.057,86.51,0.0,0.0,6509.0,15016.0,Consume,1273112,8.0,spell_deathknight_gnaw_ghoul.jpg,112,False,241992.0,79033.0,357424.0,29890.0
DVPfBvHpYFwytd2G,6,"Chimaerus, the Undreamt God",3306,WIPE,80.98,Mannarchy,P-074ea59fb89e97f7,7,3443457.0,70.059,86.51,0.0,0.0,52573.0,11714.0,Consume,1273112,8.0,spell_deathknight_gnaw_ghoul.jpg,112,False,214863.0,72116.0,339552.0,0.0
DVPfBvHpYFwytd2G,6,"Chimaerus, the Undreamt God",3306,WIPE,80.98,Viserion,P-daa9879d41bb66dd,6,3443547.0,70.149,86.63,0.0,0.0,41632.0,14003.0,Caustic Phlegm,1246653,8.0,inv_ability_poison_orb.jpg,112,False,13630.0,9074.0,64336.0,0.0
DVPfBvHpYFwytd2G,6,"Chimaerus, the Undreamt God",3306,WIPE,80.98,Aurëus,P-f95b1f39aecd9371,19,3443721.0,70.323,86.84,0.0,0.0,28569.0,8008.0,Caustic Phlegm,1246653,8.0,inv_ability_poison_orb.jpg,112,False,25647.0,10120.0,64336.0,0.0
DVPfBvHpYFwytd2G,6,"Chimaerus, the Undreamt God",3306,WIPE,80.98,Primeval,P-d2cfbf0e9385c81d,14,3444317.0,70.919,87.58,0.0,0.0,777.0,16023.0,Caustic Phlegm,1246653,8.0,inv_ability_poison_orb.jpg,112,False,48385.0,15174.0,64336.0,0.0
DVPfBvHpYFwytd2G,6,"Chimaerus, the Undreamt God",3306,WIPE,80.98,Dystrophee,P-14b92b7f6709320a,24,3444800.0,71.402,88.17,0.0,0.0,17642.0,16006.0,Caustic Phlegm,1246653,8.0,inv_ability_poison_orb.jpg,112,False,18950.0,5725.0,62019.0,19702.0
DVPfBvHpYFwytd2G,6,"Chimaerus, the Undreamt God",3306,WIPE,80.98,Averlis,P-77b140a1e9d7fba2,18,3445461.0,72.063,88.99,0.0,0.0,123030.0,5950.0,Consume,1273112,8.0,spell_deathknight_gnaw_ghoul.jpg,112,False,158611.0,75783.0,357424.0,0.0
DVPfBvHpYFwytd2G,6,"Chimaerus, the Undreamt God",3306,WIPE,80.98,Chontosh,P-81cad9c290ac9716,21,3445464.0,72.066,88.99,0.0,0.0,72131.0,10212.0,Consume,1273112,8.0,spell_deathknight_gnaw_ghoul.jpg,112,False,216773.0,68520.0,357424.0,0.0
DVPfBvHpYFwytd2G,6,"Chimaerus, the Undreamt God",3306,WIPE,80.98,Claye,P-c1390518e00a0324,94,3445476.0,72.078,89.01,0.0,0.0,145855.0,6354.0,Consume,1273112,8.0,spell_deathknight_gnaw_ghoul.jpg,112,False,134744.0,76825.0,357424.0,0.0
DVPfBvHpYFwytd2G,6,"Chimaerus, the Undreamt God",3306,WIPE,80.98,Soliloquy,P-ace0c6b4dcb42bd6,25,3445479.0,72.081,89.01,0.0,0.0,30440.0,6455.0,Consume,1273112,8.0,spell_deathknight_gnaw_ghoul.jpg,112,False,143452.0,80167.0,357424.0,103365.0
DVPfBvHpYFwytd2G,6,"Chimaerus, the Undreamt God",3306,WIPE,80.98,Meowrawrxo,P-cae9f2bae0773bc9,13,3445482.0,72.084,89.01,0.0,0.0,16005.0,15405.0,Consume,1273112,8.0,spell_deathknight_gnaw_ghoul.jpg,112,False,221544.0,70399.0,357424.0,49476.0
DVPfBvHpYFwytd2G,6,"Chimaerus, the Undreamt God",3306,WIPE,80.98,Panes,P-ace038bf56a82f7f,17,3447440.0,74.042,91.43,0.0,0.0,44463.0,17817.0,Consume,1273112,8.0,spell_deathknight_gnaw_ghoul.jpg,112,False,114277.0,180812.0,339552.0,0.0
DVPfBvHpYFwytd2G,6,"Chimaerus, the Undreamt God",3306,WIPE,80.98,Synkro,P-387f40c59682d853,1,3451723.0,78.325,96.72,0.0,0.0,153484.0,33989.0,Cannibalized Essence,1280655,8.0,ability_racial_cannibalize.jpg,112,False,192323.0,154206.0,777010.0,276997.0
DVPfBvHpYFwytd2G,6,"Chimaerus, the Undreamt God",3306,WIPE,80.98,Decayed,P-584cf7139227dcac,26,3453902.0,80.504,99.41,0.0,0.0,0.0,23592.0,Consume,1273112,8.0,spell_deathknight_gnaw_ghoul.jpg,112,False,79139.0,137283.0,357424.0,141002.0
DVPfBvHpYFwytd2G,7,"Chimaerus, the Undreamt God",3306,WIPE,131.649,Chontosh,P-81cad9c290ac9716,21,3678918.0,119.058,90.44,0.0,0.0,13234.0,9213.0,Rift Madness,1275637,8.0,sha_spell_warlock_demonsoul.jpg,112,False,3407.0,2784.0,19425.0,0.0
DVPfBvHpYFwytd2G,7,"Chimaerus, the Undreamt God",3306,WIPE,131.649,Mannarchy,P-074ea59fb89e97f7,7,3678939.0,119.079,90.45,0.0,0.0,5969.0,35000.0,Rift Madness,1275637,8.0,sha_spell_warlock_demonsoul.jpg,112,False,10595.0,2861.0,19425.0,0.0
DVPfBvHpYFwytd2G,7,"Chimaerus, the Undreamt God",3306,WIPE,131.649,Primeval,P-d2cfbf0e9385c81d,14,3686198.0,126.338,95.97,0.0,0.0,376099.0,0.0,Cannibalized Essence,1280655,8.0,ability_racial_cannibalize.jpg,112,False,265367.0,135544.0,777010.0,0.0
DVPfBvHpYFwytd2G,7,"Chimaerus, the Undreamt God",3306,WIPE,131.649,Dystrophee,P-14b92b7f6709320a,24,3686199.0,126.339,95.97,0.0,0.0,25287.0,2088.0,Cannibalized Essence,1280655,8.0,ability_racial_cannibalize.jpg,112,False,373117.0,120588.0,659153.0,140161.0
DVPfBvHpYFwytd2G,7,"Chimaerus, the Undreamt God",3306,WIPE,131.649,Soliloquy,P-ace0c6b4dcb42bd6,25,3686278.0,126.418,96.03,0.0,0.0,21816.0,41.0,Cannibalized Essence,1280655,8.0,ability_racial_cannibalize.jpg,112,False,315661.0,51028.0,388505.0,0.0
DVPfBvHpYFwytd2G,7,"Chimaerus, the Undreamt God",3306,WIPE,131.649,Viserion,P-daa9879d41bb66dd,6,3686280.0,126.42,96.03,0.0,0.0,841889.0,0.0,Cannibalized Essence,1280655,8.0,ability_racial_cannibalize.jpg,112,False,108909.0,214717.0,1165515.0,0.0
DVPfBvHpYFwytd2G,7,"Chimaerus, the Undreamt God",3306,WIPE,131.649,Siare,P-386d8566043e1cef,5,3686318.0,126.458,96.06,0.0,0.0,400766.0,0.0,Cannibalized Essence,1280655,8.0,ability_racial_cannibalize.jpg,112,False,239994.0,69048.0,777010.0,67202.0
DVPfBvHpYFwytd2G,7,"Chimaerus, the Undreamt God",3306,WIPE,131.649,Lìllith,P-093da9358d901c39,2,3686543.0,126.683,96.23,0.0,0.0,945035.0,0.0,Cannibalized Essence,1280655,8.0,ability_racial_cannibalize.jpg,112,False,189396.0,292118.0,1554020.0,127471.0
DVPfBvHpYFwytd2G,7,"Chimaerus, the Undreamt God",3306,WIPE,131.649,Ilidank,P-4b25ba747f972b89,15,3686579.0,126.719,96.26,0.0,0.0,106399.0,199.0,Cannibalized Essence,1280655,8.0,ability_racial_cannibalize.jpg,112,False,397169.0,273442.0,777010.0,0.0
DVPfBvHpYFwytd2G,7,"Chimaerus, the Undreamt God",3306,WIPE,131.649,Claye,P-c1390518e00a0324,94,3686641.0,126.781,96.3,0.0,0.0,1041799.0,0.0,Cannibalized Essence,1280655,8.0,ability_racial_cannibalize.jpg,112,False,256073.0,256148.0,1554020.0,0.0
DVPfBvHpYFwytd2G,7,"Chimaerus, the Undreamt God",3306,WIPE,131.649,Synkro,P-387f40c59682d853,1,3686778.0,126.918,96.41,0.0,0.0,195006.0,807.0,Cannibalized Essence,1280655,8.0,ability_racial_cannibalize.jpg,112,False,312603.0,231309.0,1165515.0,426597.0
DVPfBvHpYFwytd2G,7,"Chimaerus, the Undreamt God",3306,WIPE,131.649,Averlis,P-77b140a1e9d7fba2,18,3686805.0,126.945,96.43,0.0,0.0,327768.0,0.0,Cannibalized Essence,1280655,8.0,ability_racial_cannibalize.jpg,112,False,272250.0,176992.0,777010.0,0.0
DVPfBvHpYFwytd2G,7,"Chimaerus, the Undreamt God",3306,WIPE,131.649,Monfro,P-930377bb7fd85d97,9,3686884.0,127.024,96.49,0.0,0.0,703517.0,0.0,Cannibalized Essence,1280655,8.0,ability_racial_cannibalize.jpg,112,False,561968.0,288535.0,1554020.0,0.0
DVPfBvHpYFwytd2G,7,"Chimaerus, the Undreamt God",3306,WIPE,131.649,Greyseer,P-146fcdef511d70d4,8,3687389.0,127.529,96.87,0.0,0.0,1013125.0,0.0,Cannibalized Essence,1280655,8.0,ability_racial_cannibalize.jpg,112,False,275010.0,265885.0,1554020.0,0.0
DVPfBvHpYFwytd2G,7,"Chimaerus, the Undreamt God",3306,WIPE,131.649,Aurëus,P-f95b1f39aecd9371,19,3687547.0,127.687,96.99,0.0,0.0,17342.0,11934.0,Cannibalized Essence,1280655,8.0,ability_racial_cannibalize.jpg,112,False,305931.0,65232.0,388505.0,0.0
DVPfBvHpYFwytd2G,7,"Chimaerus, the Undreamt God",3306,WIPE,131.649,Maztajake,P-dc96b65209ad25d3,16,3687700.0,127.84,97.11,0.0,0.0,923664.0,0.0,Cannibalized Essence,1280655,8.0,ability_racial_cannibalize.jpg,112,False,301477.0,328879.0,1554020.0,0.0
DVPfBvHpYFwytd2G,7,"Chimaerus, the Undreamt God",3306,WIPE,131.649,Meowrawrxo,P-cae9f2bae0773bc9,13,3687768.0,127.908,97.16,0.0,0.0,1101638.0,0.0,Cannibalized Essence,1280655,8.0,ability_racial_cannibalize.jpg,112,False,253047.0,199335.0,1554020.0,0.0
DVPfBvHpYFwytd2G,7,"Chimaerus, the Undreamt God",3306,WIPE,131.649,Whilton,P-04eb4efde7a37b62,111,3687794.0,127.934,97.18,0.0,0.0,1050851.0,0.0,Cannibalized Essence,1280655,8.0,ability_racial_cannibalize.jpg,112,False,297525.0,205644.0,1554020.0,0.0
DVPfBvHpYFwytd2G,7,"Chimaerus, the Undreamt God",3306,WIPE,131.649,Panes,P-ace038bf56a82f7f,17,3687843.0,127.983,97.22,0.0,0.0,761006.0,0.0,Cannibalized Essence,1280655,8.0,ability_racial_cannibalize.jpg,112,False,469228.0,323786.0,1554020.0,0.0
DVPfBvHpYFwytd2G,7,"Chimaerus, the Undreamt God",3306,WIPE,131.649,Decayed,P-584cf7139227dcac,26,3690843.0,130.983,99.49,0.0,0.0,0.0,3401.0,Cannibalized Essence,1280655,8.0,ability_racial_cannibalize.jpg,,,,,,
DVPfBvHpYFwytd2G,8,"Chimaerus, the Undreamt God",3306,WIPE,185.947,Greyseer,P-146fcdef511d70d4,8,4121325.0,97.05,52.19,0.0,0.0,6682.0,13097.0,Dissonance,1268666,8.0,inv_artifact_powerofthedarkside.jpg,25,True,70964.0,38906.0,116552.0,0.0
DVPfBvHpYFwytd2G,8,"Chimaerus, the Undreamt God",3306,WIPE,185.947,Aurëus,P-f95b1f39aecd9371,19,4121364.0,97.089,52.21,0.0,0.0,76219.0,13134.0,Dissonance,1268666,8.0,inv_artifact_powerofthedarkside.jpg,2,True,9846.0,17590.0,116552.0,12897.0
DVPfBvHpYFwytd2G,8,"Chimaerus, the Undreamt God",3306,WIPE,185.947,Chontosh,P-81cad9c290ac9716,21,4128519.0,104.244,56.06,0.0,0.0,64525.0,9009.0,Colossal Strikes,1262059,8.0,ability_golemthunderclap.jpg,120,False,48745.0,22707.0,135977.0,0.0
DVPfBvHpYFwytd2G,8,"Chimaerus, the Undreamt God",3306,WIPE,185.947,Maztajake,P-dc96b65209ad25d3,16,4146238.0,121.963,65.59,0.0,0.0,20367.0,16207.0,Rift Madness,1275637,8.0,sha_spell_warlock_demonsoul.jpg,112,False,13029.0,5454.0,38850.0,0.0
DVPfBvHpYFwytd2G,8,"Chimaerus, the Undreamt God",3306,WIPE,185.947,Meowrawrxo,P-cae9f2bae0773bc9,13,4174352.0,150.077,80.71,0.0,0.0,144461.0,17816.0,Cannibalized Essence,1280655,8.0,ability_racial_cannibalize.jpg,112,False,167523.0,76521.0,388505.0,0.0
DVPfBvHpYFwytd2G,8,"Chimaerus, the Undreamt God",3306,WIPE,185.947,Panes,P-ace038bf56a82f7f,17,4174474.0,150.199,80.78,0.0,0.0,37682.0,46716.0,Cannibalized Essence,1280655,8.0,ability_racial_cannibalize.jpg,112,False,239742.0,91655.0,369079.0,0.0
DVPfBvHpYFwytd2G,8,"Chimaerus, the Undreamt God",3306,WIPE,185.947,Whilton,P-04eb4efde7a37b62,111,4174550.0,150.275,80.82,0.0,0.0,193137.0,42698.0,Cannibalized Essence,1280655,8.0,ability_racial_cannibalize.jpg,112,False,123731.0,71637.0,388505.0,0.0
DVPfBvHpYFwytd2G,8,"Chimaerus, the Undreamt God",3306,WIPE,185.947,Monfro,P-930377bb7fd85d97,9,4174686.0,150.411,80.89,0.0,0.0,140611.0,11063.0,Cannibalized Essence,1280655,8.0,ability_racial_cannibalize.jpg,112,False,156778.0,91116.0,388505.0,0.0
DVPfBvHpYFwytd2G,8,"Chimaerus, the Undreamt God",3306,WIPE,185.947,Mannarchy,P-074ea59fb89e97f7,7,4201489.0,177.214,95.3,0.0,0.0,34795.0,9022.0,Caustic Phlegm,1246653,8.0,inv_ability_poison_orb.jpg,112,False,20065.0,9476.0,64336.0,0.0
DVPfBvHpYFwytd2G,8,"Chimaerus, the Undreamt God",3306,WIPE,185.947,Viserion,P-daa9879d41bb66dd,6,4201491.0,177.216,95.3,0.0,0.0,50892.0,27372.0,Caustic Phlegm,1246653,8.0,inv_ability_poison_orb.jpg,112,False,8503.0,4941.0,64336.0,0.0
DVPfBvHpYFwytd2G,8,"Chimaerus, the Undreamt God",3306,WIPE,185.947,Primeval,P-d2cfbf0e9385c81d,14,4202128.0,177.853,95.65,0.0,0.0,53410.0,21520.0,Caustic Phlegm,1246653,8.0,inv_ability_poison_orb.jpg,112,False,2802.0,8124.0,64336.0,0.0
DVPfBvHpYFwytd2G,8,"Chimaerus, the Undreamt God",3306,WIPE,185.947,Ilidank,P-4b25ba747f972b89,15,4202846.0,178.571,96.03,0.0,0.0,5539.0,8005.0,Caustic Phlegm,1246653,8.0,inv_ability_poison_orb.jpg,112,False,42124.0,16673.0,64336.0,0.0
DVPfBvHpYFwytd2G,8,"Chimaerus, the Undreamt God",3306,WIPE,185.947,Averlis,P-77b140a1e9d7fba2,18,4202847.0,178.572,96.03,0.0,0.0,46712.0,9017.0,Caustic Phlegm,1246653,8.0,inv_ability_poison_orb.jpg,112,False,7732.0,9892.0,64336.0,0.0
DVPfBvHpYFwytd2G,8,"Chimaerus, the Undreamt God",3306,WIPE,185.947,Claye,P-c1390518e00a0324,94,4203577.0,179.302,96.43,0.0,0.0,72424.0,11507.0,Fearsome Cry,1265940,8.0,spell_shadow_deathscream.jpg,,False,18428.0,17930.0,108782.0,0.0
DVPfBvHpYFwytd2G,8,"Chimaerus, the Undreamt God",3306,WIPE,185.947,Lìllith,P-093da9358d901c39,2,4204208.0,179.933,96.77,0.0,0.0,24424.0,11005.0,Caustic Phlegm,1246653,8.0,inv_ability_poison_orb.jpg,112,False,29156.0,3092.0,64336.0,7664.0
DVPfBvHpYFwytd2G,8,"Chimaerus, the Undreamt God",3306,WIPE,185.947,Soliloquy,P-ace0c6b4dcb42bd6,25,4205798.0,181.523,97.62,0.0,0.0,5585.0,40505.0,Caustic Phlegm,1246653,8.0,inv_ability_poison_orb.jpg,112,False,41083.0,17668.0,64336.0,0.0
DVPfBvHpYFwytd2G,8,"Chimaerus, the Undreamt God",3306,WIPE,185.947,Dystrophee,P-14b92b7f6709320a,24,4207641.0,183.366,98.61,0.0,0.0,43380.0,60510.0,Lingering Miasma,1258192,8.0,spell_azerite_essence01.jpg,112,False,30729.0,10315.0,124328.0,39904.0
DVPfBvHpYFwytd2G,8,"Chimaerus, the Undreamt God",3306,WIPE,185.947,Siare,P-386d8566043e1cef,5,4207814.0,183.539,98.71,0.0,0.0,33357.0,99586.0,Fearsome Cry,1265940,8.0,spell_shadow_deathscream.jpg,,False,56767.0,8645.0,108782.0,10013.0
DVPfBvHpYFwytd2G,8,"Chimaerus, the Undreamt God",3306,WIPE,185.947,Synkro,P-387f40c59682d853,1,4208801.0,184.526,99.24,0.0,0.0,2282.0,39311.0,Fearsome Cry,1265940,8.0,spell_shadow_deathscream.jpg,,False,34217.0,10219.0,108782.0,62064.0
DVPfBvHpYFwytd2G,8,"Chimaerus, the Undreamt God",3306,WIPE,185.947,Decayed,P-584cf7139227dcac,26,4209904.0,185.629,99.83,0.0,0.0,0.0,17022.0,Caustic Phlegm,1246653,8.0,inv_ability_poison_orb.jpg,112,False,0.0,17498.0,64336.0,46838.0
DVPfBvHpYFwytd2G,9,"Chimaerus, the Undreamt God",3306,WIPE,212.927,Siare,P-386d8566043e1cef,5,4421282.0,92.112,43.26,0.0,0.0,241319.0,0.0,Alndust Upheaval,1262305,8.0,ability_earthen_azeritesurge.jpg,112,False,537597.0,0.0,141274.0,104106.0
DVPfBvHpYFwytd2G,9,"Chimaerus, the Undreamt God",3306,WIPE,212.927,Meowrawrxo,P-cae9f2bae0773bc9,13,4434171.0,105.001,49.31,0.0,0.0,243668.0,1010.0,Colossal Strikes,1262053,1.0,ability_golemthunderclap.jpg,120,False,36807.0,108030.0,388505.0,0.0
DVPfBvHpYFwytd2G,9,"Chimaerus, the Undreamt God",3306,WIPE,212.927,Mannarchy,P-074ea59fb89e97f7,7,4502725.0,173.555,81.51,0.0,0.0,374740.0,0.0,Corrupted Devastation,1245486,8.0,spell_azerite_essence02.jpg,112,False,571934.0,218842.0,1165516.0,0.0
DVPfBvHpYFwytd2G,9,"Chimaerus, the Undreamt God",3306,WIPE,212.927,Claye,P-c1390518e00a0324,94,4502936.0,173.766,81.61,0.0,0.0,388263.0,0.0,Corrupted Devastation,1245486,8.0,spell_azerite_essence02.jpg,112,False,565674.0,211579.0,1165516.0,0.0
DVPfBvHpYFwytd2G,9,"Chimaerus, the Undreamt God",3306,WIPE,212.927,Monfro,P-930377bb7fd85d97,9,4506402.0,177.232,83.24,0.0,0.0,7271.0,6203.0,Dissonance,1268666,8.0,inv_artifact_powerofthedarkside.jpg,111,True,92573.0,16708.0,116552.0,0.0
DVPfBvHpYFwytd2G,9,"Chimaerus, the Undreamt God",3306,WIPE,212.927,Whilton,P-04eb4efde7a37b62,111,4506404.0,177.234,83.24,0.0,0.0,76892.0,9484.0,Dissonance,1267201,8.0,inv_artifact_powerofthedarkside.jpg,9,True,22116.0,17544.0,116552.0,0.0
DVPfBvHpYFwytd2G,9,"Chimaerus, the Undreamt God",3306,WIPE,212.927,Viserion,P-daa9879d41bb66dd,6,4510376.0,181.206,85.1,0.0,0.0,57547.0,40288.0,Dissonance,1268666,8.0,inv_artifact_powerofthedarkside.jpg,26,True,46730.0,12275.0,116552.0,0.0
DVPfBvHpYFwytd2G,9,"Chimaerus, the Undreamt God",3306,WIPE,212.927,Ilidank,P-4b25ba747f972b89,15,4524899.0,195.729,91.92,0.0,0.0,23262.0,6117.0,Alndust Essence,1245919,8.0,inv__azerite-area-denial.jpg,,False,19893.0,15121.0,58276.0,0.0
DVPfBvHpYFwytd2G,9,"Chimaerus, the Undreamt God",3306,WIPE,212.927,Claye,P-c1390518e00a0324,94,4525955.0,196.785,92.42,0.0,0.0,492934.0,0.0,Corrupted Devastation,1245486,8.0,spell_azerite_essence02.jpg,112,False,417707.0,254875.0,1165516.0,0.0
DVPfBvHpYFwytd2G,9,"Chimaerus, the Undreamt God",3306,WIPE,212.927,Synkro,P-387f40c59682d853,1,4526727.0,197.557,92.78,0.0,0.0,97555.0,8319.0,Corrupted Devastation,1245486,8.0,spell_azerite_essence02.jpg,112,False,421421.0,241726.0,1165516.0,404814.0
DVPfBvHpYFwytd2G,9,"Chimaerus, the Undreamt God",3306,WIPE,212.927,Primeval,P-d2cfbf0e9385c81d,14,4527348.0,198.178,93.07,0.0,0.0,33426.0,29490.0,Fearsome Cry,1265940,8.0,spell_shadow_deathscream.jpg,,False,15066.0,5899.0,54391.0,0.0
DVPfBvHpYFwytd2G,9,"Chimaerus, the Undreamt God",3306,WIPE,212.927,Averlis,P-77b140a1e9d7fba2,18,4527382.0,198.212,93.09,0.0,0.0,840331.0,0.0,Corrupted Devastation,1245486,8.0,spell_azerite_essence02.jpg,112,False,106469.0,218716.0,1165516.0,0.0
DVPfBvHpYFwytd2G,9,"Chimaerus, the Undreamt God",3306,WIPE,212.927,Maztajake,P-dc96b65209ad25d3,16,4530603.0,201.433,94.6,0.0,0.0,41589.0,15873.0,Alndust Essence,1245919,8.0,inv__azerite-area-denial.jpg,,False,8554.0,8133.0,58276.0,0.0
DVPfBvHpYFwytd2G,9,"Chimaerus, the Undreamt God",3306,WIPE,212.927,Greyseer,P-146fcdef511d70d4,8,4533003.0,203.833,95.73,0.0,0.0,57124.0,4345.0,Essence Bolt,1261997,8.0,inv__azerite-explosion.jpg,132,False,44587.0,14841.0,116552.0,0.0
DVPfBvHpYFwytd2G,9,"Chimaerus, the Undreamt God",3306,WIPE,212.927,Soliloquy,P-ace0c6b4dcb42bd6,25,4534138.0,204.968,96.26,0.0,0.0,69415.0,5498.0,Essence Bolt,1261997,8.0,inv__azerite-explosion.jpg,132,False,33894.0,13243.0,116552.0,0.0
DVPfBvHpYFwytd2G,9,"Chimaerus, the Undreamt God",3306,WIPE,212.927,Lìllith,P-093da9358d901c39,2,4534471.0,205.301,96.42,0.0,0.0,6255.0,16032.0,Caustic Phlegm,1246653,8.0,inv_ability_poison_orb.jpg,112,False,19682.0,1546.0,32168.0,4685.0
DVPfBvHpYFwytd2G,9,"Chimaerus, the Undreamt God",3306,WIPE,212.927,Panes,P-ace038bf56a82f7f,17,4535642.0,206.472,96.97,0.0,0.0,40540.0,7009.0,Fearsome Cry,1265940,8.0,spell_shadow_deathscream.jpg,,False,6231.0,7620.0,54391.0,0.0
DVPfBvHpYFwytd2G,9,"Chimaerus, the Undreamt God",3306,WIPE,212.927,Chontosh,P-81cad9c290ac9716,21,4536256.0,207.086,97.26,0.0,0.0,23727.0,7583.0,Discordant Roar,1249207,1.0,ability_druid_challangingroar.jpg,138,False,111786.0,32321.0,167834.0,0.0
DVPfBvHpYFwytd2G,9,"Chimaerus, the Undreamt God",3306,WIPE,212.927,Decayed,P-584cf7139227dcac,26,4536880.0,207.71,97.55,0.0,0.0,0.0,8076.0,Caustic Phlegm,1246653,8.0,inv_ability_poison_orb.jpg,112,False,0.0,9232.0,32168.0,22936.0
DVPfBvHpYFwytd2G,9,"Chimaerus, the Undreamt God",3306,WIPE,212.927,Dystrophee,P-14b92b7f6709320a,24,4537135.0,207.965,97.67,0.0,0.0,30747.0,38943.0,Essence Bolt,1261997,8.0,inv__azerite-explosion.jpg,133,False,36600.0,7489.0,116552.0,41716.0
DVPfBvHpYFwytd2G,9,"Chimaerus, the Undreamt God",3306,WIPE,212.927,Aurëus,P-f95b1f39aecd9371,19,4542073.0,212.903,99.99,0.0,0.0,32199.0,13464.0,Consuming Miasma,1257087,8.0,spell_azerite_essence_16.jpg,112,False,27935.0,9797.0,69931.0,0.0
DVPfBvHpYFwytd2G,10,"Chimaerus, the Undreamt God",3306,WIPE,210.913,Chontosh,P-81cad9c290ac9716,21,4716729.0,92.066,43.65,0.0,0.0,127450.0,8135.0,Alndust Upheaval,1262305,8.0,ability_earthen_azeritesurge.jpg,112,False,4997.0,40222.0,172669.0,0.0
DVPfBvHpYFwytd2G,10,"Chimaerus, the Undreamt God",3306,WIPE,210.913,Whilton,P-04eb4efde7a37b62,111,4743049.0,118.386,56.13,0.0,0.0,156550.0,34456.0,Melee,1,1.0,inv_axe_02.jpg,120,False,46881.0,80747.0,284178.0,0.0
DVPfBvHpYFwytd2G,10,"Chimaerus, the Undreamt God",3306,WIPE,210.913,Meowrawrxo,P-cae9f2bae0773bc9,13,4752311.0,127.648,60.52,0.0,0.0,2453.0,35583.0,Discordant Roar,1249207,1.0,ability_druid_challangingroar.jpg,120,False,143853.0,21528.0,167834.0,0.0
DVPfBvHpYFwytd2G,10,"Chimaerus, the Undreamt God",3306,WIPE,210.913,Greyseer,P-146fcdef511d70d4,8,4758080.0,133.417,63.26,0.0,0.0,22219.0,23075.0,Caustic Phlegm,1246653,8.0,inv_ability_poison_orb.jpg,112,False,7783.0,2166.0,32168.0,0.0
DVPfBvHpYFwytd2G,10,"Chimaerus, the Undreamt God",3306,WIPE,210.913,Aurëus,P-f95b1f39aecd9371,19,4801234.0,176.571,83.72,0.0,0.0,43685.0,8993.0,Caustic Phlegm,1246653,8.0,inv_ability_poison_orb.jpg,112,False,13482.0,7169.0,64336.0,0.0
DVPfBvHpYFwytd2G,10,"Chimaerus, the Undreamt God",3306,WIPE,210.913,Mannarchy,P-074ea59fb89e97f7,7,4802059.0,177.396,84.11,0.0,0.0,70094.0,7733.0,Fearsome Cry,1265940,8.0,spell_shadow_deathscream.jpg,,False,22665.0,16023.0,108782.0,0.0
DVPfBvHpYFwytd2G,10,"Chimaerus, the Undreamt God",3306,WIPE,210.913,Panes,P-ace038bf56a82f7f,17,4802483.0,177.82,84.31,0.0,0.0,25686.0,9602.0,Melee,1,1.0,inv_axe_02.jpg,138,False,192426.0,62660.0,280772.0,0.0
DVPfBvHpYFwytd2G,10,"Chimaerus, the Undreamt God",3306,WIPE,210.913,Chontosh,P-81cad9c290ac9716,21,4803215.0,178.552,84.66,0.0,0.0,15523.0,2171.0,Caustic Phlegm,1246653,8.0,inv_ability_poison_orb.jpg,112,False,40435.0,8378.0,64336.0,0.0
DVPfBvHpYFwytd2G,10,"Chimaerus, the Undreamt God",3306,WIPE,210.913,Claye,P-c1390518e00a0324,94,4804498.0,179.835,85.27,0.0,0.0,11387.0,12031.0,Caustic Phlegm,1246653,8.0,inv_ability_poison_orb.jpg,112,False,39658.0,13291.0,64336.0,0.0
DVPfBvHpYFwytd2G,10,"Chimaerus, the Undreamt God",3306,WIPE,210.913,Viserion,P-daa9879d41bb66dd,6,4809537.0,184.874,87.65,0.0,0.0,21775.0,17019.0,Caustic Phlegm,1246653,8.0,inv_ability_poison_orb.jpg,112,False,34056.0,8505.0,64336.0,0.0
DVPfBvHpYFwytd2G,10,"Chimaerus, the Undreamt God",3306,WIPE,210.913,Soliloquy,P-ace0c6b4dcb42bd6,25,4810438.0,185.775,88.08,0.0,0.0,47660.0,3007.0,Consuming Miasma,1257087,8.0,spell_azerite_essence_16.jpg,112,False,77589.0,14613.0,139862.0,0.0
DVPfBvHpYFwytd2G,10,"Chimaerus, the Undreamt God",3306,WIPE,210.913,Decayed,P-584cf7139227dcac,26,4815342.0,190.679,90.41,0.0,0.0,35444.0,23204.0,Consuming Miasma,1257087,8.0,spell_azerite_essence_16.jpg,112,False,21222.0,39613.0,139862.0,43583.0
DVPfBvHpYFwytd2G,10,"Chimaerus, the Undreamt God",3306,WIPE,210.913,Lìllith,P-093da9358d901c39,2,4816826.0,192.163,91.11,0.0,0.0,7552.0,23492.0,Caustic Phlegm,1246653,8.0,inv_ability_poison_orb.jpg,112,False,16867.0,6766.0,64336.0,33151.0
DVPfBvHpYFwytd2G,10,"Chimaerus, the Undreamt God",3306,WIPE,210.913,Averlis,P-77b140a1e9d7fba2,18,4817141.0,192.478,91.26,0.0,0.0,94406.0,42591.0,Discordant Roar,1249207,1.0,ability_druid_challangingroar.jpg,137,False,15670.0,29786.0,139862.0,0.0
DVPfBvHpYFwytd2G,10,"Chimaerus, the Undreamt God",3306,WIPE,210.913,Siare,P-386d8566043e1cef,5,4822935.0,198.272,94.01,0.0,0.0,54326.0,64024.0,Fearsome Cry,1265940,8.0,spell_shadow_deathscream.jpg,,False,37637.0,6601.0,108782.0,10218.0
DVPfBvHpYFwytd2G,10,"Chimaerus, the Undreamt God",3306,WIPE,210.913,Ilidank,P-4b25ba747f972b89,15,4823722.0,199.059,94.38,0.0,0.0,28958.0,30082.0,Fearsome Cry,1265940,8.0,spell_shadow_deathscream.jpg,,False,49922.0,29902.0,108782.0,0.0
DVPfBvHpYFwytd2G,10,"Chimaerus, the Undreamt God",3306,WIPE,210.913,Monfro,P-930377bb7fd85d97,9,4826184.0,201.521,95.55,0.0,0.0,4591.0,33008.0,Caustic Phlegm,1246653,8.0,inv_ability_poison_orb.jpg,112,False,49942.0,9803.0,64336.0,0.0
DVPfBvHpYFwytd2G,10,"Chimaerus, the Undreamt God",3306,WIPE,210.913,Synkro,P-387f40c59682d853,1,4827371.0,202.708,96.11,0.0,0.0,56821.0,52837.0,Caustic Phlegm,1246653,8.0,inv_ability_poison_orb.jpg,112,False,657.0,8423.0,64336.0,25591.0
DVPfBvHpYFwytd2G,10,"Chimaerus, the Undreamt God",3306,WIPE,210.913,Dystrophee,P-14b92b7f6709320a,24,4829779.0,205.116,97.25,0.0,0.0,14853.0,63276.0,Essence Bolt,1261997,8.0,inv__azerite-explosion.jpg,133,False,51785.0,14032.0,116552.0,35882.0
DVPfBvHpYFwytd2G,10,"Chimaerus, the Undreamt God",3306,WIPE,210.913,Primeval,P-d2cfbf0e9385c81d,14,4835396.0,210.733,99.91,0.0,0.0,27232.0,6008.0,Caustic Phlegm,1246653,8.0,inv_ability_poison_orb.jpg,112,False,26685.0,10419.0,64336.0,0.0
DVPfBvHpYFwytd2G,11,"Chimaerus, the Undreamt God",3306,WIPE,176.135,Chontosh,P-81cad9c290ac9716,21,4982511.0,44.935,25.51,0.0,0.0,6539.0,13031.0,Caustic Phlegm,1246653,8.0,inv_ability_poison_orb.jpg,112,False,21937.0,3692.0,32168.0,0.0
DVPfBvHpYFwytd2G,11,"Chimaerus, the Undreamt God",3306,WIPE,176.135,Greyseer,P-146fcdef511d70d4,8,4985343.0,47.767,27.12,0.0,0.0,21901.0,16012.0,Caustic Phlegm,1246653,8.0,inv_ability_poison_orb.jpg,112,False,6300.0,3967.0,32168.0,0.0
DVPfBvHpYFwytd2G,11,"Chimaerus, the Undreamt God",3306,WIPE,176.135,Averlis,P-77b140a1e9d7fba2,18,5029611.0,92.035,52.25,0.0,0.0,390324.0,0.0,Alndust Upheaval,1262305,8.0,ability_earthen_azeritesurge.jpg,112,False,449702.0,0.0,155402.0,0.0
DVPfBvHpYFwytd2G,11,"Chimaerus, the Undreamt God",3306,WIPE,176.135,Lìllith,P-093da9358d901c39,2,5029613.0,92.037,52.25,0.0,0.0,581277.0,0.0,Alndust Upheaval,1262305,8.0,ability_earthen_azeritesurge.jpg,112,False,253840.0,0.0,155402.0,96940.0
DVPfBvHpYFwytd2G,11,"Chimaerus, the Undreamt God",3306,WIPE,176.135,Whilton,P-04eb4efde7a37b62,111,5058587.0,121.011,68.7,0.0,0.0,53454.0,13066.0,Dissonance,1268666,8.0,inv_artifact_powerofthedarkside.jpg,25,True,39614.0,23484.0,116552.0,0.0
DVPfBvHpYFwytd2G,11,"Chimaerus, the Undreamt God",3306,WIPE,176.135,Meowrawrxo,P-cae9f2bae0773bc9,13,5065311.0,127.735,72.52,0.0,0.0,14935.0,24236.0,Discordant Roar,1249207,1.0,ability_druid_challangingroar.jpg,120,False,131371.0,21528.0,167834.0,0.0
DVPfBvHpYFwytd2G,11,"Chimaerus, the Undreamt God",3306,WIPE,176.135,Viserion,P-daa9879d41bb66dd,6,5070448.0,132.872,75.44,0.0,0.0,38403.0,30819.0,Caustic Phlegm,1246653,8.0,inv_ability_poison_orb.jpg,112,False,5767.0,1865.0,32168.0,0.0
DVPfBvHpYFwytd2G,11,"Chimaerus, the Undreamt God",3306,WIPE,176.135,Mannarchy,P-074ea59fb89e97f7,7,5071723.0,134.147,76.16,0.0,0.0,1206.0,50198.0,Caustic Phlegm,1246653,8.0,inv_ability_poison_orb.jpg,112,False,26224.0,4738.0,32168.0,0.0
DVPfBvHpYFwytd2G,11,"Chimaerus, the Undreamt God",3306,WIPE,176.135,Soliloquy,P-ace0c6b4dcb42bd6,25,5093833.0,156.257,88.71,0.0,0.0,1121741.0,0.0,Alndust Upheaval,1262305,8.0,ability_earthen_azeritesurge.jpg,112,False,147173.0,285107.0,1554021.0,0.0
DVPfBvHpYFwytd2G,11,"Chimaerus, the Undreamt God",3306,WIPE,176.135,Synkro,P-387f40c59682d853,1,5093836.0,156.26,88.72,0.0,0.0,292570.0,11145.0,Alndust Upheaval,1262305,8.0,ability_earthen_azeritesurge.jpg,112,False,379408.0,346543.0,1554020.0,535499.0
DVPfBvHpYFwytd2G,11,"Chimaerus, the Undreamt God",3306,WIPE,176.135,Panes,P-ace038bf56a82f7f,17,5095499.0,157.923,89.66,0.0,0.0,0.0,10288.0,,,,,,,,,,
DVPfBvHpYFwytd2G,11,"Chimaerus, the Undreamt God",3306,WIPE,176.135,Claye,P-c1390518e00a0324,94,5097891.0,160.315,91.02,0.0,0.0,0.0,7066.0,,,,,,,,,,
DVPfBvHpYFwytd2G,11,"Chimaerus, the Undreamt God",3306,WIPE,176.135,Monfro,P-930377bb7fd85d97,9,5098570.0,160.994,91.4,0.0,0.0,0.0,9163.0,,,,,,,,,,
DVPfBvHpYFwytd2G,11,"Chimaerus, the Undreamt God",3306,WIPE,176.135,Dystrophee,P-14b92b7f6709320a,24,5098772.0,161.196,91.52,0.0,0.0,0.0,10539.0,,,,,,,,,,
DVPfBvHpYFwytd2G,11,"Chimaerus, the Undreamt God",3306,WIPE,176.135,Chontosh,P-81cad9c290ac9716,21,5100125.0,162.549,92.29,0.0,0.0,0.0,0.0,,,,,,,,,,
DVPfBvHpYFwytd2G,11,"Chimaerus, the Undreamt God",3306,WIPE,176.135,Decayed,P-584cf7139227dcac,26,5101003.0,163.427,92.79,0.0,0.0,0.0,0.0,,,,,,,,,,
DVPfBvHpYFwytd2G,11,"Chimaerus, the Undreamt God",3306,WIPE,176.135,Primeval,P-d2cfbf0e9385c81d,14,5101260.0,163.684,92.93,0.0,0.0,0.0,10507.0,,,,,,,,,,
DVPfBvHpYFwytd2G,11,"Chimaerus, the Undreamt God",3306,WIPE,176.135,Aurëus,P-f95b1f39aecd9371,19,5109434.0,171.858,97.57,0.0,0.0,1628563.0,0.0,Corrupted Devastation,1245486,8.0,spell_azerite_essence02.jpg,112,False,271495.0,430974.0,2331032.0,0.0
DVPfBvHpYFwytd2G,11,"Chimaerus, the Undreamt God",3306,WIPE,176.135,Siare,P-386d8566043e1cef,5,5112264.0,174.688,99.18,0.0,0.0,34760.0,32980.0,Caustic Phlegm,1246653,8.0,inv_ability_poison_orb.jpg,112,False,22064.0,5717.0,64336.0,1795.0
DVPfBvHpYFwytd2G,11,"Chimaerus, the Undreamt God",3306,WIPE,176.135,Ilidank,P-4b25ba747f972b89,15,5113689.0,176.113,99.99,0.0,0.0,1662.0,10007.0,Caustic Phlegm,1246653,8.0,inv_ability_poison_orb.jpg,112,False,48527.0,14147.0,64336.0,0.0
DVPfBvHpYFwytd2G,12,"Chimaerus, the Undreamt God",3306,WIPE,221.603,Ilidank,P-4b25ba747f972b89,15,5336166.0,92.035,41.53,0.0,0.0,128484.0,0.0,Alndust Upheaval,1262305,8.0,ability_earthen_azeritesurge.jpg,112,False,547880.0,0.0,155402.0,12407.0
DVPfBvHpYFwytd2G,12,"Chimaerus, the Undreamt God",3306,WIPE,221.603,Monfro,P-930377bb7fd85d97,9,5424352.0,180.221,81.33,0.0,0.0,8610.0,38341.0,Fearsome Cry,1265940,8.0,spell_shadow_deathscream.jpg,,False,39455.0,6326.0,54391.0,0.0
DVPfBvHpYFwytd2G,12,"Chimaerus, the Undreamt God",3306,WIPE,221.603,Primeval,P-d2cfbf0e9385c81d,14,5425366.0,181.235,81.78,0.0,0.0,14851.0,25244.0,Fearsome Cry,1265940,8.0,spell_shadow_deathscream.jpg,,False,32671.0,6869.0,54391.0,0.0
DVPfBvHpYFwytd2G,12,"Chimaerus, the Undreamt God",3306,WIPE,221.603,Soliloquy,P-ace0c6b4dcb42bd6,25,5425368.0,181.237,81.78,0.0,0.0,21335.0,35371.0,Fearsome Cry,1265940,8.0,spell_shadow_deathscream.jpg,,False,9351.0,23705.0,54391.0,0.0
DVPfBvHpYFwytd2G,12,"Chimaerus, the Undreamt God",3306,WIPE,221.603,Siare,P-386d8566043e1cef,5,5425933.0,181.802,82.04,0.0,0.0,1702.0,25789.0,Caustic Phlegm,1246653,8.0,inv_ability_poison_orb.jpg,112,False,24949.0,2556.0,32168.0,2961.0
DVPfBvHpYFwytd2G,12,"Chimaerus, the Undreamt God",3306,WIPE,221.603,Lìllith,P-093da9358d901c39,2,5427828.0,183.697,82.89,0.0,0.0,14336.0,9003.0,Caustic Phlegm,1246653,8.0,inv_ability_poison_orb.jpg,112,False,12673.0,2158.0,32168.0,3001.0
DVPfBvHpYFwytd2G,12,"Chimaerus, the Undreamt God",3306,WIPE,221.603,Averlis,P-77b140a1e9d7fba2,18,5427922.0,183.791,82.94,0.0,0.0,29863.0,42377.0,Consuming Miasma,1257087,8.0,spell_azerite_essence_16.jpg,112,False,15106.0,24962.0,69931.0,0.0
DVPfBvHpYFwytd2G,12,"Chimaerus, the Undreamt God",3306,WIPE,221.603,Viserion,P-daa9879d41bb66dd,6,5428620.0,184.489,83.25,0.0,0.0,21407.0,9522.0,Fearsome Cry,1265940,8.0,spell_shadow_deathscream.jpg,,False,28807.0,4177.0,54391.0,0.0
DVPfBvHpYFwytd2G,12,"Chimaerus, the Undreamt God",3306,WIPE,221.603,Synkro,P-387f40c59682d853,1,5434932.0,190.801,86.1,0.0,0.0,2585.0,35170.0,Fearsome Cry,1265940,8.0,spell_shadow_deathscream.jpg,,False,22032.0,4104.0,54391.0,25670.0
DVPfBvHpYFwytd2G,12,"Chimaerus, the Undreamt God",3306,WIPE,221.603,Chontosh,P-81cad9c290ac9716,21,5447642.0,203.511,91.84,0.0,0.0,29767.0,8667.0,Fearsome Cry,1265940,8.0,spell_shadow_deathscream.jpg,,False,11843.0,12781.0,54391.0,0.0
DVPfBvHpYFwytd2G,12,"Chimaerus, the Undreamt God",3306,WIPE,221.603,Panes,P-ace038bf56a82f7f,17,5450977.0,206.846,93.34,0.0,0.0,22816.0,23914.0,Discordant Roar,1249207,1.0,ability_druid_challangingroar.jpg,138,False,101997.0,43021.0,167834.0,0.0
DVPfBvHpYFwytd2G,12,"Chimaerus, the Undreamt God",3306,WIPE,221.603,Meowrawrxo,P-cae9f2bae0773bc9,13,5450981.0,206.85,93.34,0.0,0.0,114765.0,7559.0,Discordant Roar,1249207,1.0,ability_druid_challangingroar.jpg,138,False,31541.0,21528.0,167834.0,0.0
DVPfBvHpYFwytd2G,12,"Chimaerus, the Undreamt God",3306,WIPE,221.603,Whilton,P-04eb4efde7a37b62,111,5450984.0,206.853,93.34,0.0,0.0,74169.0,7766.0,Discordant Roar,1249207,1.0,ability_druid_challangingroar.jpg,138,False,62642.0,31023.0,167834.0,0.0
DVPfBvHpYFwytd2G,12,"Chimaerus, the Undreamt God",3306,WIPE,221.603,Greyseer,P-146fcdef511d70d4,8,5451112.0,206.981,93.4,0.0,0.0,4418.0,7028.0,Caustic Phlegm,1246653,8.0,inv_ability_poison_orb.jpg,112,False,9683.0,18067.0,32168.0,0.0
DVPfBvHpYFwytd2G,12,"Chimaerus, the Undreamt God",3306,WIPE,221.603,Claye,P-c1390518e00a0324,94,5453055.0,208.924,94.28,0.0,0.0,20658.0,9286.0,Fearsome Cry,1265940,8.0,spell_shadow_deathscream.jpg,,False,24768.0,8965.0,54391.0,0.0
DVPfBvHpYFwytd2G,12,"Chimaerus, the Undreamt God",3306,WIPE,221.603,Mannarchy,P-074ea59fb89e97f7,7,5453292.0,209.161,94.39,0.0,0.0,21450.0,10017.0,Caustic Phlegm,1246653,8.0,inv_ability_poison_orb.jpg,112,False,4334.0,6384.0,32168.0,0.0
DVPfBvHpYFwytd2G,12,"Chimaerus, the Undreamt God",3306,WIPE,221.603,Dystrophee,P-14b92b7f6709320a,24,5461926.0,217.795,98.28,0.0,0.0,51601.0,17337.0,Essence Bolt,1261997,8.0,inv__azerite-explosion.jpg,132,False,8225.0,10373.0,112356.0,42157.0
DVPfBvHpYFwytd2G,12,"Chimaerus, the Undreamt God",3306,WIPE,221.603,Decayed,P-584cf7139227dcac,26,5462118.0,217.987,98.37,0.0,0.0,0.0,17537.0,Lingering Miasma,1258192,8.0,spell_azerite_essence01.jpg,,,,,,
DVPfBvHpYFwytd2G,12,"Chimaerus, the Undreamt God",3306,WIPE,221.603,Aurëus,P-f95b1f39aecd9371,19,5465719.0,221.588,99.99,0.0,0.0,25458.0,21592.0,Essence Bolt,1261997,8.0,inv__azerite-explosion.jpg,132,False,48596.0,42498.0,116552.0,0.0
DVPfBvHpYFwytd2G,13,"Chimaerus, the Undreamt God",3306,WIPE,20.59,Primeval,P-d2cfbf0e9385c81d,14,5582215.0,6.404,31.1,0.0,0.0,0.0,0.0,,,,,,,,,,
DVPfBvHpYFwytd2G,13,"Chimaerus, the Undreamt God",3306,WIPE,20.59,Chontosh,P-81cad9c290ac9716,21,5587255.0,11.444,55.58,0.0,0.0,151790.0,6647.0,Melee,1,1.0,inv_axe_02.jpg,112,False,170059.0,459957.0,794891.0,13085.0
DVPfBvHpYFwytd2G,13,"Chimaerus, the Undreamt God",3306,WIPE,20.59,Claye,P-c1390518e00a0324,94,5589258.0,13.447,65.31,0.0,0.0,52478.0,4020.0,Melee,1,1.0,inv_axe_02.jpg,112,False,393182.0,338859.0,784519.0,0.0
DVPfBvHpYFwytd2G,13,"Chimaerus, the Undreamt God",3306,WIPE,20.59,Monfro,P-930377bb7fd85d97,9,5591441.0,15.63,75.91,0.0,0.0,0.0,0.0,,,,,,,,,,
DVPfBvHpYFwytd2G,13,"Chimaerus, the Undreamt God",3306,WIPE,20.59,Soliloquy,P-ace0c6b4dcb42bd6,25,5591535.0,15.724,76.37,0.0,0.0,446422.0,0.0,Melee,1,1.0,inv_axe_02.jpg,112,False,218158.0,114297.0,778877.0,0.0
DVPfBvHpYFwytd2G,13,"Chimaerus, the Undreamt God",3306,WIPE,20.59,Dystrophee,P-14b92b7f6709320a,24,5592647.0,16.836,81.77,0.0,0.0,0.0,0.0,,,,,,,,,,
DVPfBvHpYFwytd2G,13,"Chimaerus, the Undreamt God",3306,WIPE,20.59,Aurëus,P-f95b1f39aecd9371,19,5595562.0,19.751,95.93,0.0,0.0,176250.0,10326.0,Melee,1,1.0,inv_axe_02.jpg,112,False,144009.0,454475.0,774734.0,0.0
GBXcvzpjkJAxCH6P,7,Entombed Sentinels,3445,WIPE,117.643,Aiondormu,P-7042d06ba67fd0cd,2,1141348.0,63.025,53.57,0.0,0.0,50635.0,13813.0,Deadly Venom,1297338,8.0,ability_creature_poison_06.jpg,,False,13070.0,10448.0,74153.0,0.0
GBXcvzpjkJAxCH6P,7,Entombed Sentinels,3445,WIPE,117.643,Holè,P-fbc06181c52fd653,12,1143532.0,65.209,55.43,0.0,0.0,13688.0,9998.0,Mark of Blood,1284506,32.0,inv_arcanegolem2mount_red.jpg,77,False,24677.0,14963.0,61173.0,7845.0
GBXcvzpjkJAxCH6P,7,Entombed Sentinels,3445,WIPE,117.643,Edalem,P-92f8dad1f1cb9f9d,15,1154935.0,76.612,65.12,0.0,0.0,36479.0,8296.0,Blood Venom,1284210,32.0,spell_shadow_bloodboil.jpg,77,False,54046.0,33063.0,123588.0,0.0
GBXcvzpjkJAxCH6P,7,Entombed Sentinels,3445,WIPE,117.643,Serraphhiimm,P-d48a5d15ed62d34d,13,1160649.0,82.326,69.98,0.0,0.0,8776.0,11160.0,Contaminate,1284258,8.0,ability_rogue_venomouswounds.jpg,98,False,61094.0,8878.0,86511.0,7763.0
GBXcvzpjkJAxCH6P,7,Entombed Sentinels,3445,WIPE,117.643,Beez,P-02432467572990c1,4,1161771.0,83.448,70.93,0.0,0.0,194299.0,5259.0,Unstable Miasma,1288282,32.0,ability_deathwing_bloodcorruption_death.jpg,77,False,575100.0,321668.0,1176555.0,85488.0
GBXcvzpjkJAxCH6P,7,Entombed Sentinels,3445,WIPE,117.643,Chontosh,P-81cad9c290ac9716,3,1161774.0,83.451,70.94,0.0,0.0,639490.0,0.0,Unstable Miasma,1288282,32.0,ability_deathwing_bloodcorruption_death.jpg,77,False,234760.0,302305.0,1176555.0,0.0
GBXcvzpjkJAxCH6P,7,Entombed Sentinels,3445,WIPE,117.643,Naaven,P-ccf44be43e02837c,14,1167069.0,88.746,75.44,0.0,0.0,140479.0,12433.0,Bloodvenom Injection,1284487,1.0,ability_warrior_bloodbath.jpg,77,False,421543.0,1149596.0,1764833.0,53215.0
GBXcvzpjkJAxCH6P,7,Entombed Sentinels,3445,WIPE,117.643,Greyseer,P-146fcdef511d70d4,16,1170145.0,91.822,78.05,0.0,0.0,117222.0,3060.0,Noxious Blast,1284452,8.0,ability_creature_poison_06.jpg,80,False,88817.0,58685.0,264724.0,0.0
GBXcvzpjkJAxCH6P,7,Entombed Sentinels,3445,WIPE,117.643,Vênarial,P-337adcb66265510b,20,1178646.0,100.323,85.28,0.0,0.0,50428.0,9143.0,Contaminate,1284258,8.0,ability_rogue_venomouswounds.jpg,98,False,5651.0,20048.0,82358.0,6231.0
GBXcvzpjkJAxCH6P,7,Entombed Sentinels,3445,WIPE,117.643,Maztajake,P-dc96b65209ad25d3,11,1179814.0,101.491,86.27,0.0,0.0,62115.0,34328.0,Blood Venom,1284210,32.0,spell_shadow_bloodboil.jpg,77,False,35401.0,20139.0,117655.0,0.0
GBXcvzpjkJAxCH6P,7,Entombed Sentinels,3445,WIPE,117.643,Høss,P-587efc2fad32a2bc,1,1182640.0,104.317,88.67,0.0,0.0,21731.0,7157.0,Mark of Acid,1284500,8.0,inv_arcanegolem2mount_green.jpg,80,False,26760.0,9745.0,58236.0,0.0
GBXcvzpjkJAxCH6P,7,Entombed Sentinels,3445,WIPE,117.643,Bubblebie,P-f48298cf731f6a15,9,1183047.0,104.724,89.02,0.0,0.0,17730.0,17536.0,Blood Venom,1284210,32.0,spell_shadow_bloodboil.jpg,77,False,62521.0,37404.0,117655.0,0.0
GBXcvzpjkJAxCH6P,7,Entombed Sentinels,3445,WIPE,117.643,Ahhoy,P-1b2694017470c6a3,8,1183547.0,105.224,89.44,0.0,0.0,23700.0,5002.0,Blood Venom,1284210,32.0,spell_shadow_bloodboil.jpg,77,False,66432.0,27523.0,117655.0,0.0
GBXcvzpjkJAxCH6P,7,Entombed Sentinels,3445,WIPE,117.643,Khiurae,P-7dd10ed94888923b,17,1185445.0,107.122,91.06,0.0,0.0,104.0,30358.0,Blighted Blood,1284471,32.0,spell_shadow_lifedrain.jpg,77,False,127301.0,19664.0,147069.0,0.0
GBXcvzpjkJAxCH6P,7,Entombed Sentinels,3445,WIPE,117.643,Erebus,P-9fad990bdb9dfd69,18,1185838.0,107.515,91.39,0.0,0.0,64709.0,18220.0,Blood Venom,1284210,32.0,spell_shadow_bloodboil.jpg,77,False,17305.0,15138.0,117655.0,20503.0
GBXcvzpjkJAxCH6P,7,Entombed Sentinels,3445,WIPE,117.643,Edarnir,P-54d93425db7abdd0,7,1186181.0,107.858,91.68,0.0,0.0,71375.0,19545.0,Blood Venom,1284210,32.0,spell_shadow_bloodboil.jpg,77,False,19852.0,26428.0,117655.0,0.0
GBXcvzpjkJAxCH6P,7,Entombed Sentinels,3445,WIPE,117.643,Muktukk,P-898f74e0cf11582f,19,1187029.0,108.706,92.4,0.0,0.0,0.0,9717.0,Melee,1,1.0,inv_axe_02.jpg,,,,,,
GBXcvzpjkJAxCH6P,7,Entombed Sentinels,3445,WIPE,117.643,Shockabeotch,P-26d1d86078024e5b,5,1189113.0,110.79,94.17,0.0,0.0,207308.0,43627.0,Toxic Droplets,1284451,8.0,inv_ability_poison_orb.jpg,80,False,31113.0,39651.0,278072.0,0.0
GBXcvzpjkJAxCH6P,7,Entombed Sentinels,3445,WIPE,117.643,Mypriiest,P-78c2f253b8a33ced,6,1191010.0,112.687,95.79,0.0,0.0,38780.0,45524.0,Blood Venom,1284210,32.0,spell_shadow_bloodboil.jpg,77,False,62223.0,16652.0,117655.0,0.0
GBXcvzpjkJAxCH6P,9,Entombed Sentinels,3445,WIPE,298.096,Greyseer,P-146fcdef511d70d4,16,1468333.0,181.337,60.83,0.0,0.0,48068.0,12026.0,Mark of Blood,1284506,32.0,inv_arcanegolem2mount_red.jpg,77,False,40602.0,21332.0,110002.0,0.0
GBXcvzpjkJAxCH6P,9,Entombed Sentinels,3445,WIPE,298.096,Edalem,P-92f8dad1f1cb9f9d,15,1470428.0,183.432,61.53,0.0,0.0,26897.0,3384.0,Living Venom,1284209,8.0,inv_ability_poison_groundstate.jpg,80,False,161924.0,75903.0,264724.0,0.0
GBXcvzpjkJAxCH6P,9,Entombed Sentinels,3445,WIPE,298.096,Vênarial,P-337adcb66265510b,20,1566320.0,279.324,93.7,0.0,0.0,46329.0,10201.0,Mark of Blood,1284506,32.0,inv_arcanegolem2mount_red.jpg,77,False,33831.0,20936.0,110002.0,8906.0
GBXcvzpjkJAxCH6P,9,Entombed Sentinels,3445,WIPE,298.096,Holè,P-fbc06181c52fd653,12,1566428.0,279.432,93.74,0.0,0.0,209871.0,14022.0,Cultivated Burst,1284941,40.0,spell_deathknight_explode_ghoul.jpg,77,False,62879.0,139382.0,442437.0,30305.0
GBXcvzpjkJAxCH6P,9,Entombed Sentinels,3445,WIPE,298.096,Edarnir,P-54d93425db7abdd0,7,1572892.0,285.896,95.91,0.0,0.0,3972.0,6576.0,Contaminate,1284258,8.0,ability_rogue_venomouswounds.jpg,98,False,56645.0,22787.0,86511.0,3107.0
GBXcvzpjkJAxCH6P,9,Entombed Sentinels,3445,WIPE,298.096,Høss,P-587efc2fad32a2bc,1,1572989.0,285.993,95.94,0.0,0.0,26330.0,20675.0,Toxic Droplets,1284451,8.0,inv_ability_poison_orb.jpg,80,False,194097.0,44297.0,264724.0,0.0
GBXcvzpjkJAxCH6P,9,Entombed Sentinels,3445,WIPE,298.096,Ahhoy,P-1b2694017470c6a3,8,1573921.0,286.925,96.25,0.0,0.0,130660.0,5624.0,Living Venom,1284209,8.0,inv_ability_poison_groundstate.jpg,80,False,69412.0,64652.0,264724.0,0.0
GBXcvzpjkJAxCH6P,9,Entombed Sentinels,3445,WIPE,298.096,Muktukk,P-898f74e0cf11582f,19,1575065.0,288.069,96.64,0.0,0.0,47704.0,38713.0,Melee,1,1.0,inv_axe_02.jpg,80,False,185895.0,740951.0,1100333.0,125783.0
GBXcvzpjkJAxCH6P,9,Entombed Sentinels,3445,WIPE,298.096,Aiondormu,P-7042d06ba67fd0cd,2,1575231.0,288.235,96.69,0.0,0.0,505245.0,0.0,Unstable Miasma,1288282,32.0,ability_deathwing_bloodcorruption_death.jpg,77,False,440384.0,230926.0,1176555.0,0.0
GBXcvzpjkJAxCH6P,9,Entombed Sentinels,3445,WIPE,298.096,Bubblebie,P-f48298cf731f6a15,9,1575232.0,288.236,96.69,0.0,0.0,255358.0,12894.0,Unstable Miasma,1288282,32.0,ability_deathwing_bloodcorruption_death.jpg,77,False,564460.0,354875.0,1176555.0,1862.0
GBXcvzpjkJAxCH6P,9,Entombed Sentinels,3445,WIPE,298.096,Khiurae,P-7dd10ed94888923b,17,1582402.0,295.406,99.1,0.0,0.0,15500.0,16083.0,Noxious Blast,1284452,8.0,ability_creature_poison_06.jpg,80,False,121729.0,127495.0,264724.0,0.0
GBXcvzpjkJAxCH6P,9,Entombed Sentinels,3445,WIPE,298.096,Chontosh,P-81cad9c290ac9716,3,1582856.0,295.86,99.25,0.0,0.0,186502.0,26547.0,Noxious Blast,1284452,8.0,ability_creature_poison_06.jpg,80,False,21132.0,57090.0,264724.0,0.0
GBXcvzpjkJAxCH6P,9,Entombed Sentinels,3445,WIPE,298.096,Beez,P-02432467572990c1,4,1583240.0,296.244,99.38,0.0,0.0,99416.0,386.0,Noxious Blast,1284452,8.0,ability_creature_poison_06.jpg,80,False,80320.0,65018.0,264724.0,19970.0
GBXcvzpjkJAxCH6P,9,Entombed Sentinels,3445,WIPE,298.096,Erebus,P-9fad990bdb9dfd69,18,1583242.0,296.246,99.38,0.0,0.0,136772.0,1350.0,Noxious Blast,1284452,8.0,ability_creature_poison_06.jpg,80,False,103602.0,24350.0,264724.0,0.0
GBXcvzpjkJAxCH6P,9,Entombed Sentinels,3445,WIPE,298.096,Manodedios,P-b408b0c4cb576ebb,10,1583244.0,296.248,99.38,0.0,0.0,176972.0,4344.0,Noxious Blast,1284452,8.0,ability_creature_poison_06.jpg,80,False,16508.0,71244.0,264724.0,0.0
GBXcvzpjkJAxCH6P,9,Entombed Sentinels,3445,WIPE,298.096,Serraphhiimm,P-d48a5d15ed62d34d,13,1583246.0,296.25,99.38,0.0,0.0,166108.0,5066.0,Noxious Blast,1284452,8.0,ability_creature_poison_06.jpg,80,False,29832.0,47013.0,264724.0,21771.0
GBXcvzpjkJAxCH6P,9,Entombed Sentinels,3445,WIPE,298.096,Maztajake,P-dc96b65209ad25d3,11,1583247.0,296.251,99.38,0.0,0.0,13840.0,48134.0,Noxious Blast,1284452,8.0,ability_creature_poison_06.jpg,80,False,138210.0,112674.0,264724.0,0.0
GBXcvzpjkJAxCH6P,9,Entombed Sentinels,3445,WIPE,298.096,Shockabeotch,P-26d1d86078024e5b,5,1583250.0,296.254,99.38,0.0,0.0,129759.0,39911.0,Noxious Blast,1284452,8.0,ability_creature_poison_06.jpg,80,False,97218.0,37747.0,264724.0,0.0
GBXcvzpjkJAxCH6P,9,Entombed Sentinels,3445,WIPE,298.096,Naaven,P-ccf44be43e02837c,14,1584716.0,297.72,99.87,0.0,0.0,148833.0,17417.0,Melee,1,1.0,inv_axe_02.jpg,80,False,1099.0,854388.0,1004320.0,0.0
GBXcvzpjkJAxCH6P,10,Entombed Sentinels,3445,KILL,428.277,Greyseer,P-146fcdef511d70d4,16,1870235.0,186.534,43.55,0.0,0.0,66682.0,9168.0,Living Venom,1284209,8.0,inv_ability_poison_groundstate.jpg,80,False,96787.0,99205.0,264724.0,2050.0
GBXcvzpjkJAxCH6P,10,Entombed Sentinels,3445,KILL,428.277,Khiurae,P-7dd10ed94888923b,17,1905031.0,221.33,51.68,0.0,0.0,60735.0,38015.0,Mark of Acid,1284500,8.0,inv_arcanegolem2mount_green.jpg,80,False,56667.0,18483.0,135885.0,0.0
GBXcvzpjkJAxCH6P,10,Entombed Sentinels,3445,KILL,428.277,Høss,P-587efc2fad32a2bc,1,1970431.0,286.73,66.95,0.0,0.0,159273.0,4446.0,Living Venom,1284209,8.0,inv_ability_poison_groundstate.jpg,80,False,61153.0,44298.0,264724.0,0.0
GBXcvzpjkJAxCH6P,17,Vashnik the Malignant,3455,KILL,363.95,Ahhoy,P-1b2694017470c6a3,8,3386976.0,232.127,63.78,0.0,0.0,35613.0,2490.0,Plague Wave,1295798,40.0,inv_ability_poison_wave.jpg,113,False,290659.0,26694.0,352966.0,0.0
GBXcvzpjkJAxCH6P,17,Vashnik the Malignant,3455,KILL,363.95,Chontosh,P-81cad9c290ac9716,3,3471396.0,316.547,86.98,0.0,0.0,141398.0,12831.0,Plague Wave,1295798,40.0,inv_ability_poison_wave.jpg,113,False,185727.0,25841.0,352966.0,0.0
GBXcvzpjkJAxCH6P,22,The Lost Explorers,3497,KILL,374.386,Chontosh,P-81cad9c290ac9716,3,4559673.0,341.355,91.18,0.0,0.0,273086.0,0.0,Blast Wave,1305844,4.0,ability_rhyolith_magmaflow_wave.jpg,162,False,791980.0,108622.0,1176555.0,2867.0
GBXcvzpjkJAxCH6P,29,Sszorak,3420,WIPE,55.817,Høss,P-587efc2fad32a2bc,1,5586096.0,17.106,30.65,0.0,0.0,595778.0,0.0,Ravage,1277101,1.0,inv_10_specialreagentfoozles_tuskclaw-black.jpg,214,False,782100.0,784908.0,2162786.0,0.0
GBXcvzpjkJAxCH6P,29,Sszorak,3420,WIPE,55.817,Maztajake,P-dc96b65209ad25d3,11,5590100.0,21.11,37.82,0.0,0.0,92819.0,7098.0,Mutilate,1285999,8.0,inv_ability_poison_missile.jpg,214,False,315528.0,89314.0,497661.0,0.0
GBXcvzpjkJAxCH6P,29,Sszorak,3420,WIPE,55.817,Ahhoy,P-1b2694017470c6a3,8,5590706.0,21.716,38.91,0.0,0.0,196821.0,3003.0,Tempest,1287083,8.0,inv_ability_poison_beam.jpg,214,False,65466.0,46681.0,308968.0,0.0
GBXcvzpjkJAxCH6P,29,Sszorak,3420,WIPE,55.817,Thaya,P-547aaa72175a2ea1,120,5593130.0,24.14,43.25,0.0,0.0,31499.0,4079.0,Mutilated Gash,1285998,8.0,ability_rogue_venomouswounds.jpg,214,False,46056.0,22408.0,108580.0,8617.0
GBXcvzpjkJAxCH6P,29,Sszorak,3420,WIPE,55.817,Missnun,P-de4e91d5f1aabc44,221,5594084.0,25.094,44.96,0.0,0.0,109136.0,4082.0,Mutilate,1285999,8.0,inv_ability_poison_missile.jpg,214,False,631213.0,0.0,316694.0,416470.0
GBXcvzpjkJAxCH6P,29,Sszorak,3420,WIPE,55.817,Yunahpabo,P-b249ecd795bb1efb,163,5594444.0,25.454,45.6,0.0,0.0,7275.0,5398.0,Tempest,1287083,8.0,inv_ability_poison_beam.jpg,214,False,104312.0,42897.0,154484.0,0.0
GBXcvzpjkJAxCH6P,29,Sszorak,3420,WIPE,55.817,Chontosh,P-81cad9c290ac9716,3,5611053.0,42.063,75.36,0.0,0.0,0.0,9986.0,,,,,,,,,,
GBXcvzpjkJAxCH6P,29,Sszorak,3420,WIPE,55.817,Edalem,P-92f8dad1f1cb9f9d,15,5613899.0,44.909,80.46,0.0,0.0,0.0,5104.0,,,,,,,,,,
GBXcvzpjkJAxCH6P,29,Sszorak,3420,WIPE,55.817,Calzonadie,P-904aecb9391c6031,220,5614078.0,45.088,80.78,0.0,0.0,0.0,7097.0,Mutilated Gash,1285998,8.0,ability_rogue_venomouswounds.jpg,214,False,0.0,17550.0,69096.0,51546.0
GBXcvzpjkJAxCH6P,29,Sszorak,3420,WIPE,55.817,Finalwisper,P-94bfdb5017afaf09,181,5614258.0,45.268,81.1,0.0,0.0,30355.0,9277.0,Venomous Surge,1306120,8.0,ability_creature_poison_06.jpg,214,False,89695.0,28255.0,148305.0,0.0
GBXcvzpjkJAxCH6P,29,Sszorak,3420,WIPE,55.817,Aiondormu,P-7042d06ba67fd0cd,2,5614259.0,45.269,81.1,0.0,0.0,80461.0,10189.0,Venomous Surge,1306120,8.0,ability_creature_poison_06.jpg,214,False,35907.0,28726.0,148305.0,3211.0
GBXcvzpjkJAxCH6P,29,Sszorak,3420,WIPE,55.817,Vênarial,P-337adcb66265510b,20,5615104.0,46.114,82.62,0.0,0.0,10612.0,16076.0,Mutilated Gash,1285998,8.0,ability_rogue_venomouswounds.jpg,214,False,27150.0,27139.0,69096.0,4195.0
GBXcvzpjkJAxCH6P,29,Sszorak,3420,WIPE,55.817,Kynrena,P-9646a61b11a7f3f3,164,5615105.0,46.115,82.62,0.0,0.0,50531.0,11997.0,Venomous Surge,1306120,8.0,ability_creature_poison_06.jpg,214,False,66798.0,30976.0,148305.0,0.0
GBXcvzpjkJAxCH6P,29,Sszorak,3420,WIPE,55.817,Lulara,P-066377b8cfbc8dda,223,5615688.0,46.698,83.66,0.0,0.0,0.0,5297.0,,,,,,,,,,
GBXcvzpjkJAxCH6P,29,Sszorak,3420,WIPE,55.817,Srrampage,P-e3319be6fd79ba75,140,5616349.0,47.359,84.85,0.0,0.0,554188.0,0.0,Melee,1,1.0,inv_axe_02.jpg,214,False,338033.0,222410.0,1249684.0,135053.0
GBXcvzpjkJAxCH6P,29,Sszorak,3420,WIPE,55.817,Serraphhiimm,P-d48a5d15ed62d34d,13,5619353.0,50.363,90.23,0.0,0.0,438152.0,15351.0,Melee,1,1.0,inv_axe_02.jpg,214,False,45898.0,299662.0,1176689.0,392977.0
GBXcvzpjkJAxCH6P,29,Sszorak,3420,WIPE,55.817,Shockabeotch,P-26d1d86078024e5b,5,5619856.0,50.866,91.13,0.0,0.0,0.0,12899.0,,,,,,,,,,
GBXcvzpjkJAxCH6P,29,Sszorak,3420,WIPE,55.817,Hogo,P-1ba0683870072b09,219,5621210.0,52.22,93.56,0.0,0.0,117834.0,9120.0,Melee,1,1.0,inv_axe_02.jpg,214,False,65349.0,870965.0,1237331.0,183183.0
GBXcvzpjkJAxCH6P,29,Sszorak,3420,WIPE,55.817,Kaifados,P-48e2b3971cf331c8,200,5621454.0,52.464,93.99,0.0,0.0,0.0,17925.0,,,,,,,,,,
GBXcvzpjkJAxCH6P,29,Sszorak,3420,WIPE,55.817,Mypriiest,P-78c2f253b8a33ced,6,5624783.0,55.793,99.96,0.0,0.0,713193.0,0.0,Melee,1,1.0,inv_axe_02.jpg,214,False,116479.0,212791.0,1221848.0,179385.0
H3WNRQj9wTF2kmc4,1,Sszorak,3420,KILL,382.16,Greyseer,P-146fcdef511d70d4,19,89638.0,57.568,15.06,0.0,0.0,94064.0,20288.0,Raging Crosswinds,1285616,8.0,ability_skyreach_wind.jpg,27,False,34223.0,39065.0,167352.0,0.0
H3WNRQj9wTF2kmc4,1,Sszorak,3420,KILL,382.16,Czera,P-127c502d2790c60f,9,89639.0,57.569,15.06,0.0,0.0,29468.0,6313.0,Raging Crosswinds,1285616,8.0,ability_skyreach_wind.jpg,27,False,93750.0,44134.0,167352.0,0.0
H3WNRQj9wTF2kmc4,1,Sszorak,3420,KILL,382.16,Chickynuggy,P-7e7e91ecf1299d0f,18,148361.0,116.291,30.43,0.0,0.0,14448.0,24313.0,Raging Crosswinds,1285616,8.0,ability_skyreach_wind.jpg,27,False,97547.0,37781.0,167352.0,17576.0
H3WNRQj9wTF2kmc4,1,Sszorak,3420,KILL,382.16,Danzilla,P-8ee1779dcaa9232f,22,152212.0,120.142,31.44,0.0,0.0,4768.0,13067.0,Viscous Cyst,1287205,8.0,inv_ability_poison_nova.jpg,27,False,26723.0,10347.0,41838.0,0.0
H3WNRQj9wTF2kmc4,1,Sszorak,3420,KILL,382.16,Averlis,P-77b140a1e9d7fba2,3,152217.0,120.147,31.44,0.0,0.0,20581.0,5067.0,Tempest,1287083,8.0,inv_ability_poison_beam.jpg,27,False,25673.0,16036.0,62757.0,467.0
H3WNRQj9wTF2kmc4,1,Sszorak,3420,KILL,382.16,Ämon,P-26f181f915fe34c3,11,164495.0,132.425,34.65,0.0,0.0,0.0,53738.0,,,,,,,,,,
H3WNRQj9wTF2kmc4,1,Sszorak,3420,KILL,382.16,Novachronos,P-d8e2e25f74d6a935,13,184629.0,152.559,39.92,0.0,0.0,0.0,1000.0,,,,,,,,,,
H3WNRQj9wTF2kmc4,1,Sszorak,3420,KILL,382.16,Demonbläde,P-b8d4f9af9d79b2ab,26,264608.0,232.538,60.85,0.0,0.0,246556.0,0.0,Ravage,1277101,1.0,inv_10_specialreagentfoozles_tuskclaw-black.jpg,27,False,1225763.0,0.0,993655.0,203389.0
H3WNRQj9wTF2kmc4,1,Sszorak,3420,KILL,382.16,Demonbläde,P-b8d4f9af9d79b2ab,26,357892.0,325.822,85.26,0.0,0.0,22624.0,0.0,Ravage,1277101,1.0,inv_10_specialreagentfoozles_tuskclaw-black.jpg,27,False,1167399.0,0.0,993655.0,24161.0
H3WNRQj9wTF2kmc4,5,The Twin Fangs,3421,WIPE,104.278,Chontosh,P-81cad9c290ac9716,4,724653.0,12.28,11.78,0.0,0.0,100206.0,2780.0,Clotted Bolt,1295115,32.0,inv_10_elementalcombinedfoozles_blood.jpg,118,False,378961.0,28209.0,633217.0,125841.0
H3WNRQj9wTF2kmc4,5,The Twin Fangs,3421,WIPE,104.278,Shinier,P-fa0288594047c1a1,5,732191.0,19.818,19.0,0.0,0.0,289947.0,8180.0,Concentrated Spittle,1295107,8.0,ability_poisonsting.jpg,117,False,150082.0,208537.0,651371.0,2805.0
H3WNRQj9wTF2kmc4,5,The Twin Fangs,3421,WIPE,104.278,Asharia,P-baca25d85259e955,17,732871.0,20.498,19.66,0.0,0.0,262563.0,0.0,Melee,1,1.0,inv_axe_02.jpg,118,False,699939.0,354043.0,1326267.0,9722.0
H3WNRQj9wTF2kmc4,5,The Twin Fangs,3421,WIPE,104.278,Spàdes,P-4b77dd2f26623c73,2,736326.0,23.953,22.97,0.0,0.0,33971.0,15955.0,Caustic Globule,1290338,8.0,inv_ability_poison_orb.jpg,117,False,73653.0,24219.0,131843.0,0.0
H3WNRQj9wTF2kmc4,5,The Twin Fangs,3421,WIPE,104.278,Littlejohn,P-fe200ff8c0c12962,10,738073.0,25.7,24.65,0.0,0.0,7660.0,17683.0,Deadly Venom,1297338,8.0,ability_creature_poison_06.jpg,,False,26979.0,7967.0,61794.0,19188.0
H3WNRQj9wTF2kmc4,5,The Twin Fangs,3421,WIPE,104.278,Czera,P-127c502d2790c60f,9,745746.0,33.373,32.0,0.0,0.0,18628.0,17868.0,Flames of Ula'tek,1310287,4.0,ability_mage_firestarter.jpg,117,False,159939.0,78888.0,263685.0,6230.0
H3WNRQj9wTF2kmc4,5,The Twin Fangs,3421,WIPE,104.278,Kainz,P-990700ee2fdd70bf,21,746533.0,34.16,32.76,0.0,0.0,192664.0,24166.0,Flames of Ula'tek,1310287,4.0,ability_mage_firestarter.jpg,117,False,54987.0,16034.0,263685.0,0.0
H3WNRQj9wTF2kmc4,5,The Twin Fangs,3421,WIPE,104.278,Viserion,P-daa9879d41bb66dd,7,747201.0,34.828,33.4,0.0,0.0,15888.0,32824.0,Deadly Venom,1297338,8.0,ability_creature_poison_06.jpg,,False,35846.0,9538.0,61794.0,522.0
H3WNRQj9wTF2kmc4,5,The Twin Fangs,3421,WIPE,104.278,Grapefantuh,P-a236f777802713be,23,758371.0,45.998,44.11,0.0,0.0,5014.0,24009.0,Toxic Fumes,1294976,8.0,spell_deathvortex.jpg,,False,36925.0,8266.0,50205.0,0.0
H3WNRQj9wTF2kmc4,5,The Twin Fangs,3421,WIPE,104.278,Runé,P-72cd6cde8ca8fac3,16,768319.0,55.946,53.65,0.0,0.0,2348.0,43961.0,Eternal Venom,1290480,8.0,spell_nature_nullifypoison.jpg,117,False,4906.0,1114.0,8368.0,0.0
H3WNRQj9wTF2kmc4,5,The Twin Fangs,3421,WIPE,104.278,Danzilla,P-8ee1779dcaa9232f,22,773202.0,60.829,58.33,0.0,0.0,42929.0,6835.0,Stir the Depths,1292806,8.0,inv_ability_poison_wave.jpg,117,False,10749.0,9078.0,62756.0,0.0
H3WNRQj9wTF2kmc4,5,The Twin Fangs,3421,WIPE,104.278,Chickynuggy,P-7e7e91ecf1299d0f,18,774430.0,62.057,59.51,0.0,0.0,37431.0,60050.0,Coiling Ichor,1290878,32.0,ability_ironmaidens_whirlofblood.jpg,118,False,5995.0,6913.0,50339.0,0.0
H3WNRQj9wTF2kmc4,5,The Twin Fangs,3421,WIPE,104.278,Novachronos,P-d8e2e25f74d6a935,13,775202.0,62.829,60.25,0.0,0.0,22461.0,46839.0,Stir the Depths,1292806,8.0,inv_ability_poison_wave.jpg,117,False,26625.0,8217.0,62756.0,5453.0
H3WNRQj9wTF2kmc4,5,The Twin Fangs,3421,WIPE,104.278,Lìllith,P-093da9358d901c39,12,775410.0,63.037,60.45,0.0,0.0,12908.0,49041.0,Coiling Ichor,1290878,32.0,ability_ironmaidens_whirlofblood.jpg,118,False,30658.0,3749.0,53136.0,5821.0
H3WNRQj9wTF2kmc4,5,The Twin Fangs,3421,WIPE,104.278,Demonbläde,P-b8d4f9af9d79b2ab,26,787571.0,75.198,72.11,0.0,0.0,84198.0,55203.0,Flames of Ula'tek,1310287,4.0,ability_mage_firestarter.jpg,117,False,106302.0,60528.0,251028.0,0.0
H3WNRQj9wTF2kmc4,5,The Twin Fangs,3421,WIPE,104.278,Soliloquy,P-ace0c6b4dcb42bd6,1,789931.0,77.558,74.38,0.0,0.0,170313.0,2043.0,Ravenous Feast,1290662,1.0,ability_warrior_bloodnova.jpg,118,False,214689.0,145005.0,530007.0,0.0
H3WNRQj9wTF2kmc4,5,The Twin Fangs,3421,WIPE,104.278,Scamanes,P-d98756831b8feaa2,6,789932.0,77.559,74.38,0.0,0.0,69344.0,70360.0,Ravenous Feast,1290662,1.0,ability_warrior_bloodnova.jpg,118,False,79502.0,300900.0,530007.0,80261.0
H3WNRQj9wTF2kmc4,5,The Twin Fangs,3421,WIPE,104.278,Greyseer,P-146fcdef511d70d4,19,791407.0,79.034,75.79,0.0,0.0,68492.0,3107.0,Ravenous Feast,1290662,1.0,ability_warrior_bloodnova.jpg,118,False,383750.0,254434.0,706676.0,0.0
H3WNRQj9wTF2kmc4,5,The Twin Fangs,3421,WIPE,104.278,Ämon,P-26f181f915fe34c3,11,798359.0,85.986,82.46,0.0,0.0,25721.0,51064.0,Toxic Fumes,1294976,8.0,spell_deathvortex.jpg,,False,16964.0,7520.0,50205.0,0.0
H3WNRQj9wTF2kmc4,5,The Twin Fangs,3421,WIPE,104.278,Mets,P-0535c10c91d1eeda,24,802668.0,90.295,86.59,0.0,0.0,19110.0,88292.0,Deadly Venom,1297338,8.0,ability_creature_poison_06.jpg,,False,37990.0,3536.0,61794.0,1158.0
H3WNRQj9wTF2kmc4,5,The Twin Fangs,3421,WIPE,104.278,Sälazar,P-448597313370c1df,8,811741.0,99.368,95.29,0.0,0.0,63787.0,21373.0,Caustic Globule,1290338,8.0,inv_ability_poison_orb.jpg,117,False,29787.0,19433.0,125514.0,12507.0
H3WNRQj9wTF2kmc4,5,The Twin Fangs,3421,WIPE,104.278,Maztajake,P-dc96b65209ad25d3,15,812490.0,100.117,96.01,0.0,0.0,132602.0,24123.0,Eternal Venom,1303196,8.0,spell_nature_nullifypoison.jpg,117,False,212978.0,227630.0,576700.0,3490.0
H3WNRQj9wTF2kmc4,5,The Twin Fangs,3421,WIPE,104.278,Averlis,P-77b140a1e9d7fba2,3,813655.0,101.282,97.13,0.0,0.0,8781.0,25591.0,Caustic Globule,1290338,8.0,inv_ability_poison_orb.jpg,117,False,57930.0,55441.0,125514.0,3362.0
H3WNRQj9wTF2kmc4,5,The Twin Fangs,3421,WIPE,104.278,Myroguëë,P-2f16f3dcc3d3627b,25,813656.0,101.283,97.13,0.0,0.0,22160.0,22246.0,Eternal Venom,1303196,8.0,spell_nature_nullifypoison.jpg,117,False,37224.0,473033.0,548767.0,16350.0
H3WNRQj9wTF2kmc4,5,The Twin Fangs,3421,WIPE,104.278,Decayed,P-584cf7139227dcac,20,815956.0,103.583,99.33,0.0,0.0,41327.0,26027.0,Eternal Venom,1303196,8.0,spell_nature_nullifypoison.jpg,117,False,533961.0,194031.0,1000171.0,230852.0
H3WNRQj9wTF2kmc4,5,The Twin Fangs,3421,WIPE,104.278,Geckofursona,P-ca3833033e7a5953,14,816370.0,103.997,99.73,0.0,0.0,32089.0,10062.0,Caustic Globule,1290338,8.0,inv_ability_poison_orb.jpg,117,False,65475.0,26965.0,125514.0,985.0
H3WNRQj9wTF2kmc4,6,The Twin Fangs,3421,WIPE,252.892,Demonbläde,P-b8d4f9af9d79b2ab,26,1203890.0,90.779,35.9,0.0,0.0,88354.0,3489.0,Caustic Deluge,1289237,8.0,inv_ability_poison_beam.jpg,117,False,40951.0,0.0,119238.0,88062.0
H3WNRQj9wTF2kmc4,6,The Twin Fangs,3421,WIPE,252.892,Danzilla,P-8ee1779dcaa9232f,22,1250196.0,137.085,54.21,0.0,0.0,15536.0,5777.0,Stir the Depths,1292806,8.0,inv_ability_poison_wave.jpg,117,False,33928.0,13292.0,62756.0,0.0
H3WNRQj9wTF2kmc4,6,The Twin Fangs,3421,WIPE,252.892,Sälazar,P-448597313370c1df,8,1250196.0,137.085,54.21,0.0,0.0,8890.0,6307.0,Stir the Depths,1292806,8.0,inv_ability_poison_wave.jpg,117,False,36494.0,11307.0,62756.0,6065.0
H3WNRQj9wTF2kmc4,6,The Twin Fangs,3421,WIPE,252.892,Chickynuggy,P-7e7e91ecf1299d0f,18,1295175.0,182.064,71.99,0.0,0.0,124495.0,21119.0,Vile Flood,1294605,8.0,ability_rogue_deviouspoisons.jpg,117,False,22442.0,62253.0,209190.0,0.0
H3WNRQj9wTF2kmc4,6,The Twin Fangs,3421,WIPE,252.892,Demonbläde,P-b8d4f9af9d79b2ab,26,1307949.0,194.838,77.04,0.0,0.0,229797.0,28832.0,Concentrated Spittle,1295107,8.0,ability_poisonsting.jpg,117,False,232122.0,161753.0,623672.0,0.0
H3WNRQj9wTF2kmc4,6,The Twin Fangs,3421,WIPE,252.892,Decayed,P-584cf7139227dcac,20,1331139.0,218.028,86.21,0.0,0.0,98620.0,4008.0,Concentrated Spittle,1295107,8.0,ability_poisonsting.jpg,117,False,232148.0,123544.0,642748.0,188436.0
H3WNRQj9wTF2kmc4,6,The Twin Fangs,3421,WIPE,252.892,Littlejohn,P-fe200ff8c0c12962,10,1338190.0,225.079,89.0,0.0,0.0,160189.0,155.0,Melee,1,1.0,inv_axe_02.jpg,117,False,329057.0,585851.0,1297892.0,222795.0
H3WNRQj9wTF2kmc4,6,The Twin Fangs,3421,WIPE,252.892,Ämon,P-26f181f915fe34c3,11,1339701.0,226.59,89.6,0.0,0.0,269034.0,15232.0,Concentrated Spittle,1295107,8.0,ability_poisonsting.jpg,117,False,252580.0,94557.0,616171.0,0.0
H3WNRQj9wTF2kmc4,6,The Twin Fangs,3421,WIPE,252.892,Spàdes,P-4b77dd2f26623c73,2,1341511.0,228.4,90.32,0.0,0.0,54205.0,4736.0,Melee,1,1.0,inv_axe_02.jpg,117,False,636719.0,441833.0,1191007.0,58250.0
H3WNRQj9wTF2kmc4,6,The Twin Fangs,3421,WIPE,252.892,Kainz,P-990700ee2fdd70bf,21,1348265.0,235.154,92.99,0.0,0.0,62122.0,0.0,Melee,1,1.0,inv_axe_02.jpg,117,False,723140.0,473545.0,1258807.0,0.0
H3WNRQj9wTF2kmc4,6,The Twin Fangs,3421,WIPE,252.892,Geckofursona,P-ca3833033e7a5953,14,1352974.0,239.863,94.85,0.0,0.0,80420.0,17868.0,Eternal Venom,1303196,8.0,spell_nature_nullifypoison.jpg,119,False,438444.0,115384.0,639489.0,5241.0
H3WNRQj9wTF2kmc4,6,The Twin Fangs,3421,WIPE,252.892,Runé,P-72cd6cde8ca8fac3,16,1354428.0,241.317,95.42,0.0,0.0,6690.0,59407.0,Deadly Venom,1297338,8.0,ability_creature_poison_06.jpg,,False,46326.0,8778.0,61794.0,0.0
H3WNRQj9wTF2kmc4,6,The Twin Fangs,3421,WIPE,252.892,Shinier,P-fa0288594047c1a1,5,1356752.0,243.641,96.34,0.0,0.0,482613.0,29615.0,Concentrated Spittle,1295107,8.0,ability_poisonsting.jpg,117,False,30530.0,103675.0,616818.0,0.0
H3WNRQj9wTF2kmc4,6,The Twin Fangs,3421,WIPE,252.892,Maztajake,P-dc96b65209ad25d3,15,1357697.0,244.586,96.72,0.0,0.0,503668.0,30832.0,Melee,1,1.0,inv_axe_02.jpg,117,False,185871.0,540028.0,1229567.0,0.0
H3WNRQj9wTF2kmc4,6,The Twin Fangs,3421,WIPE,252.892,Averlis,P-77b140a1e9d7fba2,3,1358021.0,244.91,96.84,0.0,0.0,16921.0,13334.0,Corrosive Spit,1293295,8.0,spell_deathvortex.jpg,119,False,164770.0,46583.0,230109.0,1835.0
H3WNRQj9wTF2kmc4,6,The Twin Fangs,3421,WIPE,252.892,Greyseer,P-146fcdef511d70d4,19,1358023.0,244.912,96.84,0.0,0.0,122378.0,8642.0,Corrosive Spit,1293295,8.0,spell_deathvortex.jpg,119,False,59655.0,46238.0,230109.0,1838.0
H3WNRQj9wTF2kmc4,6,The Twin Fangs,3421,WIPE,252.892,Novachronos,P-d8e2e25f74d6a935,13,1360229.0,247.118,97.72,0.0,0.0,248242.0,3521.0,Clotted Bolt,1295115,32.0,inv_10_elementalcombinedfoozles_blood.jpg,118,False,120535.0,186274.0,604345.0,49294.0
H3WNRQj9wTF2kmc4,6,The Twin Fangs,3421,WIPE,252.892,Lìllith,P-093da9358d901c39,12,1362247.0,249.136,98.51,0.0,0.0,19580.0,16643.0,Eternal Venom,1290480,8.0,spell_nature_nullifypoison.jpg,117,False,9154.0,5730.0,37656.0,3192.0
H3WNRQj9wTF2kmc4,6,The Twin Fangs,3421,WIPE,252.892,Viserion,P-daa9879d41bb66dd,7,1362720.0,249.609,98.7,0.0,0.0,3356.0,67590.0,Coiling Ichor,1290878,32.0,ability_ironmaidens_whirlofblood.jpg,118,False,40221.0,4346.0,47923.0,0.0
H3WNRQj9wTF2kmc4,6,The Twin Fangs,3421,WIPE,252.892,Scamanes,P-d98756831b8feaa2,6,1362761.0,249.65,98.72,0.0,0.0,274783.0,39739.0,Clotted Bolt,1295115,32.0,inv_10_elementalcombinedfoozles_blood.jpg,118,False,231869.0,142729.0,649381.0,0.0
H3WNRQj9wTF2kmc4,6,The Twin Fangs,3421,WIPE,252.892,Asharia,P-baca25d85259e955,17,1363492.0,250.381,99.01,0.0,0.0,11721.0,8339.0,Stir the Depths,1292806,8.0,inv_ability_poison_wave.jpg,117,False,34571.0,16464.0,62756.0,0.0
H3WNRQj9wTF2kmc4,6,The Twin Fangs,3421,WIPE,252.892,Myroguëë,P-2f16f3dcc3d3627b,25,1363704.0,250.593,99.09,0.0,0.0,1536.0,8966.0,Coiling Ichor,1290878,32.0,ability_ironmaidens_whirlofblood.jpg,118,False,5101.0,43881.0,50585.0,67.0
H3WNRQj9wTF2kmc4,6,The Twin Fangs,3421,WIPE,252.892,Soliloquy,P-ace0c6b4dcb42bd6,1,1363704.0,250.593,99.09,0.0,0.0,20750.0,8685.0,Deadly Venom,1297338,8.0,ability_creature_poison_06.jpg,,False,32918.0,7584.0,61794.0,542.0
H3WNRQj9wTF2kmc4,6,The Twin Fangs,3421,WIPE,252.892,Mets,P-0535c10c91d1eeda,24,1363843.0,250.732,99.15,0.0,0.0,28676.0,84789.0,Deadly Venom,1297338,8.0,ability_creature_poison_06.jpg,,False,26140.0,6978.0,61794.0,0.0
H3WNRQj9wTF2kmc4,6,The Twin Fangs,3421,WIPE,252.892,Czera,P-127c502d2790c60f,9,1365125.0,252.014,99.65,0.0,0.0,24720.0,45991.0,Toxic Fumes,1294976,8.0,spell_deathvortex.jpg,,False,14633.0,10852.0,50205.0,0.0
H3WNRQj9wTF2kmc4,6,The Twin Fangs,3421,WIPE,252.892,Chontosh,P-81cad9c290ac9716,4,1365128.0,252.017,99.65,0.0,0.0,3527.0,40692.0,Toxic Fumes,1294976,8.0,spell_deathvortex.jpg,,False,30266.0,13635.0,50205.0,2777.0
H3WNRQj9wTF2kmc4,6,The Twin Fangs,3421,WIPE,252.892,Grapefantuh,P-a236f777802713be,23,1365597.0,252.486,99.84,0.0,0.0,247797.0,33556.0,Clotted Bolt,1295115,32.0,inv_10_elementalcombinedfoozles_blood.jpg,118,False,185372.0,208469.0,646013.0,4375.0
H3WNRQj9wTF2kmc4,7,The Twin Fangs,3421,KILL,400.447,Asharia,P-baca25d85259e955,17,1696980.0,143.981,35.96,0.0,0.0,9028.0,12709.0,Toxic Fumes,1294976,8.0,spell_deathvortex.jpg,,False,19321.0,21570.0,50205.0,286.0
H3WNRQj9wTF2kmc4,7,The Twin Fangs,3421,KILL,400.447,Chontosh,P-81cad9c290ac9716,4,1727614.0,174.615,43.61,0.0,0.0,63575.0,8762.0,Vile Flood,1294605,8.0,ability_rogue_deviouspoisons.jpg,117,False,71812.0,38248.0,209190.0,35555.0
H3WNRQj9wTF2kmc4,7,The Twin Fangs,3421,KILL,400.447,Danzilla,P-8ee1779dcaa9232f,22,1869072.0,316.073,78.93,0.0,0.0,84319.0,1321.0,Corrosive Spit,1293295,8.0,spell_deathvortex.jpg,119,False,100517.0,55009.0,241712.0,1867.0
H3WNRQj9wTF2kmc4,7,The Twin Fangs,3421,KILL,400.447,Averlis,P-77b140a1e9d7fba2,3,1878844.0,325.845,81.37,0.0,0.0,8925.0,8563.0,Coiling Ichor,1290878,32.0,ability_ironmaidens_whirlofblood.jpg,118,False,15455.0,12744.0,47923.0,10799.0
H3WNRQj9wTF2kmc4,7,The Twin Fangs,3421,KILL,400.447,Asharia,P-baca25d85259e955,17,1878845.0,325.846,81.37,0.0,0.0,14853.0,7049.0,Coiling Ichor,1290878,32.0,ability_ironmaidens_whirlofblood.jpg,118,False,11542.0,21528.0,47923.0,0.0
H3WNRQj9wTF2kmc4,7,The Twin Fangs,3421,KILL,400.447,Lìllith,P-093da9358d901c39,12,1916951.0,363.952,90.89,0.0,0.0,29795.0,45134.0,Sanguine Storm,1306876,32.0,inv_artifact_bloodoftheassassinated.jpg,118,False,160249.0,34981.0,251028.0,26003.0
H3WNRQj9wTF2kmc4,10,The Coiled Altar,3429,WIPE,223.84,Runé,P-72cd6cde8ca8fac3,16,2951579.0,47.051,21.02,0.0,0.0,718726.0,0.0,Guillotine,1283594,1.0,warrior_talent_icon_mastercleaver.jpg,149,False,205957.0,174006.0,1098689.0,0.0
H3WNRQj9wTF2kmc4,10,The Coiled Altar,3429,WIPE,223.84,Spàdes,P-4b77dd2f26623c73,2,2951773.0,47.245,21.11,0.0,0.0,113388.0,199.0,Toxic Deluge,1300137,8.0,spell_shadow_plaguecloud.jpg,149,False,138720.0,56734.0,308842.0,0.0
H3WNRQj9wTF2kmc4,10,The Coiled Altar,3429,WIPE,223.84,Mets,P-0535c10c91d1eeda,24,2952919.0,48.391,21.62,0.0,0.0,24360.0,1347.0,Volatile Venom,1282288,8.0,ability_creature_disease_02.jpg,149,False,5200.0,15643.0,45501.0,298.0
H3WNRQj9wTF2kmc4,10,The Coiled Altar,3429,WIPE,223.84,Averlis,P-77b140a1e9d7fba2,3,3063657.0,159.129,71.09,0.0,0.0,17186632.0,0.0,Gravebound,1297906,32.0,ability_demonhunter_shatteredsouls.jpg,157,False,479158.0,4306186.0,21973790.0,1814.0
H3WNRQj9wTF2kmc4,10,The Coiled Altar,3429,WIPE,223.84,Chontosh,P-81cad9c290ac9716,4,3063667.0,159.139,71.09,0.0,0.0,18743948.0,0.0,Gravebound,1297906,32.0,ability_demonhunter_shatteredsouls.jpg,157,False,401802.0,2826482.0,21973790.0,1558.0
H3WNRQj9wTF2kmc4,10,The Coiled Altar,3429,WIPE,223.84,Viserion,P-daa9879d41bb66dd,7,3076053.0,171.525,76.63,0.0,0.0,0.0,17612.0,,,,,,,,,,
H3WNRQj9wTF2kmc4,10,The Coiled Altar,3429,WIPE,223.84,Grapefantuh,P-a236f777802713be,23,3078410.0,173.882,77.68,0.0,0.0,0.0,38412.0,,,,,,,,,,
H3WNRQj9wTF2kmc4,10,The Coiled Altar,3429,WIPE,223.84,Littlejohn,P-fe200ff8c0c12962,10,3081953.0,177.425,79.26,0.0,0.0,0.0,33986.0,,,,,,,,,,
H3WNRQj9wTF2kmc4,10,The Coiled Altar,3429,WIPE,223.84,Asharia,P-baca25d85259e955,17,3087623.0,183.095,81.8,0.0,0.0,45171.0,33017.0,Gloombomb,1310883,32.0,spell_shadow_shadowfury.jpg,157,False,170595.0,76967.0,292733.0,0.0
H3WNRQj9wTF2kmc4,10,The Coiled Altar,3429,WIPE,223.84,Novachronos,P-d8e2e25f74d6a935,13,3093589.0,189.061,84.46,0.0,0.0,47978.0,7025.0,Soul Sever,1312630,32.0,ability_demonhunter_soulcleave2.jpg,157,False,3325.0,8918.0,65921.0,5700.0
H3WNRQj9wTF2kmc4,10,The Coiled Altar,3429,WIPE,223.84,Grapefantuh,P-a236f777802713be,23,3102580.0,198.052,88.48,0.0,0.0,9011.0,21337.0,Dreadful Presence,1288635,32.0,ability_warlock_shadowfurytga.jpg,157,False,68179.0,13915.0,91884.0,779.0
H3WNRQj9wTF2kmc4,10,The Coiled Altar,3429,WIPE,223.84,Greyseer,P-146fcdef511d70d4,19,3102636.0,198.108,88.5,0.0,0.0,0.0,13001.0,,,,,,,,,,
H3WNRQj9wTF2kmc4,10,The Coiled Altar,3429,WIPE,223.84,Kainz,P-990700ee2fdd70bf,21,3103609.0,199.081,88.94,0.0,0.0,19938904.0,0.0,Gravebound,1297906,32.0,ability_demonhunter_shatteredsouls.jpg,157,False,83732.0,1951154.0,21973790.0,0.0
H3WNRQj9wTF2kmc4,10,The Coiled Altar,3429,WIPE,223.84,Chickynuggy,P-7e7e91ecf1299d0f,18,3103610.0,199.082,88.94,0.0,0.0,17972460.0,0.0,Gravebound,1297906,32.0,ability_demonhunter_shatteredsouls.jpg,157,False,329296.0,3589170.0,21973790.0,82864.0
H3WNRQj9wTF2kmc4,10,The Coiled Altar,3429,WIPE,223.84,Ämon,P-26f181f915fe34c3,11,3105527.0,200.999,89.8,0.0,0.0,14672.0,56964.0,Despair,1307009,32.0,spell_misc_emotionafraid.jpg,158,False,137507.0,26787.0,178966.0,0.0
H3WNRQj9wTF2kmc4,10,The Coiled Altar,3429,WIPE,223.84,Geckofursona,P-ca3833033e7a5953,14,3105589.0,201.061,89.82,0.0,0.0,17338942.0,0.0,Gravebound,1297906,32.0,ability_demonhunter_shatteredsouls.jpg,157,False,671924.0,3597232.0,21973790.0,365692.0
H3WNRQj9wTF2kmc4,10,The Coiled Altar,3429,WIPE,223.84,Soliloquy,P-ace0c6b4dcb42bd6,1,3105590.0,201.062,89.82,0.0,0.0,16660152.0,0.0,Gravebound,1297906,32.0,ability_demonhunter_shatteredsouls.jpg,157,False,515502.0,4798136.0,21973790.0,0.0
H3WNRQj9wTF2kmc4,10,The Coiled Altar,3429,WIPE,223.84,Scamanes,P-d98756831b8feaa2,6,3106592.0,202.064,90.27,0.0,0.0,3127.0,80007.0,Dreadful Presence,1288635,32.0,ability_warlock_shadowfurytga.jpg,157,False,75527.0,15921.0,94575.0,0.0
H3WNRQj9wTF2kmc4,10,The Coiled Altar,3429,WIPE,223.84,Demonbläde,P-b8d4f9af9d79b2ab,26,3113480.0,208.952,93.35,0.0,0.0,0.0,54003.0,,,,,,,,,,
H3WNRQj9wTF2kmc4,10,The Coiled Altar,3429,WIPE,223.84,Runé,P-72cd6cde8ca8fac3,16,3115894.0,211.366,94.43,0.0,0.0,0.0,25980.0,,,,,,,,,,
H3WNRQj9wTF2kmc4,10,The Coiled Altar,3429,WIPE,223.84,Czera,P-127c502d2790c60f,9,3119509.0,214.981,96.04,0.0,0.0,0.0,30536.0,,,,,,,,,,
H3WNRQj9wTF2kmc4,10,The Coiled Altar,3429,WIPE,223.84,Shinier,P-fa0288594047c1a1,5,3120874.0,216.346,96.65,0.0,0.0,0.0,47854.0,,,,,,,,,,
H3WNRQj9wTF2kmc4,10,The Coiled Altar,3429,WIPE,223.84,Sälazar,P-448597313370c1df,8,3122275.0,217.747,97.28,0.0,0.0,0.0,7005.0,,,,,,,,,,
H3WNRQj9wTF2kmc4,10,The Coiled Altar,3429,WIPE,223.84,Lìllith,P-093da9358d901c39,12,3123994.0,219.466,98.05,0.0,0.0,0.0,38866.0,,,,,,,,,,
H3WNRQj9wTF2kmc4,10,The Coiled Altar,3429,WIPE,223.84,Danzilla,P-8ee1779dcaa9232f,22,3125675.0,221.147,98.8,0.0,0.0,0.0,48284.0,,,,,,,,,,
H3WNRQj9wTF2kmc4,10,The Coiled Altar,3429,WIPE,223.84,Maztajake,P-dc96b65209ad25d3,15,3126581.0,222.053,99.2,0.0,0.0,25195.0,73982.0,Dreadful Presence,1288635,32.0,ability_warlock_shadowfurytga.jpg,157,False,55050.0,13048.0,93293.0,0.0
H3WNRQj9wTF2kmc4,11,The Coiled Altar,3429,WIPE,243.083,Czera,P-127c502d2790c60f,9,3420214.0,61.026,25.11,0.0,0.0,178227.0,0.0,Sever,1299684,1.0,ability_criticalstrike.jpg,149,False,514615.0,1063580.0,1756422.0,0.0
H3WNRQj9wTF2kmc4,11,The Coiled Altar,3429,WIPE,243.083,Chickynuggy,P-7e7e91ecf1299d0f,18,3436209.0,77.021,31.69,0.0,0.0,382725.0,0.0,Sever,1299684,1.0,ability_criticalstrike.jpg,149,False,662504.0,712373.0,1757602.0,0.0
H3WNRQj9wTF2kmc4,11,The Coiled Altar,3429,WIPE,243.083,Runé,P-72cd6cde8ca8fac3,16,3466380.0,107.192,44.1,0.0,0.0,418.0,13143.0,Venom Rupture,1299838,8.0,inv_ability_poison_nova.jpg,149,False,25610.0,4310.0,30338.0,0.0
H3WNRQj9wTF2kmc4,11,The Coiled Altar,3429,WIPE,243.083,Sälazar,P-448597313370c1df,8,3517070.0,157.882,64.95,0.0,0.0,13080142.0,0.0,Gravebound,1297906,32.0,ability_demonhunter_shatteredsouls.jpg,157,False,685460.0,7261941.0,21973790.0,946247.0
H3WNRQj9wTF2kmc4,11,The Coiled Altar,3429,WIPE,243.083,Ämon,P-26f181f915fe34c3,11,3517072.0,157.884,64.95,0.0,0.0,16735516.0,0.0,Gravebound,1297906,32.0,ability_demonhunter_shatteredsouls.jpg,157,False,758140.0,4478994.0,21973790.0,1140.0
H3WNRQj9wTF2kmc4,11,The Coiled Altar,3429,WIPE,243.083,Littlejohn,P-fe200ff8c0c12962,10,3526101.0,166.913,68.67,0.0,0.0,0.0,14847.0,,,,,,,,,,
H3WNRQj9wTF2kmc4,11,The Coiled Altar,3429,WIPE,243.083,Spàdes,P-4b77dd2f26623c73,2,3526103.0,166.915,68.67,0.0,0.0,19212758.0,0.0,Gravebound,1297906,32.0,ability_demonhunter_shatteredsouls.jpg,157,False,547658.0,1812158.0,21973790.0,401216.0
H3WNRQj9wTF2kmc4,11,The Coiled Altar,3429,WIPE,243.083,Chontosh,P-81cad9c290ac9716,4,3541645.0,182.457,75.06,0.0,0.0,0.0,10016.0,,,,,,,,,,
H3WNRQj9wTF2kmc4,11,The Coiled Altar,3429,WIPE,243.083,Geckofursona,P-ca3833033e7a5953,14,3548909.0,189.721,78.05,0.0,0.0,24838.0,8870.0,Gravebound,1308330,32.0,ability_demonhunter_shatteredsouls.jpg,157,False,57887.0,28824.0,112384.0,835.0
H3WNRQj9wTF2kmc4,11,The Coiled Altar,3429,WIPE,243.083,Grapefantuh,P-a236f777802713be,23,3557040.0,197.852,81.39,0.0,0.0,9846967.0,0.0,Gravebound,1297906,32.0,ability_demonhunter_shatteredsouls.jpg,157,False,493968.0,11632855.0,21973790.0,0.0
H3WNRQj9wTF2kmc4,11,The Coiled Altar,3429,WIPE,243.083,Kainz,P-990700ee2fdd70bf,21,3558018.0,198.83,81.8,0.0,0.0,8530.0,16962.0,Dreadful Presence,1288635,32.0,ability_warlock_shadowfurytga.jpg,157,False,66532.0,16840.0,91902.0,0.0
H3WNRQj9wTF2kmc4,11,The Coiled Altar,3429,WIPE,243.083,Decayed,P-584cf7139227dcac,20,3559035.0,199.847,82.21,0.0,0.0,9796016.0,0.0,Gravebound,1297906,32.0,ability_demonhunter_shatteredsouls.jpg,157,False,852588.0,5785657.0,21973790.0,5539529.0
H3WNRQj9wTF2kmc4,11,The Coiled Altar,3429,WIPE,243.083,Maztajake,P-dc96b65209ad25d3,15,3570036.0,210.848,86.74,0.0,0.0,63001.0,34007.0,Dreadful Presence,1288635,32.0,ability_warlock_shadowfurytga.jpg,157,False,12414.0,15885.0,91300.0,0.0
H3WNRQj9wTF2kmc4,11,The Coiled Altar,3429,WIPE,243.083,Novachronos,P-d8e2e25f74d6a935,13,3577061.0,217.873,89.63,0.0,0.0,0.0,0.0,,,,,,,,,,
H3WNRQj9wTF2kmc4,11,The Coiled Altar,3429,WIPE,243.083,Danzilla,P-8ee1779dcaa9232f,22,3577658.0,218.47,89.87,0.0,0.0,0.0,44135.0,,,,,,,,,,
H3WNRQj9wTF2kmc4,11,The Coiled Altar,3429,WIPE,243.083,Scamanes,P-d98756831b8feaa2,6,3577965.0,218.777,90.0,0.0,0.0,0.0,27375.0,,,,,,,,,,
H3WNRQj9wTF2kmc4,11,The Coiled Altar,3429,WIPE,243.083,Shinier,P-fa0288594047c1a1,5,3578218.0,219.03,90.11,0.0,0.0,0.0,0.0,,,,,,,,,,
H3WNRQj9wTF2kmc4,11,The Coiled Altar,3429,WIPE,243.083,Mets,P-0535c10c91d1eeda,24,3579251.0,220.063,90.53,0.0,0.0,0.0,0.0,,,,,,,,,,
H3WNRQj9wTF2kmc4,11,The Coiled Altar,3429,WIPE,243.083,Demonbläde,P-b8d4f9af9d79b2ab,26,3579434.0,220.246,90.61,0.0,0.0,0.0,0.0,,,,,,,,,,
H3WNRQj9wTF2kmc4,11,The Coiled Altar,3429,WIPE,243.083,Viserion,P-daa9879d41bb66dd,7,3579436.0,220.248,90.61,0.0,0.0,0.0,46360.0,,,,,,,,,,
H3WNRQj9wTF2kmc4,11,The Coiled Altar,3429,WIPE,243.083,Lìllith,P-093da9358d901c39,12,3580936.0,221.748,91.22,0.0,0.0,46645.0,36945.0,Despair,1307009,32.0,spell_misc_emotionafraid.jpg,158,False,94015.0,22053.0,178341.0,15628.0
H3WNRQj9wTF2kmc4,11,The Coiled Altar,3429,WIPE,243.083,Averlis,P-77b140a1e9d7fba2,3,3584038.0,224.85,92.5,0.0,0.0,1059.0,76030.0,Sunfire,164815,8.0,ability_mage_firestarter.jpg,15,True,1403.0,528.0,2990.0,0.0
H3WNRQj9wTF2kmc4,11,The Coiled Altar,3429,WIPE,243.083,Asharia,P-baca25d85259e955,17,3590372.0,231.184,95.1,0.0,0.0,0.0,13325.0,,,,,,,,,,
H3WNRQj9wTF2kmc4,11,The Coiled Altar,3429,WIPE,243.083,Soliloquy,P-ace0c6b4dcb42bd6,1,3602037.0,242.849,99.9,0.0,0.0,19250846.0,0.0,Gravebound,1297906,32.0,ability_demonhunter_shatteredsouls.jpg,157,False,423444.0,2299500.0,21973790.0,0.0
H3WNRQj9wTF2kmc4,12,The Coiled Altar,3429,WIPE,18.193,Soliloquy,P-ace0c6b4dcb42bd6,1,3642388.0,0.041,0.23,0.0,0.0,1304054.0,0.0,Melee,1,1.0,inv_axe_02.jpg,149,False,672140.0,0.0,1163495.0,0.0
H3WNRQj9wTF2kmc4,12,The Coiled Altar,3429,WIPE,18.193,Demonbläde,P-b8d4f9af9d79b2ab,26,3649408.0,7.061,38.81,0.0,0.0,0.0,4989.0,,,,,,,,,,
H3WNRQj9wTF2kmc4,12,The Coiled Altar,3429,WIPE,18.193,Greyseer,P-146fcdef511d70d4,19,3652428.0,10.081,55.41,0.0,0.0,18856472.0,0.0,Unworthy,1312424,32.0,ability_rogue_deadlymomentum.jpg,157,False,400868.0,2716450.0,21973790.0,0.0
H3WNRQj9wTF2kmc4,12,The Coiled Altar,3429,WIPE,18.193,Runé,P-72cd6cde8ca8fac3,16,3652581.0,10.234,56.25,0.0,0.0,14666009.0,0.0,Unworthy,1312424,32.0,ability_rogue_deadlymomentum.jpg,157,False,415802.0,6891979.0,21973790.0,0.0
H3WNRQj9wTF2kmc4,12,The Coiled Altar,3429,WIPE,18.193,Littlejohn,P-fe200ff8c0c12962,10,3652582.0,10.235,56.26,0.0,0.0,12200101.0,0.0,Unworthy,1312424,32.0,ability_rogue_deadlymomentum.jpg,157,False,446076.0,2630724.0,21973790.0,6696889.0
H3WNRQj9wTF2kmc4,12,The Coiled Altar,3429,WIPE,18.193,Averlis,P-77b140a1e9d7fba2,3,3652583.0,10.236,56.26,0.0,0.0,17297956.0,0.0,Unworthy,1312424,32.0,ability_rogue_deadlymomentum.jpg,157,False,358498.0,4317336.0,21973790.0,0.0
H3WNRQj9wTF2kmc4,12,The Coiled Altar,3429,WIPE,18.193,Mets,P-0535c10c91d1eeda,24,3652583.0,10.236,56.26,0.0,0.0,20205490.0,0.0,Unworthy,1312424,32.0,ability_rogue_deadlymomentum.jpg,157,False,303926.0,1464374.0,21973790.0,0.0
H3WNRQj9wTF2kmc4,12,The Coiled Altar,3429,WIPE,18.193,Czera,P-127c502d2790c60f,9,3652584.0,10.237,56.27,0.0,0.0,16964958.0,0.0,Unworthy,1312424,32.0,ability_rogue_deadlymomentum.jpg,157,False,309990.0,4698842.0,21973790.0,0.0
H3WNRQj9wTF2kmc4,12,The Coiled Altar,3429,WIPE,18.193,Geckofursona,P-ca3833033e7a5953,14,3652584.0,10.237,56.27,0.0,0.0,17291508.0,0.0,Unworthy,1312424,32.0,ability_rogue_deadlymomentum.jpg,157,False,733156.0,3583153.0,21973790.0,365973.0
H3WNRQj9wTF2kmc4,12,The Coiled Altar,3429,WIPE,18.193,Sälazar,P-448597313370c1df,8,3652584.0,10.237,56.27,0.0,0.0,17825430.0,0.0,Unworthy,1312424,32.0,ability_rogue_deadlymomentum.jpg,157,False,307914.0,3200426.0,21973790.0,640020.0
H3WNRQj9wTF2kmc4,12,The Coiled Altar,3429,WIPE,18.193,Shinier,P-fa0288594047c1a1,5,3652585.0,10.238,56.27,0.0,0.0,15497998.0,0.0,Unworthy,1312424,32.0,ability_rogue_deadlymomentum.jpg,157,False,392634.0,2110500.0,21973790.0,3972658.0
H3WNRQj9wTF2kmc4,12,The Coiled Altar,3429,WIPE,18.193,Viserion,P-daa9879d41bb66dd,7,3652585.0,10.238,56.27,0.0,0.0,17981668.0,0.0,Unworthy,1312424,32.0,ability_rogue_deadlymomentum.jpg,157,False,534248.0,1990420.0,21973790.0,1467454.0
H3WNRQj9wTF2kmc4,12,The Coiled Altar,3429,WIPE,18.193,Scamanes,P-d98756831b8feaa2,6,3652587.0,10.24,56.29,0.0,0.0,18074516.0,0.0,Unworthy,1312424,32.0,ability_rogue_deadlymomentum.jpg,157,False,376292.0,3522982.0,21973790.0,0.0
H3WNRQj9wTF2kmc4,12,The Coiled Altar,3429,WIPE,18.193,Asharia,P-baca25d85259e955,17,3652588.0,10.241,56.29,0.0,0.0,16803416.0,0.0,Unworthy,1312424,32.0,ability_rogue_deadlymomentum.jpg,157,False,297676.0,4872698.0,21973790.0,0.0
H3WNRQj9wTF2kmc4,12,The Coiled Altar,3429,WIPE,18.193,Chickynuggy,P-7e7e91ecf1299d0f,18,3652592.0,10.245,56.31,0.0,0.0,19597736.0,0.0,Unworthy,1312424,32.0,ability_rogue_deadlymomentum.jpg,157,False,345976.0,2016537.0,21973790.0,13541.0
H3WNRQj9wTF2kmc4,12,The Coiled Altar,3429,WIPE,18.193,Ämon,P-26f181f915fe34c3,11,3652645.0,10.298,56.6,0.0,0.0,19103484.0,0.0,Unworthy,1312424,32.0,ability_rogue_deadlymomentum.jpg,157,False,332982.0,2537324.0,21973790.0,0.0
H3WNRQj9wTF2kmc4,12,The Coiled Altar,3429,WIPE,18.193,Chontosh,P-81cad9c290ac9716,4,3652649.0,10.302,56.63,0.0,0.0,19286554.0,0.0,Unworthy,1312424,32.0,ability_rogue_deadlymomentum.jpg,157,False,666958.0,1818728.0,21973790.0,201550.0
H3WNRQj9wTF2kmc4,12,The Coiled Altar,3429,WIPE,18.193,Decayed,P-584cf7139227dcac,20,3653153.0,10.806,59.4,0.0,0.0,0.0,8399.0,,,,,,,,,,
H3WNRQj9wTF2kmc4,12,The Coiled Altar,3429,WIPE,18.193,Spàdes,P-4b77dd2f26623c73,2,3655682.0,13.335,73.3,0.0,0.0,0.0,11300.0,,,,,,,,,,
H3WNRQj9wTF2kmc4,12,The Coiled Altar,3429,WIPE,18.193,Lìllith,P-093da9358d901c39,12,3659399.0,17.052,93.73,0.0,0.0,487040.0,0.0,Melee,1,1.0,inv_axe_02.jpg,149,False,303945.0,306438.0,1185310.0,87887.0
H3WNRQj9wTF2kmc4,12,The Coiled Altar,3429,WIPE,18.193,Danzilla,P-8ee1779dcaa9232f,22,3659789.0,17.442,95.87,0.0,0.0,672.0,14418.0,Coalesced Venom,1282408,8.0,inv_ability_poison_orb.jpg,149,False,6586.0,1491.0,8749.0,0.0
H3WNRQj9wTF2kmc4,13,The Coiled Altar,3429,WIPE,26.713,Czera,P-127c502d2790c60f,9,3705895.0,7.674,28.73,0.0,0.0,0.0,3995.0,,,,,,,,,,
H3WNRQj9wTF2kmc4,13,The Coiled Altar,3429,WIPE,26.713,Spàdes,P-4b77dd2f26623c73,2,3708287.0,10.066,37.68,0.0,0.0,19843640.0,0.0,Unworthy,1312424,32.0,ability_rogue_deadlymomentum.jpg,157,False,317992.0,1812158.0,21973790.0,0.0
H3WNRQj9wTF2kmc4,13,The Coiled Altar,3429,WIPE,26.713,Maztajake,P-dc96b65209ad25d3,15,3708288.0,10.067,37.69,0.0,0.0,18883056.0,0.0,Unworthy,1312424,32.0,ability_rogue_deadlymomentum.jpg,157,False,309536.0,2781198.0,21973790.0,0.0
H3WNRQj9wTF2kmc4,13,The Coiled Altar,3429,WIPE,26.713,Chontosh,P-81cad9c290ac9716,4,3708289.0,10.068,37.69,0.0,0.0,19644540.0,0.0,Unworthy,1312424,32.0,ability_rogue_deadlymomentum.jpg,157,False,300572.0,2028678.0,21973790.0,0.0
H3WNRQj9wTF2kmc4,13,The Coiled Altar,3429,WIPE,26.713,Averlis,P-77b140a1e9d7fba2,3,3708354.0,10.133,37.93,0.0,0.0,17904652.0,0.0,Unworthy,1312424,32.0,ability_rogue_deadlymomentum.jpg,157,False,476924.0,3592214.0,21973790.0,0.0
H3WNRQj9wTF2kmc4,13,The Coiled Altar,3429,WIPE,26.713,Geckofursona,P-ca3833033e7a5953,14,3708356.0,10.135,37.94,0.0,0.0,17256146.0,0.0,Unworthy,1312424,32.0,ability_rogue_deadlymomentum.jpg,157,False,754720.0,3597232.0,21973790.0,365692.0
H3WNRQj9wTF2kmc4,13,The Coiled Altar,3429,WIPE,26.713,Greyseer,P-146fcdef511d70d4,19,3708356.0,10.135,37.94,0.0,0.0,13111287.0,0.0,Unworthy,1312424,32.0,ability_rogue_deadlymomentum.jpg,157,False,368851.0,8493652.0,21973790.0,0.0
H3WNRQj9wTF2kmc4,13,The Coiled Altar,3429,WIPE,26.713,Littlejohn,P-fe200ff8c0c12962,10,3708378.0,10.157,38.02,0.0,0.0,12633593.0,0.0,Unworthy,1312424,32.0,ability_rogue_deadlymomentum.jpg,157,False,364198.0,2041936.0,21973790.0,6934063.0
H3WNRQj9wTF2kmc4,13,The Coiled Altar,3429,WIPE,26.713,Grapefantuh,P-a236f777802713be,23,3708380.0,10.159,38.03,0.0,0.0,14362985.0,0.0,Unworthy,1312424,32.0,ability_rogue_deadlymomentum.jpg,157,False,519827.0,7090978.0,21973790.0,0.0
H3WNRQj9wTF2kmc4,13,The Coiled Altar,3429,WIPE,26.713,Ämon,P-26f181f915fe34c3,11,3708381.0,10.16,38.03,0.0,0.0,18223738.0,0.0,Unworthy,1312424,32.0,ability_rogue_deadlymomentum.jpg,157,False,586138.0,3163914.0,21973790.0,0.0
H3WNRQj9wTF2kmc4,13,The Coiled Altar,3429,WIPE,26.713,Chickynuggy,P-7e7e91ecf1299d0f,18,3708405.0,10.184,38.12,0.0,0.0,12612907.0,0.0,Unworthy,1312424,32.0,ability_rogue_deadlymomentum.jpg,157,False,518964.0,8841919.0,21973790.0,0.0
H3WNRQj9wTF2kmc4,13,The Coiled Altar,3429,WIPE,26.713,Danzilla,P-8ee1779dcaa9232f,22,3709269.0,11.048,41.36,0.0,0.0,0.0,7259.0,,,,,,,,,,
H3WNRQj9wTF2kmc4,13,The Coiled Altar,3429,WIPE,26.713,Shinier,P-fa0288594047c1a1,5,3709269.0,11.048,41.36,0.0,0.0,0.0,7610.0,,,,,,,,,,
H3WNRQj9wTF2kmc4,13,The Coiled Altar,3429,WIPE,26.713,Scamanes,P-d98756831b8feaa2,6,3709270.0,11.049,41.36,0.0,0.0,0.0,6311.0,,,,,,,,,,
H3WNRQj9wTF2kmc4,13,The Coiled Altar,3429,WIPE,26.713,Soliloquy,P-ace0c6b4dcb42bd6,1,3710332.0,12.111,45.34,0.0,0.0,0.0,10065.0,,,,,,,,,,
H3WNRQj9wTF2kmc4,13,The Coiled Altar,3429,WIPE,26.713,Decayed,P-584cf7139227dcac,20,3711269.0,13.048,48.85,0.0,0.0,0.0,12034.0,Unworthy,1312424,32.0,ability_rogue_deadlymomentum.jpg,,,,,,
H3WNRQj9wTF2kmc4,13,The Coiled Altar,3429,WIPE,26.713,Viserion,P-daa9879d41bb66dd,7,3711826.0,13.605,50.93,0.0,0.0,0.0,10345.0,,,,,,,,,,
H3WNRQj9wTF2kmc4,13,The Coiled Altar,3429,WIPE,26.713,Runé,P-72cd6cde8ca8fac3,16,3715578.0,17.357,64.98,0.0,0.0,97517.0,2191.0,Twinfang Toxin,1300322,8.0,ability_rogue_dualweild.jpg,149,False,53440.0,62385.0,213342.0,0.0
H3WNRQj9wTF2kmc4,13,The Coiled Altar,3429,WIPE,26.713,Sälazar,P-448597313370c1df,8,3717568.0,19.347,72.43,0.0,0.0,2549.0,18318.0,Coalesced Venom,1282408,8.0,inv_ability_poison_orb.jpg,149,False,4234.0,1380.0,8916.0,753.0
H3WNRQj9wTF2kmc4,13,The Coiled Altar,3429,WIPE,26.713,Lìllith,P-093da9358d901c39,12,3721266.0,23.045,86.27,0.0,0.0,1061641.0,0.0,Sever,1299684,1.0,ability_criticalstrike.jpg,149,False,85908.0,475162.0,1757996.0,135285.0
H3WNRQj9wTF2kmc4,13,The Coiled Altar,3429,WIPE,26.713,Demonbläde,P-b8d4f9af9d79b2ab,26,3724035.0,25.814,96.63,0.0,0.0,6177.0,24789.0,Melee,1,1.0,inv_axe_02.jpg,149,False,496156.0,652509.0,1154842.0,0.0
H3WNRQj9wTF2kmc4,14,The Coiled Altar,3429,WIPE,200.987,Ämon,P-26f181f915fe34c3,11,4574400.0,61.011,30.36,0.0,0.0,479475.0,0.0,Sever,1299684,1.0,ability_criticalstrike.jpg,149,False,482301.0,787617.0,1759107.0,9714.0
H3WNRQj9wTF2kmc4,14,The Coiled Altar,3429,WIPE,200.987,Greyseer,P-146fcdef511d70d4,19,4649921.0,136.532,67.93,0.0,0.0,6249.0,23058.0,Gloombomb,1310883,32.0,spell_shadow_shadowfury.jpg,157,False,233086.0,54195.0,293530.0,0.0
H3WNRQj9wTF2kmc4,14,The Coiled Altar,3429,WIPE,200.987,Ämon,P-26f181f915fe34c3,11,4662306.0,148.917,74.09,0.0,0.0,0.0,24010.0,,,,,,,,,,
H3WNRQj9wTF2kmc4,14,The Coiled Altar,3429,WIPE,200.987,Kainz,P-990700ee2fdd70bf,21,4665936.0,152.547,75.9,0.0,0.0,17532810.0,0.0,Gravebound,1297906,32.0,ability_demonhunter_shatteredsouls.jpg,157,False,632058.0,3808922.0,21973790.0,0.0
H3WNRQj9wTF2kmc4,14,The Coiled Altar,3429,WIPE,200.987,Viserion,P-daa9879d41bb66dd,7,4665937.0,152.548,75.9,0.0,0.0,17679358.0,0.0,Gravebound,1297906,32.0,ability_demonhunter_shatteredsouls.jpg,157,False,447514.0,3846918.0,21973790.0,0.0
H3WNRQj9wTF2kmc4,14,The Coiled Altar,3429,WIPE,200.987,Chontosh,P-81cad9c290ac9716,4,4665942.0,152.553,75.9,0.0,0.0,13918503.0,0.0,Gravebound,1297906,32.0,ability_demonhunter_shatteredsouls.jpg,157,False,566267.0,3867828.0,21973790.0,3621192.0
H3WNRQj9wTF2kmc4,14,The Coiled Altar,3429,WIPE,200.987,Averlis,P-77b140a1e9d7fba2,3,4670205.0,156.816,78.02,0.0,0.0,43755.0,21376.0,Gravebound,1308330,32.0,ability_demonhunter_shatteredsouls.jpg,157,False,47691.0,17499.0,108945.0,0.0
H3WNRQj9wTF2kmc4,14,The Coiled Altar,3429,WIPE,200.987,Littlejohn,P-fe200ff8c0c12962,10,4674869.0,161.48,80.34,0.0,0.0,10349654.0,0.0,Gravebound,1297906,32.0,ability_demonhunter_shatteredsouls.jpg,157,False,595964.0,5323923.0,21973790.0,5704249.0
H3WNRQj9wTF2kmc4,14,The Coiled Altar,3429,WIPE,200.987,Shinier,P-fa0288594047c1a1,5,4674870.0,161.481,80.34,0.0,0.0,14916453.0,0.0,Gravebound,1297906,32.0,ability_demonhunter_shatteredsouls.jpg,157,False,448581.0,2767498.0,21973790.0,3841258.0
H3WNRQj9wTF2kmc4,14,The Coiled Altar,3429,WIPE,200.987,Danzilla,P-8ee1779dcaa9232f,22,4681361.0,167.972,83.57,0.0,0.0,0.0,27693.0,,,,,,,,,,
H3WNRQj9wTF2kmc4,14,The Coiled Altar,3429,WIPE,200.987,Spàdes,P-4b77dd2f26623c73,2,4689866.0,176.477,87.81,0.0,0.0,60769.0,29016.0,Gloombomb,1310883,32.0,spell_shadow_shadowfury.jpg,157,False,173839.0,56261.0,293238.0,2369.0
H3WNRQj9wTF2kmc4,14,The Coiled Altar,3429,WIPE,200.987,Czera,P-127c502d2790c60f,9,4691291.0,177.902,88.51,0.0,0.0,13411.0,16428.0,Despair,1307009,32.0,spell_misc_emotionafraid.jpg,158,False,134115.0,31055.0,180071.0,1490.0
H3WNRQj9wTF2kmc4,14,The Coiled Altar,3429,WIPE,200.987,Grapefantuh,P-a236f777802713be,23,4693950.0,180.561,89.84,0.0,0.0,0.0,15987.0,,,,,,,,,,
H3WNRQj9wTF2kmc4,14,The Coiled Altar,3429,WIPE,200.987,Lìllith,P-093da9358d901c39,12,4694848.0,181.459,90.28,0.0,0.0,29125.0,32007.0,Dreadful Presence,1288635,32.0,ability_warlock_shadowfurytga.jpg,157,False,38280.0,15294.0,93585.0,10886.0
H3WNRQj9wTF2kmc4,14,The Coiled Altar,3429,WIPE,200.987,Chickynuggy,P-7e7e91ecf1299d0f,18,4700866.0,187.477,93.28,0.0,0.0,33927.0,39986.0,Dreadful Presence,1288635,32.0,ability_warlock_shadowfurytga.jpg,157,False,17145.0,22166.0,91884.0,18646.0
H3WNRQj9wTF2kmc4,14,The Coiled Altar,3429,WIPE,200.987,Asharia,P-baca25d85259e955,17,4700868.0,187.479,93.28,0.0,0.0,51455.0,25999.0,Dreadful Presence,1288635,32.0,ability_warlock_shadowfurytga.jpg,157,False,15247.0,25640.0,92342.0,0.0
H3WNRQj9wTF2kmc4,14,The Coiled Altar,3429,WIPE,200.987,Demonbläde,P-b8d4f9af9d79b2ab,26,4701339.0,187.95,93.51,0.0,0.0,0.0,10020.0,,,,,,,,,,
H3WNRQj9wTF2kmc4,14,The Coiled Altar,3429,WIPE,200.987,Maztajake,P-dc96b65209ad25d3,15,4702836.0,189.447,94.26,0.0,0.0,8935.0,60004.0,Dreadful Presence,1288635,32.0,ability_warlock_shadowfurytga.jpg,157,False,30742.0,14917.0,90047.0,35453.0
H3WNRQj9wTF2kmc4,14,The Coiled Altar,3429,WIPE,200.987,Runé,P-72cd6cde8ca8fac3,16,4704851.0,191.462,95.26,0.0,0.0,31879.0,54943.0,Dreadful Presence,1288635,32.0,ability_warlock_shadowfurytga.jpg,157,False,31625.0,30907.0,94411.0,0.0
H3WNRQj9wTF2kmc4,14,The Coiled Altar,3429,WIPE,200.987,Novachronos,P-d8e2e25f74d6a935,13,4705860.0,192.471,95.76,0.0,0.0,14353743.0,0.0,Gravebound,1297906,32.0,ability_demonhunter_shatteredsouls.jpg,157,False,72175.0,6772868.0,21973790.0,775004.0
H3WNRQj9wTF2kmc4,14,The Coiled Altar,3429,WIPE,200.987,Soliloquy,P-ace0c6b4dcb42bd6,1,4705862.0,192.473,95.76,0.0,0.0,16382811.0,0.0,Gravebound,1297906,32.0,ability_demonhunter_shatteredsouls.jpg,157,False,451049.0,4798136.0,21973790.0,341794.0
H3WNRQj9wTF2kmc4,14,The Coiled Altar,3429,WIPE,200.987,Mets,P-0535c10c91d1eeda,24,4707872.0,194.483,96.76,0.0,0.0,415010.0,45012.0,Eternal Nightfall,1286918,32.0,spell_shadow_twilight.jpg,157,False,183542.0,713830.0,1318427.0,6045.0
H3WNRQj9wTF2kmc4,14,The Coiled Altar,3429,WIPE,200.987,Sälazar,P-448597313370c1df,8,4707873.0,194.484,96.76,0.0,0.0,476653.0,41939.0,Eternal Nightfall,1286918,32.0,spell_shadow_twilight.jpg,157,False,207224.0,550890.0,1318427.0,83660.0
H3WNRQj9wTF2kmc4,14,The Coiled Altar,3429,WIPE,200.987,Geckofursona,P-ca3833033e7a5953,14,4707874.0,194.485,96.76,0.0,0.0,708961.0,0.0,Eternal Nightfall,1286918,32.0,spell_shadow_twilight.jpg,157,False,295372.0,303950.0,1318427.0,10144.0
H3WNRQj9wTF2kmc4,14,The Coiled Altar,3429,WIPE,200.987,Scamanes,P-d98756831b8feaa2,6,4707874.0,194.485,96.76,0.0,0.0,882574.0,0.0,Eternal Nightfall,1286918,32.0,spell_shadow_twilight.jpg,157,False,213405.0,211378.0,1318427.0,11070.0
H3WNRQj9wTF2kmc4,14,The Coiled Altar,3429,WIPE,200.987,Decayed,P-584cf7139227dcac,20,4713846.0,200.457,99.74,0.0,0.0,0.0,40982.0,Dreadful Presence,1288635,32.0,ability_warlock_shadowfurytga.jpg,157,False,0.0,32563.0,92586.0,60023.0
H3WNRQj9wTF2kmc4,15,The Coiled Altar,3429,WIPE,134.468,Averlis,P-77b140a1e9d7fba2,3,4816414.0,23.081,17.16,0.0,0.0,50480.0,0.0,Sever,1299684,1.0,ability_criticalstrike.jpg,149,False,640971.0,1067246.0,1758697.0,0.0
H3WNRQj9wTF2kmc4,15,The Coiled Altar,3429,WIPE,134.468,Scamanes,P-d98756831b8feaa2,6,4833407.0,40.074,29.8,0.0,0.0,631606.0,0.0,Sever,1299684,1.0,ability_criticalstrike.jpg,149,False,596603.0,529292.0,1757501.0,0.0
H3WNRQj9wTF2kmc4,15,The Coiled Altar,3429,WIPE,134.468,Demonbläde,P-b8d4f9af9d79b2ab,26,4852697.0,59.364,44.15,0.0,0.0,0.0,9085.0,,,,,,,,,,
H3WNRQj9wTF2kmc4,15,The Coiled Altar,3429,WIPE,134.468,Greyseer,P-146fcdef511d70d4,19,4854452.0,61.119,45.45,0.0,0.0,532924.0,0.0,Sever,1299684,1.0,ability_criticalstrike.jpg,149,False,580440.0,644322.0,1757686.0,0.0
H3WNRQj9wTF2kmc4,15,The Coiled Altar,3429,WIPE,134.468,Geckofursona,P-ca3833033e7a5953,14,4854454.0,61.121,45.45,0.0,0.0,306979.0,0.0,Sever,1299684,1.0,ability_criticalstrike.jpg,149,False,675544.0,773666.0,1756189.0,0.0
H3WNRQj9wTF2kmc4,15,The Coiled Altar,3429,WIPE,134.468,Sälazar,P-448597313370c1df,8,4854454.0,61.121,45.45,0.0,0.0,459336.0,0.0,Sever,1299684,1.0,ability_criticalstrike.jpg,149,False,731095.0,434085.0,1756786.0,132270.0
H3WNRQj9wTF2kmc4,15,The Coiled Altar,3429,WIPE,134.468,Asharia,P-baca25d85259e955,17,4854456.0,61.123,45.46,0.0,0.0,542567.0,0.0,Sever,1299684,1.0,ability_criticalstrike.jpg,149,False,742498.0,472795.0,1757860.0,0.0
H3WNRQj9wTF2kmc4,15,The Coiled Altar,3429,WIPE,134.468,Mets,P-0535c10c91d1eeda,24,4866302.0,72.969,54.26,0.0,0.0,0.0,18216.0,,,,,,,,,,
H3WNRQj9wTF2kmc4,15,The Coiled Altar,3429,WIPE,134.468,Runé,P-72cd6cde8ca8fac3,16,4870414.0,77.081,57.32,0.0,0.0,222391.0,0.0,Sever,1299684,1.0,ability_criticalstrike.jpg,149,False,733660.0,770622.0,1759560.0,32887.0
H3WNRQj9wTF2kmc4,15,The Coiled Altar,3429,WIPE,134.468,Novachronos,P-d8e2e25f74d6a935,13,4870415.0,77.082,57.32,0.0,0.0,578980.0,0.0,Sever,1299684,1.0,ability_criticalstrike.jpg,149,False,666416.0,374075.0,1757848.0,138377.0
H3WNRQj9wTF2kmc4,15,The Coiled Altar,3429,WIPE,134.468,Runé,P-72cd6cde8ca8fac3,16,4901441.0,108.108,80.4,0.0,0.0,748807.0,0.0,Sever,1299684,1.0,ability_criticalstrike.jpg,149,False,328128.0,679574.0,1756509.0,0.0
H3WNRQj9wTF2kmc4,15,The Coiled Altar,3429,WIPE,134.468,Averlis,P-77b140a1e9d7fba2,3,4901442.0,108.109,80.4,0.0,0.0,606869.0,0.0,Sever,1299684,1.0,ability_criticalstrike.jpg,149,False,341325.0,809963.0,1758157.0,0.0
H3WNRQj9wTF2kmc4,15,The Coiled Altar,3429,WIPE,134.468,Decayed,P-584cf7139227dcac,20,4904398.0,111.065,82.6,0.0,0.0,0.0,10397.0,Sever,1299684,1.0,ability_criticalstrike.jpg,,,,,,
H3WNRQj9wTF2kmc4,15,The Coiled Altar,3429,WIPE,134.468,Littlejohn,P-fe200ff8c0c12962,10,4905636.0,112.303,83.52,0.0,0.0,56543.0,14220.0,Twinfang Toxin,1300322,8.0,ability_rogue_dualweild.jpg,149,False,37596.0,66638.0,211466.0,50689.0
H3WNRQj9wTF2kmc4,15,The Coiled Altar,3429,WIPE,134.468,Ämon,P-26f181f915fe34c3,11,4913448.0,120.115,89.33,0.0,0.0,181992.0,12055.0,Melee,1,1.0,inv_axe_02.jpg,149,False,425235.0,561129.0,1168356.0,0.0
H3WNRQj9wTF2kmc4,15,The Coiled Altar,3429,WIPE,134.468,Maztajake,P-dc96b65209ad25d3,15,4918390.0,125.057,93.0,0.0,0.0,337781.0,0.0,Sever,1299684,1.0,ability_criticalstrike.jpg,149,False,512438.0,881409.0,1757258.0,25630.0
H3WNRQj9wTF2kmc4,15,The Coiled Altar,3429,WIPE,134.468,Chontosh,P-81cad9c290ac9716,4,4918395.0,125.062,93.01,0.0,0.0,419481.0,0.0,Sever,1299684,1.0,ability_criticalstrike.jpg,149,False,434703.0,904855.0,1759039.0,0.0
H3WNRQj9wTF2kmc4,15,The Coiled Altar,3429,WIPE,134.468,Shinier,P-fa0288594047c1a1,5,4923444.0,130.111,96.76,0.0,0.0,0.0,0.0,,,,,,,,,,
H3WNRQj9wTF2kmc4,15,The Coiled Altar,3429,WIPE,134.468,Lìllith,P-093da9358d901c39,12,4923494.0,130.161,96.8,0.0,0.0,1472.0,44154.0,Coalesced Venom,1282408,8.0,inv_ability_poison_orb.jpg,149,False,5194.0,1287.0,8693.0,740.0
H3WNRQj9wTF2kmc4,15,The Coiled Altar,3429,WIPE,134.468,Spàdes,P-4b77dd2f26623c73,2,4925452.0,132.119,98.25,0.0,0.0,24365.0,46891.0,Execution,1283606,8.0,warrior_talent_icon_mastercleaver.jpg,149,False,513779.0,121104.0,659248.0,0.0
H3WNRQj9wTF2kmc4,15,The Coiled Altar,3429,WIPE,134.468,Grapefantuh,P-a236f777802713be,23,4925454.0,132.121,98.25,0.0,0.0,27986.0,42049.0,Execution,1283606,8.0,warrior_talent_icon_mastercleaver.jpg,149,False,434056.0,201958.0,664000.0,0.0
H3WNRQj9wTF2kmc4,15,The Coiled Altar,3429,WIPE,134.468,Danzilla,P-8ee1779dcaa9232f,22,4925455.0,132.122,98.26,0.0,0.0,340873.0,41427.0,Guillotine,1283594,1.0,warrior_talent_icon_mastercleaver.jpg,149,False,163122.0,594694.0,1098689.0,0.0
H3WNRQj9wTF2kmc4,15,The Coiled Altar,3429,WIPE,134.468,Kainz,P-990700ee2fdd70bf,21,4925455.0,132.122,98.26,0.0,0.0,282370.0,1854.0,Guillotine,1283594,1.0,warrior_talent_icon_mastercleaver.jpg,149,False,341104.0,475215.0,1098689.0,0.0
H3WNRQj9wTF2kmc4,15,The Coiled Altar,3429,WIPE,134.468,Soliloquy,P-ace0c6b4dcb42bd6,1,4925457.0,132.124,98.26,0.0,0.0,720205.0,0.0,Guillotine,1283594,1.0,warrior_talent_icon_mastercleaver.jpg,149,False,174787.0,203697.0,1098689.0,0.0
H3WNRQj9wTF2kmc4,15,The Coiled Altar,3429,WIPE,134.468,Czera,P-127c502d2790c60f,9,4925776.0,132.443,98.49,0.0,0.0,1146.0,8278.0,Coalesced Venom,1282408,8.0,inv_ability_poison_orb.jpg,149,False,5638.0,2026.0,8810.0,0.0
H3WNRQj9wTF2kmc4,15,The Coiled Altar,3429,WIPE,134.468,Chickynuggy,P-7e7e91ecf1299d0f,18,4927519.0,134.186,99.79,0.0,0.0,485843.0,3929.0,Melee,1,1.0,inv_axe_02.jpg,149,False,243829.0,441625.0,1171297.0,0.0
H3WNRQj9wTF2kmc4,15,The Coiled Altar,3429,WIPE,134.468,Viserion,P-daa9879d41bb66dd,7,4927621.0,134.288,99.87,0.0,0.0,3997.0,7179.0,Coalesced Venom,1282408,8.0,inv_ability_poison_orb.jpg,149,False,3700.0,1219.0,8916.0,0.0
H3WNRQj9wTF2kmc4,16,The Coiled Altar,3429,WIPE,209.261,Grapefantuh,P-a236f777802713be,23,5143868.0,23.091,11.03,0.0,0.0,22973.0,0.0,Sever,1299684,1.0,ability_criticalstrike.jpg,149,False,788980.0,900217.0,1759224.0,47054.0
H3WNRQj9wTF2kmc4,16,The Coiled Altar,3429,WIPE,209.261,Mets,P-0535c10c91d1eeda,24,5167821.0,47.044,22.48,0.0,0.0,2023.0,8654.0,Execution,1283606,8.0,warrior_talent_icon_mastercleaver.jpg,149,False,510614.0,146761.0,659398.0,0.0
H3WNRQj9wTF2kmc4,16,The Coiled Altar,3429,WIPE,209.261,Geckofursona,P-ca3833033e7a5953,14,5167822.0,47.045,22.48,0.0,0.0,1157089.0,0.0,Guillotine,1283594,1.0,warrior_talent_icon_mastercleaver.jpg,149,False,221276.0,269668.0,1648033.0,0.0
H3WNRQj9wTF2kmc4,16,The Coiled Altar,3429,WIPE,209.261,Asharia,P-baca25d85259e955,17,5167824.0,47.047,22.48,0.0,0.0,1124191.0,0.0,Guillotine,1283594,1.0,warrior_talent_icon_mastercleaver.jpg,149,False,295180.0,199844.0,1648033.0,28818.0
H3WNRQj9wTF2kmc4,16,The Coiled Altar,3429,WIPE,209.261,Grapefantuh,P-a236f777802713be,23,5280033.0,159.256,76.1,0.0,0.0,17360466.0,0.0,Gravebound,1297906,32.0,ability_demonhunter_shatteredsouls.jpg,157,False,590962.0,4021011.0,21973790.0,1351.0
H3WNRQj9wTF2kmc4,16,The Coiled Altar,3429,WIPE,209.261,Novachronos,P-d8e2e25f74d6a935,13,5280035.0,159.258,76.1,0.0,0.0,16908768.0,0.0,Gravebound,1297906,32.0,ability_demonhunter_shatteredsouls.jpg,157,False,492432.0,3532376.0,21973790.0,1040214.0
H3WNRQj9wTF2kmc4,16,The Coiled Altar,3429,WIPE,209.261,Sälazar,P-448597313370c1df,8,5280040.0,159.263,76.11,0.0,0.0,17131226.0,0.0,Gravebound,1297906,32.0,ability_demonhunter_shatteredsouls.jpg,157,False,586566.0,3583978.0,21973790.0,672020.0
H3WNRQj9wTF2kmc4,16,The Coiled Altar,3429,WIPE,209.261,Danzilla,P-8ee1779dcaa9232f,22,5280041.0,159.264,76.11,0.0,0.0,16519281.0,0.0,Gravebound,1297906,32.0,ability_demonhunter_shatteredsouls.jpg,157,False,393131.0,5044558.0,21973790.0,16820.0
H3WNRQj9wTF2kmc4,16,The Coiled Altar,3429,WIPE,209.261,Ämon,P-26f181f915fe34c3,11,5280043.0,159.266,76.11,0.0,0.0,12224184.0,0.0,Gravebound,1297906,32.0,ability_demonhunter_shatteredsouls.jpg,157,False,758140.0,8785074.0,21973790.0,206392.0
H3WNRQj9wTF2kmc4,16,The Coiled Altar,3429,WIPE,209.261,Chontosh,P-81cad9c290ac9716,4,5280047.0,159.27,76.11,0.0,0.0,19633334.0,0.0,Gravebound,1297906,32.0,ability_demonhunter_shatteredsouls.jpg,157,False,700312.0,1398832.0,21973790.0,241312.0
H3WNRQj9wTF2kmc4,16,The Coiled Altar,3429,WIPE,209.261,Chickynuggy,P-7e7e91ecf1299d0f,18,5288837.0,168.06,80.31,0.0,0.0,0.0,14011.0,,,,,,,,,,
H3WNRQj9wTF2kmc4,16,The Coiled Altar,3429,WIPE,209.261,Lìllith,P-093da9358d901c39,12,5292027.0,171.25,81.84,0.0,0.0,0.0,24001.0,,,,,,,,,,
H3WNRQj9wTF2kmc4,16,The Coiled Altar,3429,WIPE,209.261,Littlejohn,P-fe200ff8c0c12962,10,5293117.0,172.34,82.36,0.0,0.0,0.0,16006.0,,,,,,,,,,
H3WNRQj9wTF2kmc4,16,The Coiled Altar,3429,WIPE,209.261,Greyseer,P-146fcdef511d70d4,19,5310843.0,190.066,90.83,0.0,0.0,40754.0,12007.0,Dreadful Presence,1288635,32.0,ability_warlock_shadowfurytga.jpg,157,False,32394.0,16901.0,91533.0,1484.0
H3WNRQj9wTF2kmc4,16,The Coiled Altar,3429,WIPE,209.261,Spàdes,P-4b77dd2f26623c73,2,5316965.0,196.188,93.75,0.0,0.0,137709.0,8125.0,Despair,1307009,32.0,spell_misc_emotionafraid.jpg,158,False,26329.0,14743.0,178781.0,0.0
H3WNRQj9wTF2kmc4,16,The Coiled Altar,3429,WIPE,209.261,Runé,P-72cd6cde8ca8fac3,16,5321953.0,201.176,96.14,0.0,0.0,779589.0,0.0,Eternal Nightfall,1286918,32.0,spell_shadow_twilight.jpg,157,False,351547.0,187291.0,1318427.0,0.0
H3WNRQj9wTF2kmc4,16,The Coiled Altar,3429,WIPE,209.261,Averlis,P-77b140a1e9d7fba2,3,5321954.0,201.177,96.14,0.0,0.0,849478.0,0.0,Eternal Nightfall,1286918,32.0,spell_shadow_twilight.jpg,157,False,258895.0,198859.0,1318427.0,11195.0
H3WNRQj9wTF2kmc4,16,The Coiled Altar,3429,WIPE,209.261,Czera,P-127c502d2790c60f,9,5321955.0,201.178,96.14,0.0,0.0,10991.0,29414.0,Eternal Nightfall,1286918,32.0,spell_shadow_twilight.jpg,157,False,411238.0,538981.0,1318427.0,357217.0
H3WNRQj9wTF2kmc4,16,The Coiled Altar,3429,WIPE,209.261,Maztajake,P-dc96b65209ad25d3,15,5321956.0,201.179,96.14,0.0,0.0,305722.0,0.0,Eternal Nightfall,1286918,32.0,spell_shadow_twilight.jpg,157,False,665953.0,335566.0,1318427.0,11186.0
H3WNRQj9wTF2kmc4,16,The Coiled Altar,3429,WIPE,209.261,Kainz,P-990700ee2fdd70bf,21,5321957.0,201.18,96.14,0.0,0.0,930944.0,0.0,Eternal Nightfall,1286918,32.0,spell_shadow_twilight.jpg,157,False,148775.0,238708.0,1318427.0,0.0
H3WNRQj9wTF2kmc4,16,The Coiled Altar,3429,WIPE,209.261,Geckofursona,P-ca3833033e7a5953,14,5321958.0,201.181,96.14,0.0,0.0,268363.0,0.0,Eternal Nightfall,1286918,32.0,spell_shadow_twilight.jpg,157,False,626092.0,339249.0,1318427.0,84723.0
H3WNRQj9wTF2kmc4,16,The Coiled Altar,3429,WIPE,209.261,Shinier,P-fa0288594047c1a1,5,5321958.0,201.181,96.14,0.0,0.0,333956.0,0.0,Eternal Nightfall,1286918,32.0,spell_shadow_twilight.jpg,157,False,745612.0,226979.0,1318427.0,11880.0
H3WNRQj9wTF2kmc4,16,The Coiled Altar,3429,WIPE,209.261,Viserion,P-daa9879d41bb66dd,7,5321959.0,201.182,96.14,0.0,0.0,269467.0,0.0,Eternal Nightfall,1286918,32.0,spell_shadow_twilight.jpg,157,False,692899.0,345305.0,1318427.0,10756.0
H3WNRQj9wTF2kmc4,16,The Coiled Altar,3429,WIPE,209.261,Soliloquy,P-ace0c6b4dcb42bd6,1,5321960.0,201.183,96.14,0.0,0.0,525838.0,0.0,Eternal Nightfall,1286918,32.0,spell_shadow_twilight.jpg,157,False,386294.0,318972.0,1318427.0,87323.0
H3WNRQj9wTF2kmc4,16,The Coiled Altar,3429,WIPE,209.261,Scamanes,P-d98756831b8feaa2,6,5321961.0,201.184,96.14,0.0,0.0,308038.0,0.0,Eternal Nightfall,1286918,32.0,spell_shadow_twilight.jpg,157,False,701128.0,287766.0,1318427.0,21495.0
H3WNRQj9wTF2kmc4,16,The Coiled Altar,3429,WIPE,209.261,Demonbläde,P-b8d4f9af9d79b2ab,26,5322352.0,201.575,96.33,0.0,0.0,0.0,15135.0,,,,,,,,,,
H3WNRQj9wTF2kmc4,17,The Coiled Altar,3429,WIPE,218.302,Mets,P-0535c10c91d1eeda,24,5680723.0,145.991,66.88,0.0,0.0,18527228.0,0.0,Gravebound,1297906,32.0,ability_demonhunter_shatteredsouls.jpg,157,False,532932.0,2913630.0,21973790.0,0.0
H3WNRQj9wTF2kmc4,17,The Coiled Altar,3429,WIPE,218.302,Ämon,P-26f181f915fe34c3,11,5680726.0,145.994,66.88,0.0,0.0,16598744.0,0.0,Gravebound,1297906,32.0,ability_demonhunter_shatteredsouls.jpg,157,False,758140.0,4432800.0,21973790.0,184106.0
H3WNRQj9wTF2kmc4,17,The Coiled Altar,3429,WIPE,218.302,Chontosh,P-81cad9c290ac9716,4,5680730.0,145.998,66.88,0.0,0.0,19421280.0,0.0,Gravebound,1297906,32.0,ability_demonhunter_shatteredsouls.jpg,157,False,540544.0,1810332.0,21973790.0,201634.0
H3WNRQj9wTF2kmc4,17,The Coiled Altar,3429,WIPE,218.302,Spàdes,P-4b77dd2f26623c73,2,5680764.0,146.032,66.89,0.0,0.0,19322784.0,0.0,Gravebound,1297906,32.0,ability_demonhunter_shatteredsouls.jpg,157,False,637232.0,1812158.0,21973790.0,201616.0
H3WNRQj9wTF2kmc4,17,The Coiled Altar,3429,WIPE,218.302,Sälazar,P-448597313370c1df,8,5691552.0,156.82,71.84,0.0,0.0,0.0,9227.0,,,,,,,,,,
H3WNRQj9wTF2kmc4,17,The Coiled Altar,3429,WIPE,218.302,Novachronos,P-d8e2e25f74d6a935,13,5696124.0,161.392,73.93,0.0,0.0,0.0,20410.0,,,,,,,,,,
H3WNRQj9wTF2kmc4,17,The Coiled Altar,3429,WIPE,218.302,Kainz,P-990700ee2fdd70bf,21,5708109.0,173.377,79.42,0.0,0.0,3975.0,32495.0,Gravebound,1308330,32.0,ability_demonhunter_shatteredsouls.jpg,157,False,88505.0,14817.0,110286.0,2989.0
H3WNRQj9wTF2kmc4,17,The Coiled Altar,3429,WIPE,218.302,Littlejohn,P-fe200ff8c0c12962,10,5709672.0,174.94,80.14,0.0,0.0,70076.0,16085.0,Despair,1307009,32.0,spell_misc_emotionafraid.jpg,158,False,22288.0,36060.0,178158.0,49734.0
H3WNRQj9wTF2kmc4,17,The Coiled Altar,3429,WIPE,218.302,Soliloquy,P-ace0c6b4dcb42bd6,1,5720654.0,185.922,85.17,0.0,0.0,13367783.0,0.0,Gravebound,1297906,32.0,ability_demonhunter_shatteredsouls.jpg,157,False,660092.0,6391754.0,21973790.0,1554161.0
H3WNRQj9wTF2kmc4,17,The Coiled Altar,3429,WIPE,218.302,Averlis,P-77b140a1e9d7fba2,3,5722657.0,187.925,86.08,0.0,0.0,17270124.0,0.0,Gravebound,1297906,32.0,ability_demonhunter_shatteredsouls.jpg,157,False,332502.0,4371164.0,21973790.0,0.0
H3WNRQj9wTF2kmc4,17,The Coiled Altar,3429,WIPE,218.302,Grapefantuh,P-a236f777802713be,23,5722659.0,187.927,86.09,0.0,0.0,15300809.0,0.0,Gravebound,1297906,32.0,ability_demonhunter_shatteredsouls.jpg,157,False,732738.0,5940243.0,21973790.0,0.0
H3WNRQj9wTF2kmc4,17,The Coiled Altar,3429,WIPE,218.302,Maztajake,P-dc96b65209ad25d3,15,5722665.0,187.933,86.09,0.0,0.0,11015811.0,0.0,Gravebound,1297906,32.0,ability_demonhunter_shatteredsouls.jpg,157,False,688598.0,10151155.0,21973790.0,118226.0
H3WNRQj9wTF2kmc4,17,The Coiled Altar,3429,WIPE,218.302,Shinier,P-fa0288594047c1a1,5,5722667.0,187.935,86.09,0.0,0.0,16245516.0,0.0,Gravebound,1297906,32.0,ability_demonhunter_shatteredsouls.jpg,157,False,597136.0,4939881.0,21973790.0,191257.0
H3WNRQj9wTF2kmc4,17,The Coiled Altar,3429,WIPE,218.302,Decayed,P-584cf7139227dcac,20,5725628.0,190.896,87.45,0.0,0.0,0.0,22025.0,Gravebound,1297906,32.0,ability_demonhunter_shatteredsouls.jpg,,,,,,
H3WNRQj9wTF2kmc4,17,The Coiled Altar,3429,WIPE,218.302,Viserion,P-daa9879d41bb66dd,7,5741334.0,206.602,94.64,0.0,0.0,0.0,11962.0,,,,,,,,,,
H3WNRQj9wTF2kmc4,17,The Coiled Altar,3429,WIPE,218.302,Danzilla,P-8ee1779dcaa9232f,22,5742622.0,207.89,95.23,0.0,0.0,0.0,47991.0,,,,,,,,,,
H3WNRQj9wTF2kmc4,17,The Coiled Altar,3429,WIPE,218.302,Lìllith,P-093da9358d901c39,12,5743579.0,208.847,95.67,0.0,0.0,12158.0,43986.0,Dreadful Presence,1288635,32.0,ability_warlock_shadowfurytga.jpg,157,False,48537.0,13162.0,94456.0,20599.0
H3WNRQj9wTF2kmc4,17,The Coiled Altar,3429,WIPE,218.302,Czera,P-127c502d2790c60f,9,5743824.0,209.092,95.78,0.0,0.0,0.0,22499.0,,,,,,,,,,
H3WNRQj9wTF2kmc4,17,The Coiled Altar,3429,WIPE,218.302,Scamanes,P-d98756831b8feaa2,6,5743849.0,209.117,95.79,0.0,0.0,0.0,22501.0,,,,,,,,,,
H3WNRQj9wTF2kmc4,17,The Coiled Altar,3429,WIPE,218.302,Geckofursona,P-ca3833033e7a5953,14,5743927.0,209.195,95.83,0.0,0.0,0.0,44476.0,,,,,,,,,,
H3WNRQj9wTF2kmc4,17,The Coiled Altar,3429,WIPE,218.302,Runé,P-72cd6cde8ca8fac3,16,5746573.0,211.841,97.04,0.0,0.0,0.0,67968.0,,,,,,,,,,
H3WNRQj9wTF2kmc4,17,The Coiled Altar,3429,WIPE,218.302,Asharia,P-baca25d85259e955,17,5747310.0,212.578,97.38,0.0,0.0,0.0,57299.0,,,,,,,,,,
H3WNRQj9wTF2kmc4,17,The Coiled Altar,3429,WIPE,218.302,Greyseer,P-146fcdef511d70d4,19,5749638.0,214.906,98.44,0.0,0.0,47755.0,9132.0,Gloombomb,1310883,32.0,spell_shadow_shadowfury.jpg,157,False,189258.0,54212.0,293619.0,2394.0
H3WNRQj9wTF2kmc4,17,The Coiled Altar,3429,WIPE,218.302,Chickynuggy,P-7e7e91ecf1299d0f,18,5749640.0,214.908,98.45,0.0,0.0,75223.0,40048.0,Gloombomb,1310883,32.0,spell_shadow_shadowfury.jpg,157,False,81888.0,134116.0,292813.0,1586.0
H3WNRQj9wTF2kmc4,18,The Coiled Altar,3429,KILL,419.237,Runé,P-72cd6cde8ca8fac3,16,5886662.0,61.065,14.57,0.0,0.0,423358.0,0.0,Sever,1299684,1.0,ability_criticalstrike.jpg,149,False,535178.0,800788.0,1759324.0,0.0
H3WNRQj9wTF2kmc4,18,The Coiled Altar,3429,KILL,419.237,Danzilla,P-8ee1779dcaa9232f,22,5981427.0,155.83,37.17,0.0,0.0,19657952.0,0.0,Gravebound,1297906,32.0,ability_demonhunter_shatteredsouls.jpg,157,False,215370.0,2100468.0,21973790.0,0.0
H3WNRQj9wTF2kmc4,18,The Coiled Altar,3429,KILL,419.237,Spàdes,P-4b77dd2f26623c73,2,6014377.0,188.78,45.03,0.0,0.0,19620836.0,0.0,Gravebound,1297906,32.0,ability_demonhunter_shatteredsouls.jpg,157,False,593550.0,1759404.0,21973790.0,0.0
H3WNRQj9wTF2kmc4,18,The Coiled Altar,3429,KILL,419.237,Chontosh,P-81cad9c290ac9716,4,6025414.0,199.817,47.66,0.0,0.0,0.0,0.0,,,,,,,,,,
H3WNRQj9wTF2kmc4,18,The Coiled Altar,3429,KILL,419.237,Grapefantuh,P-a236f777802713be,23,6137531.0,311.934,74.41,0.0,0.0,17929758.0,0.0,Gravebound,1297906,32.0,ability_demonhunter_shatteredsouls.jpg,157,False,785556.0,3195400.0,21973790.0,63076.0
H3WNRQj9wTF2kmc4,18,The Coiled Altar,3429,KILL,419.237,Mets,P-0535c10c91d1eeda,24,6137535.0,311.938,74.41,0.0,0.0,18694394.0,0.0,Gravebound,1297906,32.0,ability_demonhunter_shatteredsouls.jpg,157,False,784308.0,2495088.0,21973790.0,0.0
H3WNRQj9wTF2kmc4,18,The Coiled Altar,3429,KILL,419.237,Viserion,P-daa9879d41bb66dd,7,6137536.0,311.939,74.41,0.0,0.0,19010524.0,0.0,Gravebound,1297906,32.0,ability_demonhunter_shatteredsouls.jpg,157,False,770424.0,1993035.0,21973790.0,199807.0
H3WNRQj9wTF2kmc4,18,The Coiled Altar,3429,KILL,419.237,Kainz,P-990700ee2fdd70bf,21,6167526.0,341.929,81.56,0.0,0.0,19729484.0,0.0,Gravebound,1297906,32.0,ability_demonhunter_shatteredsouls.jpg,157,False,443304.0,1597237.0,21973790.0,203765.0
H3WNRQj9wTF2kmc4,18,The Coiled Altar,3429,KILL,419.237,Littlejohn,P-fe200ff8c0c12962,10,6167526.0,341.929,81.56,0.0,0.0,10996092.0,0.0,Gravebound,1297906,32.0,ability_demonhunter_shatteredsouls.jpg,157,False,653951.0,4089936.0,21973790.0,6233811.0
H3WNRQj9wTF2kmc4,18,The Coiled Altar,3429,KILL,419.237,Chontosh,P-81cad9c290ac9716,4,6200555.0,374.958,89.44,0.0,0.0,20171184.0,0.0,Gravebound,1297906,32.0,ability_demonhunter_shatteredsouls.jpg,157,False,508216.0,1085508.0,21973790.0,208882.0
H3WNRQj9wTF2kmc4,18,The Coiled Altar,3429,KILL,419.237,Sälazar,P-448597313370c1df,8,6216686.0,391.089,93.29,0.0,0.0,0.0,0.0,,,,,,,,,,
H3WNRQj9wTF2kmc4,18,The Coiled Altar,3429,KILL,419.237,Novachronos,P-d8e2e25f74d6a935,13,6218070.0,392.473,93.62,0.0,0.0,0.0,0.0,,,,,,,,,,
H3WNRQj9wTF2kmc4,18,The Coiled Altar,3429,KILL,419.237,Scamanes,P-d98756831b8feaa2,6,6220499.0,394.902,94.2,0.0,0.0,0.0,14441.0,,,,,,,,,,
H3WNRQj9wTF2kmc4,18,The Coiled Altar,3429,KILL,419.237,Chickynuggy,P-7e7e91ecf1299d0f,18,6225209.0,399.612,95.32,0.0,0.0,4159.0,10319.0,Despair,1307009,32.0,spell_misc_emotionafraid.jpg,158,False,103095.0,72217.0,179471.0,0.0
H3WNRQj9wTF2kmc4,18,The Coiled Altar,3429,KILL,419.237,Decayed,P-584cf7139227dcac,20,6228507.0,402.91,96.11,0.0,0.0,6803347.0,0.0,Gravebound,1297906,32.0,ability_demonhunter_shatteredsouls.jpg,157,False,1202368.0,10090574.0,21973790.0,3877501.0
H3WNRQj9wTF2kmc4,18,The Coiled Altar,3429,KILL,419.237,Soliloquy,P-ace0c6b4dcb42bd6,1,6228508.0,402.911,96.11,0.0,0.0,16500143.0,0.0,Gravebound,1297906,32.0,ability_demonhunter_shatteredsouls.jpg,157,False,503755.0,4798136.0,21973790.0,171756.0
LMnThDVqdjya46v2,1,Rotmire,3159,WIPE,144.699,Synkro,P-387f40c59682d853,1,393407.0,111.094,76.78,0.0,0.0,8740.0,0.0,Putrid Fist,1221781,1.0,inv_misc_herb_ancientlichen.jpg,12,False,699140.0,0.0,1981484.0,1370235.0
LMnThDVqdjya46v2,1,Rotmire,3159,WIPE,144.699,Tavendar,P-dd48d38ee5e5c55c,23,418747.0,136.434,94.29,0.0,0.0,213322.0,1347.0,Bursting Shroom,1221965,8.0,inv_misc_starspecklemushroom.jpg,89,False,114905.0,68070.0,396297.0,0.0
LMnThDVqdjya46v2,1,Rotmire,3159,WIPE,144.699,Averlis,P-77b140a1e9d7fba2,18,418749.0,136.436,94.29,0.0,0.0,178898.0,4296.0,Bursting Shroom,1221965,8.0,inv_misc_starspecklemushroom.jpg,89,False,15949.0,201450.0,396297.0,0.0
LMnThDVqdjya46v2,1,Rotmire,3159,WIPE,144.699,Soliloquy,P-ace0c6b4dcb42bd6,25,418750.0,136.437,94.29,0.0,0.0,210857.0,1355.0,Bursting Shroom,1221965,8.0,inv_misc_starspecklemushroom.jpg,89,False,80375.0,105065.0,396297.0,0.0
LMnThDVqdjya46v2,1,Rotmire,3159,WIPE,144.699,Synkro,P-387f40c59682d853,1,418750.0,136.437,94.29,0.0,0.0,85307.0,2005.0,Bursting Shroom,1221965,8.0,inv_misc_starspecklemushroom.jpg,89,False,90005.0,72167.0,396297.0,148818.0
LMnThDVqdjya46v2,1,Rotmire,3159,WIPE,144.699,Viserion,P-daa9879d41bb66dd,6,418751.0,136.438,94.29,0.0,0.0,151047.0,24356.0,Bursting Shroom,1221965,8.0,inv_misc_starspecklemushroom.jpg,89,False,147459.0,86765.0,396297.0,11026.0
LMnThDVqdjya46v2,1,Rotmire,3159,WIPE,144.699,Aurëus,P-f95b1f39aecd9371,19,418752.0,136.439,94.29,0.0,0.0,200495.0,18397.0,Bursting Shroom,1221965,8.0,inv_misc_starspecklemushroom.jpg,89,False,129263.0,66539.0,396297.0,0.0
LMnThDVqdjya46v2,1,Rotmire,3159,WIPE,144.699,Chontosh,P-81cad9c290ac9716,21,418755.0,136.442,94.29,0.0,0.0,119520.0,9360.0,Bursting Shroom,1221965,8.0,inv_misc_starspecklemushroom.jpg,89,False,157006.0,119771.0,396297.0,0.0
LMnThDVqdjya46v2,1,Rotmire,3159,WIPE,144.699,Siare,P-386d8566043e1cef,5,418775.0,136.462,94.31,0.0,0.0,107706.0,16853.0,Bursting Shroom,1221965,8.0,inv_misc_starspecklemushroom.jpg,89,False,218625.0,32687.0,396297.0,37279.0
LMnThDVqdjya46v2,1,Rotmire,3159,WIPE,144.699,Panes,P-ace038bf56a82f7f,17,418776.0,136.463,94.31,0.0,0.0,114877.0,23363.0,Bursting Shroom,1221965,8.0,inv_misc_starspecklemushroom.jpg,89,False,174465.0,106955.0,396297.0,0.0
LMnThDVqdjya46v2,1,Rotmire,3159,WIPE,144.699,Lìllith,P-093da9358d901c39,2,418777.0,136.464,94.31,0.0,0.0,233734.0,3273.0,Bursting Shroom,1221965,8.0,inv_misc_starspecklemushroom.jpg,89,False,69343.0,59545.0,396297.0,33675.0
LMnThDVqdjya46v2,1,Rotmire,3159,WIPE,144.699,Greyseer,P-146fcdef511d70d4,8,418778.0,136.465,94.31,0.0,0.0,242015.0,20363.0,Bursting Shroom,1221965,8.0,inv_misc_starspecklemushroom.jpg,89,False,76519.0,77763.0,396297.0,0.0
LMnThDVqdjya46v2,1,Rotmire,3159,WIPE,144.699,Dystrophee,P-14b92b7f6709320a,24,418779.0,136.466,94.31,0.0,0.0,49844.0,16398.0,Bursting Shroom,1221965,8.0,inv_misc_starspecklemushroom.jpg,89,False,86934.0,163137.0,396297.0,96382.0
LMnThDVqdjya46v2,1,Rotmire,3159,WIPE,144.699,Maztajake,P-dc96b65209ad25d3,16,418780.0,136.467,94.31,0.0,0.0,170842.0,1335.0,Bursting Shroom,1221965,8.0,inv_misc_starspecklemushroom.jpg,89,False,114613.0,110842.0,396297.0,0.0
LMnThDVqdjya46v2,1,Rotmire,3159,WIPE,144.699,Meowrawrxo,P-cae9f2bae0773bc9,13,418782.0,136.469,94.31,0.0,0.0,253501.0,1289.0,Bursting Shroom,1221965,8.0,inv_misc_starspecklemushroom.jpg,89,False,85054.0,57742.0,396297.0,0.0
LMnThDVqdjya46v2,1,Rotmire,3159,WIPE,144.699,Ilidank,P-4b25ba747f972b89,15,418784.0,136.471,94.31,0.0,0.0,148811.0,2356.0,Bursting Shroom,1221965,8.0,inv_misc_starspecklemushroom.jpg,89,False,56109.0,191377.0,396297.0,0.0
LMnThDVqdjya46v2,1,Rotmire,3159,WIPE,144.699,Primeval,P-d2cfbf0e9385c81d,14,418785.0,136.472,94.31,0.0,0.0,167677.0,1333.0,Bursting Shroom,1221965,8.0,inv_misc_starspecklemushroom.jpg,89,False,152946.0,75674.0,396297.0,0.0
LMnThDVqdjya46v2,1,Rotmire,3159,WIPE,144.699,Decayed,P-584cf7139227dcac,26,421730.0,139.417,96.35,0.0,0.0,0.0,4317.0,Bursting Shroom,1221965,8.0,inv_misc_starspecklemushroom.jpg,,,,,,
LMnThDVqdjya46v2,1,Rotmire,3159,WIPE,144.699,Mannarchy,P-074ea59fb89e97f7,7,422324.0,140.011,96.76,0.0,0.0,154701.0,0.0,Melee,1,1.0,inv_axe_02.jpg,12,False,369923.0,351519.0,876143.0,0.0
LMnThDVqdjya46v2,2,Rotmire,3159,WIPE,136.855,Decayed,P-584cf7139227dcac,26,883921.0,89.402,65.33,0.0,0.0,220652.0,2411.0,Melee,1,1.0,inv_axe_02.jpg,12,False,224930.0,190305.0,875815.0,239928.0
LMnThDVqdjya46v2,2,Rotmire,3159,WIPE,136.855,Mannarchy,P-074ea59fb89e97f7,7,894562.0,100.043,73.1,0.0,0.0,27243.0,7030.0,Festering Vines,1222122,8.0,ability_creature_poison_04.jpg,12,False,114775.0,38297.0,180315.0,0.0
LMnThDVqdjya46v2,2,Rotmire,3159,WIPE,136.855,Averlis,P-77b140a1e9d7fba2,18,930945.0,136.426,99.69,0.0,0.0,101032.0,17386.0,Bursting Shroom,1221965,8.0,inv_misc_starspecklemushroom.jpg,89,False,146751.0,148514.0,396297.0,0.0
LMnThDVqdjya46v2,2,Rotmire,3159,WIPE,136.855,Soliloquy,P-ace0c6b4dcb42bd6,25,930946.0,136.427,99.69,0.0,0.0,216062.0,422.0,Bursting Shroom,1221965,8.0,inv_misc_starspecklemushroom.jpg,89,False,107529.0,72706.0,396297.0,0.0
LMnThDVqdjya46v2,2,Rotmire,3159,WIPE,136.855,Synkro,P-387f40c59682d853,1,930947.0,136.428,99.69,0.0,0.0,107425.0,638.0,Bursting Shroom,1221965,8.0,inv_misc_starspecklemushroom.jpg,89,False,40589.0,129052.0,396297.0,119231.0
LMnThDVqdjya46v2,2,Rotmire,3159,WIPE,136.855,Viserion,P-daa9879d41bb66dd,6,930950.0,136.431,99.69,0.0,0.0,9581.0,428.0,Bursting Shroom,1221965,8.0,inv_misc_starspecklemushroom.jpg,89,False,152201.0,234515.0,396297.0,0.0
LMnThDVqdjya46v2,2,Rotmire,3159,WIPE,136.855,Monfro,P-930377bb7fd85d97,9,930951.0,136.432,99.69,0.0,0.0,133269.0,3402.0,Bursting Shroom,1221965,8.0,inv_misc_starspecklemushroom.jpg,89,False,153305.0,109723.0,396297.0,0.0
LMnThDVqdjya46v2,2,Rotmire,3159,WIPE,136.855,Aurëus,P-f95b1f39aecd9371,19,930955.0,136.436,99.69,0.0,0.0,223221.0,16430.0,Bursting Shroom,1221965,8.0,inv_misc_starspecklemushroom.jpg,89,False,71252.0,82009.0,376482.0,0.0
LMnThDVqdjya46v2,2,Rotmire,3159,WIPE,136.855,Chontosh,P-81cad9c290ac9716,21,930960.0,136.441,99.7,0.0,0.0,223870.0,425.0,Bursting Shroom,1221965,8.0,inv_misc_starspecklemushroom.jpg,89,False,29692.0,142735.0,396297.0,0.0
LMnThDVqdjya46v2,2,Rotmire,3159,WIPE,136.855,Siare,P-386d8566043e1cef,5,930982.0,136.463,99.71,0.0,0.0,147848.0,7423.0,Bursting Shroom,1221965,8.0,inv_misc_starspecklemushroom.jpg,89,False,31771.0,196721.0,396297.0,19957.0
LMnThDVqdjya46v2,2,Rotmire,3159,WIPE,136.855,Decayed,P-584cf7139227dcac,26,930983.0,136.464,99.71,0.0,0.0,110071.0,2426.0,Bursting Shroom,1221965,8.0,inv_misc_starspecklemushroom.jpg,89,False,60760.0,133481.0,396297.0,91985.0
LMnThDVqdjya46v2,2,Rotmire,3159,WIPE,136.855,Lìllith,P-093da9358d901c39,2,930984.0,136.465,99.72,0.0,0.0,12771.0,16429.0,Bursting Shroom,1221965,8.0,inv_misc_starspecklemushroom.jpg,89,False,217069.0,140920.0,396297.0,25537.0
LMnThDVqdjya46v2,2,Rotmire,3159,WIPE,136.855,Panes,P-ace038bf56a82f7f,17,930984.0,136.465,99.72,0.0,0.0,93530.0,16409.0,Bursting Shroom,1221965,8.0,inv_misc_starspecklemushroom.jpg,89,False,159684.0,123268.0,376482.0,0.0
LMnThDVqdjya46v2,2,Rotmire,3159,WIPE,136.855,Greyseer,P-146fcdef511d70d4,8,930985.0,136.466,99.72,0.0,0.0,49564.0,16402.0,Bursting Shroom,1221965,8.0,inv_misc_starspecklemushroom.jpg,89,False,275471.0,71262.0,396297.0,0.0
LMnThDVqdjya46v2,2,Rotmire,3159,WIPE,136.855,Dystrophee,P-14b92b7f6709320a,24,930988.0,136.469,99.72,0.0,0.0,41837.0,2392.0,Bursting Shroom,1221965,8.0,inv_misc_starspecklemushroom.jpg,89,False,111163.0,135485.0,396297.0,107812.0
LMnThDVqdjya46v2,2,Rotmire,3159,WIPE,136.855,Maztajake,P-dc96b65209ad25d3,16,930989.0,136.47,99.72,0.0,0.0,259717.0,16403.0,Bursting Shroom,1221965,8.0,inv_misc_starspecklemushroom.jpg,89,False,37090.0,99490.0,396297.0,0.0
LMnThDVqdjya46v2,2,Rotmire,3159,WIPE,136.855,Meowrawrxo,P-cae9f2bae0773bc9,13,930991.0,136.472,99.72,0.0,0.0,296767.0,16433.0,Bursting Shroom,1221965,8.0,inv_misc_starspecklemushroom.jpg,89,False,41788.0,57742.0,396297.0,0.0
LMnThDVqdjya46v2,2,Rotmire,3159,WIPE,136.855,Ilidank,P-4b25ba747f972b89,15,930994.0,136.475,99.72,0.0,0.0,63925.0,3410.0,Bursting Shroom,1221965,8.0,inv_misc_starspecklemushroom.jpg,89,False,187772.0,144600.0,396297.0,0.0
LMnThDVqdjya46v2,2,Rotmire,3159,WIPE,136.855,Primeval,P-d2cfbf0e9385c81d,14,930995.0,136.476,99.72,0.0,0.0,29980.0,430.0,Bursting Shroom,1221965,8.0,inv_misc_starspecklemushroom.jpg,89,False,166597.0,199720.0,396297.0,0.0
LMnThDVqdjya46v2,2,Rotmire,3159,WIPE,136.855,Claye,P-c1390518e00a0324,94,930997.0,136.478,99.72,0.0,0.0,208486.0,17392.0,Bursting Shroom,1221965,8.0,inv_misc_starspecklemushroom.jpg,89,False,40096.0,147715.0,396297.0,0.0
LMnThDVqdjya46v2,3,Rotmire,3159,WIPE,164.264,Greyseer,P-146fcdef511d70d4,8,1249800.0,127.023,77.33,0.0,0.0,12471.0,7012.0,Fungal Bloom,1221637,8.0,inv_misc_herb_plaguebloom.jpg,12,False,52364.0,9471.0,74306.0,0.0
LMnThDVqdjya46v2,3,Rotmire,3159,WIPE,164.264,Averlis,P-77b140a1e9d7fba2,18,1259089.0,136.312,82.98,0.0,0.0,103504.0,16364.0,Bursting Shroom,1221965,8.0,inv_misc_starspecklemushroom.jpg,89,False,129038.0,163755.0,396297.0,0.0
LMnThDVqdjya46v2,3,Rotmire,3159,WIPE,164.264,Soliloquy,P-ace0c6b4dcb42bd6,25,1259090.0,136.313,82.98,0.0,0.0,10231.0,2656.0,Bursting Shroom,1221965,8.0,inv_misc_starspecklemushroom.jpg,89,False,313360.0,72706.0,396297.0,0.0
LMnThDVqdjya46v2,3,Rotmire,3159,WIPE,164.264,Chontosh,P-81cad9c290ac9716,21,1259093.0,136.316,82.99,0.0,0.0,150753.0,17369.0,Bursting Shroom,1221965,8.0,inv_misc_starspecklemushroom.jpg,89,False,153263.0,92281.0,396297.0,0.0
LMnThDVqdjya46v2,3,Rotmire,3159,WIPE,164.264,Siare,P-386d8566043e1cef,5,1259108.0,136.331,83.0,0.0,0.0,212552.0,6856.0,Bursting Shroom,1221965,8.0,inv_misc_starspecklemushroom.jpg,89,False,112420.0,35217.0,396297.0,36108.0
LMnThDVqdjya46v2,3,Rotmire,3159,WIPE,164.264,Lìllith,P-093da9358d901c39,2,1259109.0,136.332,83.0,0.0,0.0,219587.0,16365.0,Bursting Shroom,1221965,8.0,inv_misc_starspecklemushroom.jpg,89,False,67713.0,77075.0,396297.0,31922.0
LMnThDVqdjya46v2,3,Rotmire,3159,WIPE,164.264,Mannarchy,P-074ea59fb89e97f7,7,1259110.0,136.333,83.0,0.0,0.0,282029.0,16370.0,Bursting Shroom,1221965,8.0,inv_misc_starspecklemushroom.jpg,89,False,40061.0,74207.0,396297.0,0.0
LMnThDVqdjya46v2,3,Rotmire,3159,WIPE,164.264,Dystrophee,P-14b92b7f6709320a,24,1259111.0,136.334,83.0,0.0,0.0,46502.0,16369.0,Bursting Shroom,1221965,8.0,inv_misc_starspecklemushroom.jpg,89,False,114550.0,135485.0,396297.0,99760.0
LMnThDVqdjya46v2,3,Rotmire,3159,WIPE,164.264,Maztajake,P-dc96b65209ad25d3,16,1259111.0,136.334,83.0,0.0,0.0,204066.0,18359.0,Bursting Shroom,1221965,8.0,inv_misc_starspecklemushroom.jpg,89,False,96888.0,95343.0,396297.0,0.0
LMnThDVqdjya46v2,3,Rotmire,3159,WIPE,164.264,Meowrawrxo,P-cae9f2bae0773bc9,13,1259115.0,136.338,83.0,0.0,0.0,7572.0,16360.0,Bursting Shroom,1221965,8.0,inv_misc_starspecklemushroom.jpg,89,False,317904.0,70821.0,396297.0,0.0
LMnThDVqdjya46v2,3,Rotmire,3159,WIPE,164.264,Ilidank,P-4b25ba747f972b89,15,1259117.0,136.34,83.0,0.0,0.0,21779.0,4348.0,Bursting Shroom,1221965,8.0,inv_misc_starspecklemushroom.jpg,89,False,251448.0,123070.0,396297.0,0.0
LMnThDVqdjya46v2,3,Rotmire,3159,WIPE,164.264,Claye,P-c1390518e00a0324,94,1259119.0,136.342,83.0,0.0,0.0,215538.0,370.0,Bursting Shroom,1221965,8.0,inv_misc_starspecklemushroom.jpg,89,False,115437.0,65322.0,396297.0,0.0
LMnThDVqdjya46v2,3,Rotmire,3159,WIPE,164.264,Primeval,P-d2cfbf0e9385c81d,14,1259119.0,136.342,83.0,0.0,0.0,245368.0,24295.0,Bursting Shroom,1221965,8.0,inv_misc_starspecklemushroom.jpg,89,False,32723.0,118206.0,396297.0,0.0
LMnThDVqdjya46v2,3,Rotmire,3159,WIPE,164.264,Decayed,P-584cf7139227dcac,26,1261942.0,139.165,84.72,0.0,0.0,24865.0,3227.0,Melee,1,1.0,inv_axe_02.jpg,12,False,164456.0,578887.0,870150.0,101942.0
LMnThDVqdjya46v2,3,Rotmire,3159,WIPE,164.264,Viserion,P-daa9879d41bb66dd,6,1269147.0,146.37,89.11,0.0,0.0,4494.0,27420.0,Bursting Pustules,1222278,8.0,inv_misc_herb_zoanthid.jpg,12,False,67042.0,10893.0,82429.0,0.0
LMnThDVqdjya46v2,3,Rotmire,3159,WIPE,164.264,Monfro,P-930377bb7fd85d97,9,1269523.0,146.746,89.34,0.0,0.0,28712.0,12825.0,Bursting Pustules,1222278,8.0,inv_misc_herb_zoanthid.jpg,12,False,40834.0,12883.0,82429.0,0.0
LMnThDVqdjya46v2,3,Rotmire,3159,WIPE,164.264,Aurëus,P-f95b1f39aecd9371,19,1282746.0,159.969,97.39,0.0,0.0,6363.0,23989.0,Rotting Pustules,1222284,8.0,ability_creature_poison_06.jpg,12,False,12047.0,5682.0,24092.0,0.0
LMnThDVqdjya46v2,3,Rotmire,3159,WIPE,164.264,Synkro,P-387f40c59682d853,1,1284740.0,161.963,98.6,0.0,0.0,325442.0,28043.0,Putrid Fist,1221781,1.0,inv_misc_herb_ancientlichen.jpg,12,False,270845.0,768990.0,1981484.0,616207.0
LMnThDVqdjya46v2,3,Rotmire,3159,WIPE,164.264,Panes,P-ace038bf56a82f7f,17,1286932.0,164.155,99.93,0.0,0.0,1382.0,21231.0,Melee,1,1.0,inv_axe_02.jpg,74,False,20453.0,15548.0,36692.0,0.0
LMnThDVqdjya46v2,4,Rotmire,3159,WIPE,235.535,Averlis,P-77b140a1e9d7fba2,18,1515814.0,136.379,57.9,0.0,0.0,20217.0,12322.0,Bursting Shroom,1221965,8.0,inv_misc_starspecklemushroom.jpg,89,False,249166.0,114576.0,396297.0,12338.0
LMnThDVqdjya46v2,4,Rotmire,3159,WIPE,235.535,Soliloquy,P-ace0c6b4dcb42bd6,25,1515816.0,136.381,57.9,0.0,0.0,43492.0,16355.0,Bursting Shroom,1221965,8.0,inv_misc_starspecklemushroom.jpg,89,False,266329.0,86476.0,396297.0,0.0
LMnThDVqdjya46v2,4,Rotmire,3159,WIPE,235.535,Aurëus,P-f95b1f39aecd9371,19,1515817.0,136.382,57.9,0.0,0.0,36190.0,4296.0,Bursting Shroom,1221965,8.0,inv_misc_starspecklemushroom.jpg,89,False,267456.0,92651.0,396297.0,0.0
LMnThDVqdjya46v2,4,Rotmire,3159,WIPE,235.535,Chontosh,P-81cad9c290ac9716,21,1515821.0,136.386,57.9,0.0,0.0,29593.0,16365.0,Bursting Shroom,1221965,8.0,inv_misc_starspecklemushroom.jpg,89,False,280891.0,85813.0,396297.0,0.0
LMnThDVqdjya46v2,4,Rotmire,3159,WIPE,235.535,Siare,P-386d8566043e1cef,5,1515850.0,136.415,57.92,0.0,0.0,4643.0,16358.0,Bursting Shroom,1221965,8.0,inv_misc_starspecklemushroom.jpg,89,False,320330.0,35216.0,396297.0,36108.0
LMnThDVqdjya46v2,4,Rotmire,3159,WIPE,235.535,Meowrawrxo,P-cae9f2bae0773bc9,13,1515853.0,136.418,57.92,0.0,0.0,13664.0,5333.0,Bursting Shroom,1221965,8.0,inv_misc_starspecklemushroom.jpg,89,False,301697.0,80936.0,396297.0,0.0
LMnThDVqdjya46v2,4,Rotmire,3159,WIPE,235.535,Maztajake,P-dc96b65209ad25d3,16,1565618.0,186.183,79.05,0.0,0.0,65140.0,15115.0,Poison Burst,1221714,8.0,spell_nature_elementalshields.jpg,72,False,162274.0,69809.0,297223.0,0.0
LMnThDVqdjya46v2,4,Rotmire,3159,WIPE,235.535,Panes,P-ace038bf56a82f7f,17,1566517.0,187.082,79.43,0.0,0.0,48022.0,20033.0,Festering Vines,1222122,8.0,ability_creature_poison_04.jpg,12,False,73012.0,50265.0,171299.0,0.0
LMnThDVqdjya46v2,4,Rotmire,3159,WIPE,235.535,Greyseer,P-146fcdef511d70d4,8,1566518.0,187.083,79.43,0.0,0.0,71607.0,1051.0,Festering Vines,1222122,8.0,ability_creature_poison_04.jpg,12,False,76284.0,32424.0,180315.0,0.0
LMnThDVqdjya46v2,4,Rotmire,3159,WIPE,235.535,Monfro,P-930377bb7fd85d97,9,1570587.0,191.152,81.16,0.0,0.0,13302.0,11129.0,Poison Burst,1221714,8.0,spell_nature_elementalshields.jpg,72,False,44738.0,16266.0,74306.0,0.0
LMnThDVqdjya46v2,4,Rotmire,3159,WIPE,235.535,Lìllith,P-093da9358d901c39,2,1573515.0,194.08,82.4,0.0,0.0,13381.0,10997.0,Rotting Pustules,1222284,8.0,ability_creature_poison_06.jpg,12,False,9320.0,5433.0,31700.0,3566.0
LMnThDVqdjya46v2,4,Rotmire,3159,WIPE,235.535,Mannarchy,P-074ea59fb89e97f7,7,1595914.0,216.479,91.91,0.0,0.0,25041.0,7449.0,Bursting Pustules,1222278,8.0,inv_misc_herb_zoanthid.jpg,12,False,35216.0,18050.0,78307.0,0.0
LMnThDVqdjya46v2,4,Rotmire,3159,WIPE,235.535,Chontosh,P-81cad9c290ac9716,21,1602884.0,223.449,94.87,0.0,0.0,18096.0,10994.0,Poison Burst,1221714,8.0,spell_nature_elementalshields.jpg,72,False,99802.0,30714.0,148612.0,0.0
LMnThDVqdjya46v2,4,Rotmire,3159,WIPE,235.535,Primeval,P-d2cfbf0e9385c81d,14,1603842.0,224.407,95.28,0.0,0.0,8958.0,15380.0,Poison Burst,1221714,8.0,spell_nature_elementalshields.jpg,72,False,99449.0,40205.0,148612.0,0.0
LMnThDVqdjya46v2,4,Rotmire,3159,WIPE,235.535,Viserion,P-daa9879d41bb66dd,6,1604415.0,224.98,95.52,0.0,0.0,9168.0,3593.0,Poison Burst,1221714,8.0,spell_nature_elementalshields.jpg,72,False,216392.0,61542.0,297223.0,10121.0
LMnThDVqdjya46v2,4,Rotmire,3159,WIPE,235.535,Claye,P-c1390518e00a0324,94,1604417.0,224.982,95.52,0.0,0.0,73263.0,2967.0,Poison Burst,1221714,8.0,spell_nature_elementalshields.jpg,72,False,148408.0,75552.0,297223.0,0.0
LMnThDVqdjya46v2,4,Rotmire,3159,WIPE,235.535,Dystrophee,P-14b92b7f6709320a,24,1604867.0,225.432,95.71,0.0,0.0,51734.0,17359.0,Poison Burst,1221714,8.0,spell_nature_elementalshields.jpg,72,False,25376.0,43460.0,189105.0,68535.0
LMnThDVqdjya46v2,4,Rotmire,3159,WIPE,235.535,Ilidank,P-4b25ba747f972b89,15,1606838.0,227.403,96.55,0.0,0.0,9746.0,5012.0,Poison Burst,1221714,8.0,spell_nature_elementalshields.jpg,72,False,100318.0,112854.0,222918.0,0.0
LMnThDVqdjya46v2,4,Rotmire,3159,WIPE,235.535,Synkro,P-387f40c59682d853,1,1609908.0,230.473,97.85,0.0,0.0,15562.0,8121.0,Melee,1,1.0,inv_axe_02.jpg,12,False,117216.0,341053.0,878805.0,404974.0
LMnThDVqdjya46v2,4,Rotmire,3159,WIPE,235.535,Decayed,P-584cf7139227dcac,26,1614510.0,235.075,99.8,0.0,0.0,146294.0,4049.0,Putrid Fist,1221781,1.0,inv_misc_herb_ancientlichen.jpg,12,False,387835.0,811102.0,1981484.0,636253.0
LMnThDVqdjya46v2,5,Rotmire,3159,WIPE,296.279,Soliloquy,P-ace0c6b4dcb42bd6,25,1899138.0,187.041,63.13,0.0,0.0,12016.0,10059.0,Festering Vines,1222122,8.0,ability_creature_poison_04.jpg,12,False,97627.0,70672.0,180315.0,0.0
LMnThDVqdjya46v2,5,Rotmire,3159,WIPE,296.279,Lìllith,P-093da9358d901c39,2,1900108.0,188.011,63.46,0.0,0.0,7249.0,8004.0,Rotting Pustules,1222284,8.0,ability_creature_poison_06.jpg,12,False,14306.0,5959.0,31700.0,4186.0
LMnThDVqdjya46v2,5,Rotmire,3159,WIPE,296.279,Averlis,P-77b140a1e9d7fba2,18,1984623.0,272.526,91.98,0.0,0.0,250867.0,22474.0,Bursting Shroom,1221965,8.0,inv_misc_starspecklemushroom.jpg,89,False,9457.0,135973.0,396297.0,0.0
LMnThDVqdjya46v2,5,Rotmire,3159,WIPE,296.279,Soliloquy,P-ace0c6b4dcb42bd6,25,1984625.0,272.528,91.98,0.0,0.0,212547.0,8413.0,Bursting Shroom,1221965,8.0,inv_misc_starspecklemushroom.jpg,89,False,20438.0,163312.0,396297.0,0.0
LMnThDVqdjya46v2,5,Rotmire,3159,WIPE,296.279,Synkro,P-387f40c59682d853,1,1984626.0,272.529,91.98,0.0,0.0,87534.0,1528.0,Bursting Shroom,1221965,8.0,inv_misc_starspecklemushroom.jpg,89,False,84994.0,97611.0,396297.0,126158.0
LMnThDVqdjya46v2,5,Rotmire,3159,WIPE,296.279,Monfro,P-930377bb7fd85d97,9,1984627.0,272.53,91.98,0.0,0.0,222651.0,18458.0,Bursting Shroom,1221965,8.0,inv_misc_starspecklemushroom.jpg,89,False,50367.0,123279.0,396297.0,0.0
LMnThDVqdjya46v2,5,Rotmire,3159,WIPE,296.279,Aurëus,P-f95b1f39aecd9371,19,1984629.0,272.532,91.98,0.0,0.0,148815.0,463.0,Bursting Shroom,1221965,8.0,inv_misc_starspecklemushroom.jpg,89,False,187672.0,59810.0,396297.0,0.0
LMnThDVqdjya46v2,5,Rotmire,3159,WIPE,296.279,Chontosh,P-81cad9c290ac9716,21,1984633.0,272.536,91.99,0.0,0.0,101605.0,20487.0,Bursting Shroom,1221965,8.0,inv_misc_starspecklemushroom.jpg,89,False,79097.0,170420.0,396297.0,45175.0
LMnThDVqdjya46v2,5,Rotmire,3159,WIPE,296.279,Siare,P-386d8566043e1cef,5,1984649.0,272.552,91.99,0.0,0.0,114857.0,29453.0,Bursting Shroom,1221965,8.0,inv_misc_starspecklemushroom.jpg,89,False,100686.0,156805.0,396297.0,23949.0
LMnThDVqdjya46v2,5,Rotmire,3159,WIPE,296.279,Greyseer,P-146fcdef511d70d4,8,1984650.0,272.553,91.99,0.0,0.0,275545.0,10463.0,Bursting Shroom,1221965,8.0,inv_misc_starspecklemushroom.jpg,89,False,6818.0,113934.0,396297.0,0.0
LMnThDVqdjya46v2,5,Rotmire,3159,WIPE,296.279,Panes,P-ace038bf56a82f7f,17,1984650.0,272.553,91.99,0.0,0.0,168608.0,16451.0,Bursting Shroom,1221965,8.0,inv_misc_starspecklemushroom.jpg,89,False,81383.0,146306.0,396297.0,0.0
LMnThDVqdjya46v2,5,Rotmire,3159,WIPE,296.279,Mannarchy,P-074ea59fb89e97f7,7,1984653.0,272.556,91.99,0.0,0.0,100098.0,8428.0,Bursting Shroom,1221965,8.0,inv_misc_starspecklemushroom.jpg,89,False,105782.0,190417.0,396297.0,0.0
LMnThDVqdjya46v2,5,Rotmire,3159,WIPE,296.279,Maztajake,P-dc96b65209ad25d3,16,1984654.0,272.557,91.99,0.0,0.0,108299.0,21484.0,Bursting Shroom,1221965,8.0,inv_misc_starspecklemushroom.jpg,89,False,35570.0,252428.0,396297.0,0.0
LMnThDVqdjya46v2,5,Rotmire,3159,WIPE,296.279,Meowrawrxo,P-cae9f2bae0773bc9,13,1984654.0,272.557,91.99,0.0,0.0,203045.0,18449.0,Bursting Shroom,1221965,8.0,inv_misc_starspecklemushroom.jpg,89,False,105009.0,88243.0,396297.0,0.0
LMnThDVqdjya46v2,5,Rotmire,3159,WIPE,296.279,Ilidank,P-4b25ba747f972b89,15,1984657.0,272.56,91.99,0.0,0.0,62763.0,16450.0,Bursting Shroom,1221965,8.0,inv_misc_starspecklemushroom.jpg,89,False,124415.0,209119.0,396297.0,0.0
LMnThDVqdjya46v2,5,Rotmire,3159,WIPE,296.279,Primeval,P-d2cfbf0e9385c81d,14,1984658.0,272.561,91.99,0.0,0.0,123427.0,19478.0,Bursting Shroom,1221965,8.0,inv_misc_starspecklemushroom.jpg,89,False,112133.0,160737.0,396297.0,0.0
LMnThDVqdjya46v2,5,Rotmire,3159,WIPE,296.279,Claye,P-c1390518e00a0324,94,1984659.0,272.562,92.0,0.0,0.0,84566.0,8417.0,Bursting Shroom,1221965,8.0,inv_misc_starspecklemushroom.jpg,89,False,134958.0,176773.0,396297.0,0.0
LMnThDVqdjya46v2,5,Rotmire,3159,WIPE,296.279,Viserion,P-daa9879d41bb66dd,6,1999064.0,286.967,96.86,0.0,0.0,23176.0,36003.0,Rotting Pustules,1222284,8.0,ability_creature_poison_06.jpg,12,False,15339.0,5865.0,44380.0,0.0
LMnThDVqdjya46v2,5,Rotmire,3159,WIPE,296.279,Dystrophee,P-14b92b7f6709320a,24,2002060.0,289.963,97.87,0.0,0.0,4885.0,44982.0,Rotting Pustules,1222284,8.0,ability_creature_poison_06.jpg,12,False,18488.0,6824.0,42782.0,12585.0
LMnThDVqdjya46v2,5,Rotmire,3159,WIPE,296.279,Decayed,P-584cf7139227dcac,26,2007575.0,295.478,99.73,0.0,0.0,87200.0,23480.0,Writhing Vines,1222129,8.0,inv_misc_herb_nightmarevine_stem.jpg,12,False,1.0,39226.0,173380.0,46953.0
MhK4B7L8VF1rvNw6,1,Vaelgor & Ezzorak,3178,WIPE,504.251,Spàdes,P-4b77dd2f26623c73,6,587849.0,86.988,17.25,0.0,0.0,11318.0,14831.0,Dread Breath,1255979,32.0,ability_rogue_envelopingshadows.jpg,36,False,15904.0,9415.0,36637.0,0.0
MhK4B7L8VF1rvNw6,1,Vaelgor & Ezzorak,3178,WIPE,504.251,Viserion,P-daa9879d41bb66dd,17,590869.0,90.008,17.85,0.0,0.0,18672.0,9816.0,Dread Breath,1255979,32.0,ability_rogue_envelopingshadows.jpg,36,False,13012.0,4953.0,36637.0,0.0
MhK4B7L8VF1rvNw6,1,Vaelgor & Ezzorak,3178,WIPE,504.251,Hörnstar,P-7d8495005048bc14,13,593873.0,93.012,18.45,0.0,0.0,6330.0,37315.0,Voidbolt,1245175,32.0,inv_cosmicvoid_missile.jpg,68,False,6857.0,17475.0,32127.0,1465.0
MhK4B7L8VF1rvNw6,1,Vaelgor & Ezzorak,3178,WIPE,504.251,Ämon,P-26f181f915fe34c3,3,602458.0,101.597,20.15,0.0,0.0,12445.0,30092.0,Midnight Manifestation,1259275,32.0,inv_cosmicvoid_buff.jpg,60,False,3050.0,2608.0,18103.0,0.0
MhK4B7L8VF1rvNw6,1,Vaelgor & Ezzorak,3178,WIPE,504.251,Hellspawn,P-da4af5d1f60174b4,16,803094.0,302.233,59.94,0.0,0.0,54697.0,2828.0,Void Howl,1245302,32.0,inv_cosmicvoid_orb.jpg,32,False,74388.0,51677.0,180762.0,0.0
MhK4B7L8VF1rvNw6,1,Vaelgor & Ezzorak,3178,WIPE,504.251,Meowrawrxo,P-cae9f2bae0773bc9,10,865206.0,364.345,72.25,0.0,0.0,22378.0,23989.0,Midnight Manifestation,1259275,32.0,inv_cosmicvoid_buff.jpg,60,False,785.0,3992.0,27155.0,0.0
MhK4B7L8VF1rvNw6,1,Vaelgor & Ezzorak,3178,WIPE,504.251,Lìllith,P-093da9358d901c39,5,905488.0,404.627,80.24,0.0,0.0,34942.0,12261.0,Void Howl,1245302,32.0,inv_cosmicvoid_orb.jpg,32,False,37982.0,9683.0,90709.0,8102.0
MhK4B7L8VF1rvNw6,1,Vaelgor & Ezzorak,3178,WIPE,504.251,Siare,P-386d8566043e1cef,26,905489.0,404.628,80.24,0.0,0.0,39063.0,14265.0,Void Howl,1245302,32.0,inv_cosmicvoid_orb.jpg,32,False,36414.0,7353.0,91216.0,8386.0
MhK4B7L8VF1rvNw6,1,Vaelgor & Ezzorak,3178,WIPE,504.251,Chontosh,P-81cad9c290ac9716,14,938003.0,437.142,86.69,0.0,0.0,19909.0,10817.0,Dread Breath,1255979,32.0,ability_rogue_envelopingshadows.jpg,36,False,7549.0,9179.0,36637.0,0.0
MhK4B7L8VF1rvNw6,1,Vaelgor & Ezzorak,3178,WIPE,504.251,Caelum,P-8d1580976bcc314a,20,962686.0,461.825,91.59,0.0,0.0,43283.0,10001.0,Gloom,1245500,32.0,inv_cosmicvoid_nova.jpg,32,False,74099.0,26516.0,143898.0,0.0
MhK4B7L8VF1rvNw6,1,Vaelgor & Ezzorak,3178,WIPE,504.251,Myroguëë,P-2f16f3dcc3d3627b,23,966639.0,465.778,92.37,0.0,0.0,9272.0,13416.0,Voidbolt,1245175,32.0,inv_cosmicvoid_missile.jpg,68,False,20307.0,2361.0,31940.0,0.0
MhK4B7L8VF1rvNw6,1,Vaelgor & Ezzorak,3178,WIPE,504.251,Decayed,P-584cf7139227dcac,19,989209.0,488.348,96.85,0.0,0.0,60401.0,10513.0,Melee,1,1.0,inv_axe_02.jpg,36,False,17209.0,235938.0,355338.0,41790.0
MhK4B7L8VF1rvNw6,1,Vaelgor & Ezzorak,3178,WIPE,504.251,Grapey,P-afc55f0dcadab016,8,995553.0,494.692,98.1,0.0,0.0,169394.0,18869.0,Vaelwing,1280434,32.0,inv_icon_wing07c.jpg,36,False,1.0,43748.0,380845.0,167702.0
MhK4B7L8VF1rvNw6,1,Vaelgor & Ezzorak,3178,WIPE,504.251,Asharia,P-baca25d85259e955,9,996282.0,495.421,98.25,0.0,0.0,164737.0,0.0,Melee,1,1.0,inv_axe_02.jpg,32,False,322410.0,228628.0,715775.0,0.0
MhK4B7L8VF1rvNw6,1,Vaelgor & Ezzorak,3178,WIPE,504.251,Abrakadavar,P-b7de36807c83458d,7,996934.0,496.073,98.38,0.0,0.0,340033.0,0.0,Melee,1,1.0,inv_axe_02.jpg,36,False,219766.0,152181.0,711980.0,0.0
MhK4B7L8VF1rvNw6,1,Vaelgor & Ezzorak,3178,WIPE,504.251,Sinfxl,P-59860c89738c2525,2,998699.0,497.838,98.73,0.0,0.0,199719.0,0.0,Melee,1,1.0,inv_axe_02.jpg,32,False,177646.0,228454.0,715908.0,110089.0
MhK4B7L8VF1rvNw6,1,Vaelgor & Ezzorak,3178,WIPE,504.251,Averlis,P-77b140a1e9d7fba2,11,999940.0,499.079,98.97,0.0,0.0,243826.0,0.0,Melee,1,1.0,inv_axe_02.jpg,36,False,245635.0,217286.0,709459.0,2712.0
MhK4B7L8VF1rvNw6,1,Vaelgor & Ezzorak,3178,WIPE,504.251,Mannarchy,P-074ea59fb89e97f7,15,1001121.0,500.26,99.21,0.0,0.0,160105.0,0.0,Melee,1,1.0,inv_axe_02.jpg,32,False,210381.0,300174.0,679657.0,8997.0
MhK4B7L8VF1rvNw6,1,Vaelgor & Ezzorak,3178,WIPE,504.251,Czy,P-550a8f96f34d498f,4,1002353.0,501.492,99.45,0.0,0.0,64836.0,0.0,Melee,1,1.0,inv_axe_02.jpg,36,False,255058.0,384671.0,713250.0,8685.0
MhK4B7L8VF1rvNw6,1,Vaelgor & Ezzorak,3178,WIPE,504.251,Primeval,P-d2cfbf0e9385c81d,1,1003577.0,502.716,99.7,0.0,0.0,275179.0,0.0,Melee,1,1.0,inv_axe_02.jpg,32,False,241801.0,195266.0,712246.0,0.0
MhK4B7L8VF1rvNw6,1,Vaelgor & Ezzorak,3178,WIPE,504.251,Siare,P-386d8566043e1cef,26,1004790.0,503.929,99.94,0.0,0.0,149818.0,0.0,Melee,1,1.0,inv_axe_02.jpg,36,False,294707.0,166906.0,709174.0,97743.0
MhK4B7L8VF1rvNw6,2,Vaelgor & Ezzorak,3178,WIPE,519.117,Viserion,P-daa9879d41bb66dd,17,1374861.0,40.619,7.82,0.0,0.0,4348.0,5951.0,Voidbolt,1245175,32.0,inv_cosmicvoid_missile.jpg,68,False,23807.0,4446.0,32885.0,284.0
MhK4B7L8VF1rvNw6,2,Vaelgor & Ezzorak,3178,WIPE,519.117,Hellspawn,P-da4af5d1f60174b4,16,1374922.0,40.68,7.84,0.0,0.0,1229.0,6011.0,Dread Breath,1255979,32.0,ability_rogue_envelopingshadows.jpg,36,False,26326.0,8804.0,36637.0,278.0
MhK4B7L8VF1rvNw6,2,Vaelgor & Ezzorak,3178,WIPE,519.117,Siare,P-386d8566043e1cef,26,1423047.0,88.805,17.11,0.0,0.0,9967.0,13415.0,Voidbolt,1245175,32.0,inv_cosmicvoid_missile.jpg,68,False,6455.0,14830.0,33076.0,1824.0
MhK4B7L8VF1rvNw6,2,Vaelgor & Ezzorak,3178,WIPE,519.117,Averlis,P-77b140a1e9d7fba2,11,1550533.0,216.291,41.67,0.0,0.0,8287.0,8010.0,Midnight Manifestation,1259275,32.0,inv_cosmicvoid_buff.jpg,60,False,7549.0,2267.0,18103.0,0.0
MhK4B7L8VF1rvNw6,2,Vaelgor & Ezzorak,3178,WIPE,519.117,Spàdes,P-4b77dd2f26623c73,6,1693814.0,359.572,69.27,0.0,0.0,40969.0,17481.0,Void Howl,1245302,32.0,inv_cosmicvoid_orb.jpg,32,False,44543.0,7424.0,92936.0,0.0
MhK4B7L8VF1rvNw6,2,Vaelgor & Ezzorak,3178,WIPE,519.117,Lìllith,P-093da9358d901c39,5,1693993.0,359.751,69.3,0.0,0.0,52253.0,18111.0,Void Howl,1245302,32.0,inv_cosmicvoid_orb.jpg,32,False,20251.0,9626.0,90186.0,8056.0
MhK4B7L8VF1rvNw6,2,Vaelgor & Ezzorak,3178,WIPE,519.117,Caelum,P-8d1580976bcc314a,20,1774775.0,440.533,84.86,0.0,0.0,11723.0,14010.0,Midnight Manifestation,1259275,32.0,inv_cosmicvoid_buff.jpg,60,False,18960.0,5523.0,36206.0,0.0
MhK4B7L8VF1rvNw6,2,Vaelgor & Ezzorak,3178,WIPE,519.117,Grapey,P-afc55f0dcadab016,8,1788103.0,453.861,87.43,0.0,0.0,0.0,31838.0,Melee,1,1.0,inv_axe_02.jpg,,,,,,
MhK4B7L8VF1rvNw6,2,Vaelgor & Ezzorak,3178,WIPE,519.117,Meowrawrxo,P-cae9f2bae0773bc9,10,1805888.0,471.646,90.86,0.0,0.0,179655.0,5595.0,Melee,1,1.0,inv_axe_02.jpg,32,False,81887.0,93744.0,357927.0,2641.0
MhK4B7L8VF1rvNw6,2,Vaelgor & Ezzorak,3178,WIPE,519.117,Decayed,P-584cf7139227dcac,19,1832915.0,498.673,96.06,0.0,0.0,32918.0,12929.0,Melee,1,1.0,inv_axe_02.jpg,36,False,128724.0,461076.0,713934.0,91216.0
MhK4B7L8VF1rvNw6,2,Vaelgor & Ezzorak,3178,WIPE,519.117,Asharia,P-baca25d85259e955,9,1834839.0,500.597,96.43,0.0,0.0,187635.0,0.0,Melee,1,1.0,inv_axe_02.jpg,32,False,319231.0,207705.0,714571.0,0.0
MhK4B7L8VF1rvNw6,2,Vaelgor & Ezzorak,3178,WIPE,519.117,Sinfxl,P-59860c89738c2525,2,1835315.0,501.073,96.52,0.0,0.0,325202.0,0.0,Melee,1,1.0,inv_axe_02.jpg,36,False,241012.0,144789.0,711003.0,0.0
MhK4B7L8VF1rvNw6,2,Vaelgor & Ezzorak,3178,WIPE,519.117,Abrakadavar,P-b7de36807c83458d,7,1836844.0,502.602,96.82,0.0,0.0,331372.0,0.0,Melee,1,1.0,inv_axe_02.jpg,32,False,256645.0,122460.0,710477.0,0.0
MhK4B7L8VF1rvNw6,2,Vaelgor & Ezzorak,3178,WIPE,519.117,Hörnstar,P-7d8495005048bc14,13,1837693.0,503.451,96.98,0.0,0.0,157103.0,0.0,Melee,1,1.0,inv_axe_02.jpg,36,False,315096.0,210019.0,711927.0,29709.0
MhK4B7L8VF1rvNw6,2,Vaelgor & Ezzorak,3178,WIPE,519.117,Ämon,P-26f181f915fe34c3,3,1838849.0,504.607,97.2,0.0,0.0,214822.0,0.0,Melee,1,1.0,inv_axe_02.jpg,32,False,216174.0,275670.0,709432.0,2766.0
MhK4B7L8VF1rvNw6,2,Vaelgor & Ezzorak,3178,WIPE,519.117,Mannarchy,P-074ea59fb89e97f7,15,1840101.0,505.859,97.45,0.0,0.0,208338.0,0.0,Melee,1,1.0,inv_axe_02.jpg,36,False,246594.0,220810.0,675742.0,0.0
MhK4B7L8VF1rvNw6,2,Vaelgor & Ezzorak,3178,WIPE,519.117,Chontosh,P-81cad9c290ac9716,14,1841227.0,506.985,97.66,0.0,0.0,126557.0,0.0,Melee,1,1.0,inv_axe_02.jpg,32,False,273354.0,315750.0,715661.0,0.0
MhK4B7L8VF1rvNw6,2,Vaelgor & Ezzorak,3178,WIPE,519.117,Czy,P-550a8f96f34d498f,4,1842496.0,508.254,97.91,0.0,0.0,38933.0,0.0,Melee,1,1.0,inv_axe_02.jpg,36,False,272724.0,404141.0,715798.0,0.0
MhK4B7L8VF1rvNw6,2,Vaelgor & Ezzorak,3178,WIPE,519.117,Primeval,P-d2cfbf0e9385c81d,1,1850178.0,515.936,99.39,0.0,0.0,52091.0,5894.0,Melee,1,1.0,inv_axe_02.jpg,36,False,207607.0,98089.0,357787.0,0.0
MhK4B7L8VF1rvNw6,2,Vaelgor & Ezzorak,3178,WIPE,519.117,Myroguëë,P-2f16f3dcc3d3627b,23,1850775.0,516.533,99.5,0.0,0.0,2510.0,8004.0,Midnight Manifestation,1259275,32.0,inv_cosmicvoid_buff.jpg,60,False,2519.0,31177.0,36206.0,0.0
MhK4B7L8VF1rvNw6,2,Vaelgor & Ezzorak,3178,WIPE,519.117,Viserion,P-daa9879d41bb66dd,17,1852143.0,517.901,99.77,0.0,0.0,0.0,4000.0,,,,,,,,,,
MhK4B7L8VF1rvNw6,2,Vaelgor & Ezzorak,3178,WIPE,519.117,Lìllith,P-093da9358d901c39,5,1852663.0,518.421,99.87,0.0,0.0,1213.0,5265.0,Melee,1,1.0,inv_axe_02.jpg,32,False,267701.0,86569.0,357257.0,1774.0
MhK4B7L8VF1rvNw6,3,Vaelgor & Ezzorak,3178,WIPE,250.103,Myroguëë,P-2f16f3dcc3d3627b,23,2306265.0,205.506,82.17,0.0,0.0,10988.0,4796.0,Midnight Manifestation,1259275,32.0,inv_cosmicvoid_buff.jpg,60,False,5777.0,1338.0,18103.0,0.0
MhK4B7L8VF1rvNw6,3,Vaelgor & Ezzorak,3178,WIPE,250.103,Spàdes,P-4b77dd2f26623c73,6,2308267.0,207.508,82.97,0.0,0.0,7579.0,6021.0,Midnight Manifestation,1259275,32.0,inv_cosmicvoid_buff.jpg,60,False,9078.0,1446.0,18103.0,0.0
MhK4B7L8VF1rvNw6,3,Vaelgor & Ezzorak,3178,WIPE,250.103,Ämon,P-26f181f915fe34c3,3,2310790.0,210.031,83.98,0.0,0.0,34684.0,7837.0,Void Howl,1245302,32.0,inv_cosmicvoid_orb.jpg,32,False,43261.0,13119.0,91064.0,0.0
MhK4B7L8VF1rvNw6,3,Vaelgor & Ezzorak,3178,WIPE,250.103,Viserion,P-daa9879d41bb66dd,17,2310902.0,210.143,84.02,0.0,0.0,5250.0,5046.0,Midnight Manifestation,1259275,32.0,inv_cosmicvoid_buff.jpg,60,False,2423.0,1224.0,9052.0,155.0
MhK4B7L8VF1rvNw6,3,Vaelgor & Ezzorak,3178,WIPE,250.103,Asharia,P-baca25d85259e955,9,2313357.0,212.598,85.0,0.0,0.0,29057.0,9904.0,Melee,1,1.0,inv_axe_02.jpg,32,False,237444.0,90537.0,357038.0,0.0
MhK4B7L8VF1rvNw6,3,Vaelgor & Ezzorak,3178,WIPE,250.103,Hellspawn,P-da4af5d1f60174b4,16,2315219.0,214.46,85.75,0.0,0.0,2731.0,11675.0,Voidbolt,1245175,32.0,inv_cosmicvoid_missile.jpg,68,False,15406.0,13873.0,32010.0,0.0
MhK4B7L8VF1rvNw6,3,Vaelgor & Ezzorak,3178,WIPE,250.103,Hörnstar,P-7d8495005048bc14,13,2316308.0,215.549,86.18,0.0,0.0,820.0,12438.0,Gloomfield,1245421,32.0,inv_cosmicvoid_groundsate.jpg,32,False,8668.0,3179.0,13721.0,1054.0
MhK4B7L8VF1rvNw6,3,Vaelgor & Ezzorak,3178,WIPE,250.103,Averlis,P-77b140a1e9d7fba2,11,2316880.0,216.121,86.41,0.0,0.0,16195.0,19267.0,Voidbolt,1245175,32.0,inv_cosmicvoid_missile.jpg,68,False,3734.0,12615.0,32544.0,0.0
MhK4B7L8VF1rvNw6,3,Vaelgor & Ezzorak,3178,WIPE,250.103,Mannarchy,P-074ea59fb89e97f7,15,2319408.0,218.649,87.42,0.0,0.0,722.0,10520.0,Gloomfield,1245421,32.0,inv_cosmicvoid_groundsate.jpg,32,False,11234.0,1765.0,13721.0,0.0
MhK4B7L8VF1rvNw6,3,Vaelgor & Ezzorak,3178,WIPE,250.103,Abrakadavar,P-b7de36807c83458d,7,2321234.0,220.475,88.15,0.0,0.0,17684.0,19799.0,Voidbolt,1245175,32.0,inv_cosmicvoid_missile.jpg,68,False,6562.0,7651.0,31897.0,0.0
MhK4B7L8VF1rvNw6,3,Vaelgor & Ezzorak,3178,WIPE,250.103,Meowrawrxo,P-cae9f2bae0773bc9,10,2326600.0,225.841,90.3,0.0,0.0,13609.0,16485.0,Voidbolt,1245175,32.0,inv_cosmicvoid_missile.jpg,68,False,15511.0,3720.0,32840.0,0.0
MhK4B7L8VF1rvNw6,3,Vaelgor & Ezzorak,3178,WIPE,250.103,Siare,P-386d8566043e1cef,26,2327069.0,226.31,90.49,0.0,0.0,1470.0,15608.0,Gloomfield,1245421,32.0,inv_cosmicvoid_groundsate.jpg,32,False,10235.0,716.0,13721.0,1300.0
MhK4B7L8VF1rvNw6,3,Vaelgor & Ezzorak,3178,WIPE,250.103,Primeval,P-d2cfbf0e9385c81d,1,2332192.0,231.433,92.54,0.0,0.0,832.0,14570.0,Voidbolt,1245175,32.0,inv_cosmicvoid_missile.jpg,68,False,8666.0,1278.0,10776.0,0.0
MhK4B7L8VF1rvNw6,3,Vaelgor & Ezzorak,3178,WIPE,250.103,Grapey,P-afc55f0dcadab016,8,2334609.0,233.85,93.5,0.0,0.0,0.0,34534.0,,,,,,,,,,
MhK4B7L8VF1rvNw6,3,Vaelgor & Ezzorak,3178,WIPE,250.103,Lìllith,P-093da9358d901c39,5,2336227.0,235.468,94.15,0.0,0.0,8206.0,33193.0,Midnight Manifestation,1259275,32.0,inv_cosmicvoid_buff.jpg,60,False,6408.0,1866.0,18103.0,1623.0
MhK4B7L8VF1rvNw6,3,Vaelgor & Ezzorak,3178,WIPE,250.103,Czy,P-550a8f96f34d498f,4,2338284.0,237.525,94.97,0.0,0.0,0.0,14472.0,,,,,,,,,,
MhK4B7L8VF1rvNw6,3,Vaelgor & Ezzorak,3178,WIPE,250.103,Chontosh,P-81cad9c290ac9716,14,2338791.0,238.032,95.17,0.0,0.0,8274.0,13126.0,Gloomfield,1245421,32.0,inv_cosmicvoid_groundsate.jpg,32,False,3450.0,1997.0,13721.0,0.0
MhK4B7L8VF1rvNw6,3,Vaelgor & Ezzorak,3178,WIPE,250.103,Caelum,P-8d1580976bcc314a,20,2340501.0,239.742,95.86,0.0,0.0,13254.0,18279.0,Voidbolt,1245175,32.0,inv_cosmicvoid_missile.jpg,68,False,12597.0,6258.0,32109.0,0.0
MhK4B7L8VF1rvNw6,3,Vaelgor & Ezzorak,3178,WIPE,250.103,Sinfxl,P-59860c89738c2525,2,2340738.0,239.979,95.95,0.0,0.0,0.0,29755.0,,,,,,,,,,
MhK4B7L8VF1rvNw6,3,Vaelgor & Ezzorak,3178,WIPE,250.103,Decayed,P-584cf7139227dcac,19,2350191.0,249.432,99.73,0.0,0.0,0.0,48951.0,Voidbolt,1245175,32.0,inv_cosmicvoid_missile.jpg,68,False,0.0,6289.0,32741.0,26452.0
MhK4B7L8VF1rvNw6,4,Vaelgor & Ezzorak,3178,KILL,482.638,Ämon,P-26f181f915fe34c3,3,2732563.0,83.009,17.2,0.0,0.0,2059.0,22865.0,Void Howl,1245302,32.0,inv_cosmicvoid_orb.jpg,32,False,72503.0,17135.0,91697.0,0.0
MhK4B7L8VF1rvNw6,4,Vaelgor & Ezzorak,3178,KILL,482.638,Caelum,P-8d1580976bcc314a,20,3054163.0,404.609,83.83,0.0,0.0,16383.0,4931.0,Gloomtouched,1283712,32.0,inv_cosmicvoid_debuff.jpg,32,False,7460.0,2261.0,26104.0,0.0
MhK4B7L8VF1rvNw6,9,Lightblinded Vanguard,3180,WIPE,51.899,Asharia,P-baca25d85259e955,9,3667308.0,2.031,3.91,0.0,0.0,374573.0,0.0,Melee,1,1.0,inv_axe_02.jpg,139,False,10438.0,165069.0,550080.0,0.0
MhK4B7L8VF1rvNw6,9,Lightblinded Vanguard,3180,WIPE,51.899,Meowrawrxo,P-cae9f2bae0773bc9,10,3670323.0,5.046,9.72,0.0,0.0,111215.0,0.0,Melee,1,1.0,inv_axe_02.jpg,139,False,286975.0,141298.0,539488.0,0.0
MhK4B7L8VF1rvNw6,9,Lightblinded Vanguard,3180,WIPE,51.899,Czy,P-550a8f96f34d498f,4,3673169.0,7.892,15.21,0.0,0.0,42301.0,5820.0,Divine Consecration,1276982,2.0,inv_ability_holyfire_groundstate.jpg,138,False,48915.0,0.0,53879.0,0.0
MhK4B7L8VF1rvNw6,9,Lightblinded Vanguard,3180,WIPE,51.899,Mannarchy,P-074ea59fb89e97f7,15,3673268.0,7.991,15.4,0.0,0.0,73493.0,5921.0,Divine Consecration,1276982,2.0,inv_ability_holyfire_groundstate.jpg,138,False,12159.0,0.0,53879.0,0.0
MhK4B7L8VF1rvNw6,9,Lightblinded Vanguard,3180,WIPE,51.899,Averlis,P-77b140a1e9d7fba2,11,3674350.0,9.073,17.48,0.0,0.0,14518.0,5000.0,Divine Consecration,1276982,2.0,inv_ability_holyfire_groundstate.jpg,138,False,75036.0,0.0,53879.0,0.0
MhK4B7L8VF1rvNw6,9,Lightblinded Vanguard,3180,WIPE,51.899,Spàdes,P-4b77dd2f26623c73,6,3674808.0,9.531,18.36,0.0,0.0,5569.0,3470.0,Divine Consecration,1276982,2.0,inv_ability_holyfire_groundstate.jpg,138,False,94582.0,0.0,53879.0,0.0
MhK4B7L8VF1rvNw6,9,Lightblinded Vanguard,3180,WIPE,51.899,Hellspawn,P-da4af5d1f60174b4,16,3675355.0,10.078,19.42,0.0,0.0,2039.0,5990.0,Divine Consecration,1276982,2.0,inv_ability_holyfire_groundstate.jpg,138,False,83073.0,0.0,53879.0,0.0
MhK4B7L8VF1rvNw6,9,Lightblinded Vanguard,3180,WIPE,51.899,Hörnstar,P-7d8495005048bc14,13,3675672.0,10.395,20.03,0.0,0.0,45521.0,4335.0,Divine Consecration,1276982,2.0,inv_ability_holyfire_groundstate.jpg,138,False,29482.0,0.0,53879.0,8333.0
MhK4B7L8VF1rvNw6,9,Lightblinded Vanguard,3180,WIPE,51.899,Viserion,P-daa9879d41bb66dd,17,3676235.0,10.958,21.11,0.0,0.0,92626.0,6867.0,Divine Consecration,1276982,2.0,inv_ability_holyfire_groundstate.jpg,138,False,563.0,0.0,53879.0,0.0
MhK4B7L8VF1rvNw6,9,Lightblinded Vanguard,3180,WIPE,51.899,Sinfxl,P-59860c89738c2525,2,3677100.0,11.823,22.78,0.0,0.0,79856.0,9728.0,Divine Consecration,1276982,2.0,inv_ability_holyfire_groundstate.jpg,138,False,12763.0,0.0,53879.0,0.0
MhK4B7L8VF1rvNw6,9,Lightblinded Vanguard,3180,WIPE,51.899,Primeval,P-d2cfbf0e9385c81d,1,3677487.0,12.21,23.53,0.0,0.0,71010.0,6150.0,Divine Consecration,1276982,2.0,inv_ability_holyfire_groundstate.jpg,138,False,21610.0,0.0,53879.0,0.0
MhK4B7L8VF1rvNw6,9,Lightblinded Vanguard,3180,WIPE,51.899,Myroguëë,P-2f16f3dcc3d3627b,23,3677931.0,12.654,24.38,0.0,0.0,66422.0,3032.0,Divine Consecration,1276982,2.0,inv_ability_holyfire_groundstate.jpg,138,False,18900.0,0.0,53879.0,0.0
MhK4B7L8VF1rvNw6,9,Lightblinded Vanguard,3180,WIPE,51.899,Caelum,P-8d1580976bcc314a,20,3678245.0,12.968,24.99,0.0,0.0,77603.0,10080.0,Divine Consecration,1276982,2.0,inv_ability_holyfire_groundstate.jpg,138,False,18791.0,0.0,53879.0,0.0
MhK4B7L8VF1rvNw6,9,Lightblinded Vanguard,3180,WIPE,51.899,Lìllith,P-093da9358d901c39,5,3679340.0,14.063,27.1,0.0,0.0,2304.0,11992.0,Light Infusion,1258661,2.0,spell_holy_auramastery.jpg,138,False,7973.0,0.0,6896.0,2167.0
MhK4B7L8VF1rvNw6,9,Lightblinded Vanguard,3180,WIPE,51.899,Abrakadavar,P-b7de36807c83458d,7,3680700.0,15.423,29.72,0.0,0.0,15485.0,13351.0,Divine Consecration,1276982,2.0,inv_ability_holyfire_groundstate.jpg,138,False,76191.0,0.0,53879.0,0.0
MhK4B7L8VF1rvNw6,9,Lightblinded Vanguard,3180,WIPE,51.899,Ämon,P-26f181f915fe34c3,3,3697061.0,31.784,61.24,0.0,0.0,65129.0,29680.0,Blinding Light,1258514,2.0,inv_ability_holyfire_nova.jpg,140,False,73605.0,23352.0,162086.0,0.0
MhK4B7L8VF1rvNw6,9,Lightblinded Vanguard,3180,WIPE,51.899,Decayed,P-584cf7139227dcac,19,3707511.0,42.234,81.38,0.0,0.0,30613.0,12179.0,Exorcism,1246745,2.0,spell_holy_searinglight.jpg,140,False,17565.0,22861.0,96981.0,25942.0
MhK4B7L8VF1rvNw6,9,Lightblinded Vanguard,3180,WIPE,51.899,Siare,P-386d8566043e1cef,26,3712629.0,47.352,91.24,0.0,0.0,108047.0,22787.0,Divine Toll,1248652,2.0,inv_ability_paladin_divinetoll.jpg,138,False,9914.0,10425.0,129309.0,923.0
MhK4B7L8VF1rvNw6,9,Lightblinded Vanguard,3180,WIPE,51.899,Grapey,P-afc55f0dcadab016,8,3716964.0,51.687,99.59,0.0,0.0,0.0,47616.0,Melee,1,1.0,inv_axe_02.jpg,,,,,,
MhK4B7L8VF1rvNw6,10,Lightblinded Vanguard,3180,WIPE,199.066,Czy,P-550a8f96f34d498f,4,4060110.0,5.682,2.85,0.0,0.0,22699.0,2008.0,Melee,1,1.0,inv_axe_02.jpg,138,False,222976.0,45248.0,299192.0,8269.0
MhK4B7L8VF1rvNw6,10,Lightblinded Vanguard,3180,WIPE,199.066,Siare,P-386d8566043e1cef,26,4145549.0,91.121,45.77,0.0,0.0,8860.0,11041.0,Avenger's Shield,1246502,2.0,spell_holy_avengersshield.jpg,138,False,35970.0,13424.0,64654.0,6400.0
MhK4B7L8VF1rvNw6,10,Lightblinded Vanguard,3180,WIPE,199.066,Chontosh,P-81cad9c290ac9716,14,4154527.0,100.099,50.28,0.0,0.0,45632.0,4009.0,Light Infusion,1258661,2.0,spell_holy_auramastery.jpg,138,False,3150.0,0.0,10344.0,0.0
MhK4B7L8VF1rvNw6,10,Lightblinded Vanguard,3180,WIPE,199.066,Hellspawn,P-da4af5d1f60174b4,16,4154567.0,100.139,50.3,0.0,0.0,15104.0,18076.0,Divine Hammer,1249047,2.0,ability_paladin_hammeroftherighteous.jpg,,False,108224.0,52043.0,176616.0,1245.0
MhK4B7L8VF1rvNw6,10,Lightblinded Vanguard,3180,WIPE,199.066,Dotdotboom,P-2e52e7d5a3917078,146,4192548.0,138.12,69.38,0.0,0.0,384.0,62519.0,Light Infusion,1258661,2.0,spell_holy_auramastery.jpg,138,False,8114.0,1044.0,12068.0,2526.0
MhK4B7L8VF1rvNw6,10,Lightblinded Vanguard,3180,WIPE,199.066,Spàdes,P-4b77dd2f26623c73,6,4201527.0,147.099,73.89,0.0,0.0,6386.0,5038.0,Avenger's Shield,1246502,2.0,spell_holy_avengersshield.jpg,138,False,23659.0,2282.0,32327.0,0.0
MhK4B7L8VF1rvNw6,10,Lightblinded Vanguard,3180,WIPE,199.066,Grapey,P-afc55f0dcadab016,8,4213793.0,159.365,80.06,0.0,0.0,0.0,15846.0,Final Verdict,1251812,2.0,spell_paladin_templarsverdict.jpg,139,False,178053.0,0.0,215514.0,144680.0
MhK4B7L8VF1rvNw6,10,Lightblinded Vanguard,3180,WIPE,199.066,Myroguëë,P-2f16f3dcc3d3627b,23,4224510.0,170.082,85.44,0.0,0.0,614.0,46032.0,Light Infusion,1258661,2.0,spell_holy_auramastery.jpg,138,False,810.0,10630.0,12068.0,14.0
MhK4B7L8VF1rvNw6,10,Lightblinded Vanguard,3180,WIPE,199.066,Abrakadavar,P-b7de36807c83458d,7,4227540.0,173.112,86.96,0.0,0.0,1140.0,52990.0,Avenger's Shield,1246502,2.0,spell_holy_avengersshield.jpg,138,False,26363.0,4824.0,32327.0,0.0
MhK4B7L8VF1rvNw6,10,Lightblinded Vanguard,3180,WIPE,199.066,Lìllith,P-093da9358d901c39,5,4236688.0,182.26,91.56,0.0,0.0,0.0,0.0,Devoured,1232272,1.0,inv_cosmicvoid_debuff.jpg,5,True,0.0,0.0,0.0,0.0
MhK4B7L8VF1rvNw6,10,Lightblinded Vanguard,3180,WIPE,199.066,Primeval,P-d2cfbf0e9385c81d,1,4237512.0,183.084,91.97,0.0,0.0,0.0,0.0,Devoured,1232272,1.0,inv_cosmicvoid_debuff.jpg,1,True,0.0,0.0,0.0,0.0
MhK4B7L8VF1rvNw6,10,Lightblinded Vanguard,3180,WIPE,199.066,Meowrawrxo,P-cae9f2bae0773bc9,10,4237905.0,183.477,92.17,0.0,0.0,0.0,0.0,Devoured,1232272,1.0,inv_cosmicvoid_debuff.jpg,10,True,0.0,0.0,0.0,0.0
MhK4B7L8VF1rvNw6,10,Lightblinded Vanguard,3180,WIPE,199.066,Sinfxl,P-59860c89738c2525,2,4237947.0,183.519,92.19,0.0,0.0,14383.0,61786.0,Divine Consecration,1276982,2.0,inv_ability_holyfire_groundstate.jpg,138,False,81101.0,0.0,53879.0,0.0
MhK4B7L8VF1rvNw6,10,Lightblinded Vanguard,3180,WIPE,199.066,Czy,P-550a8f96f34d498f,4,4237948.0,183.52,92.19,0.0,0.0,0.0,0.0,Devoured,1232272,1.0,inv_cosmicvoid_debuff.jpg,4,True,0.0,0.0,0.0,0.0
MhK4B7L8VF1rvNw6,10,Lightblinded Vanguard,3180,WIPE,199.066,Viserion,P-daa9879d41bb66dd,17,4240607.0,186.179,93.53,0.0,0.0,0.0,0.0,Devoured,1232272,1.0,inv_cosmicvoid_debuff.jpg,17,True,0.0,0.0,0.0,0.0
MhK4B7L8VF1rvNw6,10,Lightblinded Vanguard,3180,WIPE,199.066,Averlis,P-77b140a1e9d7fba2,11,4242347.0,187.919,94.4,0.0,0.0,0.0,0.0,Devoured,1232272,1.0,inv_cosmicvoid_debuff.jpg,11,True,0.0,0.0,0.0,0.0
MhK4B7L8VF1rvNw6,10,Lightblinded Vanguard,3180,WIPE,199.066,Asharia,P-baca25d85259e955,9,4246563.0,192.135,96.52,0.0,0.0,0.0,0.0,Devoured,1232272,1.0,inv_cosmicvoid_debuff.jpg,9,True,0.0,0.0,0.0,0.0
MhK4B7L8VF1rvNw6,10,Lightblinded Vanguard,3180,WIPE,199.066,Caelum,P-8d1580976bcc314a,20,4248001.0,193.573,97.24,0.0,0.0,0.0,0.0,Devoured,1232272,1.0,inv_cosmicvoid_debuff.jpg,20,True,0.0,0.0,0.0,0.0
MhK4B7L8VF1rvNw6,10,Lightblinded Vanguard,3180,WIPE,199.066,Decayed,P-584cf7139227dcac,19,4249771.0,195.343,98.13,0.0,0.0,0.0,11800.0,Shield of the Righteous,1251859,2.0,ability_paladin_shieldofvengeance.jpg,,,,,,
MhK4B7L8VF1rvNw6,10,Lightblinded Vanguard,3180,WIPE,199.066,Hörnstar,P-7d8495005048bc14,13,4250349.0,195.921,98.42,0.0,0.0,0.0,0.0,Devoured,1232272,1.0,inv_cosmicvoid_debuff.jpg,13,True,0.0,0.0,0.0,0.0
MhK4B7L8VF1rvNw6,10,Lightblinded Vanguard,3180,WIPE,199.066,Mannarchy,P-074ea59fb89e97f7,15,4252309.0,197.881,99.4,0.0,0.0,241574.0,0.0,Melee,1,1.0,inv_axe_02.jpg,139,False,88391.0,191440.0,521405.0,0.0
MhK4B7L8VF1rvNw6,10,Lightblinded Vanguard,3180,WIPE,199.066,Ämon,P-26f181f915fe34c3,3,4252731.0,198.303,99.62,0.0,0.0,160145.0,32217.0,Melee,1,1.0,inv_axe_02.jpg,138,False,23981.0,117019.0,301145.0,0.0
MhK4B7L8VF1rvNw6,11,Lightblinded Vanguard,3180,WIPE,538.353,Abrakadavar,P-b7de36807c83458d,7,4676362.0,99.099,18.41,0.0,0.0,625.0,5037.0,Avenger's Shield,1246502,2.0,spell_holy_avengersshield.jpg,138,False,11346.0,12060.0,32327.0,8296.0
MhK4B7L8VF1rvNw6,11,Lightblinded Vanguard,3180,WIPE,538.353,Hellspawn,P-da4af5d1f60174b4,16,4724317.0,147.054,27.32,0.0,0.0,35964.0,6971.0,Sacred Toll,1246749,2.0,ability_bastion_paladin.jpg,139,False,29153.0,44413.0,118533.0,9003.0
MhK4B7L8VF1rvNw6,11,Lightblinded Vanguard,3180,WIPE,538.353,Sinfxl,P-59860c89738c2525,2,4724355.0,147.092,27.32,0.0,0.0,40356.0,9014.0,Avenger's Shield,1246502,2.0,spell_holy_avengersshield.jpg,138,False,11348.0,12950.0,64654.0,0.0
MhK4B7L8VF1rvNw6,11,Lightblinded Vanguard,3180,WIPE,538.353,Spàdes,P-4b77dd2f26623c73,6,4848323.0,271.06,50.35,0.0,0.0,89250.0,8983.0,Execution Sentence,1249024,2.0,spell_paladin_executionsentence.jpg,139,False,139615.0,22568.0,251433.0,0.0
MhK4B7L8VF1rvNw6,11,Lightblinded Vanguard,3180,WIPE,538.353,Viserion,P-daa9879d41bb66dd,17,4848648.0,271.385,50.41,0.0,0.0,134669.0,7294.0,Execution Sentence,1249024,2.0,spell_paladin_executionsentence.jpg,139,False,82329.0,151192.0,377150.0,8960.0
MhK4B7L8VF1rvNw6,11,Lightblinded Vanguard,3180,WIPE,538.353,Dotdotboom,P-2e52e7d5a3917078,146,4849334.0,272.071,50.54,0.0,0.0,26624.0,18021.0,Light Infusion,1258661,2.0,spell_holy_auramastery.jpg,138,False,50569.0,0.0,15516.0,10476.0
MhK4B7L8VF1rvNw6,11,Lightblinded Vanguard,3180,WIPE,538.353,Grapey,P-afc55f0dcadab016,8,4906422.0,329.159,61.14,0.0,0.0,10077.0,11089.0,Melee,1,1.0,inv_axe_02.jpg,138,False,49945.0,209771.0,310132.0,40339.0
MhK4B7L8VF1rvNw6,11,Lightblinded Vanguard,3180,WIPE,538.353,Averlis,P-77b140a1e9d7fba2,11,4917343.0,340.08,63.17,0.0,0.0,22192.0,16040.0,Avenger's Shield,1246502,2.0,spell_holy_avengersshield.jpg,138,False,786.0,9349.0,32327.0,0.0
MhK4B7L8VF1rvNw6,11,Lightblinded Vanguard,3180,WIPE,538.353,Mannarchy,P-074ea59fb89e97f7,15,4929204.0,351.941,65.37,0.0,0.0,105688.0,0.0,Melee,1,1.0,inv_axe_02.jpg,139,False,255153.0,175141.0,535982.0,0.0
MhK4B7L8VF1rvNw6,11,Lightblinded Vanguard,3180,WIPE,538.353,Viserion,P-daa9879d41bb66dd,17,5017669.0,440.406,81.81,0.0,0.0,379665.0,0.0,Execution Sentence,1249024,2.0,spell_paladin_executionsentence.jpg,139,False,267363.0,91883.0,754300.0,15389.0
MhK4B7L8VF1rvNw6,11,Lightblinded Vanguard,3180,WIPE,538.353,Asharia,P-baca25d85259e955,9,5019346.0,442.083,82.12,0.0,0.0,15469.0,16007.0,Avenger's Shield,1246502,2.0,spell_holy_avengersshield.jpg,138,False,8991.0,7867.0,32327.0,0.0
MhK4B7L8VF1rvNw6,11,Lightblinded Vanguard,3180,WIPE,538.353,Chontosh,P-81cad9c290ac9716,14,5019347.0,442.084,82.12,0.0,0.0,3881.0,2022.0,Light Infusion,1258661,2.0,spell_holy_auramastery.jpg,138,False,83160.0,0.0,20688.0,0.0
MhK4B7L8VF1rvNw6,11,Lightblinded Vanguard,3180,WIPE,538.353,Sinfxl,P-59860c89738c2525,2,5020069.0,442.806,82.25,0.0,0.0,35058.0,10772.0,Divine Hammer,1249047,2.0,ability_paladin_hammeroftherighteous.jpg,,False,110473.0,31085.0,176616.0,0.0
MhK4B7L8VF1rvNw6,11,Lightblinded Vanguard,3180,WIPE,538.353,Siare,P-386d8566043e1cef,26,5049352.0,472.089,87.69,0.0,0.0,6868.0,16564.0,Avenger's Shield,1246502,2.0,spell_holy_avengersshield.jpg,138,False,19881.0,2606.0,32327.0,2972.0
MhK4B7L8VF1rvNw6,11,Lightblinded Vanguard,3180,WIPE,538.353,Primeval,P-d2cfbf0e9385c81d,1,5085315.0,508.052,94.37,0.0,0.0,48669.0,54032.0,Sacred Toll,1246749,2.0,ability_bastion_paladin.jpg,139,False,56363.0,13501.0,118533.0,0.0
MhK4B7L8VF1rvNw6,11,Lightblinded Vanguard,3180,WIPE,538.353,Hörnstar,P-7d8495005048bc14,13,5087346.0,510.083,94.75,0.0,0.0,11211.0,22014.0,Avenger's Shield,1246502,2.0,spell_holy_avengersshield.jpg,138,False,11289.0,7327.0,32327.0,2500.0
MhK4B7L8VF1rvNw6,11,Lightblinded Vanguard,3180,WIPE,538.353,Myroguëë,P-2f16f3dcc3d3627b,23,5088333.0,511.07,94.93,0.0,0.0,1692.0,30989.0,Avenger's Shield,1246502,2.0,spell_holy_avengersshield.jpg,138,False,2574.0,28061.0,32327.0,0.0
MhK4B7L8VF1rvNw6,11,Lightblinded Vanguard,3180,WIPE,538.353,Lìllith,P-093da9358d901c39,5,5092345.0,515.082,95.68,0.0,0.0,14432.0,29017.0,Avenger's Shield,1246502,2.0,spell_holy_avengersshield.jpg,138,False,9203.0,4618.0,32327.0,4074.0
MhK4B7L8VF1rvNw6,11,Lightblinded Vanguard,3180,WIPE,538.353,Decayed,P-584cf7139227dcac,19,5097302.0,520.039,96.6,0.0,0.0,5660.0,12016.0,Light Infusion,1258661,2.0,spell_holy_auramastery.jpg,138,False,83.0,7574.0,22412.0,9095.0
MhK4B7L8VF1rvNw6,11,Lightblinded Vanguard,3180,WIPE,538.353,Meowrawrxo,P-cae9f2bae0773bc9,10,5097985.0,520.722,96.73,0.0,0.0,22697.0,6671.0,Melee,1,1.0,inv_axe_02.jpg,138,False,201200.0,79450.0,303347.0,0.0
MhK4B7L8VF1rvNw6,11,Lightblinded Vanguard,3180,WIPE,538.353,Caelum,P-8d1580976bcc314a,20,5105478.0,528.215,98.12,0.0,0.0,192861.0,64158.0,Melee,1,1.0,inv_axe_02.jpg,138,False,6614.0,154063.0,353538.0,0.0
MhK4B7L8VF1rvNw6,11,Lightblinded Vanguard,3180,WIPE,538.353,Ämon,P-26f181f915fe34c3,3,5107332.0,530.069,98.46,0.0,0.0,5926.0,44023.0,Light Infusion,1258661,2.0,spell_holy_auramastery.jpg,138,False,9382.0,11586.0,26894.0,0.0
MhK4B7L8VF1rvNw6,11,Lightblinded Vanguard,3180,WIPE,538.353,Czy,P-550a8f96f34d498f,4,5115582.0,538.319,99.99,0.0,0.0,434738.0,0.0,Shield of the Righteous,1251859,2.0,ability_paladin_shieldofvengeance.jpg,138,False,70689.0,0.0,301719.0,0.0
MhK4B7L8VF1rvNw6,12,Lightblinded Vanguard,3180,KILL,366.852,Czy,P-550a8f96f34d498f,4,5565103.0,274.165,74.73,0.0,0.0,901.0,11997.0,Light Infusion,1258661,2.0,spell_holy_auramastery.jpg,138,False,73699.0,0.0,15516.0,0.0
MhK4B7L8VF1rvNw6,12,Lightblinded Vanguard,3180,KILL,366.852,Caelum,P-8d1580976bcc314a,20,5565242.0,274.304,74.77,0.0,0.0,108853.0,20184.0,Divine Hammer,1249047,2.0,ability_paladin_hammeroftherighteous.jpg,,False,26934.0,40829.0,176616.0,0.0
MhK4B7L8VF1rvNw6,12,Lightblinded Vanguard,3180,KILL,366.852,Ämon,P-26f181f915fe34c3,3,5567405.0,276.467,75.36,0.0,0.0,16915.0,21361.0,Divine Hammer,1249047,2.0,ability_paladin_hammeroftherighteous.jpg,,False,134255.0,25446.0,176616.0,0.0
MhK4B7L8VF1rvNw6,12,Lightblinded Vanguard,3180,KILL,366.852,Grapey,P-afc55f0dcadab016,8,5599275.0,308.337,84.05,0.0,0.0,12255.0,9854.0,Final Verdict,1251812,2.0,spell_paladin_templarsverdict.jpg,139,False,248225.0,0.0,215514.0,89745.0
MhK4B7L8VF1rvNw6,12,Lightblinded Vanguard,3180,KILL,366.852,Mannarchy,P-074ea59fb89e97f7,15,5633647.0,342.709,93.42,0.0,0.0,193722.0,0.0,Melee,1,1.0,inv_axe_02.jpg,139,False,167680.0,192017.0,553419.0,0.0
MhK4B7L8VF1rvNw6,12,Lightblinded Vanguard,3180,KILL,366.852,Myroguëë,P-2f16f3dcc3d3627b,23,5650038.0,359.1,97.89,0.0,0.0,68528.0,41046.0,Sacred Toll,1246749,2.0,ability_bastion_paladin.jpg,139,False,1.0,38902.0,136312.0,28881.0
MhK4B7L8VF1rvNw6,14,Crown of the Cosmos,3181,WIPE,284.414,Spàdes,P-4b77dd2f26623c73,6,6561238.0,74.088,26.05,0.0,0.0,54152.0,3022.0,Silverstrike Arrow,1233649,64.0,inv_ammo_arrow_03.jpg,176,False,80690.0,11708.0,146550.0,0.0
MhK4B7L8VF1rvNw6,14,Crown of the Cosmos,3181,WIPE,284.414,Averlis,P-77b140a1e9d7fba2,11,6561239.0,74.089,26.05,0.0,0.0,25014.0,2983.0,Silverstrike Arrow,1233649,64.0,inv_ammo_arrow_03.jpg,176,False,102214.0,19322.0,146550.0,0.0
MhK4B7L8VF1rvNw6,14,Crown of the Cosmos,3181,WIPE,284.414,Meowrawrxo,P-cae9f2bae0773bc9,10,6605216.0,118.066,41.51,0.0,0.0,8531.0,8765.0,Silverstrike Arrow,1233649,64.0,inv_ammo_arrow_03.jpg,176,False,226024.0,0.0,146550.0,0.0
MhK4B7L8VF1rvNw6,14,Crown of the Cosmos,3181,WIPE,284.414,Mannarchy,P-074ea59fb89e97f7,15,6743432.0,256.282,90.11,0.0,0.0,48788.0,11256.0,Void Expulsion,1233826,32.0,inv_nullstone_void.jpg,176,False,94997.0,61138.0,206375.0,1452.0
MhK4B7L8VF1rvNw6,14,Crown of the Cosmos,3181,WIPE,284.414,Ämon,P-26f181f915fe34c3,3,6743708.0,256.558,90.21,0.0,0.0,52988.0,12855.0,Void Remnants,1242553,32.0,inv_icon_shadowcouncilorb_purple.jpg,176,False,18069.0,40560.0,120687.0,9070.0
MhK4B7L8VF1rvNw6,14,Crown of the Cosmos,3181,WIPE,284.414,Czy,P-550a8f96f34d498f,4,6745147.0,257.997,90.71,0.0,0.0,1492.0,4994.0,Void Barrage,1260000,32.0,inv_cosmicvoid_missile.jpg,181,False,24659.0,8067.0,34482.0,264.0
MhK4B7L8VF1rvNw6,14,Crown of the Cosmos,3181,WIPE,284.414,Lìllith,P-093da9358d901c39,5,6745456.0,258.306,90.82,0.0,0.0,2478.0,12162.0,Cosmic Barrier,1246925,32.0,inv_cosmicvoid_buff.jpg,179,False,7918.0,1380.0,12931.0,1155.0
MhK4B7L8VF1rvNw6,14,Crown of the Cosmos,3181,WIPE,284.414,Caelum,P-8d1580976bcc314a,20,6745729.0,258.579,90.92,0.0,0.0,47421.0,4029.0,Silverstrike Ricochet,1237729,64.0,inv_ammo_arrow_02.jpg,176,False,21740.0,13273.0,82434.0,0.0
MhK4B7L8VF1rvNw6,14,Crown of the Cosmos,3181,WIPE,284.414,Dotdotboom,P-2e52e7d5a3917078,146,6746465.0,259.315,91.18,0.0,0.0,1301.0,29237.0,Cosmic Barrier,1246925,32.0,inv_cosmicvoid_buff.jpg,179,False,8178.0,1119.0,12931.0,2333.0
MhK4B7L8VF1rvNw6,14,Crown of the Cosmos,3181,WIPE,284.414,Grapey,P-afc55f0dcadab016,8,6752040.0,264.89,93.14,0.0,0.0,131599.0,2113.0,Melee,1,1.0,inv_axe_02.jpg,176,False,106817.0,483812.0,838635.0,116407.0
MhK4B7L8VF1rvNw6,14,Crown of the Cosmos,3181,WIPE,284.414,Siare,P-386d8566043e1cef,26,6755993.0,268.843,94.53,0.0,0.0,18780.0,40563.0,Voidstalker Sting,1237040,32.0,ability_ironmaidens_convulsiveshadows.jpg,176,False,5937.0,2432.0,30172.0,3023.0
MhK4B7L8VF1rvNw6,14,Crown of the Cosmos,3181,WIPE,284.414,Hörnstar,P-7d8495005048bc14,13,6759799.0,272.649,95.86,0.0,0.0,0.0,18657.0,,,,,,,,,,
MhK4B7L8VF1rvNw6,14,Crown of the Cosmos,3181,WIPE,284.414,Sinfxl,P-59860c89738c2525,2,6761122.0,273.972,96.33,0.0,0.0,0.0,5355.0,,,,,,,,,,
MhK4B7L8VF1rvNw6,14,Crown of the Cosmos,3181,WIPE,284.414,Decayed,P-584cf7139227dcac,19,6761744.0,274.594,96.55,0.0,0.0,0.0,8182.0,,,,,,,,,,
MhK4B7L8VF1rvNw6,14,Crown of the Cosmos,3181,WIPE,284.414,Hellspawn,P-da4af5d1f60174b4,16,6761858.0,274.708,96.59,0.0,0.0,140773.0,0.0,Melee,1,1.0,inv_axe_02.jpg,179,False,143728.0,95078.0,379579.0,0.0
MhK4B7L8VF1rvNw6,14,Crown of the Cosmos,3181,WIPE,284.414,Asharia,P-baca25d85259e955,9,6763061.0,275.911,97.01,0.0,0.0,242658.0,0.0,Melee,1,1.0,inv_axe_02.jpg,176,False,285283.0,311817.0,850476.0,10718.0
MhK4B7L8VF1rvNw6,14,Crown of the Cosmos,3181,WIPE,284.414,Abrakadavar,P-b7de36807c83458d,7,6765489.0,278.339,97.86,0.0,0.0,206506.0,2246.0,Melee,1,1.0,inv_axe_02.jpg,179,False,82537.0,97925.0,386968.0,0.0
MhK4B7L8VF1rvNw6,14,Crown of the Cosmos,3181,WIPE,284.414,Chontosh,P-81cad9c290ac9716,14,6766697.0,279.547,98.29,0.0,0.0,199020.0,0.0,Melee,1,1.0,inv_axe_02.jpg,176,False,259841.0,381541.0,840402.0,0.0
MhK4B7L8VF1rvNw6,14,Crown of the Cosmos,3181,WIPE,284.414,Viserion,P-daa9879d41bb66dd,17,6769144.0,281.994,99.15,0.0,0.0,151602.0,10297.0,Rift Slash,1246461,1.0,spell_priest_mindspike.jpg,179,False,51221.0,116331.0,323271.0,4117.0
MhK4B7L8VF1rvNw6,14,Crown of the Cosmos,3181,WIPE,284.414,Primeval,P-d2cfbf0e9385c81d,1,6770295.0,283.145,99.55,0.0,0.0,11852.0,67504.0,Volatile Fissure,1238210,32.0,ability_warlock_burningembersblue.jpg,176,False,9265.0,3451.0,24568.0,0.0
MhK4B7L8VF1rvNw6,14,Crown of the Cosmos,3181,WIPE,284.414,Myroguëë,P-2f16f3dcc3d3627b,23,6770789.0,283.639,99.73,0.0,0.0,11725.0,4353.0,Voidstalker Sting,1237040,32.0,ability_ironmaidens_convulsiveshadows.jpg,176,False,25945.0,9764.0,57326.0,9892.0
MhK4B7L8VF1rvNw6,15,Crown of the Cosmos,3181,WIPE,390.068,Decayed,P-584cf7139227dcac,19,6877765.0,27.641,7.09,0.0,0.0,0.0,378.0,,,,,,,,,,
MhK4B7L8VF1rvNw6,15,Crown of the Cosmos,3181,WIPE,390.068,Sinfxl,P-59860c89738c2525,2,6880829.0,30.705,7.87,0.0,0.0,86934.0,0.0,Melee,1,1.0,inv_axe_02.jpg,170,False,258267.0,88821.0,434022.0,0.0
MhK4B7L8VF1rvNw6,15,Crown of the Cosmos,3181,WIPE,390.068,Caelum,P-8d1580976bcc314a,20,6883199.0,33.075,8.48,0.0,0.0,6788.0,8795.0,Melee,1,1.0,inv_axe_02.jpg,170,False,239579.0,154636.0,401003.0,0.0
MhK4B7L8VF1rvNw6,15,Crown of the Cosmos,3181,WIPE,390.068,Averlis,P-77b140a1e9d7fba2,11,6924209.0,74.085,18.99,0.0,0.0,90157.0,3001.0,Silverstrike Arrow,1233649,64.0,inv_ammo_arrow_03.jpg,176,False,37071.0,19322.0,146550.0,0.0
MhK4B7L8VF1rvNw6,15,Crown of the Cosmos,3181,WIPE,390.068,Meowrawrxo,P-cae9f2bae0773bc9,10,7102566.0,252.442,64.72,0.0,0.0,3497.0,1992.0,Void Expulsion,1233826,32.0,inv_nullstone_void.jpg,176,False,165051.0,21534.0,190082.0,0.0
MhK4B7L8VF1rvNw6,15,Crown of the Cosmos,3181,WIPE,390.068,Dotdotboom,P-2e52e7d5a3917078,146,7124563.0,274.439,70.36,0.0,0.0,566.0,16783.0,Void Expulsion,1233826,32.0,inv_nullstone_void.jpg,176,False,95635.0,28883.0,135773.0,10689.0
MhK4B7L8VF1rvNw6,15,Crown of the Cosmos,3181,WIPE,390.068,Mannarchy,P-074ea59fb89e97f7,15,7144327.0,294.203,75.42,0.0,0.0,82361.0,11233.0,Melee,1,1.0,inv_axe_02.jpg,179,False,159559.0,152094.0,394014.0,0.0
MhK4B7L8VF1rvNw6,15,Crown of the Cosmos,3181,WIPE,390.068,Viserion,P-daa9879d41bb66dd,17,7145557.0,295.433,75.74,0.0,0.0,7048.0,9230.0,Cosmic Barrier,1246925,32.0,inv_cosmicvoid_buff.jpg,179,False,3508.0,2375.0,12931.0,0.0
MhK4B7L8VF1rvNw6,15,Crown of the Cosmos,3181,WIPE,390.068,Hörnstar,P-7d8495005048bc14,13,7148081.0,297.957,76.39,0.0,0.0,0.0,23600.0,,,,,,,,,,
MhK4B7L8VF1rvNw6,15,Crown of the Cosmos,3181,WIPE,390.068,Siare,P-386d8566043e1cef,26,7166569.0,316.445,81.13,0.0,0.0,47620.0,53669.0,Void Expulsion,1233826,32.0,inv_nullstone_void.jpg,176,False,18559.0,74997.0,149350.0,8174.0
MhK4B7L8VF1rvNw6,15,Crown of the Cosmos,3181,WIPE,390.068,Asharia,P-baca25d85259e955,9,7208592.0,358.468,91.9,0.0,0.0,27696.0,22026.0,Void Expulsion,1233826,32.0,inv_nullstone_void.jpg,176,False,63089.0,44988.0,135773.0,0.0
MhK4B7L8VF1rvNw6,15,Crown of the Cosmos,3181,WIPE,390.068,Abrakadavar,P-b7de36807c83458d,7,7210878.0,360.754,92.48,0.0,0.0,6527.0,56342.0,Silverstrike Ricochet,1237729,64.0,inv_ammo_arrow_02.jpg,176,False,26878.0,12392.0,45797.0,0.0
MhK4B7L8VF1rvNw6,15,Crown of the Cosmos,3181,WIPE,390.068,Ämon,P-26f181f915fe34c3,3,7212422.0,362.298,92.88,0.0,0.0,19211.0,6568.0,Void Barrage,1260000,32.0,inv_cosmicvoid_missile.jpg,181,False,10303.0,4968.0,34482.0,0.0
MhK4B7L8VF1rvNw6,15,Crown of the Cosmos,3181,WIPE,390.068,Hellspawn,P-da4af5d1f60174b4,16,7214352.0,364.228,93.38,0.0,0.0,15734.0,7152.0,Voidstalker Sting,1237040,32.0,ability_ironmaidens_convulsiveshadows.jpg,176,False,6686.0,7752.0,30172.0,0.0
MhK4B7L8VF1rvNw6,15,Crown of the Cosmos,3181,WIPE,390.068,Czy,P-550a8f96f34d498f,4,7219602.0,369.478,94.72,0.0,0.0,1644.0,14667.0,Cosmic Barrier,1246925,32.0,inv_cosmicvoid_buff.jpg,179,False,5978.0,3404.0,12931.0,1905.0
MhK4B7L8VF1rvNw6,15,Crown of the Cosmos,3181,WIPE,390.068,Myroguëë,P-2f16f3dcc3d3627b,23,7222792.0,372.668,95.54,0.0,0.0,27936.0,25459.0,Void Barrage,1260000,32.0,inv_cosmicvoid_missile.jpg,181,False,672.0,5874.0,34482.0,0.0
MhK4B7L8VF1rvNw6,15,Crown of the Cosmos,3181,WIPE,390.068,Spàdes,P-4b77dd2f26623c73,6,7223607.0,373.483,95.75,0.0,0.0,7719.0,15303.0,Cosmic Barrier,1246925,32.0,inv_cosmicvoid_buff.jpg,179,False,2132.0,3080.0,12931.0,0.0
MhK4B7L8VF1rvNw6,15,Crown of the Cosmos,3181,WIPE,390.068,Lìllith,P-093da9358d901c39,5,7228597.0,378.473,97.03,0.0,0.0,24836.0,31418.0,Void Expulsion,1233826,32.0,inv_nullstone_void.jpg,176,False,82953.0,14493.0,135773.0,13491.0
MhK4B7L8VF1rvNw6,15,Crown of the Cosmos,3181,WIPE,390.068,Grapey,P-afc55f0dcadab016,8,7228598.0,378.474,97.03,0.0,0.0,41039.0,1165.0,Void Expulsion,1233826,32.0,inv_nullstone_void.jpg,176,False,25041.0,34112.0,135773.0,35581.0
MhK4B7L8VF1rvNw6,15,Crown of the Cosmos,3181,WIPE,390.068,Decayed,P-584cf7139227dcac,19,7234607.0,384.483,98.57,0.0,0.0,49947.0,6020.0,Melee,1,1.0,inv_axe_02.jpg,179,False,32097.0,267281.0,393502.0,44177.0
MhK4B7L8VF1rvNw6,15,Crown of the Cosmos,3181,WIPE,390.068,Chontosh,P-81cad9c290ac9716,14,7235857.0,385.733,98.89,0.0,0.0,6253.0,12219.0,Voidstalker Sting,1237040,32.0,ability_ironmaidens_convulsiveshadows.jpg,176,False,36415.0,5607.0,48275.0,0.0
MhK4B7L8VF1rvNw6,15,Crown of the Cosmos,3181,WIPE,390.068,Primeval,P-d2cfbf0e9385c81d,1,7239590.0,389.466,99.85,0.0,0.0,4527.0,36429.0,Cosmic Barrier,1246925,32.0,inv_cosmicvoid_buff.jpg,179,False,6587.0,1817.0,12931.0,0.0
NQ4D9vqkTjV16MPC,1,Rotmire,3159,WIPE,304.662,Siare,P-386d8566043e1cef,3,154157.0,136.335,44.75,0.0,0.0,20145.0,24313.0,Bursting Shroom,1221965,8.0,inv_misc_starspecklemushroom.jpg,93,False,170394.0,63453.0,287144.0,33152.0
NQ4D9vqkTjV16MPC,1,Rotmire,3159,WIPE,304.662,Tavendar,P-dd48d38ee5e5c55c,19,154160.0,136.338,44.75,0.0,0.0,26361.0,16263.0,Bursting Shroom,1221965,8.0,inv_misc_starspecklemushroom.jpg,93,False,197193.0,63590.0,287144.0,0.0
NQ4D9vqkTjV16MPC,1,Rotmire,3159,WIPE,304.662,Ilidank,P-4b25ba747f972b89,12,290205.0,272.383,89.4,0.0,0.0,2369.0,3348.0,Bursting Shroom,1221965,8.0,inv_misc_starspecklemushroom.jpg,93,False,194013.0,90762.0,287144.0,0.0
NQ4D9vqkTjV16MPC,1,Rotmire,3159,WIPE,304.662,Lìllith,P-093da9358d901c39,1,290206.0,272.384,89.41,0.0,0.0,161304.0,39360.0,Bursting Shroom,1221965,8.0,inv_misc_starspecklemushroom.jpg,93,False,40493.0,62926.0,287144.0,22421.0
NQ4D9vqkTjV16MPC,1,Rotmire,3159,WIPE,304.662,Greyseer,P-146fcdef511d70d4,13,290207.0,272.385,89.41,0.0,0.0,88837.0,20344.0,Bursting Shroom,1221965,8.0,inv_misc_starspecklemushroom.jpg,93,False,76020.0,122287.0,287144.0,0.0
NQ4D9vqkTjV16MPC,1,Rotmire,3159,WIPE,304.662,Danzilla,P-8ee1779dcaa9232f,9,290208.0,272.386,89.41,0.0,0.0,82499.0,17364.0,Bursting Shroom,1221965,8.0,inv_misc_starspecklemushroom.jpg,93,False,22246.0,171173.0,287144.0,11226.0
NQ4D9vqkTjV16MPC,1,Rotmire,3159,WIPE,304.662,Viserion,P-daa9879d41bb66dd,5,290208.0,272.386,89.41,0.0,0.0,27277.0,19386.0,Bursting Shroom,1221965,8.0,inv_misc_starspecklemushroom.jpg,93,False,221920.0,37947.0,287144.0,0.0
NQ4D9vqkTjV16MPC,1,Rotmire,3159,WIPE,304.662,Maztajake,P-dc96b65209ad25d3,16,290209.0,272.387,89.41,0.0,0.0,92331.0,2376.0,Bursting Shroom,1221965,8.0,inv_misc_starspecklemushroom.jpg,93,False,139137.0,55676.0,287144.0,0.0
NQ4D9vqkTjV16MPC,1,Rotmire,3159,WIPE,304.662,Monfro,P-930377bb7fd85d97,15,290210.0,272.388,89.41,0.0,0.0,58286.0,8363.0,Bursting Shroom,1221965,8.0,inv_misc_starspecklemushroom.jpg,93,False,83683.0,84332.0,287144.0,60843.0
NQ4D9vqkTjV16MPC,1,Rotmire,3159,WIPE,304.662,Averlis,P-77b140a1e9d7fba2,7,290213.0,272.391,89.41,0.0,0.0,63180.0,16373.0,Bursting Shroom,1221965,8.0,inv_misc_starspecklemushroom.jpg,93,False,170913.0,53051.0,287144.0,0.0
NQ4D9vqkTjV16MPC,1,Rotmire,3159,WIPE,304.662,Chontosh,P-81cad9c290ac9716,20,290215.0,272.393,89.41,0.0,0.0,186711.0,24383.0,Bursting Shroom,1221965,8.0,inv_misc_starspecklemushroom.jpg,93,False,57602.0,42831.0,287144.0,0.0
NQ4D9vqkTjV16MPC,1,Rotmire,3159,WIPE,304.662,Primeval,P-d2cfbf0e9385c81d,22,290232.0,272.41,89.41,0.0,0.0,1274.0,13351.0,Bursting Shroom,1221965,8.0,inv_misc_starspecklemushroom.jpg,93,False,221557.0,64313.0,287144.0,0.0
NQ4D9vqkTjV16MPC,1,Rotmire,3159,WIPE,304.662,Tavendar,P-dd48d38ee5e5c55c,19,318848.0,301.026,98.81,0.0,0.0,17463.0,14026.0,Rotting Pustules,1222284,8.0,ability_creature_poison_06.jpg,14,False,6888.0,7821.0,32172.0,0.0
NQ4D9vqkTjV16MPC,1,Rotmire,3159,WIPE,304.662,Dystrophee,P-14b92b7f6709320a,8,320920.0,303.098,99.49,0.0,0.0,15716.0,20620.0,Bursting Pustules,1222278,8.0,inv_misc_herb_zoanthid.jpg,14,False,12778.0,8756.0,54899.0,17649.0
NQ4D9vqkTjV16MPC,1,Rotmire,3159,WIPE,304.662,Decayed,P-584cf7139227dcac,6,321319.0,303.497,99.62,0.0,0.0,19294.0,21435.0,Melee,1,1.0,inv_axe_02.jpg,81,False,0.0,12050.0,27158.0,15108.0
NQ4D9vqkTjV16MPC,1,Rotmire,3159,WIPE,304.662,Synkro,P-387f40c59682d853,21,322129.0,304.307,99.88,0.0,0.0,3264.0,22196.0,Bursting Pustules,1222278,8.0,inv_misc_herb_zoanthid.jpg,14,False,31797.0,12699.0,56950.0,9190.0
NQ4D9vqkTjV16MPC,6,"Chimaerus, the Undreamt God",3306,WIPE,149.903,Whilton,P-04eb4efde7a37b62,147,2056547.0,108.654,72.48,0.0,0.0,51498.0,16635.0,Colossal Strikes,1262053,1.0,ability_golemthunderclap.jpg,158,False,167653.0,75209.0,294360.0,0.0
NQ4D9vqkTjV16MPC,6,"Chimaerus, the Undreamt God",3306,WIPE,149.903,Cuddaloft,P-d1fe4618a4f4aa7a,127,2059705.0,111.812,74.59,0.0,0.0,2266.0,24401.0,Caustic Phlegm,1246653,8.0,inv_ability_poison_orb.jpg,132,False,16150.0,1314.0,21194.0,1464.0
NQ4D9vqkTjV16MPC,6,"Chimaerus, the Undreamt God",3306,WIPE,149.903,Dahlela,P-6361fdb34c226d87,134,2067272.0,119.379,79.64,0.0,0.0,39060.0,11287.0,Cannibalized Essence,1280655,8.0,ability_racial_cannibalize.jpg,132,False,93663.0,14457.0,147180.0,0.0
NQ4D9vqkTjV16MPC,6,"Chimaerus, the Undreamt God",3306,WIPE,149.903,Leyendas,P-eb1b7e5ab2a0c30f,146,2067897.0,120.004,80.05,0.0,0.0,29541.0,27951.0,Cannibalized Essence,1280655,8.0,ability_racial_cannibalize.jpg,132,False,82232.0,35407.0,147180.0,0.0
NQ4D9vqkTjV16MPC,6,"Chimaerus, the Undreamt God",3306,WIPE,149.903,Ilidank,P-4b25ba747f972b89,12,2089610.0,141.717,94.54,0.0,0.0,0.0,27945.0,,,,,,,,,,
NQ4D9vqkTjV16MPC,6,"Chimaerus, the Undreamt God",3306,WIPE,149.903,Zuriznikov,P-1a3b148d84b9acf1,141,2089746.0,141.853,94.63,0.0,0.0,0.0,9209.0,,,,,,,,,,
NQ4D9vqkTjV16MPC,6,"Chimaerus, the Undreamt God",3306,WIPE,149.903,Greyseer,P-146fcdef511d70d4,13,2089960.0,142.067,94.77,0.0,0.0,0.0,21088.0,,,,,,,,,,
NQ4D9vqkTjV16MPC,6,"Chimaerus, the Undreamt God",3306,WIPE,149.903,Smexybeasty,P-2f4122c6c2556ed4,136,2090478.0,142.585,95.12,0.0,0.0,0.0,17005.0,,,,,,,,,,
NQ4D9vqkTjV16MPC,6,"Chimaerus, the Undreamt God",3306,WIPE,149.903,Primeval,P-d2cfbf0e9385c81d,22,2092574.0,144.681,96.52,0.0,0.0,0.0,15893.0,,,,,,,,,,
NQ4D9vqkTjV16MPC,6,"Chimaerus, the Undreamt God",3306,WIPE,149.903,Decayed,P-584cf7139227dcac,6,2092622.0,144.729,96.55,0.0,0.0,0.0,36366.0,,,,,,,,,,
NQ4D9vqkTjV16MPC,6,"Chimaerus, the Undreamt God",3306,WIPE,149.903,Tavendar,P-dd48d38ee5e5c55c,19,2093063.0,145.17,96.84,0.0,0.0,0.0,19163.0,,,,,,,,,,
NQ4D9vqkTjV16MPC,6,"Chimaerus, the Undreamt God",3306,WIPE,149.903,Danzilla,P-8ee1779dcaa9232f,9,2093662.0,145.769,97.24,0.0,0.0,0.0,3084.0,,,,,,,,,,
NQ4D9vqkTjV16MPC,6,"Chimaerus, the Undreamt God",3306,WIPE,149.903,Averlis,P-77b140a1e9d7fba2,7,2094434.0,146.541,97.76,0.0,0.0,46137.0,15591.0,Consume,1273112,8.0,spell_deathknight_gnaw_ghoul.jpg,132,False,145872.0,43479.0,235488.0,0.0
NQ4D9vqkTjV16MPC,6,"Chimaerus, the Undreamt God",3306,WIPE,149.903,Siare,P-386d8566043e1cef,3,2094918.0,147.025,98.08,0.0,0.0,0.0,406.0,,,,,,,,,,
NQ4D9vqkTjV16MPC,6,"Chimaerus, the Undreamt God",3306,WIPE,149.903,Synkro,P-387f40c59682d853,21,2096649.0,148.756,99.23,0.0,0.0,0.0,492.0,,,,,,,,,,
NQ4D9vqkTjV16MPC,6,"Chimaerus, the Undreamt God",3306,WIPE,149.903,Chontosh,P-81cad9c290ac9716,20,2097548.0,149.655,99.83,0.0,0.0,0.0,0.0,,,,,,,,,,
NQ4D9vqkTjV16MPC,6,"Chimaerus, the Undreamt God",3306,WIPE,149.903,Soliloquy,P-ace0c6b4dcb42bd6,135,2097627.0,149.734,99.89,0.0,0.0,0.0,4002.0,,,,,,,,,,
NQ4D9vqkTjV16MPC,7,"Chimaerus, the Undreamt God",3306,KILL,347.861,Whilton,P-04eb4efde7a37b62,147,2278864.0,108.689,31.24,0.0,0.0,43562.0,3115.0,Colossal Strikes,1262053,1.0,ability_golemthunderclap.jpg,158,False,175589.0,75209.0,294360.0,0.0
NQ4D9vqkTjV16MPC,7,"Chimaerus, the Undreamt God",3306,KILL,347.861,Cuddaloft,P-d1fe4618a4f4aa7a,127,2389445.0,219.27,63.03,0.0,0.0,20354.0,13945.0,Lingering Miasma,1258192,8.0,spell_azerite_essence01.jpg,132,False,20381.0,5611.0,51810.0,5464.0
NQ4D9vqkTjV16MPC,7,"Chimaerus, the Undreamt God",3306,KILL,347.861,Greyseer,P-146fcdef511d70d4,13,2499894.0,329.719,94.78,0.0,0.0,21780.0,8089.0,Alndust Upheaval,1262305,8.0,ability_earthen_azeritesurge.jpg,132,False,161602.0,31080.0,214462.0,0.0
NQ4D9vqkTjV16MPC,13,Imperator Averzian,3176,KILL,223.953,Danzilla,P-8ee1779dcaa9232f,9,3135536.0,156.438,69.85,0.0,0.0,65621.0,4838.0,Shadow Phalanx,1284786,32.0,inv_soulbarrier.jpg,313,False,154067.0,102344.0,323796.0,1764.0
NQ4D9vqkTjV16MPC,16,Vorasius,3177,KILL,312.364,Zuriznikov,P-1a3b148d84b9acf1,141,3505257.0,0.043,0.01,0.0,0.0,4164.0,0.0,Melee,1,1.0,inv_axe_02.jpg,342,False,477400.0,224190.0,705754.0,0.0
NQ4D9vqkTjV16MPC,16,Vorasius,3177,KILL,312.364,Whilton,P-04eb4efde7a37b62,147,3536963.0,31.749,10.16,0.0,0.0,242818.0,705.0,Shadowclaw Slam,1281906,1.0,inv_misc_rylakclaw.jpg,342,False,16180.0,160465.0,419463.0,0.0
NQ4D9vqkTjV16MPC,16,Vorasius,3177,KILL,312.364,Cuddaloft,P-d1fe4618a4f4aa7a,127,3546656.0,41.442,13.27,0.0,0.0,83592.0,0.0,Shadowclaw Slam,1281954,32.0,inv_misc_rylakclaw.jpg,342,False,258984.0,38823.0,419463.0,38064.0
NQ4D9vqkTjV16MPC,16,Vorasius,3177,KILL,312.364,Tavendar,P-dd48d38ee5e5c55c,19,3591920.0,86.706,27.76,0.0,0.0,0.0,0.0,Devoured,1232272,1.0,inv_cosmicvoid_debuff.jpg,19,True,0.0,0.0,0.0,0.0
NQ4D9vqkTjV16MPC,16,Vorasius,3177,KILL,312.364,Decayed,P-584cf7139227dcac,6,3714286.0,209.072,66.93,0.0,0.0,0.0,0.0,Devoured,1232272,1.0,inv_cosmicvoid_debuff.jpg,6,True,0.0,0.0,0.0,0.0
NQ4D9vqkTjV16MPC,16,Vorasius,3177,KILL,312.364,Zuriznikov,P-1a3b148d84b9acf1,141,3767729.0,262.515,84.04,0.0,0.0,28637.0,3.0,Shadowclaw Slam,1281906,1.0,inv_misc_rylakclaw.jpg,342,False,160713.0,213334.0,402684.0,0.0
NQ4D9vqkTjV16MPC,19,Fallen-King Salhadaar,3179,KILL,289.044,Cuddaloft,P-d1fe4618a4f4aa7a,127,4246726.0,114.914,39.76,0.0,0.0,12016.0,12879.0,Entropic Unraveling,1254018,32.0,inv_112_etherealwraps_empowered_blue.jpg,319,False,28268.0,3037.0,48447.0,5126.0
NQ4D9vqkTjV16MPC,19,Fallen-King Salhadaar,3179,KILL,289.044,Chontosh,P-81cad9c290ac9716,20,4249261.0,117.449,40.63,0.0,0.0,17425.0,3540.0,Umbral Beams,1260030,32.0,inv_cosmicvoid_beam.jpg,319,False,110394.0,12002.0,139821.0,0.0
NQ4D9vqkTjV16MPC,19,Fallen-King Salhadaar,3179,KILL,289.044,Zuriznikov,P-1a3b148d84b9acf1,141,4368503.0,236.691,81.89,0.0,0.0,65328.0,11895.0,Umbral Beams,1260030,32.0,inv_cosmicvoid_beam.jpg,319,False,55004.0,19489.0,139821.0,0.0
NQ4D9vqkTjV16MPC,22,Vaelgor & Ezzorak,3178,KILL,398.379,Tavendar,P-dd48d38ee5e5c55c,19,4921790.0,39.291,9.86,0.0,0.0,18800.0,10030.0,Midnight Manifestation,1259275,32.0,inv_cosmicvoid_buff.jpg,383,False,6558.0,4666.0,30024.0,0.0
NQ4D9vqkTjV16MPC,22,Vaelgor & Ezzorak,3178,KILL,398.379,Smexybeasty,P-2f4122c6c2556ed4,136,4961796.0,79.297,19.9,0.0,0.0,16983.0,8464.0,Void Howl,1245302,32.0,inv_cosmicvoid_orb.jpg,329,False,75531.0,42963.0,135477.0,0.0
NQ4D9vqkTjV16MPC,22,Vaelgor & Ezzorak,3178,KILL,398.379,Sinfxl,P-59860c89738c2525,378,5271692.0,389.193,97.69,0.0,0.0,131720.0,0.0,Gloomtouched,1283711,32.0,inv_cosmicvoid_debuff.jpg,329,False,383699.0,0.0,99721.0,0.0
NQ4D9vqkTjV16MPC,22,Vaelgor & Ezzorak,3178,KILL,398.379,Dahlela,P-6361fdb34c226d87,134,5273037.0,390.538,98.03,0.0,0.0,125035.0,0.0,Gloomtouched,1283711,32.0,inv_cosmicvoid_debuff.jpg,329,False,395583.0,0.0,100203.0,0.0
XvwLCVdhJKY73zHr,3,The Lost Explorers,3497,WIPE,244.453,Tavendar,P-dd48d38ee5e5c55c,5,1258921.0,216.559,88.59,0.0,0.0,20273.0,4006.0,Splinters,1308853,1.0,inv_artifact_bloodoftheassassinated.jpg,100,False,86283.0,29390.0,135946.0,0.0
XvwLCVdhJKY73zHr,3,The Lost Explorers,3497,WIPE,244.453,Stellanoova,P-6168b2209e9e02a1,17,1258967.0,216.605,88.61,0.0,0.0,13509.0,4595.0,Melee,1,1.0,inv_axe_02.jpg,98,False,356048.0,0.0,740328.0,649658.0
XvwLCVdhJKY73zHr,3,The Lost Explorers,3497,WIPE,244.453,Greyseer,P-146fcdef511d70d4,27,1260378.0,218.016,89.19,0.0,0.0,7270.0,2783.0,Malevolent Presence,1295450,32.0,ability_revendreth_priest.jpg,97,False,41264.0,13261.0,61795.0,0.0
XvwLCVdhJKY73zHr,3,The Lost Explorers,3497,WIPE,244.453,Decayed,P-584cf7139227dcac,4,1261549.0,219.187,89.66,0.0,0.0,324145.0,5180.0,Shredding Shards,1310616,16.0,spell_frost_iceshard.jpg,99,False,196933.0,0.0,123591.0,280580.0
XvwLCVdhJKY73zHr,3,The Lost Explorers,3497,WIPE,244.453,Grapeinator,P-e9906bf4e7d251b8,3,1274010.0,231.648,94.76,0.0,0.0,0.0,3832.0,,,,,,,,,,
XvwLCVdhJKY73zHr,3,The Lost Explorers,3497,WIPE,244.453,Asharia,P-baca25d85259e955,9,1274092.0,231.73,94.8,0.0,0.0,0.0,5255.0,,,,,,,,,,
XvwLCVdhJKY73zHr,3,The Lost Explorers,3497,WIPE,244.453,Boomchicky,P-df9f05cc370f53e8,23,1274483.0,232.121,94.96,0.0,0.0,0.0,3833.0,,,,,,,,,,
XvwLCVdhJKY73zHr,3,The Lost Explorers,3497,WIPE,244.453,Lìllith,P-093da9358d901c39,16,1274484.0,232.122,94.96,0.0,0.0,0.0,2000.0,,,,,,,,,,
XvwLCVdhJKY73zHr,3,The Lost Explorers,3497,WIPE,244.453,Maztajake,P-dc96b65209ad25d3,96,1274679.0,232.317,95.04,0.0,0.0,11213.0,5680.0,Fire Patch,1297649,4.0,spell_fire_felflamering_red.jpg,99,False,15967.0,34617.0,61797.0,0.0
XvwLCVdhJKY73zHr,3,The Lost Explorers,3497,WIPE,244.453,Mets,P-0535c10c91d1eeda,39,1275211.0,232.849,95.25,0.0,0.0,0.0,16402.0,,,,,,,,,,
XvwLCVdhJKY73zHr,3,The Lost Explorers,3497,WIPE,244.453,Mypriiest,P-78c2f253b8a33ced,22,1277892.0,235.53,96.35,0.0,0.0,3218.0,8644.0,Frost Patch,1297648,16.0,spell_frost_ring-of-frost.jpg,99,False,45203.0,13373.0,61794.0,0.0
XvwLCVdhJKY73zHr,3,The Lost Explorers,3497,WIPE,244.453,Shinier,P-fa0288594047c1a1,7,1278041.0,235.679,96.41,0.0,0.0,0.0,5436.0,Falling,3,1.0,inv_axe_02.jpg,,False,312613.0,0.0,312613.0,0.0
XvwLCVdhJKY73zHr,3,The Lost Explorers,3497,WIPE,244.453,Ämon,P-26f181f915fe34c3,21,1278145.0,235.783,96.45,0.0,0.0,349539.0,8873.0,Melee,1,1.0,inv_axe_02.jpg,99,False,183520.0,531661.0,1082764.0,18044.0
XvwLCVdhJKY73zHr,3,The Lost Explorers,3497,WIPE,244.453,Averlis,P-77b140a1e9d7fba2,33,1278745.0,236.383,96.7,0.0,0.0,0.0,9107.0,,,,,,,,,,
XvwLCVdhJKY73zHr,3,The Lost Explorers,3497,WIPE,244.453,Sinfxl,P-59860c89738c2525,8,1279028.0,236.666,96.81,0.0,0.0,0.0,20409.0,,,,,,,,,,
XvwLCVdhJKY73zHr,3,The Lost Explorers,3497,WIPE,244.453,Spàdes,P-4b77dd2f26623c73,47,1279361.0,236.999,96.95,0.0,0.0,0.0,7097.0,,,,,,,,,,
XvwLCVdhJKY73zHr,3,The Lost Explorers,3497,WIPE,244.453,Soliloquy,P-ace0c6b4dcb42bd6,49,1281623.0,239.261,97.88,0.0,0.0,49198.0,9257.0,Burning Flames,1310667,4.0,spell_burningsoul.jpg,99,False,34505.0,8988.0,92691.0,0.0
XvwLCVdhJKY73zHr,3,The Lost Explorers,3497,WIPE,244.453,Novachronos,P-d8e2e25f74d6a935,10,1281721.0,239.359,97.92,0.0,0.0,0.0,22392.0,,,,,,,,,,
XvwLCVdhJKY73zHr,3,The Lost Explorers,3497,WIPE,244.453,Zeleria,P-abdfad2d93a43a81,103,1281721.0,239.359,97.92,0.0,0.0,0.0,15992.0,,,,,,,,,,
XvwLCVdhJKY73zHr,3,The Lost Explorers,3497,WIPE,244.453,Sälazar,P-448597313370c1df,6,1285060.0,242.698,99.28,0.0,0.0,0.0,27984.0,,,,,,,,,,
XvwLCVdhJKY73zHr,3,The Lost Explorers,3497,WIPE,244.453,Littlejohn,P-fe200ff8c0c12962,15,1285061.0,242.699,99.28,0.0,0.0,0.0,15998.0,,,,,,,,,,
XvwLCVdhJKY73zHr,3,The Lost Explorers,3497,WIPE,244.453,Cainz,P-92aaa9e9d4ac9a58,12,1285295.0,242.933,99.38,0.0,0.0,0.0,13994.0,,,,,,,,,,
XvwLCVdhJKY73zHr,6,The Lost Explorers,3497,WIPE,220.819,Novachronos,P-d8e2e25f74d6a935,10,1780166.0,113.597,51.44,0.0,0.0,209926.0,0.0,Mighty Thud,1300237,1.0,spell_sandexplosion.jpg,98,False,810380.0,247267.0,1627239.0,359666.0
XvwLCVdhJKY73zHr,6,The Lost Explorers,3497,WIPE,220.819,Mets,P-0535c10c91d1eeda,39,1780167.0,113.598,51.44,0.0,0.0,116231.0,0.0,Mighty Thud,1300237,1.0,spell_sandexplosion.jpg,98,False,974238.0,536770.0,1627239.0,0.0
XvwLCVdhJKY73zHr,6,The Lost Explorers,3497,WIPE,220.819,Ämon,P-26f181f915fe34c3,21,1875174.0,208.605,94.47,0.0,0.0,280870.0,6610.0,Elemental Explosion,1295952,20.0,spell_frostresistancetotem_01.jpg,99,False,225752.0,111317.0,617939.0,0.0
XvwLCVdhJKY73zHr,6,The Lost Explorers,3497,WIPE,220.819,Asharia,P-baca25d85259e955,9,1875175.0,208.606,94.47,0.0,0.0,156747.0,597.0,Elemental Explosion,1295952,20.0,spell_frostresistancetotem_01.jpg,99,False,305276.0,155916.0,617939.0,0.0
XvwLCVdhJKY73zHr,6,The Lost Explorers,3497,WIPE,220.819,Tavendar,P-dd48d38ee5e5c55c,5,1875176.0,208.607,94.47,0.0,0.0,200777.0,602.0,Elemental Explosion,1295952,20.0,spell_frostresistancetotem_01.jpg,99,False,297262.0,119900.0,617939.0,0.0
XvwLCVdhJKY73zHr,6,The Lost Explorers,3497,WIPE,220.819,Averlis,P-77b140a1e9d7fba2,33,1875177.0,208.608,94.47,0.0,0.0,253895.0,604.0,Elemental Explosion,1295952,20.0,spell_frostresistancetotem_01.jpg,99,False,256607.0,107437.0,617939.0,0.0
XvwLCVdhJKY73zHr,6,The Lost Explorers,3497,WIPE,220.819,Shinier,P-fa0288594047c1a1,7,1875177.0,208.608,94.47,0.0,0.0,366832.0,696.0,Elemental Explosion,1295952,20.0,spell_frostresistancetotem_01.jpg,99,False,166160.0,84947.0,617939.0,0.0
XvwLCVdhJKY73zHr,6,The Lost Explorers,3497,WIPE,220.819,Mypriiest,P-78c2f253b8a33ced,22,1875178.0,208.609,94.47,0.0,0.0,163512.0,6609.0,Elemental Explosion,1295952,20.0,spell_frostresistancetotem_01.jpg,99,False,296489.0,157938.0,617939.0,0.0
XvwLCVdhJKY73zHr,6,The Lost Explorers,3497,WIPE,220.819,Novachronos,P-d8e2e25f74d6a935,10,1875178.0,208.609,94.47,0.0,0.0,49684.0,6614.0,Elemental Explosion,1295952,20.0,spell_frostresistancetotem_01.jpg,99,False,311661.0,101732.0,617939.0,154862.0
XvwLCVdhJKY73zHr,6,The Lost Explorers,3497,WIPE,220.819,Sinfxl,P-59860c89738c2525,8,1875179.0,208.61,94.47,0.0,0.0,122154.0,701.0,Elemental Explosion,1295952,20.0,spell_frostresistancetotem_01.jpg,99,False,288062.0,162144.0,617939.0,45579.0
XvwLCVdhJKY73zHr,6,The Lost Explorers,3497,WIPE,220.819,Greyseer,P-146fcdef511d70d4,27,1875180.0,208.611,94.47,0.0,0.0,326566.0,6611.0,Elemental Explosion,1295952,20.0,spell_frostresistancetotem_01.jpg,99,False,173674.0,117699.0,617939.0,0.0
XvwLCVdhJKY73zHr,6,The Lost Explorers,3497,WIPE,220.819,Sälazar,P-448597313370c1df,6,1875180.0,208.611,94.47,0.0,0.0,181713.0,6609.0,Elemental Explosion,1295952,20.0,spell_frostresistancetotem_01.jpg,99,False,246180.0,142503.0,617939.0,47543.0
XvwLCVdhJKY73zHr,6,The Lost Explorers,3497,WIPE,220.819,Monfro,P-930377bb7fd85d97,2,1875181.0,208.612,94.47,0.0,0.0,45638.0,599.0,Elemental Explosion,1295952,20.0,spell_frostresistancetotem_01.jpg,99,False,440619.0,131682.0,617939.0,0.0
XvwLCVdhJKY73zHr,6,The Lost Explorers,3497,WIPE,220.819,Boomchicky,P-df9f05cc370f53e8,23,1875182.0,208.613,94.47,0.0,0.0,1575.0,601.0,Elemental Explosion,1295952,20.0,spell_frostresistancetotem_01.jpg,99,False,475494.0,140870.0,617939.0,0.0
XvwLCVdhJKY73zHr,6,The Lost Explorers,3497,WIPE,220.819,Grapeinator,P-e9906bf4e7d251b8,3,1875183.0,208.614,94.47,0.0,0.0,161379.0,602.0,Elemental Explosion,1295952,20.0,spell_frostresistancetotem_01.jpg,99,False,309676.0,146884.0,617939.0,0.0
XvwLCVdhJKY73zHr,6,The Lost Explorers,3497,WIPE,220.819,Soliloquy,P-ace0c6b4dcb42bd6,49,1875184.0,208.615,94.47,0.0,0.0,294464.0,599.0,Elemental Explosion,1295952,20.0,spell_frostresistancetotem_01.jpg,99,False,252592.0,70883.0,617939.0,0.0
XvwLCVdhJKY73zHr,6,The Lost Explorers,3497,WIPE,220.819,Spàdes,P-4b77dd2f26623c73,47,1875184.0,208.615,94.47,0.0,0.0,94910.0,596.0,Elemental Explosion,1295952,20.0,spell_frostresistancetotem_01.jpg,99,False,356295.0,166734.0,617939.0,0.0
XvwLCVdhJKY73zHr,6,The Lost Explorers,3497,WIPE,220.819,Maztajake,P-dc96b65209ad25d3,96,1875185.0,208.616,94.47,0.0,0.0,319432.0,6612.0,Elemental Explosion,1295952,20.0,spell_frostresistancetotem_01.jpg,99,False,192729.0,105778.0,617939.0,0.0
XvwLCVdhJKY73zHr,6,The Lost Explorers,3497,WIPE,220.819,Zeleria,P-abdfad2d93a43a81,103,1875185.0,208.616,94.47,0.0,0.0,372945.0,602.0,Elemental Explosion,1295952,20.0,spell_frostresistancetotem_01.jpg,99,False,140623.0,104371.0,617939.0,0.0
XvwLCVdhJKY73zHr,6,The Lost Explorers,3497,WIPE,220.819,Lìllith,P-093da9358d901c39,16,1876575.0,210.006,95.1,0.0,0.0,6495.0,1989.0,Malevolent Presence,1295450,32.0,ability_revendreth_priest.jpg,97,False,33525.0,10417.0,61795.0,11358.0
XvwLCVdhJKY73zHr,6,The Lost Explorers,3497,WIPE,220.819,Littlejohn,P-fe200ff8c0c12962,15,1878194.0,211.625,95.84,0.0,0.0,17900.0,3724.0,Frost Patch,1297648,16.0,spell_frost_ring-of-frost.jpg,99,False,11238.0,16967.0,61794.0,15689.0
XvwLCVdhJKY73zHr,6,The Lost Explorers,3497,WIPE,220.819,Cainz,P-92aaa9e9d4ac9a58,12,1879130.0,212.561,96.26,0.0,0.0,88296.0,4642.0,Relic Rupture,1310027,32.0,spell_necro_chillofdeath.jpg,113,False,87789.0,27070.0,247176.0,44021.0
XvwLCVdhJKY73zHr,6,The Lost Explorers,3497,WIPE,220.819,Stellanoova,P-6168b2209e9e02a1,17,1886525.0,219.956,99.61,0.0,0.0,0.0,10418.0,,,,,,,,,,
XvwLCVdhJKY73zHr,7,The Lost Explorers,3497,WIPE,255.657,Stellanoova,P-6168b2209e9e02a1,17,2373994.0,156.39,61.17,0.0,0.0,156229.0,996.0,Shredding Shards,1310616,16.0,spell_frost_iceshard.jpg,99,False,359451.0,0.0,123591.0,368652.0
XvwLCVdhJKY73zHr,7,The Lost Explorers,3497,WIPE,255.657,Decayed,P-584cf7139227dcac,4,2435869.0,218.265,85.37,0.0,0.0,90674.0,33148.0,Shredding Shards,1310616,16.0,spell_frost_iceshard.jpg,99,False,235131.0,0.0,123591.0,175432.0
XvwLCVdhJKY73zHr,7,The Lost Explorers,3497,WIPE,255.657,Stellanoova,P-6168b2209e9e02a1,17,2442765.0,225.161,88.07,0.0,0.0,112525.0,5676.0,Melee,1,1.0,inv_axe_02.jpg,98,False,1486.0,36928.0,362130.0,243631.0
XvwLCVdhJKY73zHr,7,The Lost Explorers,3497,WIPE,255.657,Asharia,P-baca25d85259e955,9,2445357.0,227.753,89.09,0.0,0.0,73688.0,3774.0,Melee,1,1.0,inv_axe_02.jpg,98,False,194639.0,100510.0,368837.0,0.0
XvwLCVdhJKY73zHr,7,The Lost Explorers,3497,WIPE,255.657,Soliloquy,P-ace0c6b4dcb42bd6,49,2446107.0,228.503,89.38,0.0,0.0,35649.0,15239.0,Relic Rupture,1310027,32.0,spell_necro_chillofdeath.jpg,113,False,159322.0,52205.0,247176.0,0.0
XvwLCVdhJKY73zHr,7,The Lost Explorers,3497,WIPE,255.657,Spàdes,P-4b77dd2f26623c73,47,2446108.0,228.504,89.38,0.0,0.0,100763.0,15241.0,Relic Rupture,1310027,32.0,spell_necro_chillofdeath.jpg,113,False,100389.0,46024.0,247176.0,0.0
XvwLCVdhJKY73zHr,7,The Lost Explorers,3497,WIPE,255.657,Chontosh,P-81cad9c290ac9716,140,2446109.0,228.505,89.38,0.0,0.0,16855.0,10486.0,Relic Rupture,1310027,32.0,spell_necro_chillofdeath.jpg,113,False,146404.0,43103.0,247176.0,40814.0
XvwLCVdhJKY73zHr,7,The Lost Explorers,3497,WIPE,255.657,Zeleria,P-abdfad2d93a43a81,103,2446109.0,228.505,89.38,0.0,0.0,80216.0,8502.0,Relic Rupture,1310027,32.0,spell_necro_chillofdeath.jpg,113,False,110471.0,54074.0,247176.0,2415.0
XvwLCVdhJKY73zHr,7,The Lost Explorers,3497,WIPE,255.657,Grapeinator,P-e9906bf4e7d251b8,3,2447610.0,230.006,89.97,0.0,0.0,745.0,6010.0,Malevolent Presence,1295450,32.0,ability_revendreth_priest.jpg,97,False,22727.0,19281.0,61795.0,19042.0
XvwLCVdhJKY73zHr,7,The Lost Explorers,3497,WIPE,255.657,Littlejohn,P-fe200ff8c0c12962,15,2448255.0,230.651,90.22,0.0,0.0,279770.0,29841.0,Melee,1,1.0,inv_axe_02.jpg,99,False,116471.0,479827.0,1089744.0,213676.0
XvwLCVdhJKY73zHr,7,The Lost Explorers,3497,WIPE,255.657,Sinfxl,P-59860c89738c2525,8,2449808.0,232.204,90.83,0.0,0.0,13749.0,7184.0,Melee,1,1.0,inv_axe_02.jpg,98,False,516066.0,153268.0,741951.0,58868.0
XvwLCVdhJKY73zHr,7,The Lost Explorers,3497,WIPE,255.657,Ämon,P-26f181f915fe34c3,21,2453852.0,236.248,92.41,0.0,0.0,42486.0,8246.0,Melee,1,1.0,inv_axe_02.jpg,98,False,391347.0,294935.0,728768.0,0.0
XvwLCVdhJKY73zHr,7,The Lost Explorers,3497,WIPE,255.657,Lìllith,P-093da9358d901c39,16,2455612.0,238.008,93.1,0.0,0.0,2649.0,18011.0,Malevolent Presence,1295450,32.0,ability_revendreth_priest.jpg,97,False,20110.0,11221.0,61795.0,27815.0
XvwLCVdhJKY73zHr,7,The Lost Explorers,3497,WIPE,255.657,Boomchicky,P-df9f05cc370f53e8,23,2457117.0,239.513,93.69,0.0,0.0,51798.0,43518.0,Splinters,1308853,1.0,inv_artifact_bloodoftheassassinated.jpg,100,False,34363.0,31598.0,203919.0,86160.0
XvwLCVdhJKY73zHr,7,The Lost Explorers,3497,WIPE,255.657,Shinier,P-fa0288594047c1a1,7,2457338.0,239.734,93.77,0.0,0.0,0.0,0.0,,,,,,,,,,
XvwLCVdhJKY73zHr,7,The Lost Explorers,3497,WIPE,255.657,Maztajake,P-dc96b65209ad25d3,96,2457466.0,239.862,93.82,0.0,0.0,519311.0,15874.0,Melee,1,1.0,inv_axe_02.jpg,99,False,140841.0,474871.0,1135023.0,0.0
XvwLCVdhJKY73zHr,7,The Lost Explorers,3497,WIPE,255.657,Novachronos,P-d8e2e25f74d6a935,10,2457494.0,239.89,93.83,0.0,0.0,76984.0,15912.0,Melee,1,1.0,inv_axe_02.jpg,98,False,467309.0,112749.0,741989.0,84947.0
XvwLCVdhJKY73zHr,7,The Lost Explorers,3497,WIPE,255.657,Averlis,P-77b140a1e9d7fba2,33,2458077.0,240.473,94.06,0.0,0.0,1763.0,16496.0,Splinters,1308853,1.0,inv_artifact_bloodoftheassassinated.jpg,100,False,78765.0,55418.0,135946.0,0.0
XvwLCVdhJKY73zHr,7,The Lost Explorers,3497,WIPE,255.657,Sälazar,P-448597313370c1df,6,2463168.0,245.564,96.05,0.0,0.0,219945.0,2005.0,Melee,1,1.0,inv_axe_02.jpg,98,False,343474.0,108401.0,734422.0,62602.0
XvwLCVdhJKY73zHr,7,The Lost Explorers,3497,WIPE,255.657,Tavendar,P-dd48d38ee5e5c55c,5,2465607.0,248.003,97.01,0.0,0.0,391.0,13508.0,Malevolent Presence,1295450,32.0,ability_revendreth_priest.jpg,97,False,45649.0,15755.0,61795.0,0.0
XvwLCVdhJKY73zHr,7,The Lost Explorers,3497,WIPE,255.657,Cainz,P-92aaa9e9d4ac9a58,12,2467483.0,249.879,97.74,0.0,0.0,192371.0,21858.0,Melee,1,1.0,inv_axe_02.jpg,99,False,365362.0,293152.0,1067780.0,216895.0
XvwLCVdhJKY73zHr,7,The Lost Explorers,3497,WIPE,255.657,Monfro,P-930377bb7fd85d97,2,2468259.0,250.655,98.04,0.0,0.0,0.0,30668.0,Falling,3,1.0,inv_axe_02.jpg,,False,392314.0,0.0,392314.0,0.0
XvwLCVdhJKY73zHr,8,The Lost Explorers,3497,KILL,320.15,Stellanoova,P-6168b2209e9e02a1,17,2650830.0,98.514,30.77,0.0,0.0,262144.0,4487.0,Shredding Shards,1310616,16.0,spell_frost_iceshard.jpg,99,False,44490.0,0.0,123591.0,233791.0
XvwLCVdhJKY73zHr,8,The Lost Explorers,3497,KILL,320.15,Decayed,P-584cf7139227dcac,4,2832617.0,280.301,87.55,0.0,0.0,64278.0,2266.0,Shredding Shards,1310616,16.0,spell_frost_iceshard.jpg,99,False,236733.0,0.0,123591.0,188864.0
XvwLCVdhJKY73zHr,10,Sszorak,3420,WIPE,184.302,Tavendar,P-dd48d38ee5e5c55c,5,3837182.0,62.024,33.65,0.0,0.0,20775.0,20024.0,Ula'tek's Presence,1285965,8.0,achievement_dungeon_templeofsethraliss.jpg,,False,25265.0,15754.0,61794.0,0.0
XvwLCVdhJKY73zHr,10,Sszorak,3420,WIPE,184.302,Asharia,P-baca25d85259e955,9,3839955.0,64.797,35.16,0.0,0.0,463282.0,0.0,Ravage,1277101,1.0,inv_10_specialreagentfoozles_tuskclaw-black.jpg,157,False,789471.0,858884.0,2162786.0,51149.0
XvwLCVdhJKY73zHr,10,Sszorak,3420,WIPE,184.302,Averlis,P-77b140a1e9d7fba2,33,3874656.0,99.498,53.99,0.0,0.0,25847.0,14216.0,Venomous Surge,1306120,8.0,ability_creature_poison_06.jpg,157,False,86349.0,33075.0,148305.0,3034.0
XvwLCVdhJKY73zHr,10,Sszorak,3420,WIPE,184.302,Ämon,P-26f181f915fe34c3,21,3886063.0,110.905,60.18,0.0,0.0,0.0,3656.0,,,,,,,,,,
XvwLCVdhJKY73zHr,10,Sszorak,3420,WIPE,184.302,Maztajake,P-dc96b65209ad25d3,96,3892408.0,117.25,63.62,0.0,0.0,0.0,40831.0,,,,,,,,,,
XvwLCVdhJKY73zHr,10,Sszorak,3420,WIPE,184.302,Tavendar,P-dd48d38ee5e5c55c,5,3909174.0,134.016,72.72,0.0,0.0,28878.0,10796.0,Ula'tek's Presence,1285965,8.0,achievement_dungeon_templeofsethraliss.jpg,,False,17891.0,15025.0,61794.0,0.0
XvwLCVdhJKY73zHr,10,Sszorak,3420,WIPE,184.302,Sälazar,P-448597313370c1df,6,3921873.0,146.715,79.61,0.0,0.0,696405.0,0.0,Ravage,1277101,1.0,inv_10_specialreagentfoozles_tuskclaw-black.jpg,157,False,498494.0,455788.0,2162786.0,512099.0
XvwLCVdhJKY73zHr,10,Sszorak,3420,WIPE,184.302,Greyseer,P-146fcdef511d70d4,27,3921874.0,146.716,79.61,0.0,0.0,779833.0,0.0,Ravage,1277101,1.0,inv_10_specialreagentfoozles_tuskclaw-black.jpg,157,False,633640.0,749313.0,2162786.0,0.0
XvwLCVdhJKY73zHr,10,Sszorak,3420,WIPE,184.302,Grapeinator,P-e9906bf4e7d251b8,3,3930370.0,155.212,84.22,0.0,0.0,539570.0,0.0,Ravage,1277101,1.0,inv_10_specialreagentfoozles_tuskclaw-black.jpg,157,False,617449.0,890839.0,2162786.0,114928.0
XvwLCVdhJKY73zHr,10,Sszorak,3420,WIPE,184.302,Decayed,P-584cf7139227dcac,4,3933367.0,158.209,85.84,0.0,0.0,0.0,11494.0,Ravage,1277101,1.0,inv_10_specialreagentfoozles_tuskclaw-black.jpg,,,,,,
XvwLCVdhJKY73zHr,10,Sszorak,3420,WIPE,184.302,Mets,P-0535c10c91d1eeda,39,3934384.0,159.226,86.39,0.0,0.0,2097626.0,0.0,Mutilate,1285999,8.0,inv_ability_poison_missile.jpg,157,False,915766.0,811684.0,4018920.0,193844.0
XvwLCVdhJKY73zHr,10,Sszorak,3420,WIPE,184.302,Sinfxl,P-59860c89738c2525,8,3934385.0,159.227,86.39,0.0,0.0,1898090.0,0.0,Mutilate,1285999,8.0,inv_ability_poison_missile.jpg,157,False,712281.0,1084187.0,4018920.0,324362.0
XvwLCVdhJKY73zHr,10,Sszorak,3420,WIPE,184.302,Stellanoova,P-6168b2209e9e02a1,17,3934386.0,159.228,86.4,0.0,0.0,842673.0,0.0,Mutilate,1285999,8.0,inv_ability_poison_missile.jpg,157,False,556414.0,1054863.0,4018920.0,1564970.0
XvwLCVdhJKY73zHr,10,Sszorak,3420,WIPE,184.302,Shinier,P-fa0288594047c1a1,7,3938364.0,163.206,88.55,0.0,0.0,2722281.0,0.0,Mutilate,1285999,8.0,inv_ability_poison_missile.jpg,157,False,843400.0,1025465.0,6028380.0,1437234.0
XvwLCVdhJKY73zHr,10,Sszorak,3420,WIPE,184.302,Littlejohn,P-fe200ff8c0c12962,15,3938365.0,163.207,88.55,0.0,0.0,1656750.0,0.0,Mutilate,1285999,8.0,inv_ability_poison_missile.jpg,157,False,900520.0,1746844.0,6028380.0,1724266.0
XvwLCVdhJKY73zHr,10,Sszorak,3420,WIPE,184.302,Novachronos,P-d8e2e25f74d6a935,10,3943366.0,168.208,91.27,0.0,0.0,1552394.0,0.0,Melee,1,1.0,inv_axe_02.jpg,157,False,231687.0,0.0,1271160.0,201057.0
XvwLCVdhJKY73zHr,10,Sszorak,3420,WIPE,184.302,Spàdes,P-4b77dd2f26623c73,47,3947485.0,172.327,93.5,0.0,0.0,0.0,4001.0,,,,,,,,,,
XvwLCVdhJKY73zHr,10,Sszorak,3420,WIPE,184.302,Chontosh,P-81cad9c290ac9716,140,3948892.0,173.734,94.27,0.0,0.0,0.0,6000.0,,,,,,,,,,
XvwLCVdhJKY73zHr,10,Sszorak,3420,WIPE,184.302,Cainz,P-92aaa9e9d4ac9a58,12,3952027.0,176.869,95.97,0.0,0.0,0.0,3989.0,,,,,,,,,,
XvwLCVdhJKY73zHr,10,Sszorak,3420,WIPE,184.302,Lìllith,P-093da9358d901c39,16,3952446.0,177.288,96.19,0.0,0.0,0.0,9005.0,,,,,,,,,,
XvwLCVdhJKY73zHr,10,Sszorak,3420,WIPE,184.302,Soliloquy,P-ace0c6b4dcb42bd6,49,3953431.0,178.273,96.73,0.0,0.0,484522.0,0.0,Melee,1,1.0,inv_axe_02.jpg,157,False,601022.0,210406.0,1295950.0,0.0
XvwLCVdhJKY73zHr,10,Sszorak,3420,WIPE,184.302,Boomchicky,P-df9f05cc370f53e8,23,3958291.0,183.133,99.37,0.0,0.0,374004.0,0.0,Melee,1,1.0,inv_axe_02.jpg,157,False,591756.0,388509.0,1354269.0,0.0
XvwLCVdhJKY73zHr,11,Sszorak,3420,WIPE,147.36,Lìllith,P-093da9358d901c39,16,4167624.0,69.551,47.2,0.0,0.0,48849.0,2924.0,Tempest,1287083,8.0,inv_ability_poison_beam.jpg,157,False,60764.0,46880.0,185382.0,28889.0
XvwLCVdhJKY73zHr,11,Sszorak,3420,WIPE,147.36,Greyseer,P-146fcdef511d70d4,27,4169369.0,71.296,48.38,0.0,0.0,25162.0,5275.0,Mutilated Gash,1285998,8.0,ability_rogue_venomouswounds.jpg,157,False,91962.0,29018.0,146142.0,0.0
XvwLCVdhJKY73zHr,11,Sszorak,3420,WIPE,147.36,Maztajake,P-dc96b65209ad25d3,96,4202758.0,104.685,71.04,0.0,0.0,47724.0,7213.0,Tempest,1287083,8.0,inv_ability_poison_beam.jpg,157,False,58505.0,17359.0,123588.0,0.0
XvwLCVdhJKY73zHr,11,Sszorak,3420,WIPE,147.36,Lìllith,P-093da9358d901c39,16,4207564.0,109.491,74.3,0.0,0.0,0.0,25488.0,,,,,,,,,,
XvwLCVdhJKY73zHr,11,Sszorak,3420,WIPE,147.36,Averlis,P-77b140a1e9d7fba2,33,4208100.0,110.027,74.67,0.0,0.0,0.0,4013.0,,,,,,,,,,
XvwLCVdhJKY73zHr,11,Sszorak,3420,WIPE,147.36,Tavendar,P-dd48d38ee5e5c55c,5,4225768.0,127.695,86.66,0.0,0.0,0.0,1000.0,,,,,,,,,,
XvwLCVdhJKY73zHr,11,Sszorak,3420,WIPE,147.36,Sinfxl,P-59860c89738c2525,8,4225861.0,127.788,86.72,0.0,0.0,0.0,0.0,,,,,,,,,,
XvwLCVdhJKY73zHr,11,Sszorak,3420,WIPE,147.36,Mets,P-0535c10c91d1eeda,39,4226169.0,128.096,86.93,0.0,0.0,0.0,2003.0,,,,,,,,,,
XvwLCVdhJKY73zHr,11,Sszorak,3420,WIPE,147.36,Shinier,P-fa0288594047c1a1,7,4226342.0,128.269,87.04,0.0,0.0,0.0,3697.0,,,,,,,,,,
XvwLCVdhJKY73zHr,11,Sszorak,3420,WIPE,147.36,Mypriiest,P-78c2f253b8a33ced,22,4226462.0,128.389,87.13,0.0,0.0,0.0,3696.0,,,,,,,,,,
XvwLCVdhJKY73zHr,11,Sszorak,3420,WIPE,147.36,Soliloquy,P-ace0c6b4dcb42bd6,49,4226463.0,128.39,87.13,0.0,0.0,0.0,2005.0,,,,,,,,,,
XvwLCVdhJKY73zHr,11,Sszorak,3420,WIPE,147.36,Stellanoova,P-6168b2209e9e02a1,17,4226463.0,128.39,87.13,0.0,0.0,0.0,4016.0,,,,,,,,,,
XvwLCVdhJKY73zHr,11,Sszorak,3420,WIPE,147.36,Grapeinator,P-e9906bf4e7d251b8,3,4226528.0,128.455,87.17,0.0,0.0,0.0,12426.0,,,,,,,,,,
XvwLCVdhJKY73zHr,11,Sszorak,3420,WIPE,147.36,Cainz,P-92aaa9e9d4ac9a58,12,4226666.0,128.593,87.26,0.0,0.0,0.0,0.0,,,,,,,,,,
XvwLCVdhJKY73zHr,11,Sszorak,3420,WIPE,147.36,Ämon,P-26f181f915fe34c3,21,4226774.0,128.701,87.34,0.0,0.0,0.0,2994.0,,,,,,,,,,
XvwLCVdhJKY73zHr,11,Sszorak,3420,WIPE,147.36,Monfro,P-930377bb7fd85d97,2,4226775.0,128.702,87.34,0.0,0.0,0.0,2993.0,,,,,,,,,,
XvwLCVdhJKY73zHr,11,Sszorak,3420,WIPE,147.36,Novachronos,P-d8e2e25f74d6a935,10,4226775.0,128.702,87.34,0.0,0.0,0.0,4686.0,,,,,,,,,,
XvwLCVdhJKY73zHr,11,Sszorak,3420,WIPE,147.36,Chontosh,P-81cad9c290ac9716,140,4226776.0,128.703,87.34,0.0,0.0,0.0,2993.0,,,,,,,,,,
XvwLCVdhJKY73zHr,11,Sszorak,3420,WIPE,147.36,Boomchicky,P-df9f05cc370f53e8,23,4232574.0,134.501,91.27,0.0,0.0,0.0,7998.0,,,,,,,,,,
XvwLCVdhJKY73zHr,11,Sszorak,3420,WIPE,147.36,Sälazar,P-448597313370c1df,6,4234167.0,136.094,92.35,0.0,0.0,0.0,10315.0,,,,,,,,,,
XvwLCVdhJKY73zHr,11,Sszorak,3420,WIPE,147.36,Spàdes,P-4b77dd2f26623c73,47,4234576.0,136.503,92.63,0.0,0.0,0.0,18718.0,,,,,,,,,,
XvwLCVdhJKY73zHr,11,Sszorak,3420,WIPE,147.36,Decayed,P-584cf7139227dcac,4,4240550.0,142.477,96.69,0.0,0.0,0.0,14284.0,,,,,,,,,,
XvwLCVdhJKY73zHr,11,Sszorak,3420,WIPE,147.36,Asharia,P-baca25d85259e955,9,4240586.0,142.513,96.71,0.0,0.0,0.0,14506.0,,,,,,,,,,
XvwLCVdhJKY73zHr,11,Sszorak,3420,WIPE,147.36,Littlejohn,P-fe200ff8c0c12962,15,4244802.0,146.729,99.57,0.0,0.0,514077.0,21049.0,Ravage,1277101,1.0,inv_10_specialreagentfoozles_tuskclaw-black.jpg,157,False,307795.0,895566.0,2162786.0,445348.0
XvwLCVdhJKY73zHr,13,Sszorak,3420,WIPE,102.407,Chontosh,P-81cad9c290ac9716,140,4485600.0,45.295,44.23,0.0,0.0,51162.0,9311.0,Venomous Surge,1306120,8.0,ability_creature_poison_06.jpg,157,False,68704.0,28439.0,148305.0,0.0
XvwLCVdhJKY73zHr,13,Sszorak,3420,WIPE,102.407,Tavendar,P-dd48d38ee5e5c55c,5,4498475.0,58.17,56.8,0.0,0.0,0.0,3993.0,,,,,,,,,,
XvwLCVdhJKY73zHr,13,Sszorak,3420,WIPE,102.407,Soliloquy,P-ace0c6b4dcb42bd6,49,4501109.0,60.804,59.37,0.0,0.0,1108815.0,0.0,Ravage,1277101,1.0,inv_10_specialreagentfoozles_tuskclaw-black.jpg,157,False,720276.0,333695.0,2162786.0,0.0
XvwLCVdhJKY73zHr,13,Sszorak,3420,WIPE,102.407,Stellanoova,P-6168b2209e9e02a1,17,4513614.0,73.309,71.59,0.0,0.0,4610185.0,0.0,Mutilate,1285999,8.0,inv_ability_poison_missile.jpg,157,False,871346.0,3164592.0,12056762.0,3410639.0
XvwLCVdhJKY73zHr,13,Sszorak,3420,WIPE,102.407,Maztajake,P-dc96b65209ad25d3,96,4520730.0,80.425,78.53,0.0,0.0,0.0,16018.0,,,,,,,,,,
XvwLCVdhJKY73zHr,13,Sszorak,3420,WIPE,102.407,Mets,P-0535c10c91d1eeda,39,4526049.0,85.744,83.73,0.0,0.0,0.0,25997.0,,,,,,,,,,
XvwLCVdhJKY73zHr,13,Sszorak,3420,WIPE,102.407,Asharia,P-baca25d85259e955,9,4526699.0,86.394,84.36,0.0,0.0,80103.0,5079.0,Tempest,1287083,8.0,inv_ability_poison_beam.jpg,157,False,68423.0,95861.0,247176.0,2789.0
XvwLCVdhJKY73zHr,13,Sszorak,3420,WIPE,102.407,Novachronos,P-d8e2e25f74d6a935,10,4529186.0,88.881,86.79,0.0,0.0,0.0,2687.0,,,,,,,,,,
XvwLCVdhJKY73zHr,13,Sszorak,3420,WIPE,102.407,Spàdes,P-4b77dd2f26623c73,47,4529498.0,89.193,87.1,0.0,0.0,0.0,6704.0,,,,,,,,,,
XvwLCVdhJKY73zHr,13,Sszorak,3420,WIPE,102.407,Boomchicky,P-df9f05cc370f53e8,23,4529680.0,89.375,87.27,0.0,0.0,0.0,6993.0,,,,,,,,,,
XvwLCVdhJKY73zHr,13,Sszorak,3420,WIPE,102.407,Shinier,P-fa0288594047c1a1,7,4530092.0,89.787,87.68,0.0,0.0,0.0,3232.0,,,,,,,,,,
XvwLCVdhJKY73zHr,13,Sszorak,3420,WIPE,102.407,Tavendar,P-dd48d38ee5e5c55c,5,4531562.0,91.257,89.11,0.0,0.0,0.0,5984.0,,,,,,,,,,
XvwLCVdhJKY73zHr,13,Sszorak,3420,WIPE,102.407,Grapeinator,P-e9906bf4e7d251b8,3,4531563.0,91.258,89.11,0.0,0.0,0.0,11984.0,,,,,,,,,,
XvwLCVdhJKY73zHr,13,Sszorak,3420,WIPE,102.407,Decayed,P-584cf7139227dcac,4,4533206.0,92.901,90.72,0.0,0.0,0.0,5985.0,,,,,,,,,,
XvwLCVdhJKY73zHr,13,Sszorak,3420,WIPE,102.407,Averlis,P-77b140a1e9d7fba2,33,4533227.0,92.922,90.74,0.0,0.0,0.0,4997.0,,,,,,,,,,
XvwLCVdhJKY73zHr,13,Sszorak,3420,WIPE,102.407,Littlejohn,P-fe200ff8c0c12962,15,4534241.0,93.936,91.73,0.0,0.0,0.0,14674.0,,,,,,,,,,
XvwLCVdhJKY73zHr,13,Sszorak,3420,WIPE,102.407,Sinfxl,P-59860c89738c2525,8,4535256.0,94.951,92.72,0.0,0.0,0.0,10993.0,,,,,,,,,,
XvwLCVdhJKY73zHr,13,Sszorak,3420,WIPE,102.407,Ämon,P-26f181f915fe34c3,21,4537240.0,96.935,94.66,0.0,0.0,273021.0,2952.0,Melee,1,1.0,inv_axe_02.jpg,157,False,503834.0,556807.0,1333662.0,0.0
XvwLCVdhJKY73zHr,13,Sszorak,3420,WIPE,102.407,Lìllith,P-093da9358d901c39,16,4537461.0,97.156,94.87,0.0,0.0,0.0,11006.0,,,,,,,,,,
XvwLCVdhJKY73zHr,13,Sszorak,3420,WIPE,102.407,Cainz,P-92aaa9e9d4ac9a58,12,4539094.0,98.789,96.47,0.0,0.0,0.0,29509.0,,,,,,,,,,
XvwLCVdhJKY73zHr,13,Sszorak,3420,WIPE,102.407,Sälazar,P-448597313370c1df,6,4539095.0,98.79,96.47,0.0,0.0,657108.0,0.0,Melee,1,1.0,inv_axe_02.jpg,157,False,320376.0,221193.0,1307286.0,108609.0
XvwLCVdhJKY73zHr,13,Sszorak,3420,WIPE,102.407,Greyseer,P-146fcdef511d70d4,27,4540304.0,99.999,97.65,0.0,0.0,46957.0,13391.0,Ula'tek's Presence,1285965,8.0,achievement_dungeon_templeofsethraliss.jpg,,False,2567.0,12270.0,61794.0,0.0
XvwLCVdhJKY73zHr,13,Sszorak,3420,WIPE,102.407,Monfro,P-930377bb7fd85d97,2,4540306.0,100.001,97.65,0.0,0.0,32610.0,0.0,Ula'tek's Presence,1285965,8.0,achievement_dungeon_templeofsethraliss.jpg,,False,20136.0,9048.0,61794.0,0.0
XvwLCVdhJKY73zHr,14,Sszorak,3420,WIPE,120.087,Stellanoova,P-6168b2209e9e02a1,17,4723478.0,64.835,53.99,0.0,0.0,4240225.0,0.0,Mutilate,1285999,8.0,inv_ability_poison_missile.jpg,157,False,1097056.0,3164592.0,12056762.0,3554889.0
XvwLCVdhJKY73zHr,14,Sszorak,3420,WIPE,120.087,Ämon,P-26f181f915fe34c3,21,4759198.0,100.555,83.74,0.0,0.0,962.0,4563.0,Viscous Cyst,1287205,8.0,inv_ability_poison_nova.jpg,157,False,283425.0,55479.0,339866.0,0.0
XvwLCVdhJKY73zHr,14,Sszorak,3420,WIPE,120.087,Sinfxl,P-59860c89738c2525,8,4759199.0,100.556,83.74,0.0,0.0,64945.0,6580.0,Viscous Cyst,1287205,8.0,inv_ability_poison_nova.jpg,157,False,158417.0,91686.0,339866.0,24818.0
XvwLCVdhJKY73zHr,14,Sszorak,3420,WIPE,120.087,Averlis,P-77b140a1e9d7fba2,33,4760387.0,101.744,84.73,0.0,0.0,130183.0,9743.0,Viscous Cyst,1287205,8.0,inv_ability_poison_nova.jpg,157,False,137903.0,71780.0,339866.0,0.0
XvwLCVdhJKY73zHr,14,Sszorak,3420,WIPE,120.087,Novachronos,P-d8e2e25f74d6a935,10,4760388.0,101.745,84.73,0.0,0.0,8322.0,23749.0,Viscous Cyst,1287205,8.0,inv_ability_poison_nova.jpg,157,False,188531.0,58648.0,339866.0,84365.0
XvwLCVdhJKY73zHr,14,Sszorak,3420,WIPE,120.087,Mets,P-0535c10c91d1eeda,39,4760389.0,101.746,84.73,0.0,0.0,70783.0,13421.0,Viscous Cyst,1287205,8.0,inv_ability_poison_nova.jpg,157,False,64829.0,68642.0,339866.0,135612.0
XvwLCVdhJKY73zHr,14,Sszorak,3420,WIPE,120.087,Maztajake,P-dc96b65209ad25d3,96,4760390.0,101.747,84.73,0.0,0.0,237917.0,45740.0,Viscous Cyst,1287205,8.0,inv_ability_poison_nova.jpg,157,False,40954.0,60995.0,339866.0,0.0
XvwLCVdhJKY73zHr,14,Sszorak,3420,WIPE,120.087,Spàdes,P-4b77dd2f26623c73,47,4760390.0,101.747,84.73,0.0,0.0,3349.0,5731.0,Viscous Cyst,1287205,8.0,inv_ability_poison_nova.jpg,157,False,249400.0,87117.0,339866.0,0.0
XvwLCVdhJKY73zHr,14,Sszorak,3420,WIPE,120.087,Greyseer,P-146fcdef511d70d4,27,4760641.0,101.998,84.94,0.0,0.0,35142.0,11704.0,Ula'tek's Presence,1285965,8.0,achievement_dungeon_templeofsethraliss.jpg,,False,9787.0,16865.0,61794.0,0.0
XvwLCVdhJKY73zHr,14,Sszorak,3420,WIPE,120.087,Asharia,P-baca25d85259e955,9,4761403.0,102.76,85.57,0.0,0.0,161549.0,5426.0,Viscous Cyst,1287205,8.0,inv_ability_poison_nova.jpg,157,False,41681.0,120858.0,339866.0,15778.0
XvwLCVdhJKY73zHr,14,Sszorak,3420,WIPE,120.087,Boomchicky,P-df9f05cc370f53e8,23,4761404.0,102.761,85.57,0.0,0.0,186284.0,16778.0,Viscous Cyst,1287205,8.0,inv_ability_poison_nova.jpg,157,False,51758.0,101824.0,339866.0,0.0
XvwLCVdhJKY73zHr,14,Sszorak,3420,WIPE,120.087,Cainz,P-92aaa9e9d4ac9a58,12,4761404.0,102.761,85.57,0.0,0.0,36222.0,7465.0,Viscous Cyst,1287205,8.0,inv_ability_poison_nova.jpg,157,False,5676.0,297968.0,339866.0,0.0
XvwLCVdhJKY73zHr,14,Sszorak,3420,WIPE,120.087,Chontosh,P-81cad9c290ac9716,140,4761405.0,102.762,85.57,0.0,0.0,71917.0,2207.0,Viscous Cyst,1287205,8.0,inv_ability_poison_nova.jpg,157,False,179968.0,87981.0,339866.0,0.0
XvwLCVdhJKY73zHr,14,Sszorak,3420,WIPE,120.087,Tavendar,P-dd48d38ee5e5c55c,5,4762217.0,103.574,86.25,0.0,0.0,34777.0,11581.0,Viscous Cyst,1287205,8.0,inv_ability_poison_nova.jpg,157,False,12981.0,45352.0,111228.0,18118.0
XvwLCVdhJKY73zHr,14,Sszorak,3420,WIPE,120.087,Lìllith,P-093da9358d901c39,16,4762370.0,103.727,86.38,0.0,0.0,0.0,6258.0,,,,,,,,,,
XvwLCVdhJKY73zHr,14,Sszorak,3420,WIPE,120.087,Sälazar,P-448597313370c1df,6,4762961.0,104.318,86.87,0.0,0.0,9234.0,24343.0,Raging Crosswinds,1285616,8.0,ability_skyreach_wind.jpg,157,False,146043.0,136440.0,308969.0,17252.0
XvwLCVdhJKY73zHr,14,Sszorak,3420,WIPE,120.087,Grapeinator,P-e9906bf4e7d251b8,3,4764790.0,106.147,88.39,0.0,0.0,0.0,29562.0,,,,,,,,,,
XvwLCVdhJKY73zHr,14,Sszorak,3420,WIPE,120.087,Littlejohn,P-fe200ff8c0c12962,15,4771158.0,112.515,93.69,0.0,0.0,0.0,7975.0,,,,,,,,,,
XvwLCVdhJKY73zHr,14,Sszorak,3420,WIPE,120.087,Stellanoova,P-6168b2209e9e02a1,17,4771425.0,112.782,93.92,0.0,0.0,0.0,10005.0,,,,,,,,,,
XvwLCVdhJKY73zHr,14,Sszorak,3420,WIPE,120.087,Shinier,P-fa0288594047c1a1,7,4772098.0,113.455,94.48,0.0,0.0,0.0,14511.0,,,,,,,,,,
XvwLCVdhJKY73zHr,14,Sszorak,3420,WIPE,120.087,Soliloquy,P-ace0c6b4dcb42bd6,49,4774570.0,115.927,96.54,0.0,0.0,0.0,23732.0,,,,,,,,,,
XvwLCVdhJKY73zHr,14,Sszorak,3420,WIPE,120.087,Monfro,P-930377bb7fd85d97,2,4775573.0,116.93,97.37,0.0,0.0,0.0,20512.0,,,,,,,,,,
XvwLCVdhJKY73zHr,15,Sszorak,3420,WIPE,155.624,Littlejohn,P-fe200ff8c0c12962,15,4953460.0,52.675,33.85,0.0,0.0,6042.0,7530.0,Tempest,1287083,8.0,inv_ability_poison_beam.jpg,157,False,74046.0,25093.0,148305.0,43124.0
XvwLCVdhJKY73zHr,15,Sszorak,3420,WIPE,155.624,Novachronos,P-d8e2e25f74d6a935,10,4959077.0,58.292,37.46,0.0,0.0,0.0,29387.0,,,,,,,,,,
XvwLCVdhJKY73zHr,15,Sszorak,3420,WIPE,155.624,Monfro,P-930377bb7fd85d97,2,4959078.0,58.293,37.46,0.0,0.0,0.0,7988.0,,,,,,,,,,
XvwLCVdhJKY73zHr,15,Sszorak,3420,WIPE,155.624,Lìllith,P-093da9358d901c39,16,4959596.0,58.811,37.79,0.0,0.0,0.0,13240.0,,,,,,,,,,
XvwLCVdhJKY73zHr,15,Sszorak,3420,WIPE,155.624,Sälazar,P-448597313370c1df,6,4963423.0,62.638,40.25,0.0,0.0,0.0,28993.0,,,,,,,,,,
XvwLCVdhJKY73zHr,15,Sszorak,3420,WIPE,155.624,Averlis,P-77b140a1e9d7fba2,33,5018648.0,117.863,75.74,0.0,0.0,43771.0,7846.0,Viscous Cyst,1287205,8.0,inv_ability_poison_nova.jpg,157,False,14721.0,15660.0,74152.0,0.0
XvwLCVdhJKY73zHr,15,Sszorak,3420,WIPE,155.624,Maztajake,P-dc96b65209ad25d3,96,5018794.0,118.009,75.83,0.0,0.0,10595.0,6020.0,Ula'tek's Presence,1285965,8.0,achievement_dungeon_templeofsethraliss.jpg,,False,40109.0,11090.0,61794.0,0.0
XvwLCVdhJKY73zHr,15,Sszorak,3420,WIPE,155.624,Sinfxl,P-59860c89738c2525,8,5027585.0,126.8,81.48,0.0,0.0,0.0,6863.0,,,,,,,,,,
XvwLCVdhJKY73zHr,15,Sszorak,3420,WIPE,155.624,Mets,P-0535c10c91d1eeda,39,5027977.0,127.192,81.73,0.0,0.0,0.0,1001.0,,,,,,,,,,
XvwLCVdhJKY73zHr,15,Sszorak,3420,WIPE,155.624,Greyseer,P-146fcdef511d70d4,27,5028195.0,127.41,81.87,0.0,0.0,0.0,1979.0,,,,,,,,,,
XvwLCVdhJKY73zHr,15,Sszorak,3420,WIPE,155.624,Grapeinator,P-e9906bf4e7d251b8,3,5028297.0,127.512,81.94,0.0,0.0,0.0,1978.0,,,,,,,,,,
XvwLCVdhJKY73zHr,15,Sszorak,3420,WIPE,155.624,Stellanoova,P-6168b2209e9e02a1,17,5047883.0,147.098,94.52,0.0,0.0,0.0,5501.0,,,,,,,,,,
XvwLCVdhJKY73zHr,15,Sszorak,3420,WIPE,155.624,Asharia,P-baca25d85259e955,9,5047980.0,147.195,94.58,0.0,0.0,0.0,0.0,,,,,,,,,,
XvwLCVdhJKY73zHr,15,Sszorak,3420,WIPE,155.624,Boomchicky,P-df9f05cc370f53e8,23,5048212.0,147.427,94.73,0.0,0.0,0.0,0.0,,,,,,,,,,
XvwLCVdhJKY73zHr,15,Sszorak,3420,WIPE,155.624,Cainz,P-92aaa9e9d4ac9a58,12,5049084.0,148.299,95.29,0.0,0.0,0.0,0.0,,,,,,,,,,
XvwLCVdhJKY73zHr,15,Sszorak,3420,WIPE,155.624,Shinier,P-fa0288594047c1a1,7,5049989.0,149.204,95.87,0.0,0.0,0.0,5004.0,,,,,,,,,,
XvwLCVdhJKY73zHr,15,Sszorak,3420,WIPE,155.624,Soliloquy,P-ace0c6b4dcb42bd6,49,5050965.0,150.18,96.5,0.0,0.0,0.0,3986.0,,,,,,,,,,
XvwLCVdhJKY73zHr,15,Sszorak,3420,WIPE,155.624,Decayed,P-584cf7139227dcac,4,5051484.0,150.699,96.84,0.0,0.0,0.0,3988.0,,,,,,,,,,
XvwLCVdhJKY73zHr,15,Sszorak,3420,WIPE,155.624,Chontosh,P-81cad9c290ac9716,140,5052405.0,151.62,97.43,0.0,0.0,0.0,5996.0,,,,,,,,,,
XvwLCVdhJKY73zHr,15,Sszorak,3420,WIPE,155.624,Spàdes,P-4b77dd2f26623c73,47,5052740.0,151.955,97.64,0.0,0.0,0.0,7993.0,,,,,,,,,,
XvwLCVdhJKY73zHr,15,Sszorak,3420,WIPE,155.624,Tavendar,P-dd48d38ee5e5c55c,5,5053405.0,152.62,98.07,0.0,0.0,0.0,5996.0,,,,,,,,,,
XvwLCVdhJKY73zHr,15,Sszorak,3420,WIPE,155.624,Ämon,P-26f181f915fe34c3,21,5054079.0,153.294,98.5,0.0,0.0,0.0,7999.0,,,,,,,,,,
XvwLCVdhJKY73zHr,16,Sszorak,3420,WIPE,83.69,Ämon,P-26f181f915fe34c3,21,5315216.0,52.127,62.29,0.0,0.0,89828.0,6944.0,Raging Crosswinds,1285616,8.0,ability_skyreach_wind.jpg,157,False,168706.0,50435.0,308969.0,0.0
XvwLCVdhJKY73zHr,16,Sszorak,3420,WIPE,83.69,Greyseer,P-146fcdef511d70d4,27,5315217.0,52.128,62.29,0.0,0.0,96454.0,7035.0,Raging Crosswinds,1285616,8.0,ability_skyreach_wind.jpg,157,False,151165.0,61350.0,308969.0,0.0
XvwLCVdhJKY73zHr,16,Sszorak,3420,WIPE,83.69,Lìllith,P-093da9358d901c39,16,5321236.0,58.147,69.48,0.0,0.0,0.0,13000.0,,,,,,,,,,
XvwLCVdhJKY73zHr,16,Sszorak,3420,WIPE,83.69,Decayed,P-584cf7139227dcac,4,5321493.0,58.404,69.79,0.0,0.0,0.0,2000.0,,,,,,,,,,
XvwLCVdhJKY73zHr,16,Sszorak,3420,WIPE,83.69,Soliloquy,P-ace0c6b4dcb42bd6,49,5321964.0,58.875,70.35,0.0,0.0,0.0,0.0,,,,,,,,,,
XvwLCVdhJKY73zHr,16,Sszorak,3420,WIPE,83.69,Boomchicky,P-df9f05cc370f53e8,23,5323900.0,60.811,72.66,0.0,0.0,1981029.0,0.0,Mutilate,1285999,8.0,inv_ability_poison_missile.jpg,157,False,835707.0,1023754.0,3840490.0,0.0
XvwLCVdhJKY73zHr,16,Sszorak,3420,WIPE,83.69,Cainz,P-92aaa9e9d4ac9a58,12,5323900.0,60.811,72.66,0.0,0.0,637395.0,0.0,Mutilate,1285999,8.0,inv_ability_poison_missile.jpg,157,False,769220.0,567138.0,3840490.0,1866737.0
XvwLCVdhJKY73zHr,16,Sszorak,3420,WIPE,83.69,Stellanoova,P-6168b2209e9e02a1,17,5323900.0,60.811,72.66,0.0,0.0,411934.0,0.0,Mutilate,1285999,8.0,inv_ability_poison_missile.jpg,157,False,1102200.0,858953.0,3840490.0,1467403.0
XvwLCVdhJKY73zHr,16,Sszorak,3420,WIPE,83.69,Littlejohn,P-fe200ff8c0c12962,15,5327879.0,64.79,77.42,0.0,0.0,255245.0,19564.0,Ravage,1277101,1.0,inv_10_specialreagentfoozles_tuskclaw-black.jpg,157,False,483119.0,792819.0,2162786.0,631603.0
XvwLCVdhJKY73zHr,16,Sszorak,3420,WIPE,83.69,Grapeinator,P-e9906bf4e7d251b8,3,5327880.0,64.791,77.42,0.0,0.0,799081.0,0.0,Ravage,1277101,1.0,inv_10_specialreagentfoozles_tuskclaw-black.jpg,157,False,440846.0,903817.0,2162786.0,19042.0
XvwLCVdhJKY73zHr,16,Sszorak,3420,WIPE,83.69,Chontosh,P-81cad9c290ac9716,140,5327881.0,64.792,77.42,0.0,0.0,365727.0,0.0,Ravage,1277101,1.0,inv_10_specialreagentfoozles_tuskclaw-black.jpg,157,False,454031.0,1017079.0,2162786.0,325949.0
XvwLCVdhJKY73zHr,16,Sszorak,3420,WIPE,83.69,Asharia,P-baca25d85259e955,9,5330152.0,67.063,80.13,0.0,0.0,11569.0,23079.0,Tempest,1287083,8.0,inv_ability_poison_beam.jpg,157,False,125686.0,48127.0,185382.0,0.0
XvwLCVdhJKY73zHr,16,Sszorak,3420,WIPE,83.69,Sinfxl,P-59860c89738c2525,8,5331881.0,68.792,82.2,0.0,0.0,5791343.0,0.0,Mutilate,1285999,8.0,inv_ability_poison_missile.jpg,157,False,582898.0,4308105.0,11521471.0,839125.0
XvwLCVdhJKY73zHr,16,Sszorak,3420,WIPE,83.69,Mets,P-0535c10c91d1eeda,39,5332700.0,69.611,83.18,0.0,0.0,0.0,25985.0,,,,,,,,,,
XvwLCVdhJKY73zHr,16,Sszorak,3420,WIPE,83.69,Spàdes,P-4b77dd2f26623c73,47,5333816.0,70.727,84.51,0.0,0.0,0.0,8002.0,,,,,,,,,,
XvwLCVdhJKY73zHr,16,Sszorak,3420,WIPE,83.69,Shinier,P-fa0288594047c1a1,7,5333987.0,70.898,84.72,0.0,0.0,0.0,0.0,,,,,,,,,,
XvwLCVdhJKY73zHr,16,Sszorak,3420,WIPE,83.69,Tavendar,P-dd48d38ee5e5c55c,5,5335720.0,72.631,86.79,0.0,0.0,0.0,25991.0,,,,,,,,,,
XvwLCVdhJKY73zHr,16,Sszorak,3420,WIPE,83.69,Sälazar,P-448597313370c1df,6,5339911.0,76.822,91.79,0.0,0.0,0.0,18005.0,,,,,,,,,,
XvwLCVdhJKY73zHr,16,Sszorak,3420,WIPE,83.69,Averlis,P-77b140a1e9d7fba2,33,5340355.0,77.266,92.32,0.0,0.0,74464.0,0.0,Ravage,1277101,1.0,inv_10_specialreagentfoozles_tuskclaw-black.jpg,157,False,796717.0,907068.0,2162786.0,384537.0
XvwLCVdhJKY73zHr,16,Sszorak,3420,WIPE,83.69,Monfro,P-930377bb7fd85d97,2,5341142.0,78.053,93.26,0.0,0.0,0.0,12000.0,,,,,,,,,,
XvwLCVdhJKY73zHr,16,Sszorak,3420,WIPE,83.69,Novachronos,P-d8e2e25f74d6a935,10,5341678.0,78.589,93.9,0.0,0.0,0.0,4022.0,,,,,,,,,,
XvwLCVdhJKY73zHr,17,Sszorak,3420,WIPE,114.21,Greyseer,P-146fcdef511d70d4,27,5569212.0,87.994,77.05,0.0,0.0,17607.0,10024.0,Ula'tek's Presence,1285965,8.0,achievement_dungeon_templeofsethraliss.jpg,,False,8287.0,16865.0,61794.0,19035.0
XvwLCVdhJKY73zHr,17,Sszorak,3420,WIPE,114.21,Soliloquy,P-ace0c6b4dcb42bd6,49,5571395.0,90.177,78.96,0.0,0.0,13639.0,12851.0,Tempest,1287083,8.0,inv_ability_poison_beam.jpg,157,False,81566.0,28383.0,123588.0,0.0
XvwLCVdhJKY73zHr,17,Sszorak,3420,WIPE,114.21,Shinier,P-fa0288594047c1a1,7,5587371.0,106.153,92.95,0.0,0.0,30636.0,4142.0,Viscous Cyst,1287205,8.0,inv_ability_poison_nova.jpg,157,False,250666.0,58564.0,339866.0,0.0
XvwLCVdhJKY73zHr,17,Sszorak,3420,WIPE,114.21,Mets,P-0535c10c91d1eeda,39,5587372.0,106.154,92.95,0.0,0.0,98972.0,8522.0,Viscous Cyst,1287205,8.0,inv_ability_poison_nova.jpg,157,False,172253.0,68641.0,339866.0,0.0
XvwLCVdhJKY73zHr,17,Sszorak,3420,WIPE,114.21,Asharia,P-baca25d85259e955,9,5588673.0,107.455,94.09,0.0,0.0,85958.0,9476.0,Viscous Cyst,1287205,8.0,inv_ability_poison_nova.jpg,157,False,100717.0,98459.0,339866.0,54732.0
XvwLCVdhJKY73zHr,17,Sszorak,3420,WIPE,114.21,Sinfxl,P-59860c89738c2525,8,5588674.0,107.456,94.09,0.0,0.0,97207.0,8469.0,Viscous Cyst,1287205,8.0,inv_ability_poison_nova.jpg,157,False,114987.0,104095.0,339866.0,23577.0
XvwLCVdhJKY73zHr,17,Sszorak,3420,WIPE,114.21,Cainz,P-92aaa9e9d4ac9a58,12,5589227.0,108.009,94.57,0.0,0.0,39457.0,2007.0,Ula'tek's Presence,1285965,8.0,achievement_dungeon_templeofsethraliss.jpg,,False,15984.0,6353.0,61794.0,0.0
XvwLCVdhJKY73zHr,17,Sszorak,3420,WIPE,114.21,Ämon,P-26f181f915fe34c3,21,5589991.0,108.773,95.24,0.0,0.0,0.0,6147.0,,,,,,,,,,
XvwLCVdhJKY73zHr,17,Sszorak,3420,WIPE,114.21,Mypriiest,P-78c2f253b8a33ced,22,5589992.0,108.774,95.24,0.0,0.0,0.0,2161.0,,,,,,,,,,
XvwLCVdhJKY73zHr,17,Sszorak,3420,WIPE,114.21,Tavendar,P-dd48d38ee5e5c55c,5,5590262.0,109.044,95.48,0.0,0.0,0.0,4151.0,,,,,,,,,,
XvwLCVdhJKY73zHr,17,Sszorak,3420,WIPE,114.21,Lìllith,P-093da9358d901c39,16,5590303.0,109.085,95.51,0.0,0.0,0.0,11020.0,,,,,,,,,,
XvwLCVdhJKY73zHr,17,Sszorak,3420,WIPE,114.21,Spàdes,P-4b77dd2f26623c73,47,5590303.0,109.085,95.51,0.0,0.0,0.0,4151.0,,,,,,,,,,
XvwLCVdhJKY73zHr,17,Sszorak,3420,WIPE,114.21,Chontosh,P-81cad9c290ac9716,140,5590382.0,109.164,95.58,0.0,0.0,38976.0,9157.0,Viscous Cyst,1287205,8.0,inv_ability_poison_nova.jpg,157,False,13241.0,19053.0,74152.0,2882.0
XvwLCVdhJKY73zHr,17,Sszorak,3420,WIPE,114.21,Novachronos,P-d8e2e25f74d6a935,10,5590470.0,109.252,95.66,0.0,0.0,0.0,3180.0,,,,,,,,,,
XvwLCVdhJKY73zHr,17,Sszorak,3420,WIPE,114.21,Grapeinator,P-e9906bf4e7d251b8,3,5591125.0,109.907,96.23,0.0,0.0,0.0,7642.0,,,,,,,,,,
XvwLCVdhJKY73zHr,17,Sszorak,3420,WIPE,114.21,Sälazar,P-448597313370c1df,6,5591361.0,110.143,96.44,0.0,0.0,40223.0,5153.0,Viscous Cyst,1287205,8.0,inv_ability_poison_nova.jpg,157,False,13826.0,14098.0,74152.0,6005.0
XvwLCVdhJKY73zHr,17,Sszorak,3420,WIPE,114.21,Monfro,P-930377bb7fd85d97,2,5591374.0,110.156,96.45,0.0,0.0,0.0,10690.0,,,,,,,,,,
XvwLCVdhJKY73zHr,17,Sszorak,3420,WIPE,114.21,Decayed,P-584cf7139227dcac,4,5591472.0,110.254,96.54,0.0,0.0,0.0,4175.0,,,,,,,,,,
XvwLCVdhJKY73zHr,17,Sszorak,3420,WIPE,114.21,Averlis,P-77b140a1e9d7fba2,33,5591570.0,110.352,96.62,0.0,0.0,0.0,4176.0,,,,,,,,,,
XvwLCVdhJKY73zHr,17,Sszorak,3420,WIPE,114.21,Stellanoova,P-6168b2209e9e02a1,17,5591667.0,110.449,96.71,0.0,0.0,0.0,10690.0,,,,,,,,,,
XvwLCVdhJKY73zHr,17,Sszorak,3420,WIPE,114.21,Boomchicky,P-df9f05cc370f53e8,23,5591763.0,110.545,96.79,0.0,0.0,0.0,10149.0,,,,,,,,,,
XvwLCVdhJKY73zHr,17,Sszorak,3420,WIPE,114.21,Littlejohn,P-fe200ff8c0c12962,15,5595214.0,113.996,99.81,0.0,0.0,1856.0,11991.0,Ula'tek's Presence,1285965,8.0,achievement_dungeon_templeofsethraliss.jpg,,False,30430.0,12124.0,61794.0,17384.0
XvwLCVdhJKY73zHr,18,Sszorak,3420,WIPE,138.249,Mets,P-0535c10c91d1eeda,39,5813371.0,104.348,75.48,0.0,0.0,44682.0,10348.0,Raging Crosswinds,1285616,8.0,ability_skyreach_wind.jpg,157,False,201886.0,62401.0,308969.0,0.0
XvwLCVdhJKY73zHr,18,Sszorak,3420,WIPE,138.249,Asharia,P-baca25d85259e955,9,5816714.0,107.691,77.9,0.0,0.0,74242.0,10186.0,Tempest,1287083,8.0,inv_ability_poison_beam.jpg,157,False,26355.0,47708.0,148305.0,0.0
XvwLCVdhJKY73zHr,18,Sszorak,3420,WIPE,138.249,Averlis,P-77b140a1e9d7fba2,33,5817309.0,108.286,78.33,0.0,0.0,23520.0,14285.0,Viscous Cyst,1287205,8.0,inv_ability_poison_nova.jpg,157,False,221091.0,95255.0,339866.0,0.0
XvwLCVdhJKY73zHr,18,Sszorak,3420,WIPE,138.249,Ämon,P-26f181f915fe34c3,21,5818388.0,109.365,79.11,0.0,0.0,169512.0,12029.0,Viscous Cyst,1287205,8.0,inv_ability_poison_nova.jpg,157,False,88489.0,81865.0,339866.0,0.0
XvwLCVdhJKY73zHr,18,Sszorak,3420,WIPE,138.249,Greyseer,P-146fcdef511d70d4,27,5818389.0,109.366,79.11,0.0,0.0,108835.0,15364.0,Viscous Cyst,1287205,8.0,inv_ability_poison_nova.jpg,157,False,128840.0,102191.0,339866.0,0.0
XvwLCVdhJKY73zHr,18,Sszorak,3420,WIPE,138.249,Sälazar,P-448597313370c1df,6,5818389.0,109.366,79.11,0.0,0.0,104851.0,8370.0,Viscous Cyst,1287205,8.0,inv_ability_poison_nova.jpg,157,False,49914.0,114500.0,339866.0,70601.0
XvwLCVdhJKY73zHr,18,Sszorak,3420,WIPE,138.249,Boomchicky,P-df9f05cc370f53e8,23,5818390.0,109.367,79.11,0.0,0.0,65780.0,23378.0,Viscous Cyst,1287205,8.0,inv_ability_poison_nova.jpg,157,False,172263.0,101823.0,339866.0,0.0
XvwLCVdhJKY73zHr,18,Sszorak,3420,WIPE,138.249,Soliloquy,P-ace0c6b4dcb42bd6,49,5818391.0,109.368,79.11,0.0,0.0,68986.0,9879.0,Viscous Cyst,1287205,8.0,inv_ability_poison_nova.jpg,157,False,206607.0,64273.0,339866.0,0.0
XvwLCVdhJKY73zHr,18,Sszorak,3420,WIPE,138.249,Lìllith,P-093da9358d901c39,16,5818670.0,109.647,79.31,0.0,0.0,39894.0,12145.0,Tempest,1287083,8.0,inv_ability_poison_beam.jpg,157,False,4916.0,12006.0,61794.0,4978.0
XvwLCVdhJKY73zHr,18,Sszorak,3420,WIPE,138.249,Littlejohn,P-fe200ff8c0c12962,15,5819978.0,110.955,80.26,0.0,0.0,0.0,3361.0,Falling,3,1.0,inv_axe_02.jpg,,,,,,
XvwLCVdhJKY73zHr,18,Sszorak,3420,WIPE,138.249,Novachronos,P-d8e2e25f74d6a935,10,5820096.0,111.073,80.34,0.0,0.0,33158.0,15058.0,Viscous Cyst,1287205,8.0,inv_ability_poison_nova.jpg,157,False,1.0,27733.0,111228.0,54271.0
XvwLCVdhJKY73zHr,18,Sszorak,3420,WIPE,138.249,Spàdes,P-4b77dd2f26623c73,47,5820097.0,111.074,80.34,0.0,0.0,52167.0,4015.0,Viscous Cyst,1287205,8.0,inv_ability_poison_nova.jpg,157,False,19460.0,36576.0,111228.0,3025.0
XvwLCVdhJKY73zHr,18,Sszorak,3420,WIPE,138.249,Monfro,P-930377bb7fd85d97,2,5821220.0,112.197,81.16,0.0,0.0,0.0,22050.0,,,,,,,,,,
XvwLCVdhJKY73zHr,18,Sszorak,3420,WIPE,138.249,Chontosh,P-81cad9c290ac9716,140,5821289.0,112.266,81.21,0.0,0.0,0.0,14558.0,,,,,,,,,,
XvwLCVdhJKY73zHr,18,Sszorak,3420,WIPE,138.249,Sinfxl,P-59860c89738c2525,8,5821289.0,112.266,81.21,0.0,0.0,0.0,3759.0,,,,,,,,,,
XvwLCVdhJKY73zHr,18,Sszorak,3420,WIPE,138.249,Decayed,P-584cf7139227dcac,4,5821393.0,112.37,81.28,0.0,0.0,0.0,6037.0,,,,,,,,,,
XvwLCVdhJKY73zHr,18,Sszorak,3420,WIPE,138.249,Cainz,P-92aaa9e9d4ac9a58,12,5821595.0,112.572,81.43,0.0,0.0,0.0,4986.0,,,,,,,,,,
XvwLCVdhJKY73zHr,18,Sszorak,3420,WIPE,138.249,Stellanoova,P-6168b2209e9e02a1,17,5821655.0,112.632,81.47,0.0,0.0,0.0,14486.0,,,,,,,,,,
XvwLCVdhJKY73zHr,18,Sszorak,3420,WIPE,138.249,Shinier,P-fa0288594047c1a1,7,5829014.0,119.991,86.79,0.0,0.0,0.0,0.0,,,,,,,,,,
XvwLCVdhJKY73zHr,18,Sszorak,3420,WIPE,138.249,Grapeinator,P-e9906bf4e7d251b8,3,5830620.0,121.597,87.96,0.0,0.0,0.0,0.0,,,,,,,,,,
XvwLCVdhJKY73zHr,18,Sszorak,3420,WIPE,138.249,Tavendar,P-dd48d38ee5e5c55c,5,5836040.0,127.017,91.88,0.0,0.0,0.0,29221.0,,,,,,,,,,
XvwLCVdhJKY73zHr,18,Sszorak,3420,WIPE,138.249,Mypriiest,P-78c2f253b8a33ced,22,5847105.0,138.082,99.88,0.0,0.0,0.0,16001.0,,,,,,,,,,
XvwLCVdhJKY73zHr,19,Sszorak,3420,WIPE,438.453,Chontosh,P-81cad9c290ac9716,140,6142171.0,146.75,33.47,0.0,0.0,446396.0,0.0,Ravage,1277101,1.0,inv_10_specialreagentfoozles_tuskclaw-black.jpg,157,False,734745.0,981645.0,2162786.0,0.0
XvwLCVdhJKY73zHr,19,Sszorak,3420,WIPE,438.453,Greyseer,P-146fcdef511d70d4,27,6154667.0,159.246,36.32,0.0,0.0,120264.0,5830.0,Mutilate,1285999,8.0,inv_ability_poison_missile.jpg,157,False,221726.0,84731.0,426721.0,0.0
XvwLCVdhJKY73zHr,19,Sszorak,3420,WIPE,438.453,Spàdes,P-4b77dd2f26623c73,47,6154668.0,159.247,36.32,0.0,0.0,8854.0,23798.0,Mutilate,1285999,8.0,inv_ability_poison_missile.jpg,157,False,306837.0,111030.0,426721.0,0.0
XvwLCVdhJKY73zHr,19,Sszorak,3420,WIPE,438.453,Ämon,P-26f181f915fe34c3,21,6186262.0,190.841,43.53,0.0,0.0,14244.0,7591.0,Tempest,1287083,8.0,inv_ability_poison_beam.jpg,157,False,87596.0,21748.0,123588.0,0.0
XvwLCVdhJKY73zHr,19,Sszorak,3420,WIPE,438.453,Novachronos,P-d8e2e25f74d6a935,10,6186328.0,190.907,43.54,0.0,0.0,38383.0,10916.0,Tempest,1287083,8.0,inv_ability_poison_beam.jpg,157,False,59390.0,14952.0,123588.0,10863.0
XvwLCVdhJKY73zHr,19,Sszorak,3420,WIPE,438.453,Soliloquy,P-ace0c6b4dcb42bd6,49,6194389.0,198.968,45.38,0.0,0.0,226831.0,0.0,Ravage,1277101,1.0,inv_10_specialreagentfoozles_tuskclaw-black.jpg,157,False,881760.0,885892.0,2162786.0,168303.0
XvwLCVdhJKY73zHr,19,Sszorak,3420,WIPE,438.453,Averlis,P-77b140a1e9d7fba2,33,6251290.0,255.869,58.36,0.0,0.0,0.0,3055.0,,,,,,,,,,
XvwLCVdhJKY73zHr,19,Sszorak,3420,WIPE,438.453,Littlejohn,P-fe200ff8c0c12962,15,6264385.0,268.964,61.34,0.0,0.0,0.0,0.0,,,,,,,,,,
XvwLCVdhJKY73zHr,19,Sszorak,3420,WIPE,438.453,Cainz,P-92aaa9e9d4ac9a58,12,6345027.0,349.606,79.74,0.0,0.0,747727.0,0.0,Ravage,1277101,1.0,inv_10_specialreagentfoozles_tuskclaw-black.jpg,157,False,769220.0,645839.0,2162786.0,0.0
XvwLCVdhJKY73zHr,19,Sszorak,3420,WIPE,438.453,Mets,P-0535c10c91d1eeda,39,6345027.0,349.606,79.74,0.0,0.0,514563.0,0.0,Ravage,1277101,1.0,inv_10_specialreagentfoozles_tuskclaw-black.jpg,157,False,948990.0,699233.0,2162786.0,0.0
XvwLCVdhJKY73zHr,19,Sszorak,3420,WIPE,438.453,Chontosh,P-81cad9c290ac9716,140,6345028.0,349.607,79.74,0.0,0.0,443381.0,0.0,Ravage,1277101,1.0,inv_10_specialreagentfoozles_tuskclaw-black.jpg,157,False,695790.0,1023615.0,2162786.0,0.0
XvwLCVdhJKY73zHr,19,Sszorak,3420,WIPE,438.453,Sinfxl,P-59860c89738c2525,8,6349035.0,353.614,80.65,0.0,0.0,1160816.0,0.0,Mutilate,1285999,8.0,inv_ability_poison_missile.jpg,157,False,757420.0,1709117.0,3840490.0,213137.0
XvwLCVdhJKY73zHr,19,Sszorak,3420,WIPE,438.453,Stellanoova,P-6168b2209e9e02a1,17,6349035.0,353.614,80.65,0.0,0.0,753687.0,0.0,Mutilate,1285999,8.0,inv_ability_poison_missile.jpg,157,False,1102200.0,905029.0,3840490.0,1079574.0
XvwLCVdhJKY73zHr,19,Sszorak,3420,WIPE,438.453,Lìllith,P-093da9358d901c39,16,6349036.0,353.615,80.65,0.0,0.0,1587870.0,0.0,Mutilate,1285999,8.0,inv_ability_poison_missile.jpg,157,False,697034.0,895161.0,3840490.0,660425.0
XvwLCVdhJKY73zHr,19,Sszorak,3420,WIPE,438.453,Shinier,P-fa0288594047c1a1,7,6383003.0,387.582,88.4,0.0,0.0,0.0,6197.0,,,,,,,,,,
XvwLCVdhJKY73zHr,19,Sszorak,3420,WIPE,438.453,Littlejohn,P-fe200ff8c0c12962,15,6410500.0,415.079,94.67,0.0,0.0,0.0,0.0,,,,,,,,,,
XvwLCVdhJKY73zHr,19,Sszorak,3420,WIPE,438.453,Decayed,P-584cf7139227dcac,4,6411371.0,415.95,94.87,0.0,0.0,513255.0,0.0,Melee,1,1.0,inv_axe_02.jpg,157,False,1460960.0,5021298.0,7667331.0,671818.0
XvwLCVdhJKY73zHr,19,Sszorak,3420,WIPE,438.453,Asharia,P-baca25d85259e955,9,6413620.0,418.199,95.38,0.0,0.0,4059937.0,0.0,Melee,1,1.0,inv_axe_02.jpg,157,False,621367.0,2696128.0,7378791.0,1359.0
XvwLCVdhJKY73zHr,19,Sszorak,3420,WIPE,438.453,Grapeinator,P-e9906bf4e7d251b8,3,6413749.0,418.328,95.41,0.0,0.0,3241129.0,0.0,Melee,1,1.0,inv_axe_02.jpg,157,False,475014.0,3874484.0,7592518.0,1891.0
XvwLCVdhJKY73zHr,19,Sszorak,3420,WIPE,438.453,Mypriiest,P-78c2f253b8a33ced,22,6418403.0,422.982,96.47,0.0,0.0,3241564.0,0.0,Mutilate,1285999,8.0,inv_ability_poison_missile.jpg,157,False,853668.0,1665503.0,5760735.0,0.0
XvwLCVdhJKY73zHr,19,Sszorak,3420,WIPE,438.453,Sälazar,P-448597313370c1df,6,6418404.0,422.983,96.47,0.0,0.0,2411970.0,0.0,Mutilate,1285999,8.0,inv_ability_poison_missile.jpg,157,False,605882.0,2407567.0,5760735.0,335316.0
XvwLCVdhJKY73zHr,19,Sszorak,3420,WIPE,438.453,Boomchicky,P-df9f05cc370f53e8,23,6418405.0,422.984,96.47,0.0,0.0,3325830.0,0.0,Mutilate,1285999,8.0,inv_ability_poison_missile.jpg,157,False,708995.0,1725910.0,5760735.0,0.0
XvwLCVdhJKY73zHr,19,Sszorak,3420,WIPE,438.453,Tavendar,P-dd48d38ee5e5c55c,5,6426405.0,430.984,98.3,0.0,0.0,266599728.0,0.0,Mutilate,1285999,8.0,inv_ability_poison_missile.jpg,157,False,826672.0,0.0,69128824.0,66867428.0
XvwLCVdhJKY73zHr,19,Sszorak,3420,WIPE,438.453,Monfro,P-930377bb7fd85d97,2,6433412.0,437.991,99.89,0.0,0.0,208325.0,11262.0,Ula'tek's Presence,1285965,8.0,achievement_dungeon_templeofsethraliss.jpg,,False,80513.0,81926.0,370764.0,0.0
XvwLCVdhJKY73zHr,21,Sszorak,3420,WIPE,74.171,Spàdes,P-4b77dd2f26623c73,47,6633867.0,33.145,44.69,0.0,0.0,152992.0,4040.0,Tempest,1287083,8.0,inv_ability_poison_beam.jpg,157,False,57930.0,36254.0,247176.0,0.0
XvwLCVdhJKY73zHr,21,Sszorak,3420,WIPE,74.171,Lìllith,P-093da9358d901c39,16,6640566.0,39.844,53.72,0.0,0.0,35282.0,5826.0,Tempest,1287083,8.0,inv_ability_poison_beam.jpg,157,False,55596.0,18099.0,123588.0,14611.0
XvwLCVdhJKY73zHr,21,Sszorak,3420,WIPE,74.171,Soliloquy,P-ace0c6b4dcb42bd6,49,6640850.0,40.128,54.1,0.0,0.0,16998.0,11024.0,Mutilated Gash,1285998,8.0,ability_rogue_venomouswounds.jpg,157,False,51088.0,8088.0,76174.0,0.0
XvwLCVdhJKY73zHr,21,Sszorak,3420,WIPE,74.171,Cainz,P-92aaa9e9d4ac9a58,12,6652882.0,52.16,70.32,0.0,0.0,209497.0,2173.0,Raging Crosswinds,1285616,8.0,ability_skyreach_wind.jpg,157,False,53845.0,45627.0,308969.0,0.0
XvwLCVdhJKY73zHr,21,Sszorak,3420,WIPE,74.171,Sinfxl,P-59860c89738c2525,8,6652882.0,52.16,70.32,0.0,0.0,169048.0,19316.0,Raging Crosswinds,1285616,8.0,ability_skyreach_wind.jpg,157,False,23856.0,94632.0,308969.0,21433.0
XvwLCVdhJKY73zHr,21,Sszorak,3420,WIPE,74.171,Boomchicky,P-df9f05cc370f53e8,23,6652883.0,52.161,70.33,0.0,0.0,127123.0,29040.0,Raging Crosswinds,1285616,8.0,ability_skyreach_wind.jpg,157,False,99484.0,82362.0,308969.0,0.0
XvwLCVdhJKY73zHr,21,Sszorak,3420,WIPE,74.171,Grapeinator,P-e9906bf4e7d251b8,3,6652883.0,52.161,70.33,0.0,0.0,4093.0,2173.0,Raging Crosswinds,1285616,8.0,ability_skyreach_wind.jpg,157,False,224368.0,80508.0,308969.0,0.0
XvwLCVdhJKY73zHr,21,Sszorak,3420,WIPE,74.171,Novachronos,P-d8e2e25f74d6a935,10,6653356.0,52.634,70.96,0.0,0.0,0.0,8343.0,,,,,,,,,,
XvwLCVdhJKY73zHr,21,Sszorak,3420,WIPE,74.171,Ämon,P-26f181f915fe34c3,21,6654086.0,53.364,71.95,0.0,0.0,33854.0,6081.0,Viscous Cyst,1287205,8.0,inv_ability_poison_nova.jpg,157,False,30113.0,10185.0,74152.0,0.0
XvwLCVdhJKY73zHr,21,Sszorak,3420,WIPE,74.171,Mets,P-0535c10c91d1eeda,39,6654087.0,53.365,71.95,0.0,0.0,6274.0,17359.0,Viscous Cyst,1287205,8.0,inv_ability_poison_nova.jpg,157,False,54732.0,13146.0,74152.0,0.0
XvwLCVdhJKY73zHr,21,Sszorak,3420,WIPE,74.171,Greyseer,P-146fcdef511d70d4,27,6654622.0,53.9,72.67,0.0,0.0,0.0,7364.0,,,,,,,,,,
XvwLCVdhJKY73zHr,21,Sszorak,3420,WIPE,74.171,Monfro,P-930377bb7fd85d97,2,6655350.0,54.628,73.65,0.0,0.0,0.0,7064.0,,,,,,,,,,
XvwLCVdhJKY73zHr,21,Sszorak,3420,WIPE,74.171,Asharia,P-baca25d85259e955,9,6655700.0,54.978,74.12,0.0,0.0,8764.0,4666.0,Tempest,1287083,8.0,inv_ability_poison_beam.jpg,157,False,38868.0,14162.0,61794.0,0.0
XvwLCVdhJKY73zHr,21,Sszorak,3420,WIPE,74.171,Stellanoova,P-6168b2209e9e02a1,17,6657438.0,56.716,76.47,0.0,0.0,0.0,7506.0,,,,,,,,,,
XvwLCVdhJKY73zHr,21,Sszorak,3420,WIPE,74.171,Shinier,P-fa0288594047c1a1,7,6659860.0,59.138,79.73,0.0,0.0,0.0,10713.0,,,,,,,,,,
XvwLCVdhJKY73zHr,21,Sszorak,3420,WIPE,74.171,Tavendar,P-dd48d38ee5e5c55c,5,6661505.0,60.783,81.95,0.0,0.0,0.0,0.0,,,,,,,,,,
XvwLCVdhJKY73zHr,21,Sszorak,3420,WIPE,74.171,Littlejohn,P-fe200ff8c0c12962,15,6661579.0,60.857,82.05,0.0,0.0,0.0,9995.0,,,,,,,,,,
XvwLCVdhJKY73zHr,21,Sszorak,3420,WIPE,74.171,Decayed,P-584cf7139227dcac,4,6662091.0,61.369,82.74,0.0,0.0,0.0,9995.0,,,,,,,,,,
XvwLCVdhJKY73zHr,21,Sszorak,3420,WIPE,74.171,Sälazar,P-448597313370c1df,6,6665532.0,64.81,87.38,0.0,0.0,7806970.0,0.0,Mutilate,1285999,8.0,inv_ability_poison_missile.jpg,157,False,616509.0,2190404.0,11521471.0,907588.0
XvwLCVdhJKY73zHr,21,Sszorak,3420,WIPE,74.171,Chontosh,P-81cad9c290ac9716,140,6667101.0,66.379,89.49,0.0,0.0,0.0,0.0,,,,,,,,,,
XvwLCVdhJKY73zHr,21,Sszorak,3420,WIPE,74.171,Spàdes,P-4b77dd2f26623c73,47,6669547.0,68.825,92.79,0.0,0.0,0.0,5992.0,,,,,,,,,,
XvwLCVdhJKY73zHr,21,Sszorak,3420,WIPE,74.171,Averlis,P-77b140a1e9d7fba2,33,6674015.0,73.293,98.82,0.0,0.0,609894.0,23972.0,Ravage,1277101,1.0,inv_10_specialreagentfoozles_tuskclaw-black.jpg,157,False,172769.0,980259.0,2162786.0,399864.0
XvwLCVdhJKY73zHr,22,Sszorak,3420,WIPE,132.374,Spàdes,P-4b77dd2f26623c73,47,6842460.0,52.146,39.39,0.0,0.0,136577.0,8591.0,Raging Crosswinds,1285616,8.0,ability_skyreach_wind.jpg,157,False,116694.0,55698.0,308969.0,0.0
XvwLCVdhJKY73zHr,22,Sszorak,3420,WIPE,132.374,Sinfxl,P-59860c89738c2525,8,6863651.0,73.337,55.4,0.0,0.0,1052391.0,0.0,Ravage,1277101,1.0,inv_10_specialreagentfoozles_tuskclaw-black.jpg,157,False,517272.0,418717.0,2162786.0,174406.0
XvwLCVdhJKY73zHr,22,Sszorak,3420,WIPE,132.374,Greyseer,P-146fcdef511d70d4,27,6863652.0,73.338,55.4,0.0,0.0,593588.0,0.0,Ravage,1277101,1.0,inv_10_specialreagentfoozles_tuskclaw-black.jpg,157,False,819884.0,749314.0,2162786.0,0.0
XvwLCVdhJKY73zHr,22,Sszorak,3420,WIPE,132.374,Stellanoova,P-6168b2209e9e02a1,17,6909209.0,118.895,89.82,0.0,0.0,0.0,2491.0,,,,,,,,,,
XvwLCVdhJKY73zHr,22,Sszorak,3420,WIPE,132.374,Soliloquy,P-ace0c6b4dcb42bd6,49,6909751.0,119.437,90.23,0.0,0.0,0.0,0.0,,,,,,,,,,
XvwLCVdhJKY73zHr,22,Sszorak,3420,WIPE,132.374,Tavendar,P-dd48d38ee5e5c55c,5,6910049.0,119.735,90.45,0.0,0.0,0.0,4001.0,,,,,,,,,,
XvwLCVdhJKY73zHr,22,Sszorak,3420,WIPE,132.374,Mets,P-0535c10c91d1eeda,39,6910243.0,119.929,90.6,0.0,0.0,0.0,2001.0,,,,,,,,,,
XvwLCVdhJKY73zHr,22,Sszorak,3420,WIPE,132.374,Ämon,P-26f181f915fe34c3,21,6910881.0,120.567,91.08,0.0,0.0,0.0,2000.0,,,,,,,,,,
XvwLCVdhJKY73zHr,22,Sszorak,3420,WIPE,132.374,Averlis,P-77b140a1e9d7fba2,33,6910945.0,120.631,91.13,0.0,0.0,0.0,0.0,,,,,,,,,,
XvwLCVdhJKY73zHr,22,Sszorak,3420,WIPE,132.374,Novachronos,P-d8e2e25f74d6a935,10,6911267.0,120.953,91.37,0.0,0.0,0.0,1999.0,,,,,,,,,,
XvwLCVdhJKY73zHr,22,Sszorak,3420,WIPE,132.374,Chontosh,P-81cad9c290ac9716,140,6911307.0,120.993,91.4,0.0,0.0,0.0,0.0,,,,,,,,,,
XvwLCVdhJKY73zHr,22,Sszorak,3420,WIPE,132.374,Lìllith,P-093da9358d901c39,16,6911613.0,121.299,91.63,0.0,0.0,0.0,4996.0,,,,,,,,,,
XvwLCVdhJKY73zHr,22,Sszorak,3420,WIPE,132.374,Boomchicky,P-df9f05cc370f53e8,23,6913231.0,122.917,92.86,0.0,0.0,0.0,4541.0,,,,,,,,,,
XvwLCVdhJKY73zHr,22,Sszorak,3420,WIPE,132.374,Shinier,P-fa0288594047c1a1,7,6913427.0,123.113,93.0,0.0,0.0,0.0,2541.0,,,,,,,,,,
XvwLCVdhJKY73zHr,22,Sszorak,3420,WIPE,132.374,Grapeinator,P-e9906bf4e7d251b8,3,6913428.0,123.114,93.0,0.0,0.0,0.0,2542.0,,,,,,,,,,
XvwLCVdhJKY73zHr,22,Sszorak,3420,WIPE,132.374,Mypriiest,P-78c2f253b8a33ced,22,6913428.0,123.114,93.0,0.0,0.0,0.0,4541.0,,,,,,,,,,
XvwLCVdhJKY73zHr,22,Sszorak,3420,WIPE,132.374,Cainz,P-92aaa9e9d4ac9a58,12,6914016.0,123.702,93.45,0.0,0.0,0.0,7554.0,,,,,,,,,,
XvwLCVdhJKY73zHr,22,Sszorak,3420,WIPE,132.374,Sälazar,P-448597313370c1df,6,6914087.0,123.773,93.5,0.0,0.0,0.0,7557.0,,,,,,,,,,
XvwLCVdhJKY73zHr,22,Sszorak,3420,WIPE,132.374,Monfro,P-930377bb7fd85d97,2,6914195.0,123.881,93.58,0.0,0.0,0.0,5554.0,,,,,,,,,,
XvwLCVdhJKY73zHr,22,Sszorak,3420,WIPE,132.374,Littlejohn,P-fe200ff8c0c12962,15,6917429.0,127.115,96.03,0.0,0.0,0.0,36013.0,,,,,,,,,,
XvwLCVdhJKY73zHr,22,Sszorak,3420,WIPE,132.374,Asharia,P-baca25d85259e955,9,6919427.0,129.113,97.54,0.0,0.0,0.0,8551.0,,,,,,,,,,
bdqfKFjLQXvM1ZJp,2,Vorasius,3177,KILL,363.209,Spàdes,P-4b77dd2f26623c73,8,315380.0,31.802,8.76,0.0,0.0,41623.0,21.0,Shadowclaw Slam,1281954,32.0,inv_misc_rylakclaw.jpg,41,False,273733.0,104107.0,419463.0,0.0
bdqfKFjLQXvM1ZJp,2,Vorasius,3177,KILL,363.209,Meowrawrxo,P-cae9f2bae0773bc9,15,366442.0,82.864,22.81,0.0,0.0,18734.0,1762.0,Blisterburst,1259186,32.0,ability_argus_soulburst.jpg,110,False,59962.0,0.0,58872.0,0.0
bdqfKFjLQXvM1ZJp,2,Vorasius,3177,KILL,363.209,Chontosh,P-81cad9c290ac9716,35,511801.0,228.223,62.84,0.0,0.0,13250.0,7110.0,Dark Energy,1280101,32.0,inv_cosmicvoid_debuff.jpg,41,False,8825.0,0.0,19574.0,0.0
bdqfKFjLQXvM1ZJp,2,Vorasius,3177,KILL,363.209,Aurëus,P-f95b1f39aecd9371,13,619320.0,335.742,92.44,0.0,0.0,4133.0,4614.0,Blisterburst,1259186,32.0,ability_argus_soulburst.jpg,110,False,44119.0,10620.0,58872.0,0.0
bdqfKFjLQXvM1ZJp,6,Fallen-King Salhadaar,3179,WIPE,455.625,Panes,P-ace038bf56a82f7f,33,1090067.0,84.205,18.48,0.0,0.0,10924.0,12101.0,Twisting Obscurity,1250686,32.0,inv_cosmicvoid_missile.jpg,128,False,2947.0,2068.0,15939.0,0.0
bdqfKFjLQXvM1ZJp,6,Fallen-King Salhadaar,3179,WIPE,455.625,Sinfxl,P-59860c89738c2525,21,1090437.0,84.575,18.56,0.0,0.0,42138.0,6201.0,Dark Radiation,1285504,32.0,inv_enchant_essencecosmicgreater.jpg,128,False,34836.0,12512.0,89486.0,0.0
bdqfKFjLQXvM1ZJp,6,Fallen-King Salhadaar,3179,WIPE,455.625,Mypriiest,P-78c2f253b8a33ced,12,1127740.0,121.878,26.75,0.0,0.0,21534.0,18538.0,Umbral Beams,1260030,32.0,inv_cosmicvoid_beam.jpg,128,False,57904.0,49085.0,139821.0,11298.0
bdqfKFjLQXvM1ZJp,6,Fallen-King Salhadaar,3179,WIPE,455.625,Mannarchy,P-074ea59fb89e97f7,29,1221553.0,215.691,47.34,0.0,0.0,136635.0,9799.0,Shattering Twilight,1250803,32.0,inv_mace_2h_etherealking_d_01.jpg,128,False,354833.0,328580.0,820048.0,0.0
bdqfKFjLQXvM1ZJp,6,Fallen-King Salhadaar,3179,WIPE,455.625,Averlis,P-77b140a1e9d7fba2,4,1233312.0,227.45,49.92,0.0,0.0,102783.0,2362.0,Umbral Beams,1260030,32.0,inv_cosmicvoid_beam.jpg,128,False,10566.0,26472.0,139821.0,0.0
bdqfKFjLQXvM1ZJp,6,Fallen-King Salhadaar,3179,WIPE,455.625,Meowrawrxo,P-cae9f2bae0773bc9,15,1236231.0,230.369,50.56,0.0,0.0,93475.0,4319.0,Umbral Beams,1260030,32.0,inv_cosmicvoid_beam.jpg,128,False,29892.0,16454.0,139821.0,0.0
bdqfKFjLQXvM1ZJp,6,Fallen-King Salhadaar,3179,WIPE,455.625,Decayed,P-584cf7139227dcac,14,1298796.0,292.934,64.29,0.0,0.0,20833.0,28192.0,Destabilizing Strikes,1284963,32.0,spell_shadow_twistedfaith.jpg,128,False,54305.0,52193.0,167789.0,40458.0
bdqfKFjLQXvM1ZJp,6,Fallen-King Salhadaar,3179,WIPE,455.625,Aurëus,P-f95b1f39aecd9371,13,1357745.0,351.883,77.23,0.0,0.0,72247.0,5152.0,Umbral Beams,1260030,32.0,inv_cosmicvoid_beam.jpg,128,False,45512.0,15455.0,139821.0,6607.0
bdqfKFjLQXvM1ZJp,6,Fallen-King Salhadaar,3179,WIPE,455.625,Chontosh,P-81cad9c290ac9716,35,1370451.0,364.589,80.02,0.0,0.0,2447.0,7853.0,Umbral Beams,1260030,32.0,inv_cosmicvoid_beam.jpg,128,False,122824.0,14550.0,139821.0,0.0
bdqfKFjLQXvM1ZJp,6,Fallen-King Salhadaar,3179,WIPE,455.625,Asharia,P-baca25d85259e955,134,1412266.0,406.404,89.2,0.0,0.0,6598.0,12956.0,Twisting Obscurity,1250686,32.0,inv_cosmicvoid_missile.jpg,128,False,2846.0,7334.0,16778.0,0.0
bdqfKFjLQXvM1ZJp,6,Fallen-King Salhadaar,3179,WIPE,455.625,Mannarchy,P-074ea59fb89e97f7,29,1419737.0,413.875,90.84,0.0,0.0,9741.0,12474.0,Shattering Twilight,1250803,32.0,inv_mace_2h_etherealking_d_01.jpg,128,False,532202.0,278105.0,820048.0,0.0
bdqfKFjLQXvM1ZJp,6,Fallen-King Salhadaar,3179,WIPE,455.625,Caelum,P-8d1580976bcc314a,5,1444155.0,438.293,96.2,0.0,0.0,5545.0,10218.0,Shadow Fracture,1254088,32.0,inv_netherportal.jpg,158,False,38558.0,14769.0,58872.0,0.0
bdqfKFjLQXvM1ZJp,6,Fallen-King Salhadaar,3179,WIPE,455.625,Cryonox,P-31619035e7d32aa2,47,1456572.0,450.71,98.92,0.0,0.0,28623.0,9167.0,Melee,1,1.0,inv_axe_02.jpg,128,False,87054.0,156598.0,343928.0,71653.0
bdqfKFjLQXvM1ZJp,6,Fallen-King Salhadaar,3179,WIPE,455.625,Primeval,P-d2cfbf0e9385c81d,10,1460266.0,454.404,99.73,0.0,0.0,211291.0,0.0,Void Infusion,1245960,32.0,inv_cosmicvoid_wave.jpg,128,False,447760.0,179874.0,838925.0,0.0
bdqfKFjLQXvM1ZJp,6,Fallen-King Salhadaar,3179,WIPE,455.625,Lìllith,P-093da9358d901c39,6,1460267.0,454.405,99.73,0.0,0.0,211908.0,0.0,Void Infusion,1245960,32.0,inv_cosmicvoid_wave.jpg,128,False,436173.0,117326.0,838925.0,73518.0
bdqfKFjLQXvM1ZJp,6,Fallen-King Salhadaar,3179,WIPE,455.625,Spàdes,P-4b77dd2f26623c73,8,1460267.0,454.405,99.73,0.0,0.0,460492.0,0.0,Void Infusion,1245960,32.0,inv_cosmicvoid_wave.jpg,128,False,207259.0,171174.0,838925.0,0.0
bdqfKFjLQXvM1ZJp,6,Fallen-King Salhadaar,3179,WIPE,455.625,Danzilla,P-8ee1779dcaa9232f,50,1460268.0,454.406,99.73,0.0,0.0,227994.0,0.0,Void Infusion,1245960,32.0,inv_cosmicvoid_wave.jpg,128,False,432013.0,178918.0,838925.0,0.0
bdqfKFjLQXvM1ZJp,6,Fallen-King Salhadaar,3179,WIPE,455.625,Grapefroot,P-9a88c0c48c4cf21f,1,1460268.0,454.406,99.73,0.0,0.0,209450.0,0.0,Void Infusion,1245960,32.0,inv_cosmicvoid_wave.jpg,128,False,421669.0,207806.0,838925.0,0.0
bdqfKFjLQXvM1ZJp,6,Fallen-King Salhadaar,3179,WIPE,455.625,Dotdotboom,P-2e52e7d5a3917078,42,1460269.0,454.407,99.73,0.0,0.0,103026.0,0.0,Void Infusion,1245960,32.0,inv_cosmicvoid_wave.jpg,128,False,464299.0,207602.0,838925.0,63998.0
bdqfKFjLQXvM1ZJp,6,Fallen-King Salhadaar,3179,WIPE,455.625,Mypriiest,P-78c2f253b8a33ced,12,1460269.0,454.407,99.73,0.0,0.0,279970.0,0.0,Void Infusion,1245960,32.0,inv_cosmicvoid_wave.jpg,128,False,363340.0,195615.0,838925.0,0.0
bdqfKFjLQXvM1ZJp,6,Fallen-King Salhadaar,3179,WIPE,455.625,Unnerfable,P-7ccd79062b970676,22,1460269.0,454.407,99.73,0.0,0.0,316666.0,0.0,Void Infusion,1245960,32.0,inv_cosmicvoid_wave.jpg,128,False,367820.0,154439.0,838925.0,0.0
bdqfKFjLQXvM1ZJp,6,Fallen-King Salhadaar,3179,WIPE,455.625,Greyseer,P-146fcdef511d70d4,31,1460270.0,454.408,99.73,0.0,0.0,80509.0,0.0,Void Infusion,1245960,32.0,inv_cosmicvoid_wave.jpg,128,False,341136.0,417280.0,838925.0,0.0
bdqfKFjLQXvM1ZJp,6,Fallen-King Salhadaar,3179,WIPE,455.625,Siare,P-386d8566043e1cef,27,1461164.0,455.302,99.93,0.0,0.0,498900.0,0.0,Void Infusion,1245960,32.0,inv_cosmicvoid_wave.jpg,128,False,111288.0,159354.0,838925.0,69383.0
bdqfKFjLQXvM1ZJp,7,Fallen-King Salhadaar,3179,KILL,404.984,Mannarchy,P-074ea59fb89e97f7,29,1758484.0,93.779,23.16,0.0,0.0,150564.0,8318.0,Shattering Twilight,1250803,32.0,inv_mace_2h_etherealking_d_01.jpg,128,False,437192.0,232292.0,820048.0,0.0
bdqfKFjLQXvM1ZJp,7,Fallen-King Salhadaar,3179,KILL,404.984,Grapefroot,P-9a88c0c48c4cf21f,1,1770283.0,105.578,26.07,0.0,0.0,11821.0,2355.0,Umbral Beams,1260030,32.0,inv_cosmicvoid_beam.jpg,128,False,100721.0,23960.0,139821.0,3319.0
bdqfKFjLQXvM1ZJp,7,Fallen-King Salhadaar,3179,KILL,404.984,Asharia,P-baca25d85259e955,134,1891976.0,227.271,56.12,0.0,0.0,34049.0,2311.0,Umbral Beams,1260030,32.0,inv_cosmicvoid_beam.jpg,128,False,60380.0,45392.0,139821.0,0.0
bdqfKFjLQXvM1ZJp,7,Fallen-King Salhadaar,3179,KILL,404.984,Siare,P-386d8566043e1cef,27,1892723.0,228.018,56.3,0.0,0.0,93397.0,2563.0,Umbral Beams,1260030,32.0,inv_cosmicvoid_beam.jpg,128,False,4410.0,31147.0,139821.0,10867.0
bdqfKFjLQXvM1ZJp,10,Vaelgor & Ezzorak,3178,WIPE,236.288,Dotdotboom,P-2e52e7d5a3917078,42,2635455.0,61.312,25.95,0.0,0.0,5632.0,11017.0,Dread Breath,1255979,32.0,ability_rogue_envelopingshadows.jpg,126,False,50684.0,12516.0,75089.0,6257.0
bdqfKFjLQXvM1ZJp,10,Vaelgor & Ezzorak,3178,WIPE,236.288,Danzilla,P-8ee1779dcaa9232f,50,2653316.0,79.173,33.51,0.0,0.0,43993.0,8316.0,Void Howl,1245302,32.0,inv_cosmicvoid_orb.jpg,127,False,70082.0,23445.0,137520.0,0.0
bdqfKFjLQXvM1ZJp,10,Vaelgor & Ezzorak,3178,WIPE,236.288,Asharia,P-baca25d85259e955,134,2773407.0,199.264,84.33,0.0,0.0,66763.0,0.0,Gloomtouched,1283711,32.0,inv_cosmicvoid_debuff.jpg,127,False,372326.0,0.0,99778.0,0.0
bdqfKFjLQXvM1ZJp,10,Vaelgor & Ezzorak,3178,WIPE,236.288,Caelum,P-8d1580976bcc314a,5,2781215.0,207.072,87.64,0.0,0.0,20113.0,13903.0,Gloom,1245500,32.0,inv_cosmicvoid_nova.jpg,127,False,190817.0,53037.0,263967.0,0.0
bdqfKFjLQXvM1ZJp,10,Vaelgor & Ezzorak,3178,WIPE,236.288,Meowrawrxo,P-cae9f2bae0773bc9,15,2781613.0,207.47,87.8,0.0,0.0,3078.0,12381.0,Voidbolt,1245175,32.0,inv_cosmicvoid_missile.jpg,184,False,10173.0,1467.0,14718.0,0.0
bdqfKFjLQXvM1ZJp,10,Vaelgor & Ezzorak,3178,WIPE,236.288,Mannarchy,P-074ea59fb89e97f7,29,2782018.0,207.875,87.98,0.0,0.0,128338.0,7106.0,Melee,1,1.0,inv_axe_02.jpg,127,False,206302.0,731007.0,1080757.0,15110.0
bdqfKFjLQXvM1ZJp,10,Vaelgor & Ezzorak,3178,WIPE,236.288,Decayed,P-584cf7139227dcac,14,2791992.0,217.849,92.2,0.0,0.0,0.0,27977.0,Rakfang,1245647,1.0,inv_misc_rubysanctum4.jpg,,,,,,
bdqfKFjLQXvM1ZJp,10,Vaelgor & Ezzorak,3178,WIPE,236.288,Panes,P-ace038bf56a82f7f,33,2794316.0,220.173,93.18,0.0,0.0,334467.0,0.0,Melee,1,1.0,inv_axe_02.jpg,127,False,284742.0,404361.0,1026873.0,3303.0
bdqfKFjLQXvM1ZJp,10,Vaelgor & Ezzorak,3178,WIPE,236.288,Sinfxl,P-59860c89738c2525,21,2795282.0,221.139,93.59,0.0,0.0,216855.0,0.0,Vaelwing,1265143,32.0,inv_icon_wing07c.jpg,126,False,165242.0,62111.0,444208.0,0.0
bdqfKFjLQXvM1ZJp,10,Vaelgor & Ezzorak,3178,WIPE,236.288,Mypriiest,P-78c2f253b8a33ced,12,2796039.0,221.896,93.91,0.0,0.0,2630.0,13363.0,Nullzone Implosion,1285954,32.0,spell_priest_void-blast.jpg,126,False,18740.0,3650.0,25020.0,0.0
bdqfKFjLQXvM1ZJp,10,Vaelgor & Ezzorak,3178,WIPE,236.288,Unnerfable,P-7ccd79062b970676,22,2798830.0,224.687,95.09,0.0,0.0,4310.0,7687.0,Void Howl,1245302,32.0,inv_cosmicvoid_orb.jpg,127,False,200684.0,70494.0,275488.0,0.0
bdqfKFjLQXvM1ZJp,10,Vaelgor & Ezzorak,3178,WIPE,236.288,Primeval,P-d2cfbf0e9385c81d,10,2798870.0,224.727,95.11,0.0,0.0,169069.0,6858.0,Void Howl,1245302,32.0,inv_cosmicvoid_orb.jpg,127,False,50910.0,60038.0,280017.0,0.0
bdqfKFjLQXvM1ZJp,10,Vaelgor & Ezzorak,3178,WIPE,236.288,Spàdes,P-4b77dd2f26623c73,8,2799067.0,224.924,95.19,0.0,0.0,14441.0,12875.0,Void Howl,1245302,32.0,inv_cosmicvoid_orb.jpg,127,False,234425.0,23429.0,272295.0,0.0
bdqfKFjLQXvM1ZJp,10,Vaelgor & Ezzorak,3178,WIPE,236.288,Averlis,P-77b140a1e9d7fba2,4,2799148.0,225.005,95.22,0.0,0.0,28112.0,6601.0,Void Howl,1245302,32.0,inv_cosmicvoid_orb.jpg,127,False,200249.0,50413.0,278774.0,0.0
bdqfKFjLQXvM1ZJp,10,Vaelgor & Ezzorak,3178,WIPE,236.288,Lìllith,P-093da9358d901c39,6,2799290.0,225.147,95.28,0.0,0.0,14503.0,8484.0,Midnight Manifestation,1259275,32.0,inv_cosmicvoid_buff.jpg,183,False,10551.0,2799.0,31054.0,3201.0
bdqfKFjLQXvM1ZJp,10,Vaelgor & Ezzorak,3178,WIPE,236.288,Grapefroot,P-9a88c0c48c4cf21f,1,2799291.0,225.148,95.29,0.0,0.0,2178.0,34030.0,Midnight Manifestation,1259275,32.0,inv_cosmicvoid_buff.jpg,183,False,22971.0,5905.0,31054.0,0.0
bdqfKFjLQXvM1ZJp,10,Vaelgor & Ezzorak,3178,WIPE,236.288,Chontosh,P-81cad9c290ac9716,35,2802774.0,228.631,96.76,0.0,0.0,1434755.0,0.0,Grappling Maw,1283971,32.0,ability_racial_flayer.jpg,126,False,268753.0,798552.0,2502060.0,0.0
bdqfKFjLQXvM1ZJp,10,Vaelgor & Ezzorak,3178,WIPE,236.288,Aurëus,P-f95b1f39aecd9371,13,2805310.0,231.167,97.83,0.0,0.0,11848.0,7266.0,Midnight Manifestation,1259275,32.0,inv_cosmicvoid_buff.jpg,183,False,14635.0,4571.0,31054.0,0.0
bdqfKFjLQXvM1ZJp,10,Vaelgor & Ezzorak,3178,WIPE,236.288,Cryonox,P-31619035e7d32aa2,47,2807677.0,233.534,98.83,0.0,0.0,429294.0,0.0,Melee,1,1.0,inv_axe_02.jpg,127,False,22024.0,382353.0,1076688.0,243017.0
bdqfKFjLQXvM1ZJp,10,Vaelgor & Ezzorak,3178,WIPE,236.288,Siare,P-386d8566043e1cef,27,2809341.0,235.198,99.54,0.0,0.0,17893.0,20082.0,Voidbolt,1245175,32.0,inv_cosmicvoid_missile.jpg,184,False,14875.0,7639.0,44047.0,3640.0
bdqfKFjLQXvM1ZJp,10,Vaelgor & Ezzorak,3178,WIPE,236.288,Greyseer,P-146fcdef511d70d4,31,2810104.0,235.961,99.86,0.0,0.0,682414.0,0.0,Melee,1,1.0,inv_axe_02.jpg,127,False,77058.0,320039.0,1079511.0,0.0
bdqfKFjLQXvM1ZJp,11,Vaelgor & Ezzorak,3178,WIPE,543.99,Grapefroot,P-9a88c0c48c4cf21f,1,3037357.0,40.737,7.49,0.0,0.0,15240.0,19403.0,Voidbolt,1245175,32.0,inv_cosmicvoid_missile.jpg,184,False,23494.0,4460.0,43194.0,0.0
bdqfKFjLQXvM1ZJp,11,Vaelgor & Ezzorak,3178,WIPE,543.99,Greyseer,P-146fcdef511d70d4,31,3073047.0,76.427,14.05,0.0,0.0,37614.0,11038.0,Dread Breath,1255979,32.0,ability_rogue_envelopingshadows.jpg,126,False,20414.0,17061.0,75089.0,0.0
bdqfKFjLQXvM1ZJp,11,Vaelgor & Ezzorak,3178,WIPE,543.99,Spàdes,P-4b77dd2f26623c73,8,3075226.0,78.606,14.45,0.0,0.0,26178.0,11244.0,Void Howl,1245302,32.0,inv_cosmicvoid_orb.jpg,127,False,64813.0,45728.0,136719.0,0.0
bdqfKFjLQXvM1ZJp,11,Vaelgor & Ezzorak,3178,WIPE,543.99,Meowrawrxo,P-cae9f2bae0773bc9,15,3078013.0,81.393,14.96,0.0,0.0,3320.0,16005.0,Midnight Manifestation,1259275,32.0,inv_cosmicvoid_buff.jpg,183,False,8729.0,3478.0,15527.0,0.0
bdqfKFjLQXvM1ZJp,11,Vaelgor & Ezzorak,3178,WIPE,543.99,Asharia,P-baca25d85259e955,134,3204547.0,207.927,38.22,0.0,0.0,5402.0,6797.0,Nullzone Implosion,1285954,32.0,spell_priest_void-blast.jpg,126,False,4156.0,2952.0,12510.0,0.0
bdqfKFjLQXvM1ZJp,11,Vaelgor & Ezzorak,3178,WIPE,543.99,Panes,P-ace038bf56a82f7f,33,3210041.0,213.421,39.23,0.0,0.0,7715.0,9105.0,Gloom,1245500,32.0,inv_cosmicvoid_nova.jpg,127,False,88420.0,29249.0,125384.0,0.0
bdqfKFjLQXvM1ZJp,11,Vaelgor & Ezzorak,3178,WIPE,543.99,Averlis,P-77b140a1e9d7fba2,4,3210339.0,213.719,39.29,0.0,0.0,32816.0,7303.0,Midnight Manifestation,1259275,32.0,inv_cosmicvoid_buff.jpg,183,False,7747.0,6019.0,46582.0,0.0
bdqfKFjLQXvM1ZJp,11,Vaelgor & Ezzorak,3178,WIPE,543.99,Aurëus,P-f95b1f39aecd9371,13,3343934.0,347.314,63.85,0.0,0.0,8011.0,26006.0,Midnight Manifestation,1259275,32.0,inv_cosmicvoid_buff.jpg,183,False,16833.0,6210.0,31054.0,0.0
bdqfKFjLQXvM1ZJp,11,Vaelgor & Ezzorak,3178,WIPE,543.99,Lìllith,P-093da9358d901c39,6,3347188.0,350.568,64.44,0.0,0.0,0.0,14523.0,,,,,,,,,,
bdqfKFjLQXvM1ZJp,11,Vaelgor & Ezzorak,3178,WIPE,543.99,Caelum,P-8d1580976bcc314a,5,3384488.0,387.868,71.3,0.0,0.0,193088.0,0.0,Gloomtouched,1283711,32.0,inv_cosmicvoid_debuff.jpg,127,False,316486.0,0.0,95880.0,0.0
bdqfKFjLQXvM1ZJp,11,Vaelgor & Ezzorak,3178,WIPE,543.99,Unnerfable,P-7ccd79062b970676,22,3384911.0,388.291,71.38,0.0,0.0,175474.0,0.0,Gloomtouched,1283711,32.0,inv_cosmicvoid_debuff.jpg,127,False,339855.0,0.0,97462.0,0.0
bdqfKFjLQXvM1ZJp,11,Vaelgor & Ezzorak,3178,WIPE,543.99,Primeval,P-d2cfbf0e9385c81d,10,3385469.0,388.849,71.48,0.0,0.0,163096.0,0.0,Gloomtouched,1283711,32.0,inv_cosmicvoid_debuff.jpg,127,False,332838.0,0.0,99954.0,0.0
bdqfKFjLQXvM1ZJp,11,Vaelgor & Ezzorak,3178,WIPE,543.99,Dotdotboom,P-2e52e7d5a3917078,42,3386037.0,389.417,71.59,0.0,0.0,143235.0,12098.0,Gloomtouched,1283711,32.0,inv_cosmicvoid_debuff.jpg,127,False,304978.0,0.0,102685.0,49801.0
bdqfKFjLQXvM1ZJp,11,Vaelgor & Ezzorak,3178,WIPE,543.99,Danzilla,P-8ee1779dcaa9232f,50,3386752.0,390.132,71.72,0.0,0.0,197928.0,0.0,Gloomtouched,1283711,32.0,inv_cosmicvoid_debuff.jpg,127,False,331996.0,0.0,99773.0,0.0
bdqfKFjLQXvM1ZJp,11,Vaelgor & Ezzorak,3178,WIPE,543.99,Sinfxl,P-59860c89738c2525,21,3387393.0,390.773,71.83,0.0,0.0,277904.0,0.0,Gloomtouched,1283711,32.0,inv_cosmicvoid_debuff.jpg,127,False,255625.0,0.0,103376.0,0.0
bdqfKFjLQXvM1ZJp,11,Vaelgor & Ezzorak,3178,WIPE,543.99,Unnerfable,P-7ccd79062b970676,22,3458174.0,461.554,84.85,0.0,0.0,7374.0,5342.0,Voidbolt,1245175,32.0,inv_cosmicvoid_missile.jpg,184,False,32283.0,4285.0,43942.0,0.0
bdqfKFjLQXvM1ZJp,11,Vaelgor & Ezzorak,3178,WIPE,543.99,Cryonox,P-31619035e7d32aa2,47,3503658.0,507.038,93.21,0.0,0.0,0.0,8482.0,,,,,,,,,,
bdqfKFjLQXvM1ZJp,11,Vaelgor & Ezzorak,3178,WIPE,543.99,Mypriiest,P-78c2f253b8a33ced,12,3504948.0,508.328,93.44,0.0,0.0,51033.0,8007.0,Midnight Manifestation,1259275,32.0,inv_cosmicvoid_buff.jpg,183,False,15116.0,11488.0,77637.0,0.0
bdqfKFjLQXvM1ZJp,11,Vaelgor & Ezzorak,3178,WIPE,543.99,Panes,P-ace038bf56a82f7f,33,3510386.0,513.766,94.44,0.0,0.0,25961.0,5815.0,Melee,1,1.0,inv_axe_02.jpg,186,False,47142.0,284442.0,479013.0,121468.0
bdqfKFjLQXvM1ZJp,11,Vaelgor & Ezzorak,3178,WIPE,543.99,Primeval,P-d2cfbf0e9385c81d,10,3512081.0,515.461,94.76,0.0,0.0,5027.0,13333.0,Midnight Flames,1249748,32.0,inv_cosmicdragonmount.jpg,126,False,99116.0,23743.0,127886.0,0.0
bdqfKFjLQXvM1ZJp,11,Vaelgor & Ezzorak,3178,WIPE,543.99,Chontosh,P-81cad9c290ac9716,35,3515439.0,518.819,95.37,0.0,0.0,10574.0,19509.0,Voidbolt,1245175,32.0,inv_cosmicvoid_missile.jpg,184,False,26126.0,8378.0,45078.0,0.0
bdqfKFjLQXvM1ZJp,11,Vaelgor & Ezzorak,3178,WIPE,543.99,Siare,P-386d8566043e1cef,27,3516898.0,520.278,95.64,0.0,0.0,8742.0,20957.0,Shadowmark,1270513,32.0,spell_nzinsanity_chasedbyshadows.jpg,186,False,2207.0,2553.0,14718.0,1216.0
bdqfKFjLQXvM1ZJp,11,Vaelgor & Ezzorak,3178,WIPE,543.99,Mannarchy,P-074ea59fb89e97f7,29,3533087.0,536.467,98.62,0.0,0.0,16607.0,24071.0,Vaelwing,1265139,1.0,inv_datacrystal01.jpg,126,False,44705.0,116950.0,178262.0,0.0
bdqfKFjLQXvM1ZJp,11,Vaelgor & Ezzorak,3178,WIPE,543.99,Decayed,P-584cf7139227dcac,14,3539977.0,543.357,99.88,0.0,0.0,0.0,8876.0,Melee,1,1.0,inv_axe_02.jpg,,,,,,
bdqfKFjLQXvM1ZJp,12,Vaelgor & Ezzorak,3178,WIPE,109.813,Mannarchy,P-074ea59fb89e97f7,29,4276997.0,71.077,64.73,0.0,0.0,360092.0,0.0,Grappling Maw,1283971,32.0,ability_racial_flayer.jpg,127,False,373956.0,220169.0,957685.0,3468.0
bdqfKFjLQXvM1ZJp,12,Vaelgor & Ezzorak,3178,WIPE,109.813,Asharia,P-baca25d85259e955,134,4284327.0,78.407,71.4,0.0,0.0,98908.0,11043.0,Void Howl,1245302,32.0,inv_cosmicvoid_orb.jpg,127,False,1241.0,36474.0,136623.0,0.0
bdqfKFjLQXvM1ZJp,12,Vaelgor & Ezzorak,3178,WIPE,109.813,Siare,P-386d8566043e1cef,27,4284800.0,78.88,71.83,0.0,0.0,3694.0,15558.0,Void Howl,1245302,32.0,inv_cosmicvoid_orb.jpg,127,False,89718.0,34617.0,138408.0,10379.0
bdqfKFjLQXvM1ZJp,12,Vaelgor & Ezzorak,3178,WIPE,109.813,Chontosh,P-81cad9c290ac9716,35,4284838.0,78.918,71.87,0.0,0.0,32037.0,12352.0,Void Howl,1245302,32.0,inv_cosmicvoid_orb.jpg,127,False,72743.0,34926.0,139706.0,0.0
bdqfKFjLQXvM1ZJp,12,Vaelgor & Ezzorak,3178,WIPE,109.813,Lìllith,P-093da9358d901c39,6,4284949.0,79.029,71.97,0.0,0.0,100667.0,9680.0,Void Howl,1245302,32.0,inv_cosmicvoid_orb.jpg,127,False,9585.0,17069.0,139571.0,12250.0
bdqfKFjLQXvM1ZJp,12,Vaelgor & Ezzorak,3178,WIPE,109.813,Unnerfable,P-7ccd79062b970676,22,4284949.0,79.029,71.97,0.0,0.0,35552.0,11725.0,Void Howl,1245302,32.0,inv_cosmicvoid_orb.jpg,127,False,60081.0,39062.0,134695.0,0.0
bdqfKFjLQXvM1ZJp,12,Vaelgor & Ezzorak,3178,WIPE,109.813,Greyseer,P-146fcdef511d70d4,31,4285266.0,79.346,72.26,0.0,0.0,13084.0,7465.0,Midnight Manifestation,1259275,32.0,inv_cosmicvoid_buff.jpg,183,False,14915.0,2908.0,30907.0,0.0
bdqfKFjLQXvM1ZJp,12,Vaelgor & Ezzorak,3178,WIPE,109.813,Primeval,P-d2cfbf0e9385c81d,10,4298246.0,92.326,84.08,0.0,0.0,103676.0,45027.0,Dread Breath,1244225,32.0,ability_rogue_envelopingshadows.jpg,126,False,33556.0,25401.0,162633.0,0.0
bdqfKFjLQXvM1ZJp,12,Vaelgor & Ezzorak,3178,WIPE,109.813,Grapefroot,P-9a88c0c48c4cf21f,1,4298248.0,92.328,84.08,0.0,0.0,53131.0,17032.0,Dread Breath,1255979,32.0,ability_rogue_envelopingshadows.jpg,126,False,2535.0,19423.0,75089.0,0.0
bdqfKFjLQXvM1ZJp,12,Vaelgor & Ezzorak,3178,WIPE,109.813,Cryonox,P-31619035e7d32aa2,47,4299487.0,93.567,85.21,0.0,0.0,7855.0,28254.0,Voidbolt,1245175,32.0,inv_cosmicvoid_missile.jpg,184,False,101.0,1835.0,14718.0,4927.0
bdqfKFjLQXvM1ZJp,12,Vaelgor & Ezzorak,3178,WIPE,109.813,Aurëus,P-f95b1f39aecd9371,13,4301251.0,95.331,86.81,0.0,0.0,797.0,46008.0,Dread Breath,1255979,32.0,ability_rogue_envelopingshadows.jpg,126,False,51286.0,19251.0,71334.0,0.0
bdqfKFjLQXvM1ZJp,12,Vaelgor & Ezzorak,3178,WIPE,109.813,Mypriiest,P-78c2f253b8a33ced,12,4304170.0,98.25,89.47,0.0,0.0,2371.0,9351.0,Voidbolt,1245175,32.0,inv_cosmicvoid_missile.jpg,184,False,10170.0,2177.0,14718.0,0.0
bdqfKFjLQXvM1ZJp,12,Vaelgor & Ezzorak,3178,WIPE,109.813,Spàdes,P-4b77dd2f26623c73,8,4304496.0,98.576,89.77,0.0,0.0,9458.0,28604.0,Voidbolt,1245175,32.0,inv_cosmicvoid_missile.jpg,184,False,2711.0,2549.0,14718.0,0.0
bdqfKFjLQXvM1ZJp,12,Vaelgor & Ezzorak,3178,WIPE,109.813,Sinfxl,P-59860c89738c2525,21,4305094.0,99.174,90.31,0.0,0.0,0.0,0.0,Devoured,1232272,1.0,inv_cosmicvoid_debuff.jpg,21,True,0.0,0.0,0.0,0.0
bdqfKFjLQXvM1ZJp,12,Vaelgor & Ezzorak,3178,WIPE,109.813,Mannarchy,P-074ea59fb89e97f7,29,4310256.0,104.336,95.01,0.0,0.0,77008.0,11183.0,Melee,1,1.0,inv_axe_02.jpg,126,False,118949.0,332778.0,528735.0,0.0
bdqfKFjLQXvM1ZJp,12,Vaelgor & Ezzorak,3178,WIPE,109.813,Averlis,P-77b140a1e9d7fba2,4,4312676.0,106.756,97.22,0.0,0.0,284272.0,16803.0,Melee,1,1.0,inv_axe_02.jpg,126,False,26312.0,219256.0,529840.0,0.0
bdqfKFjLQXvM1ZJp,12,Vaelgor & Ezzorak,3178,WIPE,109.813,Meowrawrxo,P-cae9f2bae0773bc9,15,4314924.0,109.004,99.26,0.0,0.0,0.0,14496.0,,,,,,,,,,
bdqfKFjLQXvM1ZJp,12,Vaelgor & Ezzorak,3178,WIPE,109.813,Dotdotboom,P-2e52e7d5a3917078,42,4315585.0,109.665,99.87,0.0,0.0,293592.0,27033.0,Melee,1,1.0,inv_axe_02.jpg,126,False,24516.0,175545.0,528998.0,35345.0
bdqfKFjLQXvM1ZJp,14,Vaelgor & Ezzorak,3178,WIPE,241.696,Meowrawrxo,P-cae9f2bae0773bc9,15,4499334.0,0.982,0.41,0.0,0.0,363959.0,0.0,Melee,1,1.0,inv_axe_02.jpg,126,False,413700.0,0.0,526407.0,0.0
bdqfKFjLQXvM1ZJp,14,Vaelgor & Ezzorak,3178,WIPE,241.696,Lìllith,P-093da9358d901c39,6,4531860.0,33.508,13.86,0.0,0.0,37337.0,8107.0,Void Howl,1245302,32.0,inv_cosmicvoid_orb.jpg,127,False,70373.0,18080.0,137757.0,11967.0
bdqfKFjLQXvM1ZJp,14,Vaelgor & Ezzorak,3178,WIPE,241.696,Greyseer,P-146fcdef511d70d4,31,4577667.0,79.315,32.82,0.0,0.0,8641.0,11613.0,Midnight Manifestation,1259275,32.0,inv_cosmicvoid_buff.jpg,183,False,29461.0,8259.0,46361.0,0.0
bdqfKFjLQXvM1ZJp,14,Vaelgor & Ezzorak,3178,WIPE,241.696,Siare,P-386d8566043e1cef,27,4702140.0,203.788,84.32,0.0,0.0,126959.0,5095.0,Gloomtouched,1283711,32.0,inv_cosmicvoid_debuff.jpg,127,False,297594.0,0.0,95115.0,47172.0
bdqfKFjLQXvM1ZJp,14,Vaelgor & Ezzorak,3178,WIPE,241.696,Averlis,P-77b140a1e9d7fba2,4,4708051.0,209.699,86.76,0.0,0.0,9926.0,12011.0,Midnight Manifestation,1259275,32.0,inv_cosmicvoid_buff.jpg,183,False,30444.0,5991.0,46361.0,0.0
bdqfKFjLQXvM1ZJp,14,Vaelgor & Ezzorak,3178,WIPE,241.696,Mypriiest,P-78c2f253b8a33ced,12,4708379.0,210.027,86.9,0.0,0.0,282.0,12339.0,Gloomfield,1245421,32.0,inv_cosmicvoid_groundsate.jpg,127,False,15686.0,2772.0,18740.0,0.0
bdqfKFjLQXvM1ZJp,14,Vaelgor & Ezzorak,3178,WIPE,241.696,Spàdes,P-4b77dd2f26623c73,8,4710002.0,211.65,87.57,0.0,0.0,5784.0,13964.0,Nullzone Implosion,1285954,32.0,spell_priest_void-blast.jpg,126,False,5944.0,782.0,12510.0,0.0
bdqfKFjLQXvM1ZJp,14,Vaelgor & Ezzorak,3178,WIPE,241.696,Grapefroot,P-9a88c0c48c4cf21f,1,4711464.0,213.112,88.17,0.0,0.0,3001.0,19422.0,Gloomfield,1245421,32.0,inv_cosmicvoid_groundsate.jpg,127,False,13301.0,2438.0,18740.0,0.0
bdqfKFjLQXvM1ZJp,14,Vaelgor & Ezzorak,3178,WIPE,241.696,Danzilla,P-8ee1779dcaa9232f,50,4712032.0,213.68,88.41,0.0,0.0,1412.0,12125.0,Midnight Manifestation,1259275,32.0,inv_cosmicvoid_buff.jpg,183,False,38807.0,6142.0,46361.0,0.0
bdqfKFjLQXvM1ZJp,14,Vaelgor & Ezzorak,3178,WIPE,241.696,Sinfxl,P-59860c89738c2525,21,4718053.0,219.701,90.9,0.0,0.0,13504.0,20009.0,Midnight Manifestation,1259275,32.0,inv_cosmicvoid_buff.jpg,183,False,25577.0,7280.0,46361.0,0.0
bdqfKFjLQXvM1ZJp,14,Vaelgor & Ezzorak,3178,WIPE,241.696,Aurëus,P-f95b1f39aecd9371,13,4718723.0,220.371,91.18,0.0,0.0,7472.0,27987.0,Voidbolt,1245175,32.0,inv_cosmicvoid_missile.jpg,184,False,5079.0,2167.0,14718.0,0.0
bdqfKFjLQXvM1ZJp,14,Vaelgor & Ezzorak,3178,WIPE,241.696,Dotdotboom,P-2e52e7d5a3917078,42,4720778.0,222.426,92.03,0.0,0.0,59488.0,25252.0,Impale,1265152,1.0,inv_10_skinning_dragonscales_void.jpg,127,False,13321.0,19184.0,100082.0,8089.0
bdqfKFjLQXvM1ZJp,14,Vaelgor & Ezzorak,3178,WIPE,241.696,Chontosh,P-81cad9c290ac9716,35,4722041.0,223.689,92.55,0.0,0.0,3672.0,26003.0,Midnight Manifestation,1259275,32.0,inv_cosmicvoid_buff.jpg,183,False,32861.0,9828.0,46361.0,0.0
bdqfKFjLQXvM1ZJp,14,Vaelgor & Ezzorak,3178,WIPE,241.696,Unnerfable,P-7ccd79062b970676,22,4725079.0,226.727,93.81,0.0,0.0,3112.0,33038.0,Gloomfield,1245421,32.0,inv_cosmicvoid_groundsate.jpg,127,False,9280.0,3250.0,18740.0,3098.0
bdqfKFjLQXvM1ZJp,14,Vaelgor & Ezzorak,3178,WIPE,241.696,Primeval,P-d2cfbf0e9385c81d,10,4728312.0,229.96,95.14,0.0,0.0,14907.0,32294.0,Voidbolt,1245175,32.0,inv_cosmicvoid_missile.jpg,184,False,23089.0,7032.0,45028.0,0.0
bdqfKFjLQXvM1ZJp,14,Vaelgor & Ezzorak,3178,WIPE,241.696,Cryonox,P-31619035e7d32aa2,47,4729975.0,231.623,95.83,0.0,0.0,31559.0,13998.0,Void Howl,1245302,32.0,inv_cosmicvoid_orb.jpg,127,False,40421.0,20642.0,131379.0,38757.0
bdqfKFjLQXvM1ZJp,14,Vaelgor & Ezzorak,3178,WIPE,241.696,Asharia,P-baca25d85259e955,134,4730063.0,231.711,95.87,0.0,0.0,12621.0,24696.0,Midnight Manifestation,1259275,32.0,inv_cosmicvoid_buff.jpg,183,False,10031.0,8255.0,30907.0,0.0
bdqfKFjLQXvM1ZJp,14,Vaelgor & Ezzorak,3178,WIPE,241.696,Panes,P-ace038bf56a82f7f,33,4731986.0,233.634,96.66,0.0,0.0,18116.0,37983.0,Voidbolt,1245175,32.0,inv_cosmicvoid_missile.jpg,184,False,8761.0,16982.0,43859.0,0.0
bdqfKFjLQXvM1ZJp,14,Vaelgor & Ezzorak,3178,WIPE,241.696,Mannarchy,P-074ea59fb89e97f7,29,4734313.0,235.961,97.63,0.0,0.0,121348.0,43392.0,Melee,1,1.0,inv_axe_02.jpg,127,False,51518.0,357490.0,530356.0,0.0
bdqfKFjLQXvM1ZJp,14,Vaelgor & Ezzorak,3178,WIPE,241.696,Decayed,P-584cf7139227dcac,14,4739708.0,241.356,99.86,0.0,0.0,0.0,15682.0,Melee,1,1.0,inv_axe_02.jpg,127,False,0.0,294027.0,530439.0,236412.0
bdqfKFjLQXvM1ZJp,15,Vaelgor & Ezzorak,3178,WIPE,87.803,Primeval,P-d2cfbf0e9385c81d,10,4910996.0,44.386,50.55,0.0,0.0,51374.0,21704.0,Dread Breath,1255979,32.0,ability_rogue_envelopingshadows.jpg,126,False,11987.0,11728.0,75089.0,0.0
bdqfKFjLQXvM1ZJp,15,Vaelgor & Ezzorak,3178,WIPE,87.803,Aurëus,P-f95b1f39aecd9371,13,4911967.0,45.357,51.66,0.0,0.0,14721.0,24004.0,Midnight Manifestation,1259275,32.0,inv_cosmicvoid_buff.jpg,183,False,10005.0,6181.0,30907.0,0.0
bdqfKFjLQXvM1ZJp,15,Vaelgor & Ezzorak,3178,WIPE,87.803,Mannarchy,P-074ea59fb89e97f7,29,4912641.0,46.031,52.43,0.0,0.0,408840.0,0.0,Grappling Maw,1283971,32.0,ability_racial_flayer.jpg,127,False,308814.0,176865.0,894519.0,0.0
bdqfKFjLQXvM1ZJp,15,Vaelgor & Ezzorak,3178,WIPE,87.803,Lìllith,P-093da9358d901c39,6,4913875.0,47.265,53.83,0.0,0.0,22639.0,18347.0,Voidbolt,1245175,32.0,inv_cosmicvoid_missile.jpg,184,False,10895.0,3979.0,44135.0,6622.0
bdqfKFjLQXvM1ZJp,15,Vaelgor & Ezzorak,3178,WIPE,87.803,Sinfxl,P-59860c89738c2525,21,4931423.0,64.813,73.82,0.0,0.0,0.0,0.0,Devoured,1232272,1.0,inv_cosmicvoid_debuff.jpg,21,True,0.0,0.0,0.0,0.0
bdqfKFjLQXvM1ZJp,15,Vaelgor & Ezzorak,3178,WIPE,87.803,Panes,P-ace038bf56a82f7f,33,4931639.0,65.029,74.06,0.0,0.0,23138.0,3693.0,Gloomtouched,1283712,32.0,inv_cosmicvoid_debuff.jpg,127,False,14512.0,2758.0,40408.0,0.0
bdqfKFjLQXvM1ZJp,15,Vaelgor & Ezzorak,3178,WIPE,87.803,Spàdes,P-4b77dd2f26623c73,8,4933971.0,67.361,76.72,0.0,0.0,6645.0,2018.0,Midnight Manifestation,1259275,32.0,inv_cosmicvoid_buff.jpg,183,False,18679.0,5583.0,30907.0,0.0
bdqfKFjLQXvM1ZJp,15,Vaelgor & Ezzorak,3178,WIPE,87.803,Greyseer,P-146fcdef511d70d4,31,4937506.0,70.896,80.74,0.0,0.0,3116.0,11544.0,Nullsnap,1244413,32.0,warlock_curse_shadow_aura.jpg,126,False,2869.0,830.0,6815.0,0.0
bdqfKFjLQXvM1ZJp,15,Vaelgor & Ezzorak,3178,WIPE,87.803,Danzilla,P-8ee1779dcaa9232f,50,4940889.0,74.279,84.6,0.0,0.0,0.0,8002.0,,,,,,,,,,
bdqfKFjLQXvM1ZJp,15,Vaelgor & Ezzorak,3178,WIPE,87.803,Averlis,P-77b140a1e9d7fba2,4,4941785.0,75.175,85.62,0.0,0.0,13295.0,13849.0,Gloomfield,1245421,32.0,inv_cosmicvoid_groundsate.jpg,127,False,2697.0,2748.0,18740.0,0.0
bdqfKFjLQXvM1ZJp,15,Vaelgor & Ezzorak,3178,WIPE,87.803,Unnerfable,P-7ccd79062b970676,22,4942525.0,75.915,86.46,0.0,0.0,2982.0,9681.0,Nullzone,1244672,32.0,warlock_curse_shadow.jpg,126,False,6235.0,3293.0,12510.0,0.0
bdqfKFjLQXvM1ZJp,15,Vaelgor & Ezzorak,3178,WIPE,87.803,Meowrawrxo,P-cae9f2bae0773bc9,15,4943317.0,76.707,87.36,0.0,0.0,0.0,11991.0,,,,,,,,,,
bdqfKFjLQXvM1ZJp,15,Vaelgor & Ezzorak,3178,WIPE,87.803,Grapefroot,P-9a88c0c48c4cf21f,1,4944524.0,77.914,88.74,0.0,0.0,0.0,16359.0,,,,,,,,,,
bdqfKFjLQXvM1ZJp,15,Vaelgor & Ezzorak,3178,WIPE,87.803,Mypriiest,P-78c2f253b8a33ced,12,4944917.0,78.307,89.18,0.0,0.0,12200.0,7516.0,Gloomfield,1245421,32.0,inv_cosmicvoid_groundsate.jpg,127,False,3768.0,2772.0,18740.0,0.0
bdqfKFjLQXvM1ZJp,15,Vaelgor & Ezzorak,3178,WIPE,87.803,Siare,P-386d8566043e1cef,27,4945523.0,78.913,89.88,0.0,0.0,4916.0,13053.0,Nullzone,1244672,32.0,warlock_curse_shadow.jpg,126,False,8765.0,3564.0,18765.0,1520.0
bdqfKFjLQXvM1ZJp,15,Vaelgor & Ezzorak,3178,WIPE,87.803,Dotdotboom,P-2e52e7d5a3917078,42,4949552.0,82.942,94.46,0.0,0.0,0.0,13502.0,,,,,,,,,,
bdqfKFjLQXvM1ZJp,15,Vaelgor & Ezzorak,3178,WIPE,87.803,Primeval,P-d2cfbf0e9385c81d,10,4950912.0,84.302,96.01,0.0,0.0,35935.0,18058.0,Voidbolt,1245175,32.0,inv_cosmicvoid_missile.jpg,184,False,1446.0,6227.0,43608.0,0.0
bdqfKFjLQXvM1ZJp,15,Vaelgor & Ezzorak,3178,WIPE,87.803,Decayed,P-584cf7139227dcac,14,4953977.0,87.367,99.5,0.0,0.0,0.0,22995.0,Nullzone Implosion,1252157,32.0,spell_priest_void-blast.jpg,126,False,0.0,3515.0,12510.0,8995.0
bdqfKFjLQXvM1ZJp,15,Vaelgor & Ezzorak,3178,WIPE,87.803,Chontosh,P-81cad9c290ac9716,35,4954288.0,87.678,99.86,0.0,0.0,10623.0,4549.0,Voidbolt,1245175,32.0,inv_cosmicvoid_missile.jpg,184,False,26946.0,6704.0,44273.0,0.0
bdqfKFjLQXvM1ZJp,16,Vaelgor & Ezzorak,3178,WIPE,230.035,Chontosh,P-81cad9c290ac9716,35,5186592.0,78.086,33.95,0.0,0.0,47531.0,10779.0,Void Howl,1245302,32.0,inv_cosmicvoid_orb.jpg,127,False,46360.0,22740.0,140103.0,23472.0
bdqfKFjLQXvM1ZJp,16,Vaelgor & Ezzorak,3178,WIPE,230.035,Mypriiest,P-78c2f253b8a33ced,12,5187002.0,78.496,34.12,0.0,0.0,43857.0,13802.0,Void Howl,1245302,32.0,inv_cosmicvoid_orb.jpg,127,False,7876.0,83194.0,134927.0,0.0
bdqfKFjLQXvM1ZJp,16,Vaelgor & Ezzorak,3178,WIPE,230.035,Averlis,P-77b140a1e9d7fba2,4,5196093.0,87.587,38.08,0.0,0.0,1612.0,19341.0,Tail Lash,1264467,1.0,ability_racial_tailswipe.jpg,126,False,12735.0,3167.0,17514.0,0.0
bdqfKFjLQXvM1ZJp,16,Vaelgor & Ezzorak,3178,WIPE,230.035,Spàdes,P-4b77dd2f26623c73,8,5197856.0,89.35,38.84,0.0,0.0,25517.0,22023.0,Midnight Manifestation,1259275,32.0,inv_cosmicvoid_buff.jpg,183,False,3458.0,1932.0,30907.0,0.0
bdqfKFjLQXvM1ZJp,16,Vaelgor & Ezzorak,3178,WIPE,230.035,Lìllith,P-093da9358d901c39,6,5303951.0,195.445,84.96,0.0,0.0,39820.0,14048.0,Nullbeam,1283856,1.0,ability_ironmaidens_convulsiveshadows.jpg,126,False,30179.0,27256.0,105032.0,7777.0
bdqfKFjLQXvM1ZJp,16,Vaelgor & Ezzorak,3178,WIPE,230.035,Chontosh,P-81cad9c290ac9716,35,5304148.0,195.642,85.05,0.0,0.0,996.0,21959.0,Nullbeam,1262688,32.0,ability_ironmaidens_convulsiveshadows.jpg,126,False,13300.0,1467.0,15763.0,0.0
bdqfKFjLQXvM1ZJp,16,Vaelgor & Ezzorak,3178,WIPE,230.035,Panes,P-ace038bf56a82f7f,33,5314226.0,205.72,89.43,0.0,0.0,35051.0,12025.0,Midnight Manifestation,1259275,32.0,inv_cosmicvoid_buff.jpg,183,False,4309.0,7001.0,46361.0,0.0
bdqfKFjLQXvM1ZJp,16,Vaelgor & Ezzorak,3178,WIPE,230.035,Danzilla,P-8ee1779dcaa9232f,50,5316215.0,207.709,90.29,0.0,0.0,27142.0,16861.0,Midnight Manifestation,1259275,32.0,inv_cosmicvoid_buff.jpg,183,False,13572.0,5647.0,46361.0,0.0
bdqfKFjLQXvM1ZJp,16,Vaelgor & Ezzorak,3178,WIPE,230.035,Greyseer,P-146fcdef511d70d4,31,5316247.0,207.741,90.31,0.0,0.0,106212.0,10049.0,Void Howl,1245302,32.0,inv_cosmicvoid_orb.jpg,127,False,5647.0,23607.0,135466.0,0.0
bdqfKFjLQXvM1ZJp,16,Vaelgor & Ezzorak,3178,WIPE,230.035,Sinfxl,P-59860c89738c2525,21,5321236.0,212.73,92.48,0.0,0.0,47731.0,15043.0,Gloom,1245500,32.0,inv_cosmicvoid_nova.jpg,127,False,230192.0,50472.0,328395.0,0.0
bdqfKFjLQXvM1ZJp,16,Vaelgor & Ezzorak,3178,WIPE,230.035,Grapefroot,P-9a88c0c48c4cf21f,1,5321255.0,212.749,92.49,0.0,0.0,15611.0,17028.0,Gloom,1245500,32.0,inv_cosmicvoid_nova.jpg,127,False,135022.0,177762.0,328395.0,0.0
bdqfKFjLQXvM1ZJp,16,Vaelgor & Ezzorak,3178,WIPE,230.035,Dotdotboom,P-2e52e7d5a3917078,42,5321256.0,212.75,92.49,0.0,0.0,112704.0,61024.0,Gloom,1245500,32.0,inv_cosmicvoid_nova.jpg,127,False,123760.0,65658.0,328395.0,26273.0
bdqfKFjLQXvM1ZJp,16,Vaelgor & Ezzorak,3178,WIPE,230.035,Meowrawrxo,P-cae9f2bae0773bc9,15,5321257.0,212.751,92.49,0.0,0.0,139346.0,20993.0,Gloom,1245500,32.0,inv_cosmicvoid_nova.jpg,127,False,156319.0,32730.0,328395.0,0.0
bdqfKFjLQXvM1ZJp,16,Vaelgor & Ezzorak,3178,WIPE,230.035,Asharia,P-baca25d85259e955,134,5321258.0,212.752,92.49,0.0,0.0,56200.0,13037.0,Gloom,1245500,32.0,inv_cosmicvoid_nova.jpg,127,False,124712.0,147483.0,328395.0,0.0
bdqfKFjLQXvM1ZJp,16,Vaelgor & Ezzorak,3178,WIPE,230.035,Siare,P-386d8566043e1cef,27,5321258.0,212.752,92.49,0.0,0.0,4162.0,19793.0,Gloom,1245500,32.0,inv_cosmicvoid_nova.jpg,127,False,236627.0,59720.0,328395.0,27886.0
bdqfKFjLQXvM1ZJp,16,Vaelgor & Ezzorak,3178,WIPE,230.035,Mannarchy,P-074ea59fb89e97f7,29,5325989.0,217.483,94.54,0.0,0.0,3092.0,10007.0,Gloomfield,1245421,32.0,inv_cosmicvoid_groundsate.jpg,127,False,6111.0,4169.0,18740.0,5368.0
bdqfKFjLQXvM1ZJp,16,Vaelgor & Ezzorak,3178,WIPE,230.035,Aurëus,P-f95b1f39aecd9371,13,5327442.0,218.936,95.18,0.0,0.0,8649.0,6263.0,Voidbolt,1245175,32.0,inv_cosmicvoid_missile.jpg,184,False,3126.0,2207.0,13982.0,0.0
bdqfKFjLQXvM1ZJp,16,Vaelgor & Ezzorak,3178,WIPE,230.035,Unnerfable,P-7ccd79062b970676,22,5328189.0,219.683,95.5,0.0,0.0,9033.0,12874.0,Midnight Manifestation,1259275,32.0,inv_cosmicvoid_buff.jpg,183,False,15176.0,6698.0,30907.0,0.0
bdqfKFjLQXvM1ZJp,16,Vaelgor & Ezzorak,3178,WIPE,230.035,Cryonox,P-31619035e7d32aa2,47,5330197.0,221.691,96.37,0.0,0.0,6992.0,29988.0,Midnight Manifestation,1259275,32.0,inv_cosmicvoid_buff.jpg,183,False,19925.0,4951.0,46361.0,14493.0
bdqfKFjLQXvM1ZJp,16,Vaelgor & Ezzorak,3178,WIPE,230.035,Primeval,P-d2cfbf0e9385c81d,10,5331180.0,222.674,96.8,0.0,0.0,6030.0,28991.0,Voidbolt,1245175,32.0,inv_cosmicvoid_missile.jpg,184,False,30331.0,6730.0,43091.0,0.0
bdqfKFjLQXvM1ZJp,16,Vaelgor & Ezzorak,3178,WIPE,230.035,Decayed,P-584cf7139227dcac,14,5338511.0,230.005,99.99,0.0,0.0,0.0,26103.0,Voidbolt,1245175,32.0,inv_cosmicvoid_missile.jpg,184,False,0.0,21917.0,44124.0,22207.0
bdqfKFjLQXvM1ZJp,17,Vaelgor & Ezzorak,3178,WIPE,274.307,Spàdes,P-4b77dd2f26623c73,8,5536912.0,78.676,28.68,0.0,0.0,11417.0,11295.0,Void Howl,1245302,32.0,inv_cosmicvoid_orb.jpg,127,False,83826.0,43485.0,138728.0,0.0
bdqfKFjLQXvM1ZJp,17,Vaelgor & Ezzorak,3178,WIPE,274.307,Sinfxl,P-59860c89738c2525,21,5661196.0,202.96,73.99,0.0,0.0,311165.0,0.0,Gloomtouched,1283711,32.0,inv_cosmicvoid_debuff.jpg,127,False,213270.0,0.0,101614.0,0.0
bdqfKFjLQXvM1ZJp,17,Vaelgor & Ezzorak,3178,WIPE,274.307,Siare,P-386d8566043e1cef,27,5661213.0,202.977,74.0,0.0,0.0,134427.0,7264.0,Gloomtouched,1283711,32.0,inv_cosmicvoid_debuff.jpg,127,False,299296.0,0.0,99153.0,48191.0
bdqfKFjLQXvM1ZJp,17,Vaelgor & Ezzorak,3178,WIPE,274.307,Averlis,P-77b140a1e9d7fba2,4,5665809.0,207.573,75.67,0.0,0.0,56109.0,5759.0,Void Howl,1245302,32.0,inv_cosmicvoid_orb.jpg,127,False,52570.0,28096.0,136775.0,0.0
bdqfKFjLQXvM1ZJp,17,Vaelgor & Ezzorak,3178,WIPE,274.307,Danzilla,P-8ee1779dcaa9232f,50,5665853.0,207.617,75.69,0.0,0.0,352.0,5881.0,Gloomtouched,1283712,32.0,inv_cosmicvoid_debuff.jpg,127,False,35626.0,6556.0,42534.0,0.0
bdqfKFjLQXvM1ZJp,17,Vaelgor & Ezzorak,3178,WIPE,274.307,Grapefroot,P-9a88c0c48c4cf21f,1,5665961.0,207.725,75.73,0.0,0.0,8441.0,12036.0,Midnight Manifestation,1259275,32.0,inv_cosmicvoid_buff.jpg,183,False,17371.0,5095.0,30907.0,0.0
bdqfKFjLQXvM1ZJp,17,Vaelgor & Ezzorak,3178,WIPE,274.307,Greyseer,P-146fcdef511d70d4,31,5667929.0,209.693,76.44,0.0,0.0,24362.0,12019.0,Midnight Manifestation,1259275,32.0,inv_cosmicvoid_buff.jpg,183,False,18057.0,3942.0,46361.0,0.0
bdqfKFjLQXvM1ZJp,17,Vaelgor & Ezzorak,3178,WIPE,274.307,Dotdotboom,P-2e52e7d5a3917078,42,5681953.0,223.717,81.56,0.0,0.0,12451.0,26026.0,Midnight Manifestation,1259275,32.0,inv_cosmicvoid_buff.jpg,183,False,19590.0,10760.0,46361.0,3560.0
bdqfKFjLQXvM1ZJp,17,Vaelgor & Ezzorak,3178,WIPE,274.307,Decayed,P-584cf7139227dcac,14,5689108.0,230.872,84.17,0.0,0.0,0.0,32746.0,Vaelwing,1265143,32.0,inv_icon_wing07c.jpg,,,,,,
bdqfKFjLQXvM1ZJp,17,Vaelgor & Ezzorak,3178,WIPE,274.307,Aurëus,P-f95b1f39aecd9371,13,5713138.0,254.902,92.93,0.0,0.0,85484.0,1719.0,Melee,1,1.0,inv_axe_02.jpg,186,False,182274.0,230620.0,498378.0,0.0
bdqfKFjLQXvM1ZJp,17,Vaelgor & Ezzorak,3178,WIPE,274.307,Unnerfable,P-7ccd79062b970676,22,5716225.0,257.989,94.05,0.0,0.0,11680.0,6850.0,Midnight Flames,1250071,32.0,inv_cosmicdragonmount.jpg,126,False,4029.0,6809.0,22518.0,0.0
bdqfKFjLQXvM1ZJp,17,Vaelgor & Ezzorak,3178,WIPE,274.307,Lìllith,P-093da9358d901c39,6,5717186.0,258.95,94.4,0.0,0.0,9895.0,9471.0,Gloomfield,1245421,32.0,inv_cosmicvoid_groundsate.jpg,127,False,3543.0,2200.0,18740.0,3102.0
bdqfKFjLQXvM1ZJp,17,Vaelgor & Ezzorak,3178,WIPE,274.307,Mypriiest,P-78c2f253b8a33ced,12,5717993.0,259.757,94.7,0.0,0.0,13840.0,3523.0,Gloomfield,1245421,32.0,inv_cosmicvoid_groundsate.jpg,127,False,2128.0,2772.0,18740.0,0.0
bdqfKFjLQXvM1ZJp,17,Vaelgor & Ezzorak,3178,WIPE,274.307,Cryonox,P-31619035e7d32aa2,47,5719702.0,261.466,95.32,0.0,0.0,4494.0,11906.0,Midnight Flames,1250071,32.0,inv_cosmicdragonmount.jpg,126,False,7348.0,4301.0,22518.0,6375.0
bdqfKFjLQXvM1ZJp,17,Vaelgor & Ezzorak,3178,WIPE,274.307,Chontosh,P-81cad9c290ac9716,35,5722227.0,263.991,96.24,0.0,0.0,7756.0,6520.0,Midnight Flames,1250071,32.0,inv_cosmicdragonmount.jpg,126,False,8086.0,6676.0,22518.0,0.0
bdqfKFjLQXvM1ZJp,17,Vaelgor & Ezzorak,3178,WIPE,274.307,Primeval,P-d2cfbf0e9385c81d,10,5723212.0,264.976,96.6,0.0,0.0,13186.0,15292.0,Midnight Flames,1250071,32.0,inv_cosmicdragonmount.jpg,127,False,4052.0,5280.0,22518.0,0.0
bdqfKFjLQXvM1ZJp,17,Vaelgor & Ezzorak,3178,WIPE,274.307,Meowrawrxo,P-cae9f2bae0773bc9,15,5724194.0,265.958,96.96,0.0,0.0,12695.0,14985.0,Midnight Flames,1250071,32.0,inv_cosmicdragonmount.jpg,126,False,1496.0,8327.0,22518.0,0.0
bdqfKFjLQXvM1ZJp,17,Vaelgor & Ezzorak,3178,WIPE,274.307,Panes,P-ace038bf56a82f7f,33,5727551.0,269.315,98.18,0.0,0.0,2391.0,6506.0,Gloomfield,1245421,32.0,inv_cosmicvoid_groundsate.jpg,127,False,13202.0,3147.0,18740.0,0.0
bdqfKFjLQXvM1ZJp,17,Vaelgor & Ezzorak,3178,WIPE,274.307,Mannarchy,P-074ea59fb89e97f7,29,5730248.0,272.012,99.16,0.0,0.0,6355.0,16103.0,Shadowmark,1270513,32.0,spell_nzinsanity_chasedbyshadows.jpg,186,False,508.0,3851.0,14718.0,4004.0
bdqfKFjLQXvM1ZJp,17,Vaelgor & Ezzorak,3178,WIPE,274.307,Asharia,P-baca25d85259e955,134,5732097.0,273.861,99.84,0.0,0.0,7146.0,17473.0,Melee,1,1.0,inv_axe_02.jpg,186,False,327423.0,138990.0,473559.0,0.0
bdqfKFjLQXvM1ZJp,18,Vaelgor & Ezzorak,3178,WIPE,230.3,Mannarchy,P-074ea59fb89e97f7,29,6120814.0,153.655,66.72,0.0,0.0,382121.0,0.0,Grappling Maw,1283971,32.0,ability_racial_flayer.jpg,126,False,610560.0,219395.0,1212076.0,0.0
bdqfKFjLQXvM1ZJp,18,Vaelgor & Ezzorak,3178,WIPE,230.3,Greyseer,P-146fcdef511d70d4,31,6168073.0,200.914,87.24,0.0,0.0,77629.0,7807.0,Void Howl,1245302,32.0,inv_cosmicvoid_orb.jpg,127,False,41863.0,16579.0,136071.0,0.0
bdqfKFjLQXvM1ZJp,18,Vaelgor & Ezzorak,3178,WIPE,230.3,Spàdes,P-4b77dd2f26623c73,8,6168308.0,201.149,87.34,0.0,0.0,972.0,10033.0,Midnight Manifestation,1259275,32.0,inv_cosmicvoid_buff.jpg,183,False,13515.0,966.0,15453.0,0.0
bdqfKFjLQXvM1ZJp,18,Vaelgor & Ezzorak,3178,WIPE,230.3,Grapefroot,P-9a88c0c48c4cf21f,1,6169289.0,202.13,87.77,0.0,0.0,27303.0,11001.0,Gloom,1245500,32.0,inv_cosmicvoid_nova.jpg,127,False,71916.0,31930.0,131358.0,209.0
bdqfKFjLQXvM1ZJp,18,Vaelgor & Ezzorak,3178,WIPE,230.3,Averlis,P-77b140a1e9d7fba2,4,6170281.0,203.122,88.2,0.0,0.0,3673.0,4082.0,Midnight Manifestation,1259275,32.0,inv_cosmicvoid_buff.jpg,183,False,35889.0,6799.0,46361.0,0.0
bdqfKFjLQXvM1ZJp,18,Vaelgor & Ezzorak,3178,WIPE,230.3,Sinfxl,P-59860c89738c2525,21,6184332.0,217.173,94.3,0.0,0.0,4910.0,10604.0,Voidbolt,1245175,32.0,inv_cosmicvoid_missile.jpg,184,False,6287.0,3521.0,14718.0,0.0
bdqfKFjLQXvM1ZJp,18,Vaelgor & Ezzorak,3178,WIPE,230.3,Primeval,P-d2cfbf0e9385c81d,10,6185442.0,218.283,94.78,0.0,0.0,6666.0,29166.0,Dread Breath,1255979,32.0,ability_rogue_envelopingshadows.jpg,126,False,120056.0,23456.0,150178.0,0.0
bdqfKFjLQXvM1ZJp,18,Vaelgor & Ezzorak,3178,WIPE,230.3,Chontosh,P-81cad9c290ac9716,35,6186316.0,219.157,95.16,0.0,0.0,32631.0,8292.0,Midnight Manifestation,1259275,32.0,inv_cosmicvoid_buff.jpg,183,False,6288.0,7442.0,46361.0,0.0
bdqfKFjLQXvM1ZJp,18,Vaelgor & Ezzorak,3178,WIPE,230.3,Danzilla,P-8ee1779dcaa9232f,50,6187522.0,220.363,95.69,0.0,0.0,23796.0,5105.0,Gloomfield,1245421,32.0,inv_cosmicvoid_groundsate.jpg,127,False,9383.0,4302.0,37481.0,0.0
bdqfKFjLQXvM1ZJp,18,Vaelgor & Ezzorak,3178,WIPE,230.3,Dotdotboom,P-2e52e7d5a3917078,42,6188479.0,221.32,96.1,0.0,0.0,64588.0,6222.0,Dread Breath,1255979,32.0,ability_rogue_envelopingshadows.jpg,126,False,44664.0,28787.0,150178.0,12139.0
bdqfKFjLQXvM1ZJp,18,Vaelgor & Ezzorak,3178,WIPE,230.3,Lìllith,P-093da9358d901c39,6,6188479.0,221.32,96.1,0.0,0.0,104190.0,6283.0,Dread Breath,1255979,32.0,ability_rogue_envelopingshadows.jpg,126,False,12068.0,21003.0,150178.0,12917.0
bdqfKFjLQXvM1ZJp,18,Vaelgor & Ezzorak,3178,WIPE,230.3,Meowrawrxo,P-cae9f2bae0773bc9,15,6188481.0,221.322,96.1,0.0,0.0,102346.0,6232.0,Dread Breath,1255979,32.0,ability_rogue_envelopingshadows.jpg,126,False,30160.0,17672.0,150178.0,0.0
bdqfKFjLQXvM1ZJp,18,Vaelgor & Ezzorak,3178,WIPE,230.3,Mypriiest,P-78c2f253b8a33ced,12,6188481.0,221.322,96.1,0.0,0.0,84687.0,6161.0,Dread Breath,1255979,32.0,ability_rogue_envelopingshadows.jpg,126,False,30474.0,35017.0,150178.0,0.0
bdqfKFjLQXvM1ZJp,18,Vaelgor & Ezzorak,3178,WIPE,230.3,Unnerfable,P-7ccd79062b970676,22,6188481.0,221.322,96.1,0.0,0.0,86018.0,10180.0,Dread Breath,1255979,32.0,ability_rogue_envelopingshadows.jpg,126,False,20884.0,43276.0,150178.0,0.0
bdqfKFjLQXvM1ZJp,18,Vaelgor & Ezzorak,3178,WIPE,230.3,Asharia,P-baca25d85259e955,134,6188482.0,221.323,96.1,0.0,0.0,3255.0,6172.0,Dread Breath,1255979,32.0,ability_rogue_envelopingshadows.jpg,126,False,109139.0,37784.0,150178.0,0.0
bdqfKFjLQXvM1ZJp,18,Vaelgor & Ezzorak,3178,WIPE,230.3,Panes,P-ace038bf56a82f7f,33,6188513.0,221.354,96.12,0.0,0.0,69591.0,10301.0,Dread Breath,1255979,32.0,ability_rogue_envelopingshadows.jpg,126,False,49040.0,31547.0,150178.0,0.0
bdqfKFjLQXvM1ZJp,18,Vaelgor & Ezzorak,3178,WIPE,230.3,Aurëus,P-f95b1f39aecd9371,13,6191434.0,224.275,97.38,0.0,0.0,48869.0,9185.0,Dread Breath,1255979,32.0,ability_rogue_envelopingshadows.jpg,126,False,64170.0,37139.0,150178.0,0.0
bdqfKFjLQXvM1ZJp,18,Vaelgor & Ezzorak,3178,WIPE,230.3,Decayed,P-584cf7139227dcac,14,6195028.0,227.869,98.94,0.0,0.0,0.0,13297.0,Void Howl,1245302,32.0,inv_cosmicvoid_orb.jpg,,,,,,
bdqfKFjLQXvM1ZJp,18,Vaelgor & Ezzorak,3178,WIPE,230.3,Mannarchy,P-074ea59fb89e97f7,29,6195813.0,228.654,99.29,0.0,0.0,228600.0,0.0,Grappling Maw,1283971,32.0,ability_racial_flayer.jpg,126,False,581500.0,1134226.0,2038298.0,93972.0
bdqfKFjLQXvM1ZJp,18,Vaelgor & Ezzorak,3178,WIPE,230.3,Cryonox,P-31619035e7d32aa2,47,6196816.0,229.657,99.72,0.0,0.0,314596.0,18562.0,Melee,1,1.0,inv_axe_02.jpg,127,False,42125.0,318116.0,895800.0,220963.0
bdqfKFjLQXvM1ZJp,18,Vaelgor & Ezzorak,3178,WIPE,230.3,Siare,P-386d8566043e1cef,27,6197434.0,230.275,99.99,0.0,0.0,11296.0,15162.0,Dread Breath,1255979,32.0,ability_rogue_envelopingshadows.jpg,126,False,54970.0,75697.0,150178.0,8215.0
bdqfKFjLQXvM1ZJp,19,Vaelgor & Ezzorak,3178,WIPE,549.025,Lìllith,P-093da9358d901c39,6,6422745.0,78.475,14.29,0.0,0.0,49688.0,20154.0,Void Howl,1245302,32.0,inv_cosmicvoid_orb.jpg,127,False,47833.0,27724.0,136080.0,10835.0
bdqfKFjLQXvM1ZJp,19,Vaelgor & Ezzorak,3178,WIPE,549.025,Averlis,P-77b140a1e9d7fba2,4,6422857.0,78.587,14.31,0.0,0.0,5812.0,11241.0,Void Howl,1245302,32.0,inv_cosmicvoid_orb.jpg,127,False,96357.0,35310.0,137479.0,0.0
bdqfKFjLQXvM1ZJp,19,Vaelgor & Ezzorak,3178,WIPE,549.025,Mypriiest,P-78c2f253b8a33ced,12,6431604.0,87.334,15.91,0.0,0.0,2053.0,11058.0,Midnight Manifestation,1259275,32.0,inv_cosmicvoid_buff.jpg,183,False,11574.0,7638.0,30907.0,9642.0
bdqfKFjLQXvM1ZJp,19,Vaelgor & Ezzorak,3178,WIPE,549.025,Sinfxl,P-59860c89738c2525,21,6540677.0,196.407,35.77,0.0,0.0,222896.0,0.0,Gloomtouched,1283711,32.0,inv_cosmicvoid_debuff.jpg,127,False,208126.0,0.0,100078.0,6085.0
bdqfKFjLQXvM1ZJp,19,Vaelgor & Ezzorak,3178,WIPE,549.025,Greyseer,P-146fcdef511d70d4,31,6548170.0,203.9,37.14,0.0,0.0,6456.0,14818.0,Gloom,1245500,32.0,inv_cosmicvoid_nova.jpg,127,False,102012.0,22890.0,131358.0,0.0
bdqfKFjLQXvM1ZJp,19,Vaelgor & Ezzorak,3178,WIPE,549.025,Meowrawrxo,P-cae9f2bae0773bc9,15,6569275.0,225.005,40.98,0.0,0.0,62544.0,56.0,Void Howl,1245302,32.0,inv_cosmicvoid_orb.jpg,127,False,177650.0,34840.0,275034.0,0.0
bdqfKFjLQXvM1ZJp,19,Vaelgor & Ezzorak,3178,WIPE,549.025,Grapefroot,P-9a88c0c48c4cf21f,1,6685843.0,341.573,62.21,0.0,0.0,41384.0,23355.0,Void Howl,1245302,32.0,inv_cosmicvoid_orb.jpg,127,False,55875.0,27506.0,135511.0,10746.0
bdqfKFjLQXvM1ZJp,19,Vaelgor & Ezzorak,3178,WIPE,549.025,Dotdotboom,P-2e52e7d5a3917078,42,6725667.0,381.397,69.47,0.0,0.0,60263.0,28962.0,Gloomtouched,1283711,32.0,inv_cosmicvoid_debuff.jpg,127,False,336823.0,0.0,97152.0,45964.0
bdqfKFjLQXvM1ZJp,19,Vaelgor & Ezzorak,3178,WIPE,549.025,Chontosh,P-81cad9c290ac9716,35,6793353.0,449.083,81.8,0.0,0.0,41837.0,10448.0,Void Howl,1245302,32.0,inv_cosmicvoid_orb.jpg,127,False,70558.0,24874.0,137269.0,0.0
bdqfKFjLQXvM1ZJp,19,Vaelgor & Ezzorak,3178,WIPE,549.025,Panes,P-ace038bf56a82f7f,33,6793474.0,449.204,81.82,0.0,0.0,25516.0,17550.0,Void Howl,1245302,32.0,inv_cosmicvoid_orb.jpg,127,False,80287.0,30753.0,136556.0,0.0
bdqfKFjLQXvM1ZJp,19,Vaelgor & Ezzorak,3178,WIPE,549.025,Mypriiest,P-78c2f253b8a33ced,12,6794899.0,450.629,82.08,0.0,0.0,1548.0,7995.0,Midnight Manifestation,1259275,32.0,inv_cosmicvoid_buff.jpg,183,False,51950.0,8317.0,61815.0,0.0
bdqfKFjLQXvM1ZJp,19,Vaelgor & Ezzorak,3178,WIPE,549.025,Spàdes,P-4b77dd2f26623c73,8,6798900.0,454.63,82.81,0.0,0.0,4138.0,6005.0,Midnight Manifestation,1259275,32.0,inv_cosmicvoid_buff.jpg,183,False,52073.0,21058.0,77269.0,0.0
bdqfKFjLQXvM1ZJp,19,Vaelgor & Ezzorak,3178,WIPE,549.025,Primeval,P-d2cfbf0e9385c81d,10,6802405.0,458.135,83.45,0.0,0.0,18126.0,20016.0,Midnight Manifestation,1259275,32.0,inv_cosmicvoid_buff.jpg,183,False,19039.0,9196.0,46361.0,0.0
bdqfKFjLQXvM1ZJp,19,Vaelgor & Ezzorak,3178,WIPE,549.025,Unnerfable,P-7ccd79062b970676,22,6804082.0,459.812,83.75,0.0,0.0,2750.0,12146.0,Voidbolt,1245175,32.0,inv_cosmicvoid_missile.jpg,184,False,9510.0,2458.0,14718.0,0.0
bdqfKFjLQXvM1ZJp,19,Vaelgor & Ezzorak,3178,WIPE,549.025,Siare,P-386d8566043e1cef,27,6808408.0,464.138,84.54,0.0,0.0,25236.0,9997.0,Midnight Manifestation,1259275,32.0,inv_cosmicvoid_buff.jpg,183,False,9253.0,8040.0,46361.0,3832.0
bdqfKFjLQXvM1ZJp,19,Vaelgor & Ezzorak,3178,WIPE,549.025,Primeval,P-d2cfbf0e9385c81d,10,6853039.0,508.769,92.67,0.0,0.0,28135.0,14146.0,Midnight Flames,1249748,32.0,inv_cosmicdragonmount.jpg,126,False,82154.0,14513.0,124802.0,0.0
bdqfKFjLQXvM1ZJp,19,Vaelgor & Ezzorak,3178,WIPE,549.025,Mannarchy,P-074ea59fb89e97f7,29,6886078.0,541.808,98.69,0.0,0.0,236981.0,0.0,Melee,1,1.0,inv_axe_02.jpg,186,False,445834.0,4400013.0,5082828.0,0.0
bdqfKFjLQXvM1ZJp,19,Vaelgor & Ezzorak,3178,WIPE,549.025,Asharia,P-baca25d85259e955,134,6888051.0,543.781,99.04,0.0,0.0,3182368.0,0.0,Melee,1,1.0,inv_axe_02.jpg,186,False,187441.0,1304540.0,4674349.0,0.0
bdqfKFjLQXvM1ZJp,19,Vaelgor & Ezzorak,3178,WIPE,549.025,Decayed,P-584cf7139227dcac,14,6889847.0,545.577,99.37,0.0,0.0,0.0,3038.0,Melee,1,1.0,inv_axe_02.jpg,127,False,0.0,3996849.0,5294142.0,1297293.0
bdqfKFjLQXvM1ZJp,19,Vaelgor & Ezzorak,3178,WIPE,549.025,Cryonox,P-31619035e7d32aa2,47,6890405.0,546.135,99.47,0.0,0.0,1704183.0,0.0,Melee,1,1.0,inv_axe_02.jpg,126,False,431759.0,1816449.0,5115018.0,1162627.0
bdqfKFjLQXvM1ZJp,19,Vaelgor & Ezzorak,3178,WIPE,549.025,Chontosh,P-81cad9c290ac9716,35,6892591.0,548.321,99.87,0.0,0.0,615142.0,0.0,Void Howl,1245302,32.0,inv_cosmicvoid_orb.jpg,127,False,199988.0,372790.0,1403350.0,215430.0
bdqfKFjLQXvM1ZJp,19,Vaelgor & Ezzorak,3178,WIPE,549.025,Aurëus,P-f95b1f39aecd9371,13,6892618.0,548.348,99.88,0.0,0.0,785338.0,0.0,Void Howl,1245302,32.0,inv_cosmicvoid_orb.jpg,127,False,277014.0,247178.0,1309530.0,0.0
bdqfKFjLQXvM1ZJp,19,Vaelgor & Ezzorak,3178,WIPE,549.025,Danzilla,P-8ee1779dcaa9232f,50,6892818.0,548.548,99.91,0.0,0.0,6393.0,5999.0,Midnight Manifestation,1259275,32.0,inv_cosmicvoid_buff.jpg,183,False,19658.0,4856.0,30907.0,0.0
g2CL3b8YmcKyGwQD,5,"Belo'ren, Child of Al'ar",3182,KILL,201.574,Tazara,P-0e61944550e2b07b,213,751638.0,136.307,67.62,0.0,0.0,2847.0,6601.0,Burning Heart,1264650,4.0,inv_ragnaros_heart.jpg,285,False,7763.0,1640.0,12465.0,215.0
g2CL3b8YmcKyGwQD,5,"Belo'ren, Child of Al'ar",3182,KILL,201.574,Gethael,P-9ae5a6c050e534cb,223,755955.0,140.624,69.76,0.0,0.0,21580.0,7375.0,Light Patch,1241840,2.0,inv_ability_holyfire_groundstate.jpg,285,False,42936.0,0.0,41551.0,0.0
g2CL3b8YmcKyGwQD,5,"Belo'ren, Child of Al'ar",3182,KILL,201.574,Dàmàn,P-0faaec498b20d964,227,756036.0,140.705,69.8,0.0,0.0,5690.0,10032.0,Void Flames,1242815,32.0,inv_cosmicvoid_wave.jpg,285,False,21524.0,2698.0,33240.0,3328.0
g2CL3b8YmcKyGwQD,5,"Belo'ren, Child of Al'ar",3182,KILL,201.574,Chontosh,P-81cad9c290ac9716,2,803103.0,187.772,93.15,0.0,0.0,21985.0,3970.0,Light Blast,1264696,2.0,spell_holy_holybolt.jpg,291,False,5627.0,4715.0,32327.0,0.0
g2CL3b8YmcKyGwQD,8,Midnight Falls,3183,KILL,306.421,Ezhrah,P-0ed1fd2921c50c2c,228,1518983.0,291.92,95.27,0.0,0.0,0.0,0.0,Iris of Oblivion,1282017,106.0,inv_ability_voidweaverpriest_entropicrift.jpg,,False,0.0,0.0,0.0,0.0
g2CL3b8YmcKyGwQD,14,Lightblinded Vanguard,3180,WIPE,116.625,Sarahfi,P-2ef85c577cde477e,212,2711887.0,34.303,29.41,0.0,0.0,718953.0,0.0,Final Verdict,1251812,2.0,spell_paladin_templarsverdict.jpg,620,False,552730.0,0.0,441540.0,874.0
g2CL3b8YmcKyGwQD,14,Lightblinded Vanguard,3180,WIPE,116.625,Evilisuponu,P-026525eca809d398,221,2768966.0,91.382,78.36,0.0,0.0,173326.0,6346.0,Blinding Light,1258514,2.0,inv_ability_holyfire_nova.jpg,621,False,170495.0,60747.0,442770.0,38202.0
g2CL3b8YmcKyGwQD,14,Lightblinded Vanguard,3180,WIPE,116.625,Heyzues,P-6bf35756cf90119f,560,2768970.0,91.386,78.36,0.0,0.0,31667.0,0.0,Blinding Light,1258514,2.0,inv_ability_holyfire_nova.jpg,621,False,355961.0,55142.0,442770.0,0.0
g2CL3b8YmcKyGwQD,14,Lightblinded Vanguard,3180,WIPE,116.625,Aznå,P-7ceac4b78c96cd10,622,2768971.0,91.387,78.36,0.0,0.0,302755.0,5361.0,Blinding Light,1258514,2.0,inv_ability_holyfire_nova.jpg,621,False,80195.0,59820.0,442770.0,0.0
g2CL3b8YmcKyGwQD,14,Lightblinded Vanguard,3180,WIPE,116.625,Gethael,P-9ae5a6c050e534cb,223,2773711.0,96.127,82.42,0.0,0.0,352645.0,8131.0,Execution Sentence,1249024,2.0,spell_paladin_executionsentence.jpg,620,False,95074.0,141000.0,588719.0,0.0
g2CL3b8YmcKyGwQD,14,Lightblinded Vanguard,3180,WIPE,116.625,Chontosh,P-81cad9c290ac9716,2,2773883.0,96.299,82.57,0.0,0.0,760368.0,0.0,Execution Sentence,1249024,2.0,spell_paladin_executionsentence.jpg,620,False,250931.0,166140.0,1177439.0,0.0
g2CL3b8YmcKyGwQD,14,Lightblinded Vanguard,3180,WIPE,116.625,Brglwwgl,P-14de511fa93be591,35,2774151.0,96.567,82.8,0.0,0.0,161754.0,5164.0,Divine Hammer,1249047,2.0,ability_paladin_hammeroftherighteous.jpg,,False,24820.0,19478.0,206052.0,0.0
g2CL3b8YmcKyGwQD,14,Lightblinded Vanguard,3180,WIPE,116.625,Dàmnàtion,P-7dca34b68e802c90,614,2780167.0,102.583,87.96,0.0,0.0,21258.0,14589.0,Consecration,1246158,2.0,spell_holy_innerfire.jpg,620,False,20926.0,12001.0,58872.0,4687.0
g2CL3b8YmcKyGwQD,14,Lightblinded Vanguard,3180,WIPE,116.625,Azzinotica,P-5cf7354b0a36cff5,224,2781734.0,104.15,89.3,0.0,0.0,14676.0,14120.0,Divine Hammer,1249047,2.0,ability_paladin_hammeroftherighteous.jpg,,False,144900.0,46476.0,206052.0,0.0
g2CL3b8YmcKyGwQD,14,Lightblinded Vanguard,3180,WIPE,116.625,Decayed,P-584cf7139227dcac,586,2791117.0,113.533,97.35,0.0,0.0,0.0,0.0,Devoured,1232272,1.0,inv_cosmicvoid_debuff.jpg,586,True,0.0,0.0,0.0,0.0
g2CL3b8YmcKyGwQD,14,Lightblinded Vanguard,3180,WIPE,116.625,Sarahfi,P-2ef85c577cde477e,212,2791629.0,114.045,97.79,0.0,0.0,640288.0,0.0,Shield of the Righteous,1251859,2.0,ability_paladin_shieldofvengeance.jpg,619,False,191996.0,0.0,441540.0,0.0
g2CL3b8YmcKyGwQD,14,Lightblinded Vanguard,3180,WIPE,116.625,Krogal,P-e087dd662652ccb1,216,2793863.0,116.279,99.7,0.0,0.0,172841.0,30229.0,Melee,1,1.0,inv_axe_02.jpg,620,False,141161.0,349645.0,663647.0,0.0
g2CL3b8YmcKyGwQD,15,Lightblinded Vanguard,3180,WIPE,119.518,Sarahfi,P-2ef85c577cde477e,212,2997859.0,34.321,28.72,0.0,0.0,93417.0,0.0,Final Verdict,1251812,2.0,spell_paladin_templarsverdict.jpg,620,False,600396.0,0.0,441540.0,7574.0
g2CL3b8YmcKyGwQD,15,Lightblinded Vanguard,3180,WIPE,119.518,Heyzues,P-6bf35756cf90119f,560,3054940.0,91.402,76.48,0.0,0.0,55227.0,0.0,Blinding Light,1258514,2.0,inv_ability_holyfire_nova.jpg,621,False,332401.0,55142.0,442770.0,0.0
g2CL3b8YmcKyGwQD,15,Lightblinded Vanguard,3180,WIPE,119.518,Azzinotica,P-5cf7354b0a36cff5,224,3054941.0,91.403,76.48,0.0,0.0,28859.0,5405.0,Blinding Light,1258514,2.0,inv_ability_holyfire_nova.jpg,621,False,206078.0,207833.0,442770.0,0.0
g2CL3b8YmcKyGwQD,15,Lightblinded Vanguard,3180,WIPE,119.518,Aznå,P-7ceac4b78c96cd10,622,3054942.0,91.404,76.48,0.0,0.0,36866.0,3417.0,Blinding Light,1258514,2.0,inv_ability_holyfire_nova.jpg,621,False,346084.0,59820.0,442770.0,0.0
g2CL3b8YmcKyGwQD,15,Lightblinded Vanguard,3180,WIPE,119.518,Gethael,P-9ae5a6c050e534cb,223,3059541.0,96.003,80.33,0.0,0.0,329810.0,10015.0,Execution Sentence,1249024,2.0,spell_paladin_executionsentence.jpg,620,False,108581.0,150328.0,588719.0,0.0
g2CL3b8YmcKyGwQD,15,Lightblinded Vanguard,3180,WIPE,119.518,Evilisuponu,P-026525eca809d398,221,3059735.0,96.197,80.49,0.0,0.0,267069.0,8226.0,Execution Sentence,1249024,2.0,spell_paladin_executionsentence.jpg,620,False,53742.0,36023.0,392479.0,35645.0
g2CL3b8YmcKyGwQD,15,Lightblinded Vanguard,3180,WIPE,119.518,Chontosh,P-81cad9c290ac9716,2,3059739.0,96.201,80.49,0.0,0.0,119334.0,8224.0,Execution Sentence,1249024,2.0,spell_paladin_executionsentence.jpg,620,False,214254.0,58891.0,392479.0,0.0
g2CL3b8YmcKyGwQD,15,Lightblinded Vanguard,3180,WIPE,119.518,Dàmnàtion,P-7dca34b68e802c90,614,3061658.0,98.12,82.1,0.0,0.0,141068.0,11129.0,Divine Hammer,1249047,2.0,ability_paladin_hammeroftherighteous.jpg,,False,6577.0,42003.0,206052.0,16404.0
g2CL3b8YmcKyGwQD,15,Lightblinded Vanguard,3180,WIPE,119.518,Krogal,P-e087dd662652ccb1,216,3071964.0,108.426,90.72,0.0,0.0,18953.0,0.0,Searing Radiance,1255739,2.0,inv_ability_holyfire_buff.jpg,621,False,3015.0,1581.0,23549.0,0.0
g2CL3b8YmcKyGwQD,15,Lightblinded Vanguard,3180,WIPE,119.518,Thehealer,P-85fccf15547a05f8,36,3075525.0,111.987,93.7,0.0,0.0,9361.0,26004.0,Light Infusion,1258661,2.0,spell_holy_auramastery.jpg,619,False,4786.0,1748.0,15895.0,0.0
g2CL3b8YmcKyGwQD,15,Lightblinded Vanguard,3180,WIPE,119.518,Sarahfi,P-2ef85c577cde477e,212,3075948.0,112.41,94.05,0.0,0.0,0.0,0.0,Devoured,1232272,1.0,inv_cosmicvoid_debuff.jpg,212,True,0.0,0.0,0.0,0.0
g2CL3b8YmcKyGwQD,15,Lightblinded Vanguard,3180,WIPE,119.518,Brglwwgl,P-14de511fa93be591,35,3076042.0,112.504,94.13,0.0,0.0,0.0,0.0,Devoured,1232272,1.0,inv_cosmicvoid_debuff.jpg,35,True,0.0,0.0,0.0,0.0
g2CL3b8YmcKyGwQD,15,Lightblinded Vanguard,3180,WIPE,119.518,Decayed,P-584cf7139227dcac,586,3082552.0,119.014,99.58,0.0,0.0,0.0,27588.0,Light Infusion,1258661,2.0,spell_holy_auramastery.jpg,619,False,0.0,3480.0,15895.0,12415.0
g2CL3b8YmcKyGwQD,16,Lightblinded Vanguard,3180,WIPE,168.608,Krogal,P-e087dd662652ccb1,216,3449193.0,124.057,73.58,0.0,0.0,21358.0,26023.0,Sacred Toll,1246749,2.0,ability_bastion_paladin.jpg,620,False,129637.0,25621.0,176616.0,0.0
g2CL3b8YmcKyGwQD,16,Lightblinded Vanguard,3180,WIPE,168.608,Decayed,P-584cf7139227dcac,586,3453427.0,128.291,76.09,0.0,0.0,25356.0,1191.0,Shield of the Righteous,1251859,2.0,ability_paladin_shieldofvengeance.jpg,619,False,647027.0,0.0,441540.0,695613.0
g2CL3b8YmcKyGwQD,16,Lightblinded Vanguard,3180,WIPE,168.608,Sarahfi,P-2ef85c577cde477e,212,3457420.0,132.284,78.46,0.0,0.0,811362.0,0.0,Final Verdict,1251812,2.0,spell_paladin_templarsverdict.jpg,620,False,322123.0,0.0,419463.0,76.0
g2CL3b8YmcKyGwQD,16,Lightblinded Vanguard,3180,WIPE,168.608,Aznå,P-7ceac4b78c96cd10,622,3462194.0,137.058,81.29,0.0,0.0,111069.0,3033.0,Melee,1,1.0,inv_axe_02.jpg,619,False,214763.0,79264.0,405096.0,0.0
g2CL3b8YmcKyGwQD,16,Lightblinded Vanguard,3180,WIPE,168.608,Brglwwgl,P-14de511fa93be591,35,3469820.0,144.684,85.81,0.0,0.0,41416.0,2658.0,Melee,1,1.0,inv_axe_02.jpg,619,False,164724.0,186798.0,395710.0,2772.0
g2CL3b8YmcKyGwQD,16,Lightblinded Vanguard,3180,WIPE,168.608,Gethael,P-9ae5a6c050e534cb,223,3475773.0,150.637,89.34,0.0,0.0,171187.0,0.0,Melee,1,1.0,inv_axe_02.jpg,620,False,325297.0,172191.0,668675.0,0.0
g2CL3b8YmcKyGwQD,16,Lightblinded Vanguard,3180,WIPE,168.608,Dàmnàtion,P-7dca34b68e802c90,614,3476333.0,151.197,89.67,0.0,0.0,200298.0,4154.0,Judgment,1251857,2.0,ability_paladin_judgementblue.jpg,619,False,10623.0,60004.0,294360.0,23435.0
g2CL3b8YmcKyGwQD,16,Lightblinded Vanguard,3180,WIPE,168.608,Chontosh,P-81cad9c290ac9716,2,3480992.0,155.856,92.44,0.0,0.0,93128.0,8828.0,Melee,1,1.0,inv_axe_02.jpg,619,False,92217.0,212756.0,398101.0,0.0
g2CL3b8YmcKyGwQD,16,Lightblinded Vanguard,3180,WIPE,168.608,Decayed,P-584cf7139227dcac,586,3481407.0,156.271,92.68,0.0,0.0,458157.0,0.0,Final Verdict,1251812,2.0,spell_paladin_templarsverdict.jpg,620,False,568194.0,0.0,415047.0,379306.0
g2CL3b8YmcKyGwQD,16,Lightblinded Vanguard,3180,WIPE,168.608,Azzinotica,P-5cf7354b0a36cff5,224,3487183.0,162.047,96.11,0.0,0.0,25524.0,10031.0,Sacred Toll,1246749,2.0,ability_bastion_paladin.jpg,620,False,75221.0,75871.0,176616.0,0.0
g2CL3b8YmcKyGwQD,16,Lightblinded Vanguard,3180,WIPE,168.608,Evilisuponu,P-026525eca809d398,221,3491696.0,166.56,98.79,0.0,0.0,458833.0,11551.0,Melee,1,1.0,inv_axe_02.jpg,619,False,50041.0,0.0,400359.0,56541.0
g2CL3b8YmcKyGwQD,17,Lightblinded Vanguard,3180,WIPE,191.117,Gethael,P-9ae5a6c050e534cb,223,3761136.0,96.125,50.3,0.0,0.0,58612.0,10070.0,Execution Sentence,1249024,2.0,spell_paladin_executionsentence.jpg,620,False,83074.0,152673.0,294359.0,0.0
g2CL3b8YmcKyGwQD,17,Lightblinded Vanguard,3180,WIPE,191.117,Sarahfi,P-2ef85c577cde477e,212,3817329.0,152.318,79.7,0.0,0.0,164264.0,6291.0,Shield of the Righteous,1251859,2.0,ability_paladin_shieldofvengeance.jpg,619,False,469184.0,0.0,419463.0,2479.0
g2CL3b8YmcKyGwQD,17,Lightblinded Vanguard,3180,WIPE,191.117,Azzinotica,P-5cf7354b0a36cff5,224,3828078.0,163.067,85.32,0.0,0.0,10508.0,16998.0,Avenger's Shield,1246502,2.0,spell_holy_avengersshield.jpg,619,False,56656.0,21144.0,88308.0,0.0
g2CL3b8YmcKyGwQD,17,Lightblinded Vanguard,3180,WIPE,191.117,Chontosh,P-81cad9c290ac9716,2,3830057.0,165.046,86.36,0.0,0.0,28609.0,18001.0,Divine Storm,1246765,2.0,ability_paladin_divinestorm.jpg,620,False,30416.0,32097.0,103026.0,11904.0
g2CL3b8YmcKyGwQD,17,Lightblinded Vanguard,3180,WIPE,191.117,Krogal,P-e087dd662652ccb1,216,3831057.0,166.046,86.88,0.0,0.0,1127.0,20005.0,Avenger's Shield,1246502,2.0,spell_holy_avengersshield.jpg,619,False,29701.0,20685.0,51513.0,0.0
g2CL3b8YmcKyGwQD,17,Lightblinded Vanguard,3180,WIPE,191.117,Decayed,P-584cf7139227dcac,586,3837319.0,172.308,90.16,0.0,0.0,424519.0,0.0,Shield of the Righteous,1251859,2.0,ability_paladin_shieldofvengeance.jpg,619,False,628416.0,0.0,441540.0,369099.0
g2CL3b8YmcKyGwQD,17,Lightblinded Vanguard,3180,WIPE,191.117,Brglwwgl,P-14de511fa93be591,35,3843701.0,178.69,93.5,0.0,0.0,158682.0,26683.0,Blinding Light,1258514,2.0,inv_ability_holyfire_nova.jpg,621,False,22576.0,40127.0,221385.0,0.0
g2CL3b8YmcKyGwQD,17,Lightblinded Vanguard,3180,WIPE,191.117,Dàmnàtion,P-7dca34b68e802c90,614,3845045.0,180.034,94.2,0.0,0.0,11839.0,26996.0,Divine Storm,1246765,2.0,ability_paladin_divinestorm.jpg,620,False,61041.0,22049.0,103026.0,8097.0
g2CL3b8YmcKyGwQD,17,Lightblinded Vanguard,3180,WIPE,191.117,Aznå,P-7ceac4b78c96cd10,622,3849691.0,184.68,96.63,0.0,0.0,177298.0,6658.0,Melee,1,1.0,inv_axe_02.jpg,619,False,160233.0,61128.0,398659.0,0.0
g2CL3b8YmcKyGwQD,17,Lightblinded Vanguard,3180,WIPE,191.117,Sarahfi,P-2ef85c577cde477e,212,3852129.0,187.118,97.91,0.0,0.0,21003.0,28473.0,Melee,1,1.0,inv_axe_02.jpg,620,False,199910.0,439624.0,660537.0,0.0
g2CL3b8YmcKyGwQD,17,Lightblinded Vanguard,3180,WIPE,191.117,Evilisuponu,P-026525eca809d398,221,3855365.0,190.354,99.6,0.0,0.0,7837.0,12811.0,Searing Radiance,1255739,2.0,inv_ability_holyfire_buff.jpg,621,False,14179.0,1533.0,23549.0,0.0
g2CL3b8YmcKyGwQD,19,Lightblinded Vanguard,3180,WIPE,186.776,Brglwwgl,P-14de511fa93be591,35,4084408.0,96.273,51.54,0.0,0.0,1275.0,274.0,Execution Sentence,1249024,2.0,spell_paladin_executionsentence.jpg,620,False,433173.0,151432.0,588719.0,2839.0
g2CL3b8YmcKyGwQD,19,Lightblinded Vanguard,3180,WIPE,186.776,Sarahfi,P-2ef85c577cde477e,212,4153107.0,164.972,88.33,0.0,0.0,43467.0,18014.0,Melee,1,1.0,inv_axe_02.jpg,620,False,92715.0,508556.0,645599.0,861.0
g2CL3b8YmcKyGwQD,19,Lightblinded Vanguard,3180,WIPE,186.776,Decayed,P-584cf7139227dcac,586,4160386.0,172.251,92.22,0.0,0.0,414640.0,20246.0,Shield of the Righteous,1251859,2.0,ability_paladin_shieldofvengeance.jpg,619,False,461738.0,0.0,441540.0,365057.0
g2CL3b8YmcKyGwQD,19,Lightblinded Vanguard,3180,WIPE,186.776,Aznå,P-7ceac4b78c96cd10,622,4162742.0,174.607,93.48,0.0,0.0,109060.0,0.0,Melee,1,1.0,inv_axe_02.jpg,620,False,398320.0,99384.0,648157.0,41393.0
g2CL3b8YmcKyGwQD,19,Lightblinded Vanguard,3180,WIPE,186.776,Azzinotica,P-5cf7354b0a36cff5,224,4165928.0,177.793,95.19,0.0,0.0,58215.0,0.0,Melee,1,1.0,inv_axe_02.jpg,620,False,440048.0,178707.0,676970.0,0.0
g2CL3b8YmcKyGwQD,19,Lightblinded Vanguard,3180,WIPE,186.776,Dàmnàtion,P-7dca34b68e802c90,614,4165929.0,177.794,95.19,0.0,0.0,38201.0,30832.0,Avenger's Shield,1246502,2.0,spell_holy_avengersshield.jpg,619,False,4096.0,28964.0,88308.0,17047.0
g2CL3b8YmcKyGwQD,19,Lightblinded Vanguard,3180,WIPE,186.776,Evilisuponu,P-026525eca809d398,221,4168183.0,180.048,96.4,0.0,0.0,144124.0,40075.0,Blinding Light,1258514,2.0,inv_ability_holyfire_nova.jpg,621,False,36835.0,20320.0,221385.0,20106.0
g2CL3b8YmcKyGwQD,19,Lightblinded Vanguard,3180,WIPE,186.776,Gethael,P-9ae5a6c050e534cb,223,4168185.0,180.05,96.4,0.0,0.0,57982.0,4079.0,Blinding Light,1258514,2.0,inv_ability_holyfire_nova.jpg,621,False,103576.0,59827.0,221385.0,0.0
g2CL3b8YmcKyGwQD,19,Lightblinded Vanguard,3180,WIPE,186.776,Chontosh,P-81cad9c290ac9716,2,4168187.0,180.052,96.4,0.0,0.0,49660.0,2256.0,Blinding Light,1258514,2.0,inv_ability_holyfire_nova.jpg,621,False,129098.0,42627.0,221385.0,0.0
g2CL3b8YmcKyGwQD,20,Lightblinded Vanguard,3180,WIPE,330.064,Chontosh,P-81cad9c290ac9716,2,4490265.0,163.102,49.42,0.0,0.0,12735.0,16068.0,Avenger's Shield,1246502,2.0,spell_holy_avengersshield.jpg,619,False,58372.0,17201.0,88308.0,0.0
g2CL3b8YmcKyGwQD,20,Lightblinded Vanguard,3180,WIPE,330.064,Brglwwgl,P-14de511fa93be591,35,4513296.0,186.133,56.39,0.0,0.0,18275.0,39130.0,Searing Radiance,1255739,2.0,inv_ability_holyfire_buff.jpg,621,False,1474.0,3800.0,23549.0,0.0
g2CL3b8YmcKyGwQD,20,Lightblinded Vanguard,3180,WIPE,330.064,Dàmnàtion,P-7dca34b68e802c90,614,4517302.0,190.139,57.61,0.0,0.0,5262.0,38133.0,Searing Radiance,1255739,2.0,inv_ability_holyfire_buff.jpg,621,False,10768.0,5738.0,23549.0,1781.0
g2CL3b8YmcKyGwQD,20,Lightblinded Vanguard,3180,WIPE,330.064,Aznå,P-7ceac4b78c96cd10,622,4562455.0,235.292,71.29,0.0,0.0,129081.0,3965.0,Divine Toll,1248652,2.0,inv_ability_paladin_divinetoll.jpg,619,False,42743.0,34228.0,206052.0,0.0
g2CL3b8YmcKyGwQD,20,Lightblinded Vanguard,3180,WIPE,330.064,Evilisuponu,P-026525eca809d398,221,4626221.0,299.058,90.61,0.0,0.0,45739.0,9513.0,Sacred Toll,1246749,2.0,ability_bastion_paladin.jpg,620,False,97183.0,16211.0,176616.0,17483.0
g2CL3b8YmcKyGwQD,20,Lightblinded Vanguard,3180,WIPE,330.064,Azzinotica,P-5cf7354b0a36cff5,224,4626222.0,299.059,90.61,0.0,0.0,32855.0,11026.0,Avenger's Shield,1246502,2.0,spell_holy_avengersshield.jpg,619,False,6324.0,12334.0,51513.0,0.0
g2CL3b8YmcKyGwQD,20,Lightblinded Vanguard,3180,WIPE,330.064,Thehealer,P-85fccf15547a05f8,36,4627226.0,300.063,90.91,0.0,0.0,19945.0,6711.0,Avenger's Shield,1246502,2.0,spell_holy_avengersshield.jpg,619,False,21318.0,10250.0,51513.0,0.0
g2CL3b8YmcKyGwQD,20,Lightblinded Vanguard,3180,WIPE,330.064,Decayed,P-584cf7139227dcac,586,4651463.0,324.3,98.25,0.0,0.0,332976.0,0.0,Shield of the Righteous,1251859,2.0,ability_paladin_shieldofvengeance.jpg,619,False,751728.0,0.0,415047.0,322360.0
g2CL3b8YmcKyGwQD,20,Lightblinded Vanguard,3180,WIPE,330.064,Gethael,P-9ae5a6c050e534cb,223,4653216.0,326.053,98.78,0.0,0.0,2342.0,6414.0,Avenger's Shield,1246502,2.0,spell_holy_avengersshield.jpg,619,False,33371.0,15800.0,51513.0,0.0
g2CL3b8YmcKyGwQD,20,Lightblinded Vanguard,3180,WIPE,330.064,Chontosh,P-81cad9c290ac9716,2,4653218.0,326.055,98.79,0.0,0.0,1950.0,6048.0,Avenger's Shield,1246502,2.0,spell_holy_avengersshield.jpg,619,False,39529.0,10034.0,51513.0,0.0
g2CL3b8YmcKyGwQD,20,Lightblinded Vanguard,3180,WIPE,330.064,Sarahfi,P-2ef85c577cde477e,212,4655477.0,328.314,99.47,0.0,0.0,847287.0,0.0,Final Verdict,1251812,2.0,spell_paladin_templarsverdict.jpg,620,False,379201.0,0.0,441540.0,0.0
g2CL3b8YmcKyGwQD,20,Lightblinded Vanguard,3180,WIPE,330.064,Krogal,P-e087dd662652ccb1,216,4657200.0,330.037,99.99,0.0,0.0,11844.0,10033.0,Avenger's Shield,1246502,2.0,spell_holy_avengersshield.jpg,619,False,3570.0,36099.0,51513.0,0.0
g2CL3b8YmcKyGwQD,21,Lightblinded Vanguard,3180,WIPE,126.912,Gethael,P-9ae5a6c050e534cb,223,4887712.0,91.428,72.04,0.0,0.0,161088.0,4349.0,Blinding Light,1258514,2.0,inv_ability_holyfire_nova.jpg,621,False,168622.0,113060.0,442770.0,0.0
g2CL3b8YmcKyGwQD,21,Lightblinded Vanguard,3180,WIPE,126.912,Krogal,P-e087dd662652ccb1,216,4890340.0,94.056,74.11,0.0,0.0,160953.0,2650.0,Execution Sentence,1249024,2.0,spell_paladin_executionsentence.jpg,620,False,157813.0,73713.0,392479.0,0.0
g2CL3b8YmcKyGwQD,21,Lightblinded Vanguard,3180,WIPE,126.912,Aznå,P-7ceac4b78c96cd10,622,4890341.0,94.057,74.11,0.0,0.0,158142.0,2650.0,Execution Sentence,1249024,2.0,spell_paladin_executionsentence.jpg,620,False,181311.0,53026.0,392479.0,0.0
g2CL3b8YmcKyGwQD,21,Lightblinded Vanguard,3180,WIPE,126.912,Chontosh,P-81cad9c290ac9716,2,4890344.0,94.06,74.11,0.0,0.0,7730.0,6975.0,Light Infusion,1258661,2.0,spell_holy_auramastery.jpg,619,False,12750.0,6192.0,31791.0,5119.0
g2CL3b8YmcKyGwQD,21,Lightblinded Vanguard,3180,WIPE,126.912,Brglwwgl,P-14de511fa93be591,35,4894336.0,98.052,77.26,0.0,0.0,165061.0,6648.0,Divine Hammer,1249047,2.0,ability_paladin_hammeroftherighteous.jpg,,False,16833.0,24158.0,206052.0,0.0
g2CL3b8YmcKyGwQD,21,Lightblinded Vanguard,3180,WIPE,126.912,Evilisuponu,P-026525eca809d398,221,4896308.0,100.024,78.81,0.0,0.0,3242.0,8988.0,Light Infusion,1258661,2.0,spell_holy_auramastery.jpg,619,False,8743.0,1459.0,15895.0,2451.0
g2CL3b8YmcKyGwQD,21,Lightblinded Vanguard,3180,WIPE,126.912,Dàmnàtion,P-7dca34b68e802c90,614,4898952.0,102.668,80.9,0.0,0.0,11283.0,11264.0,Consecration,1246158,2.0,spell_holy_innerfire.jpg,620,False,30901.0,12001.0,58872.0,4687.0
g2CL3b8YmcKyGwQD,21,Lightblinded Vanguard,3180,WIPE,126.912,Thehealer,P-85fccf15547a05f8,36,4908638.0,112.354,88.53,0.0,0.0,2479.0,20950.0,Searing Radiance,1255739,2.0,inv_ability_holyfire_buff.jpg,621,False,18480.0,2590.0,23549.0,0.0
g2CL3b8YmcKyGwQD,21,Lightblinded Vanguard,3180,WIPE,126.912,Sarahfi,P-2ef85c577cde477e,212,4911824.0,115.54,91.04,0.0,0.0,203713.0,24136.0,Judgment,1246736,2.0,ability_paladin_judgementred.jpg,620,False,156297.0,0.0,279642.0,861.0
g2CL3b8YmcKyGwQD,21,Lightblinded Vanguard,3180,WIPE,126.912,Azzinotica,P-5cf7354b0a36cff5,224,4920301.0,124.017,97.72,0.0,0.0,28624.0,12966.0,Sacred Toll,1246749,2.0,ability_bastion_paladin.jpg,620,False,100274.0,47718.0,176616.0,0.0
hY2VNwq1nWfMKFxm,1,Entombed Sentinels,3445,WIPE,95.07,Boomchicky,P-df9f05cc370f53e8,18,185004.0,77.663,81.69,0.0,0.0,13655.0,5134.0,Blood Venom,1284210,32.0,spell_shadow_bloodboil.jpg,21,False,79730.0,28308.0,123588.0,1895.0
hY2VNwq1nWfMKFxm,1,Entombed Sentinels,3445,WIPE,95.07,Mets,P-0535c10c91d1eeda,19,185010.0,77.669,81.7,0.0,0.0,63472.0,5098.0,Blood Venom,1284210,32.0,spell_shadow_bloodboil.jpg,21,False,28603.0,30583.0,123588.0,930.0
hY2VNwq1nWfMKFxm,1,Entombed Sentinels,3445,WIPE,95.07,Ämon,P-26f181f915fe34c3,8,186849.0,79.508,83.63,0.0,0.0,35220.0,11059.0,Cultivated Burst,1284948,40.0,spell_deathknight_explode_ghoul.jpg,20,False,41161.0,15539.0,92691.0,771.0
hY2VNwq1nWfMKFxm,1,Entombed Sentinels,3445,WIPE,95.07,Chontosh,P-81cad9c290ac9716,5,188223.0,80.882,85.08,0.0,0.0,29503.0,7570.0,Blood Venom,1284210,32.0,spell_shadow_bloodboil.jpg,21,False,61412.0,31755.0,123588.0,918.0
hY2VNwq1nWfMKFxm,1,Entombed Sentinels,3445,WIPE,95.07,Soliloquy,P-ace0c6b4dcb42bd6,1,192062.0,84.721,89.11,0.0,0.0,58330.0,7424.0,Blood Venom,1284210,32.0,spell_shadow_bloodboil.jpg,21,False,51010.0,14248.0,123588.0,0.0
hY2VNwq1nWfMKFxm,1,Entombed Sentinels,3445,WIPE,95.07,Geckofursona,P-ca3833033e7a5953,4,194900.0,87.559,92.1,0.0,0.0,64184.0,7001.0,Cultivated Burst,1284948,40.0,spell_deathknight_explode_ghoul.jpg,21,False,14105.0,13612.0,92691.0,790.0
hY2VNwq1nWfMKFxm,1,Entombed Sentinels,3445,WIPE,95.07,Lìllith,P-093da9358d901c39,12,196436.0,89.095,93.72,0.0,0.0,101228.0,18804.0,Toxic Droplets,1284451,8.0,inv_ability_poison_orb.jpg,20,False,101613.0,48312.0,278072.0,26919.0
hY2VNwq1nWfMKFxm,1,Entombed Sentinels,3445,WIPE,95.07,Decayed,P-584cf7139227dcac,17,197978.0,90.637,95.34,0.0,0.0,0.0,14763.0,Blood Venom,1284210,32.0,spell_shadow_bloodboil.jpg,21,False,0.0,21332.0,123588.0,102256.0
hY2VNwq1nWfMKFxm,1,Entombed Sentinels,3445,WIPE,95.07,Averlis,P-77b140a1e9d7fba2,3,201176.0,93.835,98.7,0.0,0.0,8552.0,20531.0,Contaminate,1284258,8.0,ability_rogue_venomouswounds.jpg,58,False,39377.0,38582.0,86511.0,0.0
hY2VNwq1nWfMKFxm,1,Entombed Sentinels,3445,WIPE,95.07,Novachronos,P-d8e2e25f74d6a935,6,201608.0,94.267,99.16,0.0,0.0,118969.0,27979.0,Noxious Blast,1284452,8.0,ability_creature_poison_06.jpg,20,False,92691.0,42895.0,278072.0,23517.0
hY2VNwq1nWfMKFxm,1,Entombed Sentinels,3445,WIPE,95.07,Chinashop,P-6aa1f34b0fafc707,13,201609.0,94.268,99.16,0.0,0.0,192304.0,12960.0,Noxious Blast,1284452,8.0,ability_creature_poison_06.jpg,20,False,46975.0,38793.0,278072.0,0.0
hY2VNwq1nWfMKFxm,1,Entombed Sentinels,3445,WIPE,95.07,Scamanes,P-d98756831b8feaa2,2,201610.0,94.269,99.16,0.0,0.0,117145.0,12958.0,Noxious Blast,1284452,8.0,ability_creature_poison_06.jpg,20,False,117032.0,43895.0,278072.0,0.0
hY2VNwq1nWfMKFxm,1,Entombed Sentinels,3445,WIPE,95.07,Stellanoova,P-6168b2209e9e02a1,9,201610.0,94.269,99.16,0.0,0.0,86935.0,4313.0,Noxious Blast,1284452,8.0,ability_creature_poison_06.jpg,20,False,41238.0,55203.0,278072.0,94696.0
hY2VNwq1nWfMKFxm,1,Entombed Sentinels,3445,WIPE,95.07,Greyseer,P-146fcdef511d70d4,16,201611.0,94.27,99.16,0.0,0.0,219806.0,10570.0,Noxious Blast,1284452,8.0,ability_creature_poison_06.jpg,20,False,4384.0,53882.0,278072.0,0.0
hY2VNwq1nWfMKFxm,1,Entombed Sentinels,3445,WIPE,95.07,Mydrood,P-71a55fed3a6d81f1,10,201612.0,94.271,99.16,0.0,0.0,67484.0,9857.0,Noxious Blast,1284452,8.0,ability_creature_poison_06.jpg,20,False,110506.0,100082.0,278072.0,0.0
hY2VNwq1nWfMKFxm,1,Entombed Sentinels,3445,WIPE,95.07,Shinier,P-fa0288594047c1a1,11,201695.0,94.354,99.25,0.0,0.0,1883.0,93.0,Noxious Blast,1284452,8.0,ability_creature_poison_06.jpg,20,False,228294.0,47895.0,278072.0,0.0
hY2VNwq1nWfMKFxm,1,Entombed Sentinels,3445,WIPE,95.07,Asharia,P-baca25d85259e955,15,201697.0,94.356,99.25,0.0,0.0,50056.0,13047.0,Noxious Blast,1284452,8.0,ability_creature_poison_06.jpg,20,False,157894.0,70122.0,278072.0,0.0
hY2VNwq1nWfMKFxm,1,Entombed Sentinels,3445,WIPE,95.07,Maztajake,P-dc96b65209ad25d3,14,201698.0,94.357,99.25,0.0,0.0,18091.0,27046.0,Noxious Blast,1284452,8.0,ability_creature_poison_06.jpg,20,False,138226.0,121755.0,278072.0,0.0
hY2VNwq1nWfMKFxm,1,Entombed Sentinels,3445,WIPE,95.07,Sälazar,P-448597313370c1df,7,202221.0,94.88,99.8,0.0,0.0,32164.0,19554.0,Noxious Blast,1284452,8.0,ability_creature_poison_06.jpg,20,False,16806.0,223661.0,278072.0,5441.0
hY2VNwq1nWfMKFxm,2,Entombed Sentinels,3445,WIPE,120.332,Geckofursona,P-ca3833033e7a5953,4,546392.0,34.305,28.51,0.0,0.0,68351.0,8083.0,Blood Venom,1284210,32.0,spell_shadow_bloodboil.jpg,21,False,31587.0,22641.0,123588.0,1009.0
hY2VNwq1nWfMKFxm,2,Entombed Sentinels,3445,WIPE,120.332,Greyseer,P-146fcdef511d70d4,16,586882.0,74.795,62.16,0.0,0.0,13357.0,2547.0,Contaminate,1284258,8.0,ability_rogue_venomouswounds.jpg,58,False,56391.0,16763.0,86511.0,0.0
hY2VNwq1nWfMKFxm,2,Entombed Sentinels,3445,WIPE,120.332,Lìllith,P-093da9358d901c39,12,589414.0,77.327,64.26,0.0,0.0,78747.0,3066.0,Blood Venom,1284210,32.0,spell_shadow_bloodboil.jpg,21,False,4495.0,31097.0,123588.0,9249.0
hY2VNwq1nWfMKFxm,2,Entombed Sentinels,3445,WIPE,120.332,Asharia,P-baca25d85259e955,15,590439.0,78.352,65.11,0.0,0.0,2221.0,3990.0,Cultivated Burst,1284948,40.0,spell_deathknight_explode_ghoul.jpg,20,False,57520.0,32950.0,92691.0,0.0
hY2VNwq1nWfMKFxm,2,Entombed Sentinels,3445,WIPE,120.332,Chinashop,P-6aa1f34b0fafc707,13,591323.0,79.236,65.85,0.0,0.0,26722.0,16149.0,Cultivated Burst,1284948,40.0,spell_deathknight_explode_ghoul.jpg,21,False,9668.0,19911.0,92691.0,36390.0
hY2VNwq1nWfMKFxm,2,Entombed Sentinels,3445,WIPE,120.332,Scamanes,P-d98756831b8feaa2,2,591357.0,79.27,65.88,0.0,0.0,27336.0,5074.0,Blood Venom,1284210,32.0,spell_shadow_bloodboil.jpg,21,False,66142.0,30110.0,123588.0,0.0
hY2VNwq1nWfMKFxm,2,Entombed Sentinels,3445,WIPE,120.332,Soliloquy,P-ace0c6b4dcb42bd6,1,594113.0,82.026,68.17,0.0,0.0,56042.0,8940.0,Blood Venom,1284210,32.0,spell_shadow_bloodboil.jpg,21,False,39490.0,24909.0,123588.0,3147.0
hY2VNwq1nWfMKFxm,2,Entombed Sentinels,3445,WIPE,120.332,Mydrood,P-71a55fed3a6d81f1,10,594642.0,82.555,68.61,0.0,0.0,51469.0,7761.0,Blood Venom,1284210,32.0,spell_shadow_bloodboil.jpg,21,False,5607.0,9437.0,123588.0,57075.0
hY2VNwq1nWfMKFxm,2,Entombed Sentinels,3445,WIPE,120.332,Stellanoova,P-6168b2209e9e02a1,9,598020.0,85.933,71.41,0.0,0.0,36693.0,2177.0,Blood Venom,1284210,32.0,spell_shadow_bloodboil.jpg,21,False,36823.0,24535.0,123588.0,25537.0
hY2VNwq1nWfMKFxm,2,Entombed Sentinels,3445,WIPE,120.332,Averlis,P-77b140a1e9d7fba2,3,599192.0,87.105,72.39,0.0,0.0,53752.0,4015.0,Mark of Acid,1284500,8.0,inv_arcanegolem2mount_green.jpg,20,False,595.0,13623.0,67970.0,0.0
hY2VNwq1nWfMKFxm,2,Entombed Sentinels,3445,WIPE,120.332,Boomchicky,P-df9f05cc370f53e8,18,599257.0,87.17,72.44,0.0,0.0,7930.0,16073.0,Noxious Blast,1284452,8.0,ability_creature_poison_06.jpg,20,False,204306.0,63693.0,278072.0,2143.0
hY2VNwq1nWfMKFxm,2,Entombed Sentinels,3445,WIPE,120.332,Ämon,P-26f181f915fe34c3,8,599261.0,87.174,72.44,0.0,0.0,68305.0,16072.0,Noxious Blast,1284452,8.0,ability_creature_poison_06.jpg,20,False,148344.0,57025.0,278072.0,4398.0
hY2VNwq1nWfMKFxm,2,Entombed Sentinels,3445,WIPE,120.332,Novachronos,P-d8e2e25f74d6a935,6,602284.0,90.197,74.96,0.0,0.0,8012.0,7107.0,Mark of Blood,1284506,32.0,inv_arcanegolem2mount_red.jpg,21,False,4909.0,12069.0,40782.0,15792.0
hY2VNwq1nWfMKFxm,2,Entombed Sentinels,3445,WIPE,120.332,Geckofursona,P-ca3833033e7a5953,4,609255.0,97.168,80.75,0.0,0.0,3434.0,6088.0,Blood Venom,1284210,32.0,spell_shadow_bloodboil.jpg,21,False,98067.0,21062.0,123588.0,1025.0
hY2VNwq1nWfMKFxm,2,Entombed Sentinels,3445,WIPE,120.332,Mets,P-0535c10c91d1eeda,19,620941.0,108.854,90.46,0.0,0.0,76747.0,4688.0,Blighted Blood,1284471,32.0,spell_shadow_lifedrain.jpg,21,False,53624.0,22798.0,154485.0,1316.0
hY2VNwq1nWfMKFxm,2,Entombed Sentinels,3445,WIPE,120.332,Maztajake,P-dc96b65209ad25d3,14,621957.0,109.87,91.31,0.0,0.0,26852.0,5677.0,Toxic Droplets,1284451,8.0,inv_ability_poison_orb.jpg,20,False,196423.0,52542.0,278072.0,2255.0
hY2VNwq1nWfMKFxm,2,Entombed Sentinels,3445,WIPE,120.332,Chontosh,P-81cad9c290ac9716,5,625852.0,113.765,94.54,0.0,0.0,16622.0,9570.0,Toxic Droplets,1284451,8.0,inv_ability_poison_orb.jpg,20,False,215377.0,46073.0,278072.0,0.0
hY2VNwq1nWfMKFxm,2,Entombed Sentinels,3445,WIPE,120.332,Decayed,P-584cf7139227dcac,17,625935.0,113.848,94.61,0.0,0.0,0.0,42470.0,Melee,1,1.0,inv_axe_02.jpg,,,,,,
hY2VNwq1nWfMKFxm,2,Entombed Sentinels,3445,WIPE,120.332,Sälazar,P-448597313370c1df,7,626445.0,114.358,95.04,0.0,0.0,827557.0,0.0,Melee,1,1.0,inv_axe_02.jpg,21,False,293955.0,0.0,755638.0,124612.0
hY2VNwq1nWfMKFxm,2,Entombed Sentinels,3445,WIPE,120.332,Shinier,P-fa0288594047c1a1,11,632245.0,120.158,99.86,0.0,0.0,136785.0,36480.0,Noxious Blast,1284452,8.0,ability_creature_poison_06.jpg,20,False,77280.0,64007.0,278072.0,0.0
hY2VNwq1nWfMKFxm,3,Entombed Sentinels,3445,KILL,516.436,Novachronos,P-d8e2e25f74d6a935,6,960263.0,171.603,33.23,0.0,0.0,57459.0,2511.0,Living Venom,1284209,8.0,inv_ability_poison_groundstate.jpg,20,False,149837.0,47744.0,278072.0,23032.0
hY2VNwq1nWfMKFxm,3,Entombed Sentinels,3445,KILL,516.436,Soliloquy,P-ace0c6b4dcb42bd6,1,976865.0,188.205,36.44,0.0,0.0,41370.0,7979.0,Mark of Acid,1284500,8.0,inv_arcanegolem2mount_green.jpg,20,False,43432.0,40478.0,129143.0,3863.0
hY2VNwq1nWfMKFxm,3,Entombed Sentinels,3445,KILL,516.436,Scamanes,P-d98756831b8feaa2,2,981394.0,192.734,37.32,0.0,0.0,109682.0,6512.0,Living Venom,1284209,8.0,inv_ability_poison_groundstate.jpg,20,False,124495.0,43895.0,278072.0,0.0
hY2VNwq1nWfMKFxm,9,Vashnik the Malignant,3455,WIPE,469.679,Averlis,P-77b140a1e9d7fba2,3,2263742.0,132.355,28.18,0.0,0.0,12816.0,15269.0,Caustic Surge,1285979,4.0,spell_shaman_firenova.jpg,210,False,35297.0,13196.0,61794.0,485.0
hY2VNwq1nWfMKFxm,9,Vashnik the Malignant,3455,WIPE,469.679,Mets,P-0535c10c91d1eeda,19,2347631.0,216.244,46.04,0.0,0.0,23198.0,18193.0,Caustic Surge,1285979,4.0,spell_shaman_firenova.jpg,210,False,23771.0,14351.0,61794.0,474.0
hY2VNwq1nWfMKFxm,9,Vashnik the Malignant,3455,WIPE,469.679,Greyseer,P-146fcdef511d70d4,16,2447521.0,316.134,67.31,0.0,0.0,106120.0,882.0,Plague Wave,1295798,40.0,inv_ability_poison_wave.jpg,203,False,202213.0,59316.0,370763.0,3114.0
hY2VNwq1nWfMKFxm,9,Vashnik the Malignant,3455,WIPE,469.679,Averlis,P-77b140a1e9d7fba2,3,2491538.0,360.151,76.68,0.0,0.0,22592.0,4096.0,Conflagrating Expulsion,1298587,4.0,ability_evoker_firestorm.jpg,203,False,341890.0,98973.0,463455.0,0.0
hY2VNwq1nWfMKFxm,9,Vashnik the Malignant,3455,WIPE,469.679,Chinashop,P-6aa1f34b0fafc707,13,2491539.0,360.152,76.68,0.0,0.0,45185.0,4145.0,Conflagrating Expulsion,1298587,4.0,ability_evoker_firestorm.jpg,203,False,349817.0,64464.0,463455.0,3989.0
hY2VNwq1nWfMKFxm,9,Vashnik the Malignant,3455,WIPE,469.679,Boomchicky,P-df9f05cc370f53e8,18,2531427.0,400.04,85.17,0.0,0.0,19260.0,1362.0,Toxic Vapor,1284561,8.0,ability_creature_poison_06.jpg,203,False,21471.0,14883.0,55614.0,0.0
hY2VNwq1nWfMKFxm,9,Vashnik the Malignant,3455,WIPE,469.679,Shinier,P-fa0288594047c1a1,11,2575661.0,444.274,94.59,0.0,0.0,87561.0,257.0,Conflagrating Expulsion,1298587,4.0,ability_evoker_firestorm.jpg,203,False,398319.0,70266.0,556146.0,0.0
hY2VNwq1nWfMKFxm,9,Vashnik the Malignant,3455,WIPE,469.679,Geckofursona,P-ca3833033e7a5953,4,2575662.0,444.275,94.59,0.0,0.0,59822.0,255.0,Conflagrating Expulsion,1298587,4.0,ability_evoker_firestorm.jpg,203,False,366173.0,125849.0,556146.0,4302.0
hY2VNwq1nWfMKFxm,9,Vashnik the Malignant,3455,WIPE,469.679,Novachronos,P-d8e2e25f74d6a935,6,2575663.0,444.276,94.59,0.0,0.0,73990.0,3410.0,Conflagrating Expulsion,1298587,4.0,ability_evoker_firestorm.jpg,203,False,319872.0,118522.0,556146.0,43762.0
hY2VNwq1nWfMKFxm,9,Vashnik the Malignant,3455,WIPE,469.679,Chinashop,P-6aa1f34b0fafc707,13,2575665.0,444.278,94.59,0.0,0.0,51176.0,2190.0,Conflagrating Expulsion,1298587,4.0,ability_evoker_firestorm.jpg,203,False,430187.0,69921.0,556146.0,4862.0
hY2VNwq1nWfMKFxm,9,Vashnik the Malignant,3455,WIPE,469.679,Ämon,P-26f181f915fe34c3,8,2575665.0,444.278,94.59,0.0,0.0,104331.0,194.0,Conflagrating Expulsion,1298587,4.0,ability_evoker_firestorm.jpg,203,False,351630.0,100185.0,556146.0,0.0
hY2VNwq1nWfMKFxm,9,Vashnik the Malignant,3455,WIPE,469.679,Scamanes,P-d98756831b8feaa2,2,2575666.0,444.279,94.59,0.0,0.0,34779.0,3408.0,Conflagrating Expulsion,1298587,4.0,ability_evoker_firestorm.jpg,203,False,390065.0,127011.0,556146.0,4291.0
hY2VNwq1nWfMKFxm,9,Vashnik the Malignant,3455,WIPE,469.679,Soliloquy,P-ace0c6b4dcb42bd6,1,2575666.0,444.279,94.59,0.0,0.0,186101.0,3408.0,Conflagrating Expulsion,1298587,4.0,ability_evoker_firestorm.jpg,203,False,306155.0,63890.0,556146.0,0.0
hY2VNwq1nWfMKFxm,9,Vashnik the Malignant,3455,WIPE,469.679,Chontosh,P-81cad9c290ac9716,5,2575669.0,444.282,94.59,0.0,0.0,112984.0,65.0,Conflagrating Expulsion,1298587,4.0,ability_evoker_firestorm.jpg,203,False,341590.0,96981.0,556146.0,4591.0
hY2VNwq1nWfMKFxm,9,Vashnik the Malignant,3455,WIPE,469.679,Maztajake,P-dc96b65209ad25d3,14,2575686.0,444.299,94.6,0.0,0.0,29826.0,200.0,Conflagrating Expulsion,1298587,4.0,ability_evoker_firestorm.jpg,203,False,394397.0,123310.0,556146.0,8613.0
hY2VNwq1nWfMKFxm,9,Vashnik the Malignant,3455,WIPE,469.679,Mets,P-0535c10c91d1eeda,19,2575686.0,444.299,94.6,0.0,0.0,14202.0,3405.0,Conflagrating Expulsion,1298587,4.0,ability_evoker_firestorm.jpg,203,False,409789.0,123548.0,556146.0,8607.0
hY2VNwq1nWfMKFxm,9,Vashnik the Malignant,3455,WIPE,469.679,Sälazar,P-448597313370c1df,7,2584536.0,453.149,96.48,0.0,0.0,10695.0,8945.0,Burning Presence,1305901,4.0,ability_rhyolith_magmaflow_wave.jpg,210,False,10460.0,6551.0,37076.0,9370.0
hY2VNwq1nWfMKFxm,9,Vashnik the Malignant,3455,WIPE,469.679,Lìllith,P-093da9358d901c39,12,2593542.0,462.155,98.4,0.0,0.0,1611.0,15016.0,Catalytic Bile,1282616,8.0,inv_ability_poison_missile.jpg,203,False,189321.0,35030.0,247176.0,21214.0
hY2VNwq1nWfMKFxm,9,Vashnik the Malignant,3455,WIPE,469.679,Mydrood,P-71a55fed3a6d81f1,10,2593939.0,462.552,98.48,0.0,0.0,82505.0,520.0,Catalytic Bile,1282602,8.0,inv_ability_poison_missile.jpg,203,False,27073.0,44907.0,154485.0,0.0
hY2VNwq1nWfMKFxm,9,Vashnik the Malignant,3455,WIPE,469.679,Asharia,P-baca25d85259e955,15,2594133.0,462.746,98.52,0.0,0.0,15309.0,18712.0,Congealing Bolt,1305833,32.0,ability_creature_cursed_03.jpg,209,False,49386.0,21816.0,86511.0,0.0
hY2VNwq1nWfMKFxm,9,Vashnik the Malignant,3455,WIPE,469.679,Stellanoova,P-6168b2209e9e02a1,9,2595910.0,464.523,98.9,0.0,0.0,223382.0,20511.0,Melee,1,1.0,inv_axe_02.jpg,203,False,163860.0,0.0,1156542.0,1011711.0
hY2VNwq1nWfMKFxm,9,Vashnik the Malignant,3455,WIPE,469.679,Decayed,P-584cf7139227dcac,17,2600941.0,469.554,99.97,0.0,0.0,0.0,20655.0,Congealing Bolt,1305833,32.0,ability_creature_cursed_03.jpg,,,,,,
hY2VNwq1nWfMKFxm,14,Vashnik the Malignant,3455,WIPE,326.713,Lìllith,P-093da9358d901c39,12,3358899.0,181.073,55.42,0.0,0.0,60134.0,1193.0,Plague Wave,1295798,40.0,inv_ability_poison_wave.jpg,203,False,236878.0,37417.0,370763.0,36334.0
hY2VNwq1nWfMKFxm,14,Vashnik the Malignant,3455,WIPE,326.713,Stellanoova,P-6168b2209e9e02a1,9,3437936.0,260.11,79.61,0.0,0.0,46493.0,238.0,Dripping Fangs,1280934,8.0,ability_creature_poison_01.jpg,203,False,23728.0,27567.0,123524.0,25736.0
hY2VNwq1nWfMKFxm,14,Vashnik the Malignant,3455,WIPE,326.713,Mets,P-0535c10c91d1eeda,19,3476950.0,299.124,91.56,0.0,0.0,20949.0,14524.0,Caustic Surge,1285979,4.0,spell_shaman_firenova.jpg,210,False,27099.0,13746.0,61794.0,0.0
hY2VNwq1nWfMKFxm,14,Vashnik the Malignant,3455,WIPE,326.713,Ämon,P-26f181f915fe34c3,8,3477865.0,300.039,91.84,0.0,0.0,12709.0,12893.0,Toxic Vapor,1284561,8.0,ability_creature_poison_06.jpg,203,False,24531.0,8729.0,46345.0,376.0
hY2VNwq1nWfMKFxm,14,Vashnik the Malignant,3455,WIPE,326.713,Sälazar,P-448597313370c1df,7,3477953.0,300.127,91.86,0.0,0.0,5719.0,15100.0,Caustic Surge,1285979,4.0,spell_shaman_firenova.jpg,210,False,39613.0,10918.0,61794.0,5544.0
hY2VNwq1nWfMKFxm,14,Vashnik the Malignant,3455,WIPE,326.713,Greyseer,P-146fcdef511d70d4,16,3478005.0,300.179,91.88,0.0,0.0,61908.0,9071.0,Caustic Explosion,1295209,4.0,spell_shaman_improvedfirenova.jpg,203,False,95463.0,57319.0,216279.0,1589.0
hY2VNwq1nWfMKFxm,14,Vashnik the Malignant,3455,WIPE,326.713,Mydrood,P-71a55fed3a6d81f1,10,3478006.0,300.18,91.88,0.0,0.0,67314.0,4149.0,Caustic Explosion,1295209,4.0,spell_shaman_improvedfirenova.jpg,203,False,126091.0,20921.0,216279.0,1953.0
hY2VNwq1nWfMKFxm,14,Vashnik the Malignant,3455,WIPE,326.713,Boomchicky,P-df9f05cc370f53e8,18,3478008.0,300.182,91.88,0.0,0.0,16079.0,13036.0,Caustic Explosion,1295209,4.0,spell_shaman_improvedfirenova.jpg,203,False,148994.0,49539.0,216279.0,1667.0
hY2VNwq1nWfMKFxm,14,Vashnik the Malignant,3455,WIPE,326.713,Novachronos,P-d8e2e25f74d6a935,6,3479950.0,302.124,92.47,0.0,0.0,40524.0,4114.0,Caustic Surge,1285979,4.0,spell_shaman_firenova.jpg,210,False,2801.0,13170.0,61794.0,5299.0
hY2VNwq1nWfMKFxm,14,Vashnik the Malignant,3455,WIPE,326.713,Chinashop,P-6aa1f34b0fafc707,13,3494310.0,316.484,96.87,0.0,0.0,44652.0,5019.0,Deadly Venom,1297338,8.0,ability_creature_poison_06.jpg,,False,18828.0,10032.0,74153.0,641.0
hY2VNwq1nWfMKFxm,14,Vashnik the Malignant,3455,WIPE,326.713,Soliloquy,P-ace0c6b4dcb42bd6,1,3500527.0,322.701,98.77,0.0,0.0,0.0,3992.0,,,,,,,,,,
hY2VNwq1nWfMKFxm,14,Vashnik the Malignant,3455,WIPE,326.713,Shinier,P-fa0288594047c1a1,11,3501191.0,323.365,98.98,0.0,0.0,36020.0,9229.0,Deadly Venom,1297338,8.0,ability_creature_poison_06.jpg,,False,27108.0,10388.0,74153.0,637.0
hY2VNwq1nWfMKFxm,14,Vashnik the Malignant,3455,WIPE,326.713,Lìllith,P-093da9358d901c39,12,3501853.0,324.027,99.18,0.0,0.0,114691.0,40502.0,Toxic Vapor,1284561,8.0,ability_creature_poison_06.jpg,203,False,56299.0,39818.0,231725.0,20917.0
hY2VNwq1nWfMKFxm,14,Vashnik the Malignant,3455,WIPE,326.713,Scamanes,P-d98756831b8feaa2,2,3501896.0,324.07,99.19,0.0,0.0,15565.0,10026.0,Deadly Venom,1297338,8.0,ability_creature_poison_06.jpg,,False,46882.0,11706.0,74153.0,0.0
hY2VNwq1nWfMKFxm,14,Vashnik the Malignant,3455,WIPE,326.713,Asharia,P-baca25d85259e955,15,3501993.0,324.167,99.22,0.0,0.0,45235.0,26122.0,Deadly Venom,1297338,8.0,ability_creature_poison_06.jpg,,False,7874.0,19240.0,74153.0,1804.0
hY2VNwq1nWfMKFxm,14,Vashnik the Malignant,3455,WIPE,326.713,Decayed,P-584cf7139227dcac,17,3502866.0,325.04,99.49,0.0,0.0,0.0,9911.0,Deadly Venom,1297338,8.0,ability_creature_poison_06.jpg,,False,0.0,17667.0,74153.0,56486.0
hY2VNwq1nWfMKFxm,14,Vashnik the Malignant,3455,WIPE,326.713,Geckofursona,P-ca3833033e7a5953,4,3503859.0,326.033,99.79,0.0,0.0,126257.0,9307.0,Toxic Vapor,1284561,8.0,ability_creature_poison_06.jpg,203,False,136077.0,59432.0,324415.0,2649.0
hY2VNwq1nWfMKFxm,14,Vashnik the Malignant,3455,WIPE,326.713,Averlis,P-77b140a1e9d7fba2,3,3503860.0,326.034,99.79,0.0,0.0,67158.0,30003.0,Toxic Vapor,1284561,8.0,ability_creature_poison_06.jpg,203,False,62634.0,62210.0,324415.0,132413.0
hY2VNwq1nWfMKFxm,14,Vashnik the Malignant,3455,WIPE,326.713,Stellanoova,P-6168b2209e9e02a1,9,3503965.0,326.139,99.82,0.0,0.0,681045.0,0.0,Malignant Catalyst,1282525,8.0,inv_ability_poison_groundstate.jpg,203,False,222565.0,304982.0,1513953.0,305361.0
hY2VNwq1nWfMKFxm,14,Vashnik the Malignant,3455,WIPE,326.713,Chontosh,P-81cad9c290ac9716,5,3503966.0,326.14,99.82,0.0,0.0,961008.0,0.0,Malignant Catalyst,1282525,8.0,inv_ability_poison_groundstate.jpg,203,False,214571.0,326500.0,1513953.0,11874.0
hY2VNwq1nWfMKFxm,14,Vashnik the Malignant,3455,WIPE,326.713,Maztajake,P-dc96b65209ad25d3,14,3503980.0,326.154,99.83,0.0,0.0,1011595.0,0.0,Malignant Catalyst,1282525,8.0,inv_ability_poison_groundstate.jpg,203,False,204015.0,286065.0,1513953.0,12278.0
hY2VNwq1nWfMKFxm,18,Vashnik the Malignant,3455,WIPE,395.45,Kainz,P-990700ee2fdd70bf,220,4156524.0,180.276,45.59,0.0,0.0,160010.0,4253.0,Plague Wave,1295798,40.0,inv_ability_poison_wave.jpg,203,False,165673.0,41791.0,370763.0,3289.0
hY2VNwq1nWfMKFxm,18,Vashnik the Malignant,3455,WIPE,395.45,Chontosh,P-81cad9c290ac9716,5,4240159.0,263.911,66.74,0.0,0.0,102469.0,146.0,Plague Wave,1295798,40.0,inv_ability_poison_wave.jpg,203,False,248235.0,16517.0,370763.0,3542.0
hY2VNwq1nWfMKFxm,18,Vashnik the Malignant,3455,WIPE,395.45,Sälazar,P-448597313370c1df,7,4241553.0,265.305,67.09,0.0,0.0,200147.0,1587.0,Plague Wave,1295798,40.0,inv_ability_poison_wave.jpg,203,False,68389.0,68690.0,370763.0,33537.0
hY2VNwq1nWfMKFxm,18,Vashnik the Malignant,3455,WIPE,395.45,Mydrood,P-71a55fed3a6d81f1,10,4285824.0,309.576,78.28,0.0,0.0,21471.0,12524.0,Caustic Explosion,1295209,4.0,spell_shaman_improvedfirenova.jpg,203,False,164537.0,28393.0,216279.0,1878.0
hY2VNwq1nWfMKFxm,18,Vashnik the Malignant,3455,WIPE,395.45,Maztajake,P-dc96b65209ad25d3,14,4286428.0,310.18,78.44,0.0,0.0,8985.0,28165.0,Plague Froth,1281925,40.0,ability_ironmaidens_whirlofblood.jpg,203,False,67963.0,21922.0,98870.0,0.0
hY2VNwq1nWfMKFxm,18,Vashnik the Malignant,3455,WIPE,395.45,Averlis,P-77b140a1e9d7fba2,3,4286630.0,310.382,78.49,0.0,0.0,218489.0,16256.0,Plague Wave,1295798,40.0,inv_ability_poison_wave.jpg,203,False,50517.0,101757.0,370763.0,0.0
hY2VNwq1nWfMKFxm,18,Vashnik the Malignant,3455,WIPE,395.45,Ämon,P-26f181f915fe34c3,8,4336396.0,360.148,91.07,0.0,0.0,118839.0,4149.0,Conflagrating Expulsion,1298587,4.0,ability_evoker_firestorm.jpg,203,False,261128.0,83488.0,463455.0,0.0
hY2VNwq1nWfMKFxm,18,Vashnik the Malignant,3455,WIPE,395.45,Chontosh,P-81cad9c290ac9716,5,4336401.0,360.153,91.07,0.0,0.0,48338.0,151.0,Conflagrating Expulsion,1298587,4.0,ability_evoker_firestorm.jpg,203,False,336243.0,74990.0,463455.0,3884.0
hY2VNwq1nWfMKFxm,18,Vashnik the Malignant,3455,WIPE,395.45,Kainz,P-990700ee2fdd70bf,220,4336419.0,360.171,91.08,0.0,0.0,169878.0,4140.0,Conflagrating Expulsion,1298587,4.0,ability_evoker_firestorm.jpg,203,False,212519.0,81058.0,463455.0,0.0
hY2VNwq1nWfMKFxm,18,Vashnik the Malignant,3455,WIPE,395.45,Soliloquy,P-ace0c6b4dcb42bd6,1,4354410.0,378.162,95.63,0.0,0.0,128421.0,35052.0,Catalytic Bile,1282616,8.0,inv_ability_poison_missile.jpg,203,False,88172.0,28396.0,247176.0,2187.0
hY2VNwq1nWfMKFxm,18,Vashnik the Malignant,3455,WIPE,395.45,Novachronos,P-d8e2e25f74d6a935,6,4354503.0,378.255,95.65,0.0,0.0,29556.0,10257.0,Catalytic Bile,1282616,8.0,inv_ability_poison_missile.jpg,203,False,154707.0,42440.0,247176.0,20473.0
hY2VNwq1nWfMKFxm,18,Vashnik the Malignant,3455,WIPE,395.45,Scamanes,P-d98756831b8feaa2,2,4354504.0,378.256,95.65,0.0,0.0,68784.0,35143.0,Catalytic Bile,1282616,8.0,inv_ability_poison_missile.jpg,203,False,131431.0,46961.0,247176.0,0.0
hY2VNwq1nWfMKFxm,18,Vashnik the Malignant,3455,WIPE,395.45,Boomchicky,P-df9f05cc370f53e8,18,4354505.0,378.257,95.65,0.0,0.0,27876.0,10257.0,Catalytic Bile,1282616,8.0,inv_ability_poison_missile.jpg,203,False,134100.0,85200.0,247176.0,0.0
hY2VNwq1nWfMKFxm,18,Vashnik the Malignant,3455,WIPE,395.45,Mets,P-0535c10c91d1eeda,19,4354797.0,378.549,95.73,0.0,0.0,3031.0,8511.0,Catalytic Bile,1282602,8.0,inv_ability_poison_missile.jpg,203,False,114399.0,37055.0,154485.0,0.0
hY2VNwq1nWfMKFxm,18,Vashnik the Malignant,3455,WIPE,395.45,Lìllith,P-093da9358d901c39,12,4355027.0,378.779,95.78,0.0,0.0,48293.0,22784.0,Congealing Bolt,1305833,32.0,ability_creature_cursed_03.jpg,209,False,16886.0,13359.0,86511.0,7973.0
hY2VNwq1nWfMKFxm,18,Vashnik the Malignant,3455,WIPE,395.45,Chinashop,P-6aa1f34b0fafc707,13,4358270.0,382.022,96.6,0.0,0.0,37190.0,11981.0,Toxic Vapor,1284561,8.0,ability_creature_poison_06.jpg,203,False,9961.0,7987.0,55614.0,476.0
hY2VNwq1nWfMKFxm,18,Vashnik the Malignant,3455,WIPE,395.45,Shinier,P-fa0288594047c1a1,11,4365516.0,389.268,98.44,0.0,0.0,242268.0,2164.0,Malignant Burst,1280189,8.0,ability_rogue_deviouspoisons.jpg,209,False,371541.0,127719.0,741528.0,0.0
hY2VNwq1nWfMKFxm,18,Vashnik the Malignant,3455,WIPE,395.45,Greyseer,P-146fcdef511d70d4,16,4365517.0,389.269,98.44,0.0,0.0,212985.0,4605.0,Malignant Burst,1280189,8.0,ability_rogue_deviouspoisons.jpg,209,False,343665.0,173577.0,741528.0,11301.0
hY2VNwq1nWfMKFxm,18,Vashnik the Malignant,3455,WIPE,395.45,Asharia,P-baca25d85259e955,15,4366516.0,390.268,98.69,0.0,0.0,120359.0,2277.0,Malignant Burst,1280189,8.0,ability_rogue_deviouspoisons.jpg,209,False,154136.0,93496.0,370763.0,2772.0
hY2VNwq1nWfMKFxm,18,Vashnik the Malignant,3455,WIPE,395.45,Geckofursona,P-ca3833033e7a5953,4,4368500.0,392.252,99.19,0.0,0.0,362228.0,4264.0,Malignant Burst,1280189,8.0,ability_rogue_deviouspoisons.jpg,209,False,379807.0,169809.0,926910.0,15066.0
hY2VNwq1nWfMKFxm,20,Vashnik the Malignant,3455,WIPE,315.041,Mydrood,P-71a55fed3a6d81f1,10,4718390.0,21.978,6.98,0.0,0.0,171033.0,751.0,Plague Wave,1295798,40.0,inv_ability_poison_wave.jpg,203,False,161019.0,38711.0,370763.0,0.0
hY2VNwq1nWfMKFxm,20,Vashnik the Malignant,3455,WIPE,315.041,Chontosh,P-81cad9c290ac9716,5,4844527.0,148.115,47.01,0.0,0.0,126098.0,489.0,Plague Wave,1295798,40.0,inv_ability_poison_wave.jpg,203,False,169795.0,71882.0,370763.0,2988.0
hY2VNwq1nWfMKFxm,20,Vashnik the Malignant,3455,WIPE,315.041,Greyseer,P-146fcdef511d70d4,16,4879825.0,183.413,58.22,0.0,0.0,35892.0,11337.0,Stygian Infection,1294994,32.0,ability_rogue_envelopingshadows.jpg,203,False,23610.0,7870.0,67973.0,601.0
hY2VNwq1nWfMKFxm,20,Vashnik the Malignant,3455,WIPE,315.041,Ämon,P-26f181f915fe34c3,8,4911333.0,214.921,68.22,0.0,0.0,44535.0,22921.0,Stygian Infection,1294994,32.0,ability_rogue_envelopingshadows.jpg,203,False,13836.0,8418.0,67973.0,1184.0
hY2VNwq1nWfMKFxm,20,Vashnik the Malignant,3455,WIPE,315.041,Soliloquy,P-ace0c6b4dcb42bd6,1,4911889.0,215.477,68.4,0.0,0.0,52341.0,20333.0,Congealing Bolt,1305833,32.0,ability_creature_cursed_03.jpg,209,False,15855.0,17627.0,86511.0,688.0
hY2VNwq1nWfMKFxm,20,Vashnik the Malignant,3455,WIPE,315.041,Mydrood,P-71a55fed3a6d81f1,10,4972527.0,276.115,87.64,0.0,0.0,32785.0,16098.0,Gloom Expulsion,1298583,32.0,inv_elemental_primal_shadow.jpg,203,False,280934.0,57045.0,370764.0,0.0
hY2VNwq1nWfMKFxm,20,Vashnik the Malignant,3455,WIPE,315.041,Averlis,P-77b140a1e9d7fba2,3,4994442.0,298.03,94.6,0.0,0.0,14160.0,14134.0,Toxic Vapor,1284561,8.0,ability_creature_poison_06.jpg,203,False,23823.0,8362.0,46345.0,0.0
hY2VNwq1nWfMKFxm,20,Vashnik the Malignant,3455,WIPE,315.041,Sälazar,P-448597313370c1df,7,5000029.0,303.617,96.37,0.0,0.0,11741.0,39874.0,Caustic Surge,1285979,4.0,spell_shaman_firenova.jpg,210,False,33590.0,10919.0,61794.0,5544.0
hY2VNwq1nWfMKFxm,20,Vashnik the Malignant,3455,WIPE,315.041,Boomchicky,P-df9f05cc370f53e8,18,5001225.0,304.813,96.75,0.0,0.0,12038.0,11413.0,Stygian Infection,1294994,32.0,ability_rogue_envelopingshadows.jpg,203,False,38250.0,14530.0,67973.0,3155.0
hY2VNwq1nWfMKFxm,20,Vashnik the Malignant,3455,WIPE,315.041,Shinier,P-fa0288594047c1a1,11,5001975.0,305.563,96.99,0.0,0.0,180027.0,7585.0,Malignant Burst,1280189,8.0,ability_rogue_deviouspoisons.jpg,209,False,100270.0,90466.0,370763.0,0.0
hY2VNwq1nWfMKFxm,20,Vashnik the Malignant,3455,WIPE,315.041,Novachronos,P-d8e2e25f74d6a935,6,5001976.0,305.564,96.99,0.0,0.0,85213.0,22078.0,Malignant Burst,1280189,8.0,ability_rogue_deviouspoisons.jpg,209,False,191181.0,63659.0,370763.0,30710.0
hY2VNwq1nWfMKFxm,20,Vashnik the Malignant,3455,WIPE,315.041,Chinashop,P-6aa1f34b0fafc707,13,5001977.0,305.565,96.99,0.0,0.0,223784.0,42492.0,Malignant Burst,1280189,8.0,ability_rogue_deviouspoisons.jpg,209,False,92159.0,51629.0,370763.0,3191.0
hY2VNwq1nWfMKFxm,20,Vashnik the Malignant,3455,WIPE,315.041,Scamanes,P-d98756831b8feaa2,2,5001977.0,305.565,96.99,0.0,0.0,205184.0,23538.0,Malignant Burst,1280189,8.0,ability_rogue_deviouspoisons.jpg,209,False,103929.0,58528.0,370763.0,3122.0
hY2VNwq1nWfMKFxm,20,Vashnik the Malignant,3455,WIPE,315.041,Maztajake,P-dc96b65209ad25d3,14,5001978.0,305.566,96.99,0.0,0.0,75091.0,21951.0,Malignant Burst,1280189,8.0,ability_rogue_deviouspoisons.jpg,209,False,222609.0,70056.0,370763.0,3007.0
hY2VNwq1nWfMKFxm,20,Vashnik the Malignant,3455,WIPE,315.041,Mets,P-0535c10c91d1eeda,19,5001978.0,305.566,96.99,0.0,0.0,180363.0,47540.0,Malignant Burst,1280189,8.0,ability_rogue_deviouspoisons.jpg,209,False,97861.0,86891.0,370763.0,5648.0
hY2VNwq1nWfMKFxm,20,Vashnik the Malignant,3455,WIPE,315.041,Geckofursona,P-ca3833033e7a5953,4,5002027.0,305.615,97.01,0.0,0.0,13605.0,33623.0,Caustic Explosion,1295209,4.0,spell_shaman_improvedfirenova.jpg,203,False,152542.0,48454.0,216279.0,1678.0
hY2VNwq1nWfMKFxm,20,Vashnik the Malignant,3455,WIPE,315.041,Asharia,P-baca25d85259e955,15,5002029.0,305.617,97.01,0.0,0.0,77870.0,7586.0,Caustic Explosion,1295209,4.0,spell_shaman_improvedfirenova.jpg,203,False,73825.0,63052.0,216279.0,1532.0
hY2VNwq1nWfMKFxm,20,Vashnik the Malignant,3455,WIPE,315.041,Kainz,P-990700ee2fdd70bf,220,5002030.0,305.618,97.01,0.0,0.0,15431.0,13610.0,Caustic Explosion,1295209,4.0,spell_shaman_improvedfirenova.jpg,203,False,149829.0,49350.0,216279.0,1669.0
hY2VNwq1nWfMKFxm,20,Vashnik the Malignant,3455,WIPE,315.041,Lìllith,P-093da9358d901c39,12,5004951.0,308.539,97.94,0.0,0.0,64407.0,24537.0,Malignant Burst,1280189,8.0,ability_rogue_deviouspoisons.jpg,209,False,217082.0,51649.0,370764.0,37626.0
hY2VNwq1nWfMKFxm,20,Vashnik the Malignant,3455,WIPE,315.041,Stellanoova,P-6168b2209e9e02a1,9,5004952.0,308.54,97.94,0.0,0.0,48118.0,44793.0,Malignant Burst,1280189,8.0,ability_rogue_deviouspoisons.jpg,209,False,96121.0,75279.0,370764.0,151246.0
hY2VNwq1nWfMKFxm,20,Vashnik the Malignant,3455,WIPE,315.041,Decayed,P-584cf7139227dcac,17,5010956.0,314.544,99.84,0.0,0.0,217339.0,14425.0,Malignant Burst,1280189,8.0,ability_rogue_deviouspoisons.jpg,209,False,161681.0,152532.0,741528.0,209976.0
mYTZPFwjfK8xbHQ1,1,Sszorak,3420,KILL,382.162,Greyseer,P-146fcdef511d70d4,19,834135.0,57.552,15.06,0.0,0.0,94064.0,20313.0,Raging Crosswinds,1285616,8.0,ability_skyreach_wind.jpg,27,False,34223.0,39065.0,167352.0,0.0
mYTZPFwjfK8xbHQ1,1,Sszorak,3420,KILL,382.162,Czera,P-127c502d2790c60f,9,834136.0,57.553,15.06,0.0,0.0,29468.0,6314.0,Raging Crosswinds,1285616,8.0,ability_skyreach_wind.jpg,27,False,93750.0,44134.0,167352.0,0.0
mYTZPFwjfK8xbHQ1,1,Sszorak,3420,KILL,382.162,Chickynuggy,P-7e7e91ecf1299d0f,18,892829.0,116.246,30.42,0.0,0.0,14448.0,24295.0,Raging Crosswinds,1285616,8.0,ability_skyreach_wind.jpg,27,False,97547.0,37781.0,167352.0,17576.0
mYTZPFwjfK8xbHQ1,1,Sszorak,3420,KILL,382.162,Danzilla,P-8ee1779dcaa9232f,22,896691.0,120.108,31.43,0.0,0.0,4768.0,13106.0,Viscous Cyst,1287205,8.0,inv_ability_poison_nova.jpg,27,False,26723.0,10347.0,41838.0,0.0
mYTZPFwjfK8xbHQ1,1,Sszorak,3420,KILL,382.162,Averlis,P-77b140a1e9d7fba2,3,896714.0,120.131,31.43,0.0,0.0,20581.0,5048.0,Tempest,1287083,8.0,inv_ability_poison_beam.jpg,27,False,25673.0,16036.0,62757.0,467.0
mYTZPFwjfK8xbHQ1,1,Sszorak,3420,KILL,382.162,Ämon,P-26f181f915fe34c3,11,908975.0,132.392,34.64,0.0,0.0,0.0,53726.0,,,,,,,,,,
mYTZPFwjfK8xbHQ1,1,Sszorak,3420,KILL,382.162,Novachronos,P-d8e2e25f74d6a935,13,929104.0,152.521,39.91,0.0,0.0,0.0,1007.0,,,,,,,,,,
mYTZPFwjfK8xbHQ1,1,Sszorak,3420,KILL,382.162,Demonbläde,P-b8d4f9af9d79b2ab,26,1009106.0,232.523,60.84,0.0,0.0,246556.0,0.0,Ravage,1277101,1.0,inv_10_specialreagentfoozles_tuskclaw-black.jpg,27,False,1225763.0,0.0,993655.0,203389.0
mYTZPFwjfK8xbHQ1,1,Sszorak,3420,KILL,382.162,Demonbläde,P-b8d4f9af9d79b2ab,26,1102378.0,325.795,85.25,0.0,0.0,22624.0,0.0,Ravage,1277101,1.0,inv_10_specialreagentfoozles_tuskclaw-black.jpg,27,False,1167399.0,0.0,993655.0,24161.0
mYTZPFwjfK8xbHQ1,2,The Twin Fangs,3421,KILL,400.44,Asharia,P-baca25d85259e955,17,2441501.0,143.974,35.95,0.0,0.0,9028.0,12709.0,Toxic Fumes,1294976,8.0,spell_deathvortex.jpg,,False,19321.0,21570.0,50205.0,286.0
mYTZPFwjfK8xbHQ1,2,The Twin Fangs,3421,KILL,400.44,Chontosh,P-81cad9c290ac9716,4,2472125.0,174.598,43.6,0.0,0.0,63575.0,8736.0,Vile Flood,1294605,8.0,ability_rogue_deviouspoisons.jpg,108,False,71812.0,38248.0,209190.0,35555.0
mYTZPFwjfK8xbHQ1,2,The Twin Fangs,3421,KILL,400.44,Danzilla,P-8ee1779dcaa9232f,22,2613598.0,316.071,78.93,0.0,0.0,84319.0,1346.0,Corrosive Spit,1293295,8.0,spell_deathvortex.jpg,113,False,100517.0,55009.0,241712.0,1867.0
mYTZPFwjfK8xbHQ1,2,The Twin Fangs,3421,KILL,400.44,Asharia,P-baca25d85259e955,17,2623346.0,325.819,81.37,0.0,0.0,14853.0,7021.0,Coiling Ichor,1290878,32.0,ability_ironmaidens_whirlofblood.jpg,107,False,11542.0,21528.0,47923.0,0.0
mYTZPFwjfK8xbHQ1,2,The Twin Fangs,3421,KILL,400.44,Averlis,P-77b140a1e9d7fba2,3,2623346.0,325.819,81.37,0.0,0.0,8925.0,8548.0,Coiling Ichor,1290878,32.0,ability_ironmaidens_whirlofblood.jpg,107,False,15455.0,12744.0,47923.0,10799.0
mYTZPFwjfK8xbHQ1,2,The Twin Fangs,3421,KILL,400.44,Lìllith,P-093da9358d901c39,12,2661466.0,363.939,90.88,0.0,0.0,29795.0,45140.0,Sanguine Storm,1306876,32.0,inv_artifact_bloodoftheassassinated.jpg,107,False,160249.0,34981.0,251028.0,26003.0
mYdNtv2y6cRWXB4z,1,Ula'tek,3492,WIPE,117.751,Kainz,P-990700ee2fdd70bf,20,310904.0,58.137,49.37,0.0,0.0,181247.0,4093.0,Caustic Waves,1292403,8.0,inv_ability_poison_wave.jpg,23,False,127173.0,21419.0,329839.0,0.0
mYdNtv2y6cRWXB4z,1,Ula'tek,3492,WIPE,117.751,Chontosh,P-81cad9c290ac9716,2,311697.0,58.93,50.05,0.0,0.0,37686.0,9874.0,Caustic Waves,1292403,8.0,inv_ability_poison_wave.jpg,23,False,134921.0,55641.0,246106.0,17858.0
mYdNtv2y6cRWXB4z,1,Ula'tek,3492,WIPE,117.751,Sälazar,P-448597313370c1df,6,311788.0,59.021,50.12,0.0,0.0,79871.0,8007.0,Caustic Waves,1292403,8.0,inv_ability_poison_wave.jpg,23,False,110087.0,35042.0,246106.0,21106.0
mYdNtv2y6cRWXB4z,1,Ula'tek,3492,WIPE,117.751,Littlejohn,P-fe200ff8c0c12962,9,314573.0,61.806,52.49,0.0,0.0,188701.0,4806.0,Caustic Waves,1292403,8.0,inv_ability_poison_wave.jpg,23,False,111203.0,149114.0,649719.0,200701.0
mYdNtv2y6cRWXB4z,1,Ula'tek,3492,WIPE,117.751,Boomchicky,P-df9f05cc370f53e8,19,345365.0,92.598,78.64,0.0,0.0,3492.0,12541.0,Caustic Waves,1292403,8.0,inv_ability_poison_wave.jpg,23,False,249428.0,74365.0,329839.0,2554.0
mYdNtv2y6cRWXB4z,1,Ula'tek,3492,WIPE,117.751,Danzilla,P-8ee1779dcaa9232f,21,358805.0,106.038,90.05,0.0,0.0,18109.0,27011.0,Unchecked Rage,1301007,1.0,ability_evoker_dragonrage2.jpg,23,False,325823.0,184743.0,528675.0,0.0
mYdNtv2y6cRWXB4z,1,Ula'tek,3492,WIPE,117.751,Greyseer,P-146fcdef511d70d4,17,359344.0,106.577,90.51,0.0,0.0,4367.0,27013.0,Malignant Shell,1297213,8.0,inv_item_dragonegg_bluebroken01.jpg,23,False,22527.0,3598.0,30763.0,271.0
mYdNtv2y6cRWXB4z,1,Ula'tek,3492,WIPE,117.751,Asharia,P-baca25d85259e955,16,361264.0,108.497,92.14,0.0,0.0,43155.0,3863.0,Unchecked Rage,1301007,1.0,ability_evoker_dragonrage2.jpg,23,False,298550.0,133620.0,478776.0,3451.0
mYdNtv2y6cRWXB4z,1,Ula'tek,3492,WIPE,117.751,Spàdes,P-4b77dd2f26623c73,7,362424.0,109.657,93.13,0.0,0.0,23956.0,19591.0,Putrid Membrane,1308275,8.0,achievement_halloween_rottenegg_01.jpg,23,False,24062.0,4234.0,52737.0,485.0
mYdNtv2y6cRWXB4z,1,Ula'tek,3492,WIPE,117.751,Stellanoova,P-6168b2209e9e02a1,11,363318.0,110.551,93.89,0.0,0.0,127733.0,2127.0,Caustic Waves,1292403,8.0,inv_ability_poison_wave.jpg,23,False,28444.0,64009.0,314524.0,94338.0
mYdNtv2y6cRWXB4z,1,Ula'tek,3492,WIPE,117.751,Lìllith,P-093da9358d901c39,12,363680.0,110.913,94.19,0.0,0.0,182217.0,33398.0,Unchecked Rage,1301007,1.0,ability_evoker_dragonrage2.jpg,23,False,133971.0,166697.0,521565.0,38680.0
mYdNtv2y6cRWXB4z,1,Ula'tek,3492,WIPE,117.751,Geckofursona,P-ca3833033e7a5953,4,363681.0,110.914,94.19,0.0,0.0,205678.0,8876.0,Unchecked Rage,1301007,1.0,ability_evoker_dragonrage2.jpg,23,False,86014.0,234459.0,529097.0,2946.0
mYdNtv2y6cRWXB4z,1,Ula'tek,3492,WIPE,117.751,Soliloquy,P-ace0c6b4dcb42bd6,1,363682.0,110.915,94.19,0.0,0.0,8554.0,29286.0,Unchecked Rage,1301007,1.0,ability_evoker_dragonrage2.jpg,23,False,366768.0,98340.0,477453.0,3791.0
mYdNtv2y6cRWXB4z,1,Ula'tek,3492,WIPE,117.751,Averlis,P-77b140a1e9d7fba2,8,364852.0,112.085,95.19,0.0,0.0,114276.0,30062.0,Spectral Coils,1287265,8.0,spell_animamaldraxxus_nova.jpg,71,False,127478.0,84946.0,329141.0,2441.0
mYdNtv2y6cRWXB4z,1,Ula'tek,3492,WIPE,117.751,Runé,P-72cd6cde8ca8fac3,15,364852.0,112.085,95.19,0.0,0.0,164402.0,24059.0,Spectral Coils,1287265,8.0,spell_animamaldraxxus_nova.jpg,71,False,95443.0,66672.0,329141.0,2624.0
mYdNtv2y6cRWXB4z,1,Ula'tek,3492,WIPE,117.751,Mets,P-0535c10c91d1eeda,22,364853.0,112.086,95.19,0.0,0.0,84191.0,24061.0,Spectral Coils,1287265,8.0,spell_animamaldraxxus_nova.jpg,71,False,65149.0,178293.0,329141.0,1508.0
mYdNtv2y6cRWXB4z,1,Ula'tek,3492,WIPE,117.751,Grapefantuh,P-a236f777802713be,5,364854.0,112.087,95.19,0.0,0.0,7524.0,37057.0,Spectral Coils,1287265,8.0,spell_animamaldraxxus_nova.jpg,71,False,153434.0,168183.0,329141.0,0.0
mYdNtv2y6cRWXB4z,1,Ula'tek,3492,WIPE,117.751,Ämon,P-26f181f915fe34c3,10,365417.0,112.65,95.67,0.0,0.0,12507.0,8002.0,Putrid Membrane,1308275,8.0,achievement_halloween_rottenegg_01.jpg,23,False,37686.0,37195.0,87895.0,507.0
mYdNtv2y6cRWXB4z,1,Ula'tek,3492,WIPE,117.751,Maztajake,P-dc96b65209ad25d3,14,366089.0,113.322,96.24,0.0,0.0,16312.0,14275.0,Unchecked Rage,1301007,1.0,ability_evoker_dragonrage2.jpg,23,False,183811.0,321462.0,523606.0,2021.0
mYdNtv2y6cRWXB4z,1,Ula'tek,3492,WIPE,117.751,Shinier,P-fa0288594047c1a1,3,366089.0,113.322,96.24,0.0,0.0,234043.0,23807.0,Melee,1,1.0,inv_axe_02.jpg,85,False,29424.0,371270.0,634737.0,0.0
mYdNtv2y6cRWXB4z,1,Ula'tek,3492,WIPE,117.751,Novachronos,P-d8e2e25f74d6a935,13,367238.0,114.471,97.21,0.0,0.0,154946.0,26431.0,Spectral Coils,1287265,8.0,spell_animamaldraxxus_nova.jpg,71,False,92107.0,136837.0,416912.0,33022.0
mYdNtv2y6cRWXB4z,1,Ula'tek,3492,WIPE,117.751,Decayed,P-584cf7139227dcac,18,370383.0,117.616,99.89,0.0,0.0,31416.0,17582.0,Putrid Membrane,1308275,8.0,achievement_halloween_rottenegg_01.jpg,23,False,16530.0,30967.0,105474.0,26561.0
mYdNtv2y6cRWXB4z,3,Ula'tek,3492,WIPE,286.005,Spàdes,P-4b77dd2f26623c73,7,670761.0,111.609,39.02,0.0,0.0,116981.0,9576.0,Spectral Coils,1287265,8.0,spell_animamaldraxxus_nova.jpg,71,False,93749.0,76786.0,289644.0,2128.0
mYdNtv2y6cRWXB4z,3,Ula'tek,3492,WIPE,286.005,Averlis,P-77b140a1e9d7fba2,8,794302.0,235.15,82.22,0.0,0.0,2934.0,36134.0,Melee,1,1.0,inv_axe_02.jpg,72,False,70901.0,51833.0,126413.0,745.0
mYdNtv2y6cRWXB4z,3,Ula'tek,3492,WIPE,286.005,Shinier,P-fa0288594047c1a1,3,798776.0,239.624,83.78,0.0,0.0,139266.0,16762.0,Melee,1,1.0,inv_axe_02.jpg,85,False,171043.0,323631.0,633940.0,0.0
mYdNtv2y6cRWXB4z,3,Ula'tek,3492,WIPE,286.005,Runé,P-72cd6cde8ca8fac3,15,801408.0,242.256,84.7,0.0,0.0,122932.0,33652.0,Virulent Spit,1302982,8.0,ability_rogue_deviouspoisons.jpg,102,False,46968.0,158909.0,330525.0,1716.0
mYdNtv2y6cRWXB4z,3,Ula'tek,3492,WIPE,286.005,Stellanoova,P-6168b2209e9e02a1,11,804021.0,244.869,85.62,0.0,0.0,7058.0,34355.0,Desperate Thrash,1305709,8.0,artifactability_feraldruid_ashamanesbite.jpg,104,False,7965.0,6509.0,30743.0,9211.0
mYdNtv2y6cRWXB4z,3,Ula'tek,3492,WIPE,286.005,Chontosh,P-81cad9c290ac9716,2,804176.0,245.024,85.67,0.0,0.0,3999.0,12978.0,Necrotic Vapors,1286835,8.0,ability_creature_poison_06.jpg,23,False,26946.0,8607.0,39552.0,0.0
mYdNtv2y6cRWXB4z,3,Ula'tek,3492,WIPE,286.005,Ämon,P-26f181f915fe34c3,10,804939.0,245.787,85.94,0.0,0.0,47075.0,48774.0,Melee,1,1.0,inv_axe_02.jpg,72,False,26814.0,52001.0,126636.0,746.0
mYdNtv2y6cRWXB4z,3,Ula'tek,3492,WIPE,286.005,Boomchicky,P-df9f05cc370f53e8,19,804994.0,245.842,85.96,0.0,0.0,381923.0,44784.0,Melee,1,1.0,inv_axe_02.jpg,104,False,147371.0,580541.0,1109835.0,0.0
mYdNtv2y6cRWXB4z,3,Ula'tek,3492,WIPE,286.005,Geckofursona,P-ca3833033e7a5953,4,806990.0,247.838,86.66,0.0,0.0,254885.0,25976.0,Melee,1,1.0,inv_axe_02.jpg,104,False,381284.0,434079.0,1083163.0,12915.0
mYdNtv2y6cRWXB4z,3,Ula'tek,3492,WIPE,286.005,Danzilla,P-8ee1779dcaa9232f,21,809762.0,250.61,87.62,0.0,0.0,330273.0,38589.0,Melee,1,1.0,inv_axe_02.jpg,85,False,125479.0,172060.0,632415.0,4603.0
mYdNtv2y6cRWXB4z,3,Ula'tek,3492,WIPE,286.005,Sälazar,P-448597313370c1df,6,813178.0,254.026,88.82,0.0,0.0,15598.0,30167.0,Necrotic Vapors,1286835,8.0,ability_creature_poison_06.jpg,23,False,8332.0,12696.0,39552.0,2926.0
mYdNtv2y6cRWXB4z,3,Ula'tek,3492,WIPE,286.005,Soliloquy,P-ace0c6b4dcb42bd6,1,813179.0,254.027,88.82,0.0,0.0,13300.0,22768.0,Necrotic Vapors,1286835,8.0,ability_creature_poison_06.jpg,23,False,21046.0,4860.0,39552.0,346.0
mYdNtv2y6cRWXB4z,3,Ula'tek,3492,WIPE,286.005,Kainz,P-990700ee2fdd70bf,20,815728.0,256.576,89.71,0.0,0.0,558612.0,58561.0,Melee,1,1.0,inv_axe_02.jpg,104,False,154699.0,394806.0,1115322.0,7205.0
mYdNtv2y6cRWXB4z,3,Ula'tek,3492,WIPE,286.005,Greyseer,P-146fcdef511d70d4,17,819203.0,260.051,90.93,0.0,0.0,29955.0,26763.0,Necrotic Vapors,1286835,8.0,ability_creature_poison_06.jpg,23,False,2874.0,6723.0,39552.0,0.0
mYdNtv2y6cRWXB4z,3,Ula'tek,3492,WIPE,286.005,Maztajake,P-dc96b65209ad25d3,14,826186.0,267.034,93.37,0.0,0.0,2755.0,34994.0,Necrotic Vapors,1286835,8.0,ability_creature_poison_06.jpg,23,False,29918.0,6879.0,39552.0,0.0
mYdNtv2y6cRWXB4z,3,Ula'tek,3492,WIPE,286.005,Grapefantuh,P-a236f777802713be,5,832161.0,273.009,95.46,0.0,0.0,25540.0,27994.0,Necrotic Vapors,1286835,8.0,ability_creature_poison_06.jpg,23,False,7694.0,6318.0,39552.0,0.0
mYdNtv2y6cRWXB4z,3,Ula'tek,3492,WIPE,286.005,Lìllith,P-093da9358d901c39,12,835157.0,276.005,96.5,0.0,0.0,11109.0,43965.0,Necrotic Vapors,1286835,8.0,ability_creature_poison_06.jpg,23,False,12471.0,5329.0,39552.0,10643.0
mYdNtv2y6cRWXB4z,3,Ula'tek,3492,WIPE,286.005,Novachronos,P-d8e2e25f74d6a935,13,837172.0,278.02,97.21,0.0,0.0,3742.0,40776.0,Necrotic Vapors,1286835,8.0,ability_creature_poison_06.jpg,23,False,20172.0,12981.0,39552.0,2657.0
mYdNtv2y6cRWXB4z,3,Ula'tek,3492,WIPE,286.005,Mets,P-0535c10c91d1eeda,22,843177.0,284.025,99.31,0.0,0.0,14011.0,5019.0,Necrotic Vapors,1286835,8.0,ability_creature_poison_06.jpg,23,False,5648.0,19893.0,39552.0,0.0
mYdNtv2y6cRWXB4z,3,Ula'tek,3492,WIPE,286.005,Asharia,P-baca25d85259e955,16,844173.0,285.021,99.66,0.0,0.0,18969.0,17652.0,Necrotic Vapors,1286835,8.0,ability_creature_poison_06.jpg,23,False,11524.0,9059.0,39552.0,0.0
mYdNtv2y6cRWXB4z,3,Ula'tek,3492,WIPE,286.005,Decayed,P-584cf7139227dcac,18,844698.0,285.546,99.84,0.0,0.0,11413.0,52281.0,Rage of the Shackled,1307367,8.0,inv_121_raid_achievement_ulatek.jpg,23,False,106249.0,38721.0,219738.0,63355.0
mYdNtv2y6cRWXB4z,3,Ula'tek,3492,WIPE,286.005,Littlejohn,P-fe200ff8c0c12962,9,844698.0,285.546,99.84,0.0,0.0,91787.0,57697.0,Rage of the Shackled,1307367,8.0,inv_121_raid_achievement_ulatek.jpg,23,False,26233.0,38169.0,219738.0,63549.0
mYdNtv2y6cRWXB4z,4,Ula'tek,3492,WIPE,15.452,Soliloquy,P-ace0c6b4dcb42bd6,1,880345.0,3.031,19.62,0.0,0.0,184864.0,2022.0,Toxin Cloud,1314563,8.0,spell_shadow_plaguecloud.jpg,,False,124330.0,20806.0,330000.0,0.0
mYdNtv2y6cRWXB4z,4,Ula'tek,3492,WIPE,15.452,Danzilla,P-8ee1779dcaa9232f,21,885526.0,8.212,53.15,0.0,0.0,6128.0,4211.0,Unchecked Rage,1301007,1.0,ability_evoker_dragonrage2.jpg,23,False,309740.0,169668.0,485536.0,0.0
mYdNtv2y6cRWXB4z,4,Ula'tek,3492,WIPE,15.452,Asharia,P-baca25d85259e955,16,885527.0,8.213,53.15,0.0,0.0,72822.0,7180.0,Unchecked Rage,1301007,1.0,ability_evoker_dragonrage2.jpg,23,False,251725.0,114389.0,438936.0,0.0
mYdNtv2y6cRWXB4z,4,Ula'tek,3492,WIPE,15.452,Sälazar,P-448597313370c1df,6,885527.0,8.213,53.15,0.0,0.0,130832.0,7181.0,Unchecked Rage,1301007,1.0,ability_evoker_dragonrage2.jpg,23,False,209766.0,97132.0,475574.0,37844.0
mYdNtv2y6cRWXB4z,4,Ula'tek,3492,WIPE,15.452,Greyseer,P-146fcdef511d70d4,17,885528.0,8.214,53.16,0.0,0.0,116885.0,4259.0,Unchecked Rage,1301007,1.0,ability_evoker_dragonrage2.jpg,23,False,173660.0,201900.0,492445.0,0.0
mYdNtv2y6cRWXB4z,4,Ula'tek,3492,WIPE,15.452,Novachronos,P-d8e2e25f74d6a935,13,885529.0,8.215,53.16,0.0,0.0,94463.0,4212.0,Unchecked Rage,1301007,1.0,ability_evoker_dragonrage2.jpg,23,False,262090.0,99061.0,495231.0,39617.0
mYdNtv2y6cRWXB4z,4,Ula'tek,3492,WIPE,15.452,Lìllith,P-093da9358d901c39,12,889568.0,12.254,79.3,0.0,0.0,6128.0,11224.0,Putrid Membrane,1308275,8.0,achievement_halloween_rottenegg_01.jpg,23,False,9761.0,1690.0,17579.0,0.0
mYdNtv2y6cRWXB4z,4,Ula'tek,3492,WIPE,15.452,Boomchicky,P-df9f05cc370f53e8,19,889569.0,12.255,79.31,0.0,0.0,9503.0,2231.0,Putrid Membrane,1308275,8.0,achievement_halloween_rottenegg_01.jpg,23,False,6285.0,1791.0,17579.0,0.0
mYdNtv2y6cRWXB4z,4,Ula'tek,3492,WIPE,15.452,Averlis,P-77b140a1e9d7fba2,8,889570.0,12.256,79.32,0.0,0.0,6089.0,11223.0,Putrid Membrane,1308275,8.0,achievement_halloween_rottenegg_01.jpg,23,False,9888.0,1602.0,17579.0,0.0
mYdNtv2y6cRWXB4z,4,Ula'tek,3492,WIPE,15.452,Geckofursona,P-ca3833033e7a5953,4,889570.0,12.256,79.32,0.0,0.0,14590.0,11223.0,Putrid Membrane,1308275,8.0,achievement_halloween_rottenegg_01.jpg,23,False,256.0,2733.0,17579.0,0.0
mYdNtv2y6cRWXB4z,4,Ula'tek,3492,WIPE,15.452,Decayed,P-584cf7139227dcac,18,890882.0,13.568,87.81,0.0,0.0,0.0,12538.0,Melee,1,1.0,inv_axe_02.jpg,,,,,,
mYdNtv2y6cRWXB4z,4,Ula'tek,3492,WIPE,15.452,Mets,P-0535c10c91d1eeda,22,891349.0,14.035,90.83,0.0,0.0,12769.0,10037.0,Necrotic Vapors,1286835,8.0,ability_creature_poison_06.jpg,23,False,3614.0,3393.0,19776.0,0.0
mYdNtv2y6cRWXB4z,4,Ula'tek,3492,WIPE,15.452,Shinier,P-fa0288594047c1a1,3,891769.0,14.455,93.55,0.0,0.0,37012.0,13425.0,Deadly Venom,1297338,8.0,ability_creature_poison_06.jpg,,False,15355.0,9427.0,61794.0,0.0
mYdNtv2y6cRWXB4z,4,Ula'tek,3492,WIPE,15.452,Stellanoova,P-6168b2209e9e02a1,11,892709.0,15.395,99.63,0.0,0.0,41806.0,15269.0,Rattler Slam,1299206,8.0,spell_shaman_earthquake.jpg,55,False,266637.0,100017.0,483423.0,74963.0
mYdNtv2y6cRWXB4z,4,Ula'tek,3492,WIPE,15.452,Spàdes,P-4b77dd2f26623c73,7,892713.0,15.399,99.66,0.0,0.0,28633.0,13359.0,Mother's Wrath,1301122,8.0,inv_misc_monsterfang_02.jpg,23,False,83372.0,67644.0,197767.0,18118.0
mYdNtv2y6cRWXB4z,4,Ula'tek,3492,WIPE,15.452,Ämon,P-26f181f915fe34c3,10,892714.0,15.4,99.66,0.0,0.0,225350.0,12360.0,Rattler Slam,1299206,8.0,spell_shaman_earthquake.jpg,55,False,179161.0,78912.0,483423.0,0.0
mYdNtv2y6cRWXB4z,4,Ula'tek,3492,WIPE,15.452,Grapefantuh,P-a236f777802713be,5,892715.0,15.401,99.67,0.0,0.0,242219.0,15336.0,Rattler Slam,1299206,8.0,spell_shaman_earthquake.jpg,55,False,151790.0,89414.0,483423.0,0.0
mYdNtv2y6cRWXB4z,4,Ula'tek,3492,WIPE,15.452,Kainz,P-990700ee2fdd70bf,20,892715.0,15.401,99.67,0.0,0.0,104225.0,13360.0,Mother's Wrath,1301122,8.0,inv_misc_monsterfang_02.jpg,23,False,59393.0,34149.0,197767.0,0.0
mYdNtv2y6cRWXB4z,4,Ula'tek,3492,WIPE,15.452,Maztajake,P-dc96b65209ad25d3,14,892715.0,15.401,99.67,0.0,0.0,92015.0,12358.0,Mother's Wrath,1301122,8.0,inv_misc_monsterfang_02.jpg,23,False,72984.0,32768.0,197767.0,0.0
mYdNtv2y6cRWXB4z,4,Ula'tek,3492,WIPE,15.452,Chontosh,P-81cad9c290ac9716,2,892716.0,15.402,99.68,0.0,0.0,253479.0,11397.0,Rattler Slam,1299206,8.0,spell_shaman_earthquake.jpg,55,False,145755.0,84189.0,483423.0,0.0
mYdNtv2y6cRWXB4z,5,Ula'tek,3492,KILL,301.593,Danzilla,P-8ee1779dcaa9232f,21,1232491.0,202.601,67.18,0.0,0.0,21308.0,43538.0,Virulent Spit,1302982,8.0,ability_rogue_deviouspoisons.jpg,102,False,244019.0,62518.0,330525.0,2680.0
mYdNtv2y6cRWXB4z,7,Nek'zali the Soulcoiler,3470,WIPE,262.295,Kainz,P-990700ee2fdd70bf,20,2607752.0,87.839,33.49,0.0,0.0,148781.0,20489.0,Latent Cultist,1288554,32.0,inv_hextrollpet_blue.jpg,177,False,77745.0,18362.0,247176.0,2288.0
mYdNtv2y6cRWXB4z,7,Nek'zali the Soulcoiler,3470,WIPE,262.295,Stellanoova,P-6168b2209e9e02a1,11,2665806.0,145.893,55.62,0.0,0.0,9610.0,12021.0,Corpse Blight,1307939,40.0,spell_shadow_corpseexplode.jpg,177,False,10396.0,5356.0,37074.0,11712.0
mYdNtv2y6cRWXB4z,7,Nek'zali the Soulcoiler,3470,WIPE,262.295,Chontosh,P-81cad9c290ac9716,2,2672777.0,152.864,58.28,0.0,0.0,59225.0,5629.0,Anguished Echoes,1294846,32.0,ability_argus_soulburst.jpg,177,False,246970.0,64568.0,370763.0,0.0
mYdNtv2y6cRWXB4z,7,Nek'zali the Soulcoiler,3470,WIPE,262.295,Sinfxl,P-59860c89738c2525,110,2735183.0,215.27,82.07,0.0,0.0,15948.0,2718.0,Vessel of Awakening,1297630,32.0,spell_shadow_animatedead.jpg,182,False,51514.0,17734.0,92691.0,7495.0
mYdNtv2y6cRWXB4z,7,Nek'zali the Soulcoiler,3470,WIPE,262.295,Danzilla,P-8ee1779dcaa9232f,21,2736016.0,216.103,82.39,0.0,0.0,26054.0,2995.0,Vessel of Awakening,1297630,32.0,spell_shadow_animatedead.jpg,182,False,50638.0,15999.0,92691.0,0.0
mYdNtv2y6cRWXB4z,7,Nek'zali the Soulcoiler,3470,WIPE,262.295,Soliloquy,P-ace0c6b4dcb42bd6,1,2736199.0,216.286,82.46,0.0,0.0,24855.0,3321.0,Vessel of Awakening,1297630,32.0,spell_shadow_animatedead.jpg,182,False,51701.0,15362.0,92691.0,773.0
mYdNtv2y6cRWXB4z,7,Nek'zali the Soulcoiler,3470,WIPE,262.295,Averlis,P-77b140a1e9d7fba2,8,2736200.0,216.287,82.46,0.0,0.0,29608.0,3820.0,Vessel of Awakening,1297630,32.0,spell_shadow_animatedead.jpg,182,False,46591.0,15723.0,92691.0,769.0
mYdNtv2y6cRWXB4z,7,Nek'zali the Soulcoiler,3470,WIPE,262.295,Spàdes,P-4b77dd2f26623c73,7,2737027.0,217.114,82.77,0.0,0.0,18353.0,4646.0,Vessel of Awakening,1297630,32.0,spell_shadow_animatedead.jpg,182,False,50794.0,23544.0,92691.0,0.0
mYdNtv2y6cRWXB4z,7,Nek'zali the Soulcoiler,3470,WIPE,262.295,Boomchicky,P-df9f05cc370f53e8,19,2737028.0,217.115,82.78,0.0,0.0,24727.0,4647.0,Vessel of Awakening,1297630,32.0,spell_shadow_animatedead.jpg,182,False,46795.0,21169.0,92691.0,0.0
mYdNtv2y6cRWXB4z,7,Nek'zali the Soulcoiler,3470,WIPE,262.295,Asharia,P-baca25d85259e955,16,2737178.0,217.265,82.83,0.0,0.0,51169.0,4797.0,Vessel of Awakening,1297630,32.0,spell_shadow_animatedead.jpg,182,False,17455.0,23374.0,92691.0,693.0
mYdNtv2y6cRWXB4z,7,Nek'zali the Soulcoiler,3470,WIPE,262.295,Littlejohn,P-fe200ff8c0c12962,9,2771918.0,252.005,96.08,0.0,0.0,116199.0,6348.0,Latent Cultist,1288554,32.0,inv_hextrollpet_blue.jpg,177,False,11800.0,39207.0,247176.0,79970.0
mYdNtv2y6cRWXB4z,7,Nek'zali the Soulcoiler,3470,WIPE,262.295,Greyseer,P-146fcdef511d70d4,17,2773411.0,253.498,96.65,0.0,0.0,142231.0,10740.0,Hungering Pyre,1289855,4.0,ability_mage_livingbomb.jpg,186,False,138345.0,84311.0,370763.0,5876.0
mYdNtv2y6cRWXB4z,7,Nek'zali the Soulcoiler,3470,WIPE,262.295,Shinier,P-fa0288594047c1a1,3,2773512.0,253.599,96.68,0.0,0.0,80643.0,4838.0,Latent Cultist,1288554,32.0,inv_hextrollpet_blue.jpg,177,False,107054.0,57584.0,247176.0,1895.0
mYdNtv2y6cRWXB4z,7,Nek'zali the Soulcoiler,3470,WIPE,262.295,Sälazar,P-448597313370c1df,6,2775684.0,255.771,97.51,0.0,0.0,6577.0,8006.0,Corpse Blight,1307939,40.0,spell_shadow_corpseexplode.jpg,177,False,29670.0,9158.0,49432.0,4027.0
mYdNtv2y6cRWXB4z,7,Nek'zali the Soulcoiler,3470,WIPE,262.295,Maztajake,P-dc96b65209ad25d3,14,2777287.0,257.374,98.12,0.0,0.0,0.0,13019.0,,,,,,,,,,
mYdNtv2y6cRWXB4z,7,Nek'zali the Soulcoiler,3470,WIPE,262.295,Maztajake,P-dc96b65209ad25d3,14,2777568.0,257.655,98.23,0.0,0.0,0.0,0.0,,,,,,,,,,
mYdNtv2y6cRWXB4z,7,Nek'zali the Soulcoiler,3470,WIPE,262.295,Stellanoova,P-6168b2209e9e02a1,11,2777677.0,257.764,98.27,0.0,0.0,456.0,18245.0,Corpse Blight,1307939,40.0,spell_shadow_corpseexplode.jpg,177,False,26265.0,7141.0,49432.0,15570.0
mYdNtv2y6cRWXB4z,7,Nek'zali the Soulcoiler,3470,WIPE,262.295,Grapefantuh,P-a236f777802713be,5,2778190.0,258.277,98.47,0.0,0.0,35929.0,9517.0,Melee,1,1.0,inv_axe_02.jpg,186,False,494293.0,406284.0,941861.0,5355.0
mYdNtv2y6cRWXB4z,7,Nek'zali the Soulcoiler,3470,WIPE,262.295,Geckofursona,P-ca3833033e7a5953,4,2778281.0,258.368,98.5,0.0,0.0,0.0,7983.0,,,,,,,,,,
mYdNtv2y6cRWXB4z,7,Nek'zali the Soulcoiler,3470,WIPE,262.295,Geckofursona,P-ca3833033e7a5953,4,2778371.0,258.458,98.54,0.0,0.0,0.0,0.0,,,,,,,,,,
mYdNtv2y6cRWXB4z,7,Nek'zali the Soulcoiler,3470,WIPE,262.295,Lìllith,P-093da9358d901c39,12,2778931.0,259.018,98.75,0.0,0.0,0.0,11283.0,,,,,,,,,,
mYdNtv2y6cRWXB4z,7,Nek'zali the Soulcoiler,3470,WIPE,262.295,Lìllith,P-093da9358d901c39,12,2779258.0,259.345,98.88,0.0,0.0,0.0,0.0,,,,,,,,,,
mYdNtv2y6cRWXB4z,7,Nek'zali the Soulcoiler,3470,WIPE,262.295,Mets,P-0535c10c91d1eeda,22,2779365.0,259.452,98.92,0.0,0.0,0.0,7009.0,,,,,,,,,,
mYdNtv2y6cRWXB4z,7,Nek'zali the Soulcoiler,3470,WIPE,262.295,Mets,P-0535c10c91d1eeda,22,2779572.0,259.659,99.0,0.0,0.0,0.0,0.0,,,,,,,,,,
mYdNtv2y6cRWXB4z,7,Nek'zali the Soulcoiler,3470,WIPE,262.295,Novachronos,P-d8e2e25f74d6a935,13,2779625.0,259.712,99.02,0.0,0.0,0.0,7010.0,,,,,,,,,,
mYdNtv2y6cRWXB4z,7,Nek'zali the Soulcoiler,3470,WIPE,262.295,Ämon,P-26f181f915fe34c3,10,2779759.0,259.846,99.07,0.0,0.0,0.0,13011.0,,,,,,,,,,
mYdNtv2y6cRWXB4z,7,Nek'zali the Soulcoiler,3470,WIPE,262.295,Ämon,P-26f181f915fe34c3,10,2779966.0,260.053,99.15,0.0,0.0,0.0,0.0,,,,,,,,,,
mYdNtv2y6cRWXB4z,7,Nek'zali the Soulcoiler,3470,WIPE,262.295,Novachronos,P-d8e2e25f74d6a935,13,2780032.0,260.119,99.17,0.0,0.0,0.0,0.0,,,,,,,,,,
mYdNtv2y6cRWXB4z,9,Nek'zali the Soulcoiler,3470,WIPE,322.581,Stellanoova,P-6168b2209e9e02a1,11,3249615.0,144.751,44.87,0.0,0.0,25496.0,11140.0,Possession Barrage,1292034,32.0,spell_shadow_possession.jpg,177,False,65888.0,40740.0,185382.0,53258.0
mYdNtv2y6cRWXB4z,9,Nek'zali the Soulcoiler,3470,WIPE,322.581,Kainz,P-990700ee2fdd70bf,20,3298299.0,193.435,59.96,0.0,0.0,66059.0,9137.0,Soul Transfer,1295085,32.0,ability_necrolord_fleshcraft.jpg,186,False,649444.0,212375.0,927878.0,0.0
mYdNtv2y6cRWXB4z,9,Nek'zali the Soulcoiler,3470,WIPE,322.581,Lìllith,P-093da9358d901c39,12,3316925.0,212.061,65.74,0.0,0.0,20353.0,6573.0,Latent Cultist,1288554,32.0,inv_hextrollpet_blue.jpg,177,False,119050.0,19154.0,247176.0,88619.0
mYdNtv2y6cRWXB4z,9,Nek'zali the Soulcoiler,3470,WIPE,322.581,Chontosh,P-81cad9c290ac9716,2,3333232.0,228.368,70.79,0.0,0.0,50720.0,3940.0,Latent Cultist,1288554,32.0,inv_hextrollpet_blue.jpg,177,False,145184.0,49294.0,247176.0,1978.0
mYdNtv2y6cRWXB4z,9,Nek'zali the Soulcoiler,3470,WIPE,322.581,Spàdes,P-4b77dd2f26623c73,7,3379921.0,275.057,85.27,0.0,0.0,22832.0,0.0,Soul Transfer,1295085,32.0,ability_necrolord_fleshcraft.jpg,186,False,716440.0,180765.0,927878.0,7841.0
mYdNtv2y6cRWXB4z,9,Nek'zali the Soulcoiler,3470,WIPE,322.581,Asharia,P-baca25d85259e955,16,3401994.0,297.13,92.11,0.0,0.0,194893.0,10134.0,Soulcoil Well,1290390,32.0,spell_necro_deathrift.jpg,177,False,174873.0,186380.0,556146.0,0.0
mYdNtv2y6cRWXB4z,9,Nek'zali the Soulcoiler,3470,WIPE,322.581,Decayed,P-584cf7139227dcac,18,3403369.0,298.505,92.54,0.0,0.0,0.0,10963.0,Melee,1,1.0,inv_axe_02.jpg,177,False,221693.0,4646675.0,6445134.0,1576766.0
mYdNtv2y6cRWXB4z,9,Nek'zali the Soulcoiler,3470,WIPE,322.581,Littlejohn,P-fe200ff8c0c12962,9,3404496.0,299.632,92.89,0.0,0.0,2245935.0,0.0,Melee,1,1.0,inv_axe_02.jpg,177,False,375757.0,2493521.0,6469459.0,1354246.0
mYdNtv2y6cRWXB4z,9,Nek'zali the Soulcoiler,3470,WIPE,322.581,Ämon,P-26f181f915fe34c3,10,3406394.0,301.53,93.47,0.0,0.0,2076275.0,0.0,Melee,1,1.0,inv_axe_02.jpg,177,False,541141.0,3774711.0,6418565.0,26438.0
mYdNtv2y6cRWXB4z,9,Nek'zali the Soulcoiler,3470,WIPE,322.581,Grapefantuh,P-a236f777802713be,5,3410972.0,306.108,94.89,0.0,0.0,1763484.0,0.0,Melee,1,1.0,inv_axe_02.jpg,177,False,423000.0,971734.0,3202611.0,44393.0
mYdNtv2y6cRWXB4z,9,Nek'zali the Soulcoiler,3470,WIPE,322.581,Stellanoova,P-6168b2209e9e02a1,11,3411721.0,306.857,95.13,0.0,0.0,139206.0,0.0,Melee,1,1.0,inv_axe_02.jpg,177,False,960400.0,2802366.0,6561405.0,2659433.0
mYdNtv2y6cRWXB4z,9,Nek'zali the Soulcoiler,3470,WIPE,322.581,Novachronos,P-d8e2e25f74d6a935,13,3413185.0,308.321,95.58,0.0,0.0,4018960.0,0.0,Melee,1,1.0,inv_axe_02.jpg,177,False,695390.0,1118718.0,6409794.0,576726.0
mYdNtv2y6cRWXB4z,9,Nek'zali the Soulcoiler,3470,WIPE,322.581,Sälazar,P-448597313370c1df,6,3414910.0,310.046,96.11,0.0,0.0,4041520.0,0.0,Melee,1,1.0,inv_axe_02.jpg,177,False,550761.0,1312601.0,6415135.0,510253.0
mYdNtv2y6cRWXB4z,9,Nek'zali the Soulcoiler,3470,WIPE,322.581,Shinier,P-fa0288594047c1a1,3,3416516.0,311.652,96.61,0.0,0.0,5003.0,2835.0,Soulcoil Well,1290390,32.0,spell_necro_deathrift.jpg,177,False,486054.0,60129.0,556146.0,4960.0
mYdNtv2y6cRWXB4z,9,Nek'zali the Soulcoiler,3470,WIPE,322.581,Sinfxl,P-59860c89738c2525,110,3417347.0,312.483,96.87,0.0,0.0,4181401.0,0.0,Melee,1,1.0,inv_axe_02.jpg,177,False,518797.0,1179228.0,6401670.0,522244.0
mYdNtv2y6cRWXB4z,9,Nek'zali the Soulcoiler,3470,WIPE,322.581,Maztajake,P-dc96b65209ad25d3,14,3419768.0,314.904,97.62,0.0,0.0,2396285.0,0.0,Melee,1,1.0,inv_axe_02.jpg,177,False,206212.0,3844100.0,6499437.0,52840.0
mYdNtv2y6cRWXB4z,9,Nek'zali the Soulcoiler,3470,WIPE,322.581,Greyseer,P-146fcdef511d70d4,17,3420731.0,315.867,97.92,0.0,0.0,240427.0,5493.0,Soulcoil Well,1290390,32.0,spell_necro_deathrift.jpg,177,False,186312.0,74880.0,556146.0,54527.0
mYdNtv2y6cRWXB4z,9,Nek'zali the Soulcoiler,3470,WIPE,322.581,Boomchicky,P-df9f05cc370f53e8,19,3421227.0,316.363,98.07,0.0,0.0,3756724.0,0.0,Melee,1,1.0,inv_axe_02.jpg,177,False,544289.0,2190954.0,6491967.0,0.0
mYdNtv2y6cRWXB4z,9,Nek'zali the Soulcoiler,3470,WIPE,322.581,Soliloquy,P-ace0c6b4dcb42bd6,1,3421870.0,317.006,98.27,0.0,0.0,4155.0,14387.0,Soulcoil Well,1290390,32.0,spell_necro_deathrift.jpg,177,False,478854.0,73137.0,556146.0,0.0
mYdNtv2y6cRWXB4z,9,Nek'zali the Soulcoiler,3470,WIPE,322.581,Mets,P-0535c10c91d1eeda,22,3422650.0,317.786,98.51,0.0,0.0,3584216.0,0.0,Melee,1,1.0,inv_axe_02.jpg,177,False,562561.0,2138407.0,6369379.0,84195.0
mYdNtv2y6cRWXB4z,9,Nek'zali the Soulcoiler,3470,WIPE,322.581,Geckofursona,P-ca3833033e7a5953,4,3424091.0,319.227,98.96,0.0,0.0,654447.0,0.0,Latent Cultist,1288554,32.0,inv_hextrollpet_blue.jpg,177,False,573154.0,230530.0,1483056.0,24925.0
mYdNtv2y6cRWXB4z,9,Nek'zali the Soulcoiler,3470,WIPE,322.581,Averlis,P-77b140a1e9d7fba2,8,3424652.0,319.788,99.13,0.0,0.0,3599177.0,0.0,Melee,1,1.0,inv_axe_02.jpg,177,False,194303.0,2532599.0,6364396.0,38317.0
mYdNtv2y6cRWXB4z,9,Nek'zali the Soulcoiler,3470,WIPE,322.581,Danzilla,P-8ee1779dcaa9232f,21,3427061.0,322.197,99.88,0.0,0.0,4380983.0,0.0,Melee,1,1.0,inv_axe_02.jpg,177,False,264342.0,1860270.0,6552517.0,46922.0
mYdNtv2y6cRWXB4z,10,Nek'zali the Soulcoiler,3470,WIPE,261.198,Spàdes,P-4b77dd2f26623c73,7,3887539.0,106.124,40.63,0.0,0.0,28541.0,20971.0,Possession Barrage,1292034,32.0,spell_shadow_possession.jpg,177,False,66751.0,38935.0,140633.0,6406.0
mYdNtv2y6cRWXB4z,10,Nek'zali the Soulcoiler,3470,WIPE,261.198,Danzilla,P-8ee1779dcaa9232f,21,3888633.0,107.218,41.05,0.0,0.0,36143.0,2062.0,Possession Barrage,1292034,32.0,spell_shadow_possession.jpg,177,False,61083.0,20281.0,117507.0,0.0
mYdNtv2y6cRWXB4z,10,Nek'zali the Soulcoiler,3470,WIPE,261.198,Mets,P-0535c10c91d1eeda,22,3888634.0,107.219,41.05,0.0,0.0,41226.0,27092.0,Possession Barrage,1292034,32.0,spell_shadow_possession.jpg,177,False,66822.0,33356.0,141404.0,0.0
mYdNtv2y6cRWXB4z,10,Nek'zali the Soulcoiler,3470,WIPE,261.198,Geckofursona,P-ca3833033e7a5953,4,3888635.0,107.22,41.05,0.0,0.0,8918.0,4074.0,Possession Barrage,1292034,32.0,spell_shadow_possession.jpg,177,False,105151.0,29397.0,143466.0,0.0
mYdNtv2y6cRWXB4z,10,Nek'zali the Soulcoiler,3470,WIPE,261.198,Novachronos,P-d8e2e25f74d6a935,13,4023570.0,242.155,92.71,0.0,0.0,30801.0,2003.0,Vessel of Awakening,1297630,32.0,spell_shadow_animatedead.jpg,182,False,37195.0,17140.0,92691.0,7555.0
mYdNtv2y6cRWXB4z,10,Nek'zali the Soulcoiler,3470,WIPE,261.198,Averlis,P-77b140a1e9d7fba2,8,4023704.0,242.289,92.76,0.0,0.0,6679.0,1565.0,Vessel of Awakening,1297630,32.0,spell_shadow_animatedead.jpg,182,False,62091.0,23227.0,92691.0,694.0
mYdNtv2y6cRWXB4z,10,Nek'zali the Soulcoiler,3470,WIPE,261.198,Soliloquy,P-ace0c6b4dcb42bd6,1,4023704.0,242.289,92.76,0.0,0.0,32165.0,1565.0,Vessel of Awakening,1297630,32.0,spell_shadow_animatedead.jpg,182,False,44391.0,15362.0,92691.0,773.0
mYdNtv2y6cRWXB4z,10,Nek'zali the Soulcoiler,3470,WIPE,261.198,Asharia,P-baca25d85259e955,16,4023710.0,242.295,92.76,0.0,0.0,6226.0,1670.0,Vessel of Awakening,1297630,32.0,spell_shadow_animatedead.jpg,182,False,61025.0,24761.0,92691.0,679.0
mYdNtv2y6cRWXB4z,10,Nek'zali the Soulcoiler,3470,WIPE,261.198,Ämon,P-26f181f915fe34c3,10,4023890.0,242.475,92.83,0.0,0.0,14873.0,1753.0,Vessel of Awakening,1297630,32.0,spell_shadow_animatedead.jpg,182,False,61913.0,14347.0,92691.0,1558.0
mYdNtv2y6cRWXB4z,10,Nek'zali the Soulcoiler,3470,WIPE,261.198,Sinfxl,P-59860c89738c2525,110,4023891.0,242.476,92.83,0.0,0.0,25561.0,1485.0,Vessel of Awakening,1297630,32.0,spell_shadow_animatedead.jpg,182,False,39890.0,19234.0,92691.0,8006.0
mYdNtv2y6cRWXB4z,10,Nek'zali the Soulcoiler,3470,WIPE,261.198,Maztajake,P-dc96b65209ad25d3,14,4023892.0,242.477,92.83,0.0,0.0,57201.0,2037.0,Vessel of Awakening,1297630,32.0,spell_shadow_animatedead.jpg,182,False,16265.0,18483.0,92691.0,742.0
mYdNtv2y6cRWXB4z,10,Nek'zali the Soulcoiler,3470,WIPE,261.198,Lìllith,P-093da9358d901c39,12,4023893.0,242.478,92.83,0.0,0.0,54940.0,2316.0,Vessel of Awakening,1297630,32.0,spell_shadow_animatedead.jpg,182,False,15610.0,13512.0,92691.0,8629.0
mYdNtv2y6cRWXB4z,10,Nek'zali the Soulcoiler,3470,WIPE,261.198,Greyseer,P-146fcdef511d70d4,17,4023894.0,242.479,92.83,0.0,0.0,26796.0,2322.0,Vessel of Awakening,1297630,32.0,spell_shadow_animatedead.jpg,182,False,998.0,38455.0,92691.0,26442.0
mYdNtv2y6cRWXB4z,10,Nek'zali the Soulcoiler,3470,WIPE,261.198,Boomchicky,P-df9f05cc370f53e8,19,4024000.0,242.585,92.87,0.0,0.0,6358.0,1866.0,Vessel of Awakening,1297630,32.0,spell_shadow_animatedead.jpg,182,False,62341.0,22599.0,92691.0,1393.0
mYdNtv2y6cRWXB4z,10,Nek'zali the Soulcoiler,3470,WIPE,261.198,Littlejohn,P-fe200ff8c0c12962,9,4024139.0,242.724,92.93,0.0,0.0,18339.0,3567.0,Vessel of Awakening,1297630,32.0,spell_shadow_animatedead.jpg,182,False,29952.0,17648.0,92691.0,26752.0
mYdNtv2y6cRWXB4z,10,Nek'zali the Soulcoiler,3470,WIPE,261.198,Chontosh,P-81cad9c290ac9716,2,4024142.0,242.727,92.93,0.0,0.0,25059.0,2003.0,Vessel of Awakening,1297630,32.0,spell_shadow_animatedead.jpg,182,False,30057.0,23797.0,92691.0,13778.0
mYdNtv2y6cRWXB4z,10,Nek'zali the Soulcoiler,3470,WIPE,261.198,Kainz,P-990700ee2fdd70bf,20,4024272.0,242.857,92.98,0.0,0.0,17058.0,2103.0,Vessel of Awakening,1297630,32.0,spell_shadow_animatedead.jpg,182,False,50752.0,24197.0,92691.0,684.0
mYdNtv2y6cRWXB4z,10,Nek'zali the Soulcoiler,3470,WIPE,261.198,Grapefantuh,P-a236f777802713be,5,4024698.0,243.283,93.14,0.0,0.0,67127.0,2561.0,Vessel of Awakening,1297630,32.0,spell_shadow_animatedead.jpg,182,False,6918.0,17144.0,92691.0,1502.0
mYdNtv2y6cRWXB4z,10,Nek'zali the Soulcoiler,3470,WIPE,261.198,Sälazar,P-448597313370c1df,6,4024698.0,243.283,93.14,0.0,0.0,33524.0,1992.0,Vessel of Awakening,1297630,32.0,spell_shadow_animatedead.jpg,182,False,19785.0,32862.0,92691.0,6520.0
mYdNtv2y6cRWXB4z,10,Nek'zali the Soulcoiler,3470,WIPE,261.198,Geckofursona,P-ca3833033e7a5953,4,4024876.0,243.461,93.21,0.0,0.0,47386.0,2713.0,Vessel of Awakening,1297630,32.0,spell_shadow_animatedead.jpg,182,False,20439.0,24181.0,92691.0,685.0
mYdNtv2y6cRWXB4z,10,Nek'zali the Soulcoiler,3470,WIPE,261.198,Stellanoova,P-6168b2209e9e02a1,11,4025670.0,244.255,93.51,0.0,0.0,4160.0,4106.0,Vessel of Awakening,1297630,32.0,spell_shadow_animatedead.jpg,182,False,37096.0,20370.0,92691.0,31065.0
mYdNtv2y6cRWXB4z,10,Nek'zali the Soulcoiler,3470,WIPE,261.198,Shinier,P-fa0288594047c1a1,3,4038355.0,256.94,98.37,0.0,0.0,0.0,8722.0,,,,,,,,,,
mYdNtv2y6cRWXB4z,10,Nek'zali the Soulcoiler,3470,WIPE,261.198,Shinier,P-fa0288594047c1a1,3,4038549.0,257.134,98.44,0.0,0.0,0.0,0.0,,,,,,,,,,
mYdNtv2y6cRWXB4z,11,Nek'zali the Soulcoiler,3470,KILL,463.249,Boomchicky,P-df9f05cc370f53e8,19,5152698.0,182.89,39.48,0.0,0.0,49198.0,13093.0,Soul Transfer,1295085,32.0,ability_necrolord_fleshcraft.jpg,186,False,743065.0,119530.0,927878.0,16085.0
mYdNtv2y6cRWXB4z,11,Nek'zali the Soulcoiler,3470,KILL,463.249,Spàdes,P-4b77dd2f26623c73,7,5219735.0,249.927,53.95,0.0,0.0,175557.0,0.0,Soul Transfer,1295085,32.0,ability_necrolord_fleshcraft.jpg,186,False,660834.0,83039.0,927878.0,8448.0
mYdNtv2y6cRWXB4z,11,Nek'zali the Soulcoiler,3470,KILL,463.249,Decayed,P-584cf7139227dcac,18,5309422.0,339.614,73.31,0.0,0.0,67281.0,27467.0,Time Dilation,361029,1.0,ability_evoker_timedilation.jpg,18,True,1580.0,0.0,44900.0,14095.0
mYdNtv2y6cRWXB4z,11,Nek'zali the Soulcoiler,3470,KILL,463.249,Decayed,P-584cf7139227dcac,18,5379036.0,409.228,88.34,0.0,0.0,81310.0,22132.0,Melee,1,1.0,inv_axe_02.jpg,177,False,24825.0,908493.0,1073481.0,58853.0
mYdNtv2y6cRWXB4z,16,Entombed Sentinels,3445,WIPE,90.726,Kainz,P-990700ee2fdd70bf,20,6073011.0,72.488,79.9,0.0,0.0,48018.0,10300.0,Blood Venom,1284210,32.0,spell_shadow_bloodboil.jpg,205,False,50159.0,24420.0,123588.0,991.0
mYdNtv2y6cRWXB4z,16,Entombed Sentinels,3445,WIPE,90.726,Asharia,P-baca25d85259e955,16,6074753.0,74.23,81.82,0.0,0.0,159925.0,12143.0,Helical Toxins,1284813,40.0,inv_112_warlock_bloodstone.jpg,211,False,157117.0,109079.0,432557.0,6436.0
mYdNtv2y6cRWXB4z,16,Entombed Sentinels,3445,WIPE,90.726,Spàdes,P-4b77dd2f26623c73,7,6074864.0,74.341,81.94,0.0,0.0,91642.0,29214.0,Cultivated Burst,1284941,40.0,spell_deathknight_explode_ghoul.jpg,205,False,327281.0,37317.0,464745.0,8505.0
mYdNtv2y6cRWXB4z,16,Entombed Sentinels,3445,WIPE,90.726,Boomchicky,P-df9f05cc370f53e8,19,6074868.0,74.345,81.94,0.0,0.0,68015.0,2041.0,Cultivated Burst,1284941,40.0,spell_deathknight_explode_ghoul.jpg,205,False,316617.0,80113.0,464745.0,0.0
mYdNtv2y6cRWXB4z,16,Entombed Sentinels,3445,WIPE,90.726,Shinier,P-fa0288594047c1a1,3,6075751.0,75.228,82.92,0.0,0.0,35092.0,13004.0,Cultivated Burst,1284948,40.0,spell_deathknight_explode_ghoul.jpg,211,False,25058.0,17504.0,92691.0,15037.0
mYdNtv2y6cRWXB4z,16,Entombed Sentinels,3445,WIPE,90.726,Danzilla,P-8ee1779dcaa9232f,21,6076902.0,76.379,84.19,0.0,0.0,4441.0,3342.0,Cultivated Burst,1284948,40.0,spell_deathknight_explode_ghoul.jpg,205,False,70683.0,17567.0,92691.0,0.0
mYdNtv2y6cRWXB4z,16,Entombed Sentinels,3445,WIPE,90.726,Mets,P-0535c10c91d1eeda,22,6077845.0,77.322,85.23,0.0,0.0,61512.0,18287.0,Cultivated Burst,1284948,40.0,spell_deathknight_explode_ghoul.jpg,205,False,17892.0,13287.0,92691.0,0.0
mYdNtv2y6cRWXB4z,16,Entombed Sentinels,3445,WIPE,90.726,Stellanoova,P-6168b2209e9e02a1,11,6078532.0,78.009,85.98,0.0,0.0,133648.0,30948.0,Melee,1,1.0,inv_axe_02.jpg,205,False,3480.0,316836.0,799398.0,356350.0
mYdNtv2y6cRWXB4z,16,Entombed Sentinels,3445,WIPE,90.726,Littlejohn,P-fe200ff8c0c12962,9,6078809.0,78.286,86.29,0.0,0.0,46963.0,26036.0,Blood Venom,1284210,32.0,spell_shadow_bloodboil.jpg,205,False,10282.0,34630.0,123588.0,31713.0
mYdNtv2y6cRWXB4z,16,Entombed Sentinels,3445,WIPE,90.726,Decayed,P-584cf7139227dcac,18,6079889.0,79.366,87.48,0.0,0.0,0.0,24313.0,Blood Venom,1284210,32.0,spell_shadow_bloodboil.jpg,205,False,0.0,27815.0,123588.0,95773.0
mYdNtv2y6cRWXB4z,16,Entombed Sentinels,3445,WIPE,90.726,Runé,P-72cd6cde8ca8fac3,15,6082393.0,81.87,90.24,0.0,0.0,12978.0,40804.0,Blood Venom,1284210,32.0,spell_shadow_bloodboil.jpg,205,False,92880.0,17730.0,123588.0,0.0
mYdNtv2y6cRWXB4z,16,Entombed Sentinels,3445,WIPE,90.726,Lìllith,P-093da9358d901c39,12,6082889.0,82.366,90.79,0.0,0.0,50350.0,7279.0,Blood Venom,1284210,32.0,spell_shadow_bloodboil.jpg,205,False,37895.0,23295.0,123588.0,12048.0
mYdNtv2y6cRWXB4z,16,Entombed Sentinels,3445,WIPE,90.726,Averlis,P-77b140a1e9d7fba2,8,6083993.0,83.47,92.0,0.0,0.0,102980.0,20426.0,Blood Venom,1284210,32.0,spell_shadow_bloodboil.jpg,205,False,313.0,20965.0,123588.0,1026.0
mYdNtv2y6cRWXB4z,16,Entombed Sentinels,3445,WIPE,90.726,Grapefantuh,P-a236f777802713be,5,6083993.0,83.47,92.0,0.0,0.0,237545.0,28417.0,Melee,1,1.0,inv_axe_02.jpg,205,False,325324.0,236966.0,799835.0,0.0
mYdNtv2y6cRWXB4z,16,Entombed Sentinels,3445,WIPE,90.726,Soliloquy,P-ace0c6b4dcb42bd6,1,6084153.0,83.63,92.18,0.0,0.0,71064.0,14581.0,Blood Venom,1284210,32.0,spell_shadow_bloodboil.jpg,205,False,33034.0,19490.0,123588.0,0.0
mYdNtv2y6cRWXB4z,16,Entombed Sentinels,3445,WIPE,90.726,Novachronos,P-d8e2e25f74d6a935,13,6085536.0,85.013,93.7,0.0,0.0,13384.0,9937.0,Blood Venom,1284210,32.0,spell_shadow_bloodboil.jpg,205,False,80019.0,19807.0,123588.0,10378.0
mYdNtv2y6cRWXB4z,16,Entombed Sentinels,3445,WIPE,90.726,Maztajake,P-dc96b65209ad25d3,14,6086694.0,86.171,94.98,0.0,0.0,32872.0,5149.0,Toxic Droplets,1284451,8.0,inv_ability_poison_orb.jpg,211,False,199126.0,46074.0,278072.0,0.0
mYdNtv2y6cRWXB4z,16,Entombed Sentinels,3445,WIPE,90.726,Ämon,P-26f181f915fe34c3,10,6088241.0,87.718,96.68,0.0,0.0,72649.0,42641.0,Blood Venom,1284210,32.0,spell_shadow_bloodboil.jpg,205,False,30489.0,19409.0,123588.0,1041.0
mYdNtv2y6cRWXB4z,16,Entombed Sentinels,3445,WIPE,90.726,Chontosh,P-81cad9c290ac9716,2,6090071.0,89.548,98.7,0.0,0.0,62805.0,28504.0,Blood Venom,1284210,32.0,spell_shadow_bloodboil.jpg,205,False,29054.0,31729.0,123588.0,0.0
mYdNtv2y6cRWXB4z,16,Entombed Sentinels,3445,WIPE,90.726,Geckofursona,P-ca3833033e7a5953,4,6090331.0,89.808,98.99,0.0,0.0,75744.0,46727.0,Blood Venom,1284210,32.0,spell_shadow_bloodboil.jpg,205,False,18724.0,27203.0,123588.0,1917.0
mYdNtv2y6cRWXB4z,16,Entombed Sentinels,3445,WIPE,90.726,Sälazar,P-448597313370c1df,6,6091007.0,90.484,99.73,0.0,0.0,4201.0,54418.0,Blood Venom,1284210,32.0,spell_shadow_bloodboil.jpg,205,False,68328.0,42187.0,123588.0,8872.0
mYdNtv2y6cRWXB4z,18,Entombed Sentinels,3445,WIPE,203.093,Kainz,P-990700ee2fdd70bf,20,6561092.0,117.259,57.74,0.0,0.0,24465.0,7885.0,Toxic Droplets,1284451,8.0,inv_ability_poison_orb.jpg,211,False,200941.0,48091.0,278072.0,4575.0
mYdNtv2y6cRWXB4z,18,Entombed Sentinels,3445,WIPE,203.093,Averlis,P-77b140a1e9d7fba2,8,6628444.0,184.611,90.9,0.0,0.0,55422.0,3255.0,Blood Venom,1284210,32.0,spell_shadow_bloodboil.jpg,205,False,44145.0,23016.0,123588.0,1005.0
mYdNtv2y6cRWXB4z,18,Entombed Sentinels,3445,WIPE,203.093,Ämon,P-26f181f915fe34c3,10,6629255.0,185.422,91.3,0.0,0.0,13740.0,34005.0,Mark of Blood,1284506,32.0,inv_arcanegolem2mount_red.jpg,205,False,91801.0,15739.0,122346.0,1066.0
mYdNtv2y6cRWXB4z,18,Entombed Sentinels,3445,WIPE,203.093,Grapefantuh,P-a236f777802713be,5,6630262.0,186.429,91.79,0.0,0.0,1548.0,5035.0,Cultivated Burst,1284948,40.0,spell_deathknight_explode_ghoul.jpg,211,False,42375.0,48768.0,92691.0,0.0
mYdNtv2y6cRWXB4z,18,Entombed Sentinels,3445,WIPE,203.093,Runé,P-72cd6cde8ca8fac3,15,6631105.0,187.272,92.21,0.0,0.0,136174.0,30019.0,Mark of Acid,1284500,8.0,inv_arcanegolem2mount_green.jpg,211,False,26449.0,37986.0,203910.0,3301.0
mYdNtv2y6cRWXB4z,18,Entombed Sentinels,3445,WIPE,203.093,Danzilla,P-8ee1779dcaa9232f,21,6632355.0,188.522,92.83,0.0,0.0,60447.0,3913.0,Cultivated Burst,1284948,40.0,spell_deathknight_explode_ghoul.jpg,211,False,22793.0,9451.0,92691.0,0.0
mYdNtv2y6cRWXB4z,18,Entombed Sentinels,3445,WIPE,203.093,Soliloquy,P-ace0c6b4dcb42bd6,1,6633386.0,189.553,93.33,0.0,0.0,86475.0,8196.0,Living Venom,1284209,8.0,inv_ability_poison_groundstate.jpg,211,False,145513.0,43741.0,278072.0,2343.0
mYdNtv2y6cRWXB4z,18,Entombed Sentinels,3445,WIPE,203.093,Spàdes,P-4b77dd2f26623c73,7,6633923.0,190.09,93.6,0.0,0.0,4158.0,6705.0,Contaminate,1284258,8.0,ability_rogue_venomouswounds.jpg,220,False,62417.0,19264.0,86511.0,672.0
mYdNtv2y6cRWXB4z,18,Entombed Sentinels,3445,WIPE,203.093,Chontosh,P-81cad9c290ac9716,2,6635023.0,191.19,94.14,0.0,0.0,175617.0,14810.0,Unstable Miasma,1288282,32.0,ability_deathwing_bloodcorruption_death.jpg,205,False,477802.0,162260.0,815679.0,0.0
mYdNtv2y6cRWXB4z,18,Entombed Sentinels,3445,WIPE,203.093,Lìllith,P-093da9358d901c39,12,6635050.0,191.217,94.15,0.0,0.0,387579.0,4841.0,Unstable Miasma,1288282,32.0,ability_deathwing_bloodcorruption_death.jpg,205,False,229274.0,127768.0,815679.0,71058.0
mYdNtv2y6cRWXB4z,18,Entombed Sentinels,3445,WIPE,203.093,Sälazar,P-448597313370c1df,6,6639919.0,196.086,96.55,0.0,0.0,3705.0,22693.0,Contaminate,1284258,8.0,ability_rogue_venomouswounds.jpg,220,False,58488.0,16710.0,86511.0,7608.0
mYdNtv2y6cRWXB4z,18,Entombed Sentinels,3445,WIPE,203.093,Boomchicky,P-df9f05cc370f53e8,19,6641904.0,198.071,97.53,0.0,0.0,36100.0,42000.0,Toxic Droplets,1284451,8.0,inv_ability_poison_orb.jpg,211,False,111093.0,130879.0,278072.0,0.0
mYdNtv2y6cRWXB4z,18,Entombed Sentinels,3445,WIPE,203.093,Geckofursona,P-ca3833033e7a5953,4,6643532.0,199.699,98.33,0.0,0.0,50761.0,44329.0,Noxious Blast,1284452,8.0,ability_creature_poison_06.jpg,211,False,103053.0,121136.0,278072.0,3122.0
mYdNtv2y6cRWXB4z,18,Entombed Sentinels,3445,WIPE,203.093,Novachronos,P-d8e2e25f74d6a935,13,6643532.0,199.699,98.33,0.0,0.0,147475.0,12346.0,Noxious Blast,1284452,8.0,ability_creature_poison_06.jpg,211,False,50267.0,58359.0,278072.0,21971.0
mYdNtv2y6cRWXB4z,18,Entombed Sentinels,3445,WIPE,203.093,Asharia,P-baca25d85259e955,16,6643534.0,199.701,98.33,0.0,0.0,111073.0,10445.0,Noxious Blast,1284452,8.0,ability_creature_poison_06.jpg,211,False,96877.0,70122.0,278072.0,0.0
mYdNtv2y6cRWXB4z,18,Entombed Sentinels,3445,WIPE,203.093,Stellanoova,P-6168b2209e9e02a1,11,6643534.0,199.701,98.33,0.0,0.0,60404.0,9670.0,Noxious Blast,1284452,8.0,ability_creature_poison_06.jpg,211,False,46387.0,87951.0,278072.0,83330.0
mYdNtv2y6cRWXB4z,18,Entombed Sentinels,3445,WIPE,203.093,Kainz,P-990700ee2fdd70bf,20,6643797.0,199.964,98.46,0.0,0.0,194660.0,17576.0,Living Venom,1284209,8.0,inv_ability_poison_groundstate.jpg,211,False,33022.0,48091.0,278072.0,2299.0
mYdNtv2y6cRWXB4z,18,Entombed Sentinels,3445,WIPE,203.093,Maztajake,P-dc96b65209ad25d3,14,6643821.0,199.988,98.47,0.0,0.0,5681.0,9900.0,Noxious Blast,1284452,8.0,ability_creature_poison_06.jpg,211,False,212542.0,59849.0,278072.0,0.0
mYdNtv2y6cRWXB4z,18,Entombed Sentinels,3445,WIPE,203.093,Greyseer,P-146fcdef511d70d4,17,6643822.0,199.989,98.47,0.0,0.0,99072.0,7634.0,Noxious Blast,1284452,8.0,ability_creature_poison_06.jpg,211,False,124813.0,54187.0,278072.0,0.0
mYdNtv2y6cRWXB4z,18,Entombed Sentinels,3445,WIPE,203.093,Littlejohn,P-fe200ff8c0c12962,9,6643927.0,200.094,98.52,0.0,0.0,52300.0,10005.0,Noxious Blast,1284452,8.0,ability_creature_poison_06.jpg,211,False,81705.0,71911.0,278072.0,72156.0
mYdNtv2y6cRWXB4z,18,Entombed Sentinels,3445,WIPE,203.093,Shinier,P-fa0288594047c1a1,3,6643928.0,200.095,98.52,0.0,0.0,174629.0,14563.0,Noxious Blast,1284452,8.0,ability_creature_poison_06.jpg,211,False,38556.0,61684.0,278072.0,3203.0
mYdNtv2y6cRWXB4z,18,Entombed Sentinels,3445,WIPE,203.093,Mets,P-0535c10c91d1eeda,22,6644164.0,200.331,98.64,0.0,0.0,115531.0,42956.0,Noxious Blast,1284452,8.0,ability_creature_poison_06.jpg,211,False,78165.0,84376.0,278072.0,0.0
mYdNtv2y6cRWXB4z,18,Entombed Sentinels,3445,WIPE,203.093,Decayed,P-584cf7139227dcac,18,6646840.0,203.007,99.96,0.0,0.0,0.0,22655.0,Noxious Blast,1284452,8.0,ability_creature_poison_06.jpg,,,,,,
tmpfDPYH8C6vFAzh,1,Nek'zali the Soulcoiler,3470,KILL,316.529,Demonvini,P-d7a10f6ccf5cf6da,16,442515.0,258.424,81.64,0.0,0.0,86655.0,21778.0,Possession Barrage,1292034,32.0,spell_shadow_possession.jpg,21,False,40946.0,70163.0,197764.0,0.0
tmpfDPYH8C6vFAzh,7,Entombed Sentinels,3445,KILL,337.449,Benzd,P-a077801d1f846742,8,1316835.0,299.121,88.64,0.0,0.0,44876.0,10015.0,Mark of Blood,1284506,32.0,inv_arcanegolem2mount_red.jpg,72,False,101711.0,56441.0,203028.0,0.0
tmpfDPYH8C6vFAzh,19,Sszorak,3420,KILL,308.485,Reignyskyes,P-4cb9858bc6378843,15,3449735.0,72.044,23.35,0.0,0.0,1402082.0,0.0,Mutilate,1285999,8.0,inv_ability_poison_missile.jpg,158,False,858906.0,441789.0,2702777.0,0.0
tmpfDPYH8C6vFAzh,19,Sszorak,3420,KILL,308.485,Wolfcaza,P-2970caa91e8a550f,18,3551523.0,173.832,56.35,0.0,0.0,212157.0,0.0,Ravage,1277101,1.0,inv_10_specialreagentfoozles_tuskclaw-black.jpg,158,False,505306.0,381227.0,1098690.0,0.0
tmpfDPYH8C6vFAzh,19,Sszorak,3420,KILL,308.485,Palkia,P-a5fe401220b6edea,131,3601760.0,224.069,72.64,0.0,0.0,1106998.0,0.0,Mutilate,1285999,8.0,inv_ability_poison_missile.jpg,158,False,998423.0,597356.0,2702777.0,0.0
tmpfDPYH8C6vFAzh,21,The Twin Fangs,3421,WIPE,45.826,Felphantomxx,P-421b6dd3909d6bc1,13,3826378.0,4.282,9.34,0.0,0.0,247222.0,307.0,Concentrated Spittle,1295107,8.0,ability_poisonsting.jpg,166,False,192294.0,146842.0,586358.0,0.0
tmpfDPYH8C6vFAzh,21,The Twin Fangs,3421,WIPE,45.826,Squalliiv,P-35a3ad6b0dfe25a8,3,3828189.0,6.093,13.3,0.0,0.0,93289.0,132.0,Melee,1,1.0,inv_axe_02.jpg,166,False,540952.0,487890.0,1141156.0,19025.0
tmpfDPYH8C6vFAzh,21,The Twin Fangs,3421,WIPE,45.826,Chontosh,P-81cad9c290ac9716,9,3838337.0,16.241,35.44,0.0,0.0,84714.0,2238.0,Caustic Deluge,1289994,8.0,inv_ability_poison_orb.jpg,166,False,46257.0,56025.0,219738.0,32742.0
tmpfDPYH8C6vFAzh,21,The Twin Fangs,3421,WIPE,45.826,Dshivà,P-c1f562d9a0fa7104,2,3844239.0,22.143,48.32,0.0,0.0,23010.0,8146.0,Melee,1,1.0,inv_axe_02.jpg,166,False,154365.0,706743.0,1128739.0,244621.0
tmpfDPYH8C6vFAzh,21,The Twin Fangs,3421,WIPE,45.826,Spluss,P-8ed204ced1a06675,14,3847956.0,25.86,56.43,0.0,0.0,29702.0,23882.0,Caustic Globule,1290338,8.0,inv_ability_poison_orb.jpg,166,False,82021.0,5874.0,131843.0,14246.0
tmpfDPYH8C6vFAzh,21,The Twin Fangs,3421,WIPE,45.826,Lightbrood,P-d8fa4f1a84c7e14c,5,3849200.0,27.104,59.15,0.0,0.0,13025.0,9120.0,Deadly Venom,1297338,8.0,ability_creature_poison_06.jpg,,False,34646.0,14123.0,61794.0,0.0
tmpfDPYH8C6vFAzh,21,The Twin Fangs,3421,WIPE,45.826,Quetzalli,P-7bba87320072e411,7,3850100.0,28.004,61.11,0.0,0.0,21513.0,10018.0,Toxic Fumes,1294976,8.0,spell_deathvortex.jpg,,False,6961.0,24263.0,52737.0,0.0
tmpfDPYH8C6vFAzh,21,The Twin Fangs,3421,WIPE,45.826,Reignyskyes,P-4cb9858bc6378843,15,3854128.0,32.032,69.9,0.0,0.0,5707.0,15998.0,Toxic Fumes,1294976,8.0,spell_deathvortex.jpg,,False,39774.0,7256.0,52737.0,0.0
tmpfDPYH8C6vFAzh,21,The Twin Fangs,3421,WIPE,45.826,Benzd,P-a077801d1f846742,8,3854649.0,32.553,71.04,0.0,0.0,126358.0,12586.0,Stone Breaker,1289153,1.0,ability_smash.jpg,167,False,7965.0,41467.0,175790.0,0.0
tmpfDPYH8C6vFAzh,21,The Twin Fangs,3421,WIPE,45.826,Wolfcaza,P-2970caa91e8a550f,18,3854649.0,32.553,71.04,0.0,0.0,86139.0,14566.0,Stone Breaker,1289153,1.0,ability_smash.jpg,167,False,57910.0,31741.0,175790.0,0.0
tmpfDPYH8C6vFAzh,21,The Twin Fangs,3421,WIPE,45.826,Mydrood,P-71a55fed3a6d81f1,19,3855448.0,33.352,72.78,0.0,0.0,28250.0,15364.0,Deadly Venom,1297338,8.0,ability_creature_poison_06.jpg,,False,22065.0,11479.0,61794.0,0.0
tmpfDPYH8C6vFAzh,21,The Twin Fangs,3421,WIPE,45.826,Khaztharion,P-2109859b4c408483,11,3858047.0,35.951,78.45,0.0,0.0,18386.0,17966.0,Deadly Venom,1297338,8.0,ability_creature_poison_06.jpg,,False,32218.0,11190.0,61794.0,0.0
tmpfDPYH8C6vFAzh,21,The Twin Fangs,3421,WIPE,45.826,Sparklë,P-373c9381dbb42033,17,3858116.0,36.02,78.6,0.0,0.0,134873.0,18034.0,Stone Breaker,1289153,1.0,ability_smash.jpg,167,False,18537.0,22380.0,175790.0,0.0
tmpfDPYH8C6vFAzh,21,The Twin Fangs,3421,WIPE,45.826,Raginbull,P-697db713a2d497c5,4,3858680.0,36.584,79.83,0.0,0.0,32094.0,10726.0,Deadly Venom,1297338,8.0,ability_creature_poison_06.jpg,,False,26164.0,3536.0,61794.0,0.0
tmpfDPYH8C6vFAzh,21,The Twin Fangs,3421,WIPE,45.826,Demonvini,P-d7a10f6ccf5cf6da,16,3860123.0,38.027,82.98,0.0,0.0,20017.0,14928.0,Toxic Fumes,1294976,8.0,spell_deathvortex.jpg,,False,1259.0,31461.0,52737.0,0.0
tmpfDPYH8C6vFAzh,21,The Twin Fangs,3421,WIPE,45.826,Soliloquy,P-ace0c6b4dcb42bd6,1,3861123.0,39.027,85.16,0.0,0.0,43510.0,17856.0,Deadly Venom,1297338,8.0,ability_creature_poison_06.jpg,,False,7846.0,10438.0,61794.0,0.0
tmpfDPYH8C6vFAzh,21,The Twin Fangs,3421,WIPE,45.826,Shockabeotch,P-26d1d86078024e5b,6,3862087.0,39.991,87.27,0.0,0.0,27921.0,24005.0,Toxic Fumes,1294976,8.0,spell_deathvortex.jpg,,False,16866.0,7950.0,52737.0,0.0
tmpfDPYH8C6vFAzh,21,The Twin Fangs,3421,WIPE,45.826,Palkia,P-a5fe401220b6edea,131,3864155.0,42.059,91.78,0.0,0.0,854.0,22092.0,Deadly Venom,1297338,8.0,ability_creature_poison_06.jpg,,False,36298.0,24642.0,61794.0,0.0
tmpfDPYH8C6vFAzh,21,The Twin Fangs,3421,WIPE,45.826,Jüggernäut,P-be66c59d02e2496f,130,3867220.0,45.124,98.47,0.0,0.0,364890.0,23121.0,Clotted Bolt,1295115,32.0,inv_10_elementalcombinedfoozles_blood.jpg,167,False,131869.0,117247.0,614006.0,0.0
tmpfDPYH8C6vFAzh,22,The Twin Fangs,3421,KILL,453.141,Felphantomxx,P-421b6dd3909d6bc1,13,4115677.0,142.307,31.4,0.0,0.0,16135.0,11619.0,Coiling Ichor,1290878,32.0,ability_ironmaidens_whirlofblood.jpg,167,False,18999.0,26392.0,61526.0,0.0
tmpfDPYH8C6vFAzh,22,The Twin Fangs,3421,KILL,453.141,Sparklë,P-373c9381dbb42033,17,4147422.0,174.052,38.41,0.0,0.0,144332.0,10369.0,Vile Flood,1294605,8.0,ability_rogue_deviouspoisons.jpg,166,False,30133.0,45273.0,219738.0,0.0
tmpfDPYH8C6vFAzh,22,The Twin Fangs,3421,KILL,453.141,Raginbull,P-697db713a2d497c5,4,4205643.0,232.273,51.26,0.0,0.0,56279.0,16589.0,Eternal Venom,1303196,8.0,spell_nature_nullifypoison.jpg,166,False,580396.0,88941.0,726953.0,1337.0
tmpfDPYH8C6vFAzh,22,The Twin Fangs,3421,KILL,453.141,Wolfcaza,P-2970caa91e8a550f,18,4223943.0,250.573,55.3,0.0,0.0,16373.0,12558.0,Coiling Ichor,1290878,32.0,ability_ironmaidens_whirlofblood.jpg,167,False,30221.0,6542.0,53136.0,0.0
tmpfDPYH8C6vFAzh,22,The Twin Fangs,3421,KILL,453.141,Benzd,P-a077801d1f846742,8,4224010.0,250.64,55.31,0.0,0.0,8328.0,15028.0,Eternal Venom,1290480,8.0,spell_nature_nullifypoison.jpg,166,False,5559.0,3693.0,17580.0,0.0
tmpfDPYH8C6vFAzh,22,The Twin Fangs,3421,KILL,453.141,Khaztharion,P-2109859b4c408483,11,4400793.0,427.423,94.32,0.0,0.0,171759.0,9636.0,Corrosive Spit,1293295,8.0,spell_deathvortex.jpg,170,False,21872.0,48081.0,241712.0,0.0
tmpfDPYH8C6vFAzh,22,The Twin Fangs,3421,KILL,453.141,Lightbrood,P-d8fa4f1a84c7e14c,5,4405803.0,432.433,95.43,0.0,0.0,183598.0,14811.0,Eternal Venom,1303196,8.0,spell_nature_nullifypoison.jpg,170,False,353684.0,63685.0,600967.0,0.0
tmpfDPYH8C6vFAzh,27,The Coiled Altar,3429,WIPE,458.066,Chontosh,P-81cad9c290ac9716,9,4924957.0,61.137,13.35,0.0,0.0,136028.0,0.0,Sever,1299684,1.0,ability_criticalstrike.jpg,182,False,723232.0,897423.0,1756683.0,0.0
tmpfDPYH8C6vFAzh,27,The Coiled Altar,3429,WIPE,458.066,Soliloquy,P-ace0c6b4dcb42bd6,1,5003181.0,139.361,30.42,0.0,0.0,18488320.0,0.0,Gravebound,1297906,32.0,ability_demonhunter_shatteredsouls.jpg,187,False,766656.0,2718814.0,21973790.0,0.0
tmpfDPYH8C6vFAzh,27,The Coiled Altar,3429,WIPE,458.066,Mydrood,P-71a55fed3a6d81f1,19,5003185.0,139.365,30.42,0.0,0.0,17836096.0,0.0,Gravebound,1297906,32.0,ability_demonhunter_shatteredsouls.jpg,187,False,698280.0,3430491.0,21973790.0,8923.0
tmpfDPYH8C6vFAzh,27,The Coiled Altar,3429,WIPE,458.066,Quetzalli,P-7bba87320072e411,7,5156027.0,292.207,63.79,0.0,0.0,0.0,7781.0,,,,,,,,,,
tmpfDPYH8C6vFAzh,27,The Coiled Altar,3429,WIPE,458.066,Wolfcaza,P-2970caa91e8a550f,18,5161828.0,298.008,65.06,0.0,0.0,0.0,12262.0,,,,,,,,,,
tmpfDPYH8C6vFAzh,27,The Coiled Altar,3429,WIPE,458.066,Dshivà,P-c1f562d9a0fa7104,2,5168469.0,304.649,66.51,0.0,0.0,19523180.0,0.0,Gravebound,1297906,32.0,ability_demonhunter_shatteredsouls.jpg,187,False,864340.0,1586270.0,21973790.0,0.0
tmpfDPYH8C6vFAzh,27,The Coiled Altar,3429,WIPE,458.066,Demonvini,P-d7a10f6ccf5cf6da,16,5221734.0,357.914,78.14,0.0,0.0,0.0,3459.0,,,,,,,,,,
tmpfDPYH8C6vFAzh,27,The Coiled Altar,3429,WIPE,458.066,Shockabeotch,P-26d1d86078024e5b,6,5243068.0,379.248,82.79,0.0,0.0,0.0,7952.0,,,,,,,,,,
tmpfDPYH8C6vFAzh,27,The Coiled Altar,3429,WIPE,458.066,Soliloquy,P-ace0c6b4dcb42bd6,1,5243390.0,379.57,82.86,0.0,0.0,0.0,0.0,,,,,,,,,,
tmpfDPYH8C6vFAzh,27,The Coiled Altar,3429,WIPE,458.066,Raginbull,P-697db713a2d497c5,4,5260594.0,396.774,86.62,0.0,0.0,0.0,17154.0,,,,,,,,,,
tmpfDPYH8C6vFAzh,27,The Coiled Altar,3429,WIPE,458.066,Reignyskyes,P-4cb9858bc6378843,15,5283350.0,419.53,91.59,0.0,0.0,0.0,594.0,,,,,,,,,,
tmpfDPYH8C6vFAzh,27,The Coiled Altar,3429,WIPE,458.066,Spluss,P-8ed204ced1a06675,14,5283878.0,420.058,91.7,0.0,0.0,6729.0,12419.0,Coalesced Venom,1282408,8.0,inv_ability_poison_orb.jpg,182,False,604.0,643.0,8790.0,814.0
tmpfDPYH8C6vFAzh,27,The Coiled Altar,3429,WIPE,458.066,Shockabeotch,P-26d1d86078024e5b,6,5284798.0,420.978,91.9,0.0,0.0,5949.0,13210.0,Coalesced Venom,1282408,8.0,inv_ability_poison_orb.jpg,182,False,1631.0,1210.0,8790.0,0.0
tmpfDPYH8C6vFAzh,27,The Coiled Altar,3429,WIPE,458.066,Khaztharion,P-2109859b4c408483,11,5285948.0,422.128,92.15,0.0,0.0,30182.0,14466.0,Despair,1307009,32.0,spell_misc_emotionafraid.jpg,188,False,126051.0,19297.0,175530.0,0.0
tmpfDPYH8C6vFAzh,27,The Coiled Altar,3429,WIPE,458.066,Felphantomxx,P-421b6dd3909d6bc1,13,5285982.0,422.162,92.16,0.0,0.0,4227.0,14498.0,Coalesced Venom,1282408,8.0,inv_ability_poison_orb.jpg,182,False,2063.0,2500.0,8790.0,0.0
tmpfDPYH8C6vFAzh,27,The Coiled Altar,3429,WIPE,458.066,Maztajake,P-dc96b65209ad25d3,181,5288436.0,424.616,92.7,0.0,0.0,0.0,15444.0,,,,,,,,,,
tmpfDPYH8C6vFAzh,27,The Coiled Altar,3429,WIPE,458.066,Squalliiv,P-35a3ad6b0dfe25a8,3,5288457.0,424.637,92.7,0.0,0.0,3557634.0,0.0,Gravebound,1297906,32.0,ability_demonhunter_shatteredsouls.jpg,187,False,1155820.0,14074136.0,18787590.0,0.0
tmpfDPYH8C6vFAzh,27,The Coiled Altar,3429,WIPE,458.066,Lightbrood,P-d8fa4f1a84c7e14c,5,5289577.0,425.757,92.95,0.0,0.0,0.0,2799.0,,,,,,,,,,
tmpfDPYH8C6vFAzh,27,The Coiled Altar,3429,WIPE,458.066,Chontosh,P-81cad9c290ac9716,9,5290044.0,426.224,93.05,0.0,0.0,0.0,2471.0,,,,,,,,,,
tmpfDPYH8C6vFAzh,27,The Coiled Altar,3429,WIPE,458.066,Reignyskyes,P-4cb9858bc6378843,15,5306469.0,442.649,96.63,0.0,0.0,18865.0,15302.0,Venom Rupture,1299838,8.0,inv_ability_poison_nova.jpg,182,False,4287.0,5826.0,28978.0,0.0
tmpfDPYH8C6vFAzh,27,The Coiled Altar,3429,WIPE,458.066,Mârtirio,P-33f7de3f76a79e7e,10,5315501.0,451.681,98.61,0.0,0.0,583292.0,0.0,Eternal Nightfall,1286918,32.0,spell_shadow_twilight.jpg,187,False,520153.0,214982.0,1318427.0,0.0
tmpfDPYH8C6vFAzh,27,The Coiled Altar,3429,WIPE,458.066,Jüggernäut,P-be66c59d02e2496f,130,5321474.0,457.654,99.91,0.0,0.0,1168.0,12096.0,Eternal Nightfall,1286918,32.0,spell_shadow_twilight.jpg,187,False,93787.0,124783.0,219738.0,0.0
wqVm27KgQbYRd8pn,1,Rotmire,3159,WIPE,168.884,Dahlela,P-6361fdb34c226d87,15,498209.0,136.436,80.79,0.0,0.0,80301.0,368.0,Bursting Shroom,1221965,8.0,inv_misc_starspecklemushroom.jpg,70,False,171087.0,35756.0,287144.0,0.0
wqVm27KgQbYRd8pn,1,Rotmire,3159,WIPE,168.884,Dystrophee,P-14b92b7f6709320a,14,498211.0,136.438,80.79,0.0,0.0,104095.0,4377.0,Bursting Shroom,1221965,8.0,inv_misc_starspecklemushroom.jpg,70,False,36038.0,48265.0,287144.0,98746.0
wqVm27KgQbYRd8pn,1,Rotmire,3159,WIPE,168.884,Aurëus,P-f95b1f39aecd9371,9,498214.0,136.441,80.79,0.0,0.0,18250.0,4372.0,Bursting Shroom,1221965,8.0,inv_misc_starspecklemushroom.jpg,70,False,208711.0,45825.0,272786.0,0.0
wqVm27KgQbYRd8pn,1,Rotmire,3159,WIPE,168.884,Chontosh,P-81cad9c290ac9716,6,498220.0,136.447,80.79,0.0,0.0,45520.0,4368.0,Bursting Shroom,1221965,8.0,inv_misc_starspecklemushroom.jpg,70,False,201235.0,40389.0,287144.0,0.0
wqVm27KgQbYRd8pn,1,Rotmire,3159,WIPE,168.884,Soliloquy,P-ace0c6b4dcb42bd6,11,498242.0,136.469,80.81,0.0,0.0,25551.0,4373.0,Bursting Shroom,1221965,8.0,inv_misc_starspecklemushroom.jpg,70,False,226371.0,35222.0,287144.0,0.0
wqVm27KgQbYRd8pn,1,Rotmire,3159,WIPE,168.884,Averlis,P-77b140a1e9d7fba2,12,498244.0,136.471,80.81,0.0,0.0,81679.0,4353.0,Bursting Shroom,1221965,8.0,inv_misc_starspecklemushroom.jpg,70,False,159025.0,46440.0,287144.0,0.0
wqVm27KgQbYRd8pn,1,Rotmire,3159,WIPE,168.884,Whilton,P-04eb4efde7a37b62,10,498247.0,136.474,80.81,0.0,0.0,55390.0,364.0,Bursting Shroom,1221965,8.0,inv_misc_starspecklemushroom.jpg,70,False,191213.0,40541.0,287144.0,0.0
wqVm27KgQbYRd8pn,1,Rotmire,3159,WIPE,168.884,Primeval,P-d2cfbf0e9385c81d,3,498249.0,136.476,80.81,0.0,0.0,153723.0,369.0,Bursting Shroom,1221965,8.0,inv_misc_starspecklemushroom.jpg,70,False,63767.0,69654.0,287144.0,0.0
wqVm27KgQbYRd8pn,1,Rotmire,3159,WIPE,168.884,Sinfxl,P-59860c89738c2525,19,498251.0,136.478,80.81,0.0,0.0,137694.0,4378.0,Bursting Shroom,1221965,8.0,inv_misc_starspecklemushroom.jpg,70,False,92755.0,56695.0,287144.0,0.0
wqVm27KgQbYRd8pn,1,Rotmire,3159,WIPE,168.884,Maztademon,P-cfa3eaa57c7f3b2f,20,498254.0,136.481,80.81,0.0,0.0,126451.0,4379.0,Bursting Shroom,1221965,8.0,inv_misc_starspecklemushroom.jpg,70,False,20544.0,140149.0,287144.0,0.0
wqVm27KgQbYRd8pn,1,Rotmire,3159,WIPE,168.884,Ilidank,P-4b25ba747f972b89,7,512993.0,151.22,89.54,0.0,0.0,45379.0,15159.0,Writhing Vines,1222129,8.0,inv_misc_herb_nightmarevine_stem.jpg,28,False,30034.0,20302.0,95715.0,0.0
wqVm27KgQbYRd8pn,1,Rotmire,3159,WIPE,168.884,Meowrawrxo,P-cae9f2bae0773bc9,8,514838.0,153.065,90.63,0.0,0.0,15763.0,17002.0,Rotting Pustules,1222284,8.0,ability_creature_poison_06.jpg,28,False,72.0,2549.0,18384.0,0.0
wqVm27KgQbYRd8pn,1,Rotmire,3159,WIPE,168.884,Decayed,P-584cf7139227dcac,1,523061.0,161.288,95.5,0.0,0.0,0.0,15235.0,Writhing Vines,1222129,8.0,inv_misc_herb_nightmarevine_stem.jpg,28,False,0.0,25443.0,95715.0,70272.0
wqVm27KgQbYRd8pn,1,Rotmire,3159,WIPE,168.884,Tavendar,P-dd48d38ee5e5c55c,2,526837.0,165.064,97.74,0.0,0.0,6318.0,24017.0,Rotting Pustules,1222284,8.0,ability_creature_poison_06.jpg,28,False,7383.0,4683.0,18384.0,0.0
wqVm27KgQbYRd8pn,1,Rotmire,3159,WIPE,168.884,Mannarchy,P-074ea59fb89e97f7,4,530077.0,168.304,99.66,0.0,0.0,18180.0,32239.0,Bursting Pustules,1222278,8.0,inv_misc_herb_zoanthid.jpg,28,False,4798.0,34642.0,57620.0,0.0
wqVm27KgQbYRd8pn,1,Rotmire,3159,WIPE,168.884,Siare,P-386d8566043e1cef,21,530079.0,168.306,99.66,0.0,0.0,14681.0,36248.0,Bursting Pustules,1222278,8.0,inv_misc_herb_zoanthid.jpg,28,False,32593.0,5094.0,57620.0,5252.0
wqVm27KgQbYRd8pn,3,Rotmire,3159,KILL,378.487,Maztademon,P-cfa3eaa57c7f3b2f,20,855092.0,236.096,62.38,0.0,0.0,54169.0,6987.0,Festering Vines,1222122,8.0,ability_creature_poison_04.jpg,28,False,2480.0,46244.0,102893.0,0.0
wqVm27KgQbYRd8pn,6,Midnight Falls,3183,WIPE,393.381,Mannarchy,P-074ea59fb89e97f7,4,1833296.0,142.627,36.26,0.0,0.0,146806.0,1018.0,Heaven's Lance,1253878,106.0,inv_chest_armor_voidelf_d_01.jpg,305,False,4069.0,0.0,83892.0,0.0
wqVm27KgQbYRd8pn,6,Midnight Falls,3183,WIPE,393.381,Mannarchy,P-074ea59fb89e97f7,4,1958193.0,267.524,68.01,0.0,0.0,11079.0,764.0,Heaven's Lance,1253878,106.0,inv_chest_armor_voidelf_d_01.jpg,305,False,121259.0,0.0,83892.0,0.0
wqVm27KgQbYRd8pn,6,Midnight Falls,3183,WIPE,393.381,Sinfxl,P-59860c89738c2525,19,2048846.0,358.177,91.05,0.0,0.0,198224.0,0.0,Black Tide,1263255,106.0,inv_cosmicvoid_wave.jpg,305,False,386449.0,121790.0,706463.0,0.0
wqVm27KgQbYRd8pn,6,Midnight Falls,3183,WIPE,393.381,Siare,P-386d8566043e1cef,21,2048847.0,358.178,91.05,0.0,0.0,163567.0,0.0,Black Tide,1263255,106.0,inv_cosmicvoid_wave.jpg,305,False,413154.0,65662.0,706463.0,64080.0
wqVm27KgQbYRd8pn,6,Midnight Falls,3183,WIPE,393.381,Maztajake,P-dc96b65209ad25d3,304,2048848.0,358.179,91.05,0.0,0.0,252776.0,0.0,Black Tide,1263255,106.0,inv_cosmicvoid_wave.jpg,305,False,377245.0,76442.0,706463.0,0.0
wqVm27KgQbYRd8pn,6,Midnight Falls,3183,WIPE,393.381,Aurëus,P-f95b1f39aecd9371,9,2056848.0,366.179,93.09,0.0,0.0,76736.0,0.0,Dark Constellation,1266584,106.0,inv_12_dh_void_ability_starfragments.jpg,305,False,504985.0,117383.0,699104.0,0.0
wqVm27KgQbYRd8pn,6,Midnight Falls,3183,WIPE,393.381,Whilton,P-04eb4efde7a37b62,10,2074374.0,383.705,97.54,0.0,0.0,78677.0,0.0,Stellar Implosion,1266903,106.0,inv_12_voiddh_ability_voidnova.jpg,305,False,426977.0,83066.0,588720.0,0.0
wqVm27KgQbYRd8pn,6,Midnight Falls,3183,WIPE,393.381,Tavendar,P-dd48d38ee5e5c55c,2,2074376.0,383.707,97.54,0.0,0.0,80519.0,0.0,Stellar Implosion,1266903,106.0,inv_12_voiddh_ability_voidnova.jpg,305,False,423149.0,85052.0,588720.0,0.0
wqVm27KgQbYRd8pn,6,Midnight Falls,3183,WIPE,393.381,Chontosh,P-81cad9c290ac9716,6,2074385.0,383.716,97.54,0.0,0.0,27705.0,2480.0,Stellar Implosion,1266903,106.0,inv_12_voiddh_ability_voidnova.jpg,305,False,448154.0,112861.0,588720.0,0.0
wqVm27KgQbYRd8pn,6,Midnight Falls,3183,WIPE,393.381,Averlis,P-77b140a1e9d7fba2,12,2074406.0,383.737,97.55,0.0,0.0,70514.0,0.0,Stellar Implosion,1266903,106.0,inv_12_voiddh_ability_voidnova.jpg,305,False,418008.0,100198.0,588720.0,0.0
wqVm27KgQbYRd8pn,6,Midnight Falls,3183,WIPE,393.381,Dahlela,P-6361fdb34c226d87,15,2074407.0,383.738,97.55,0.0,0.0,71691.0,0.0,Stellar Implosion,1266903,106.0,inv_12_voiddh_ability_voidnova.jpg,305,False,443720.0,73309.0,588720.0,0.0
wqVm27KgQbYRd8pn,6,Midnight Falls,3183,WIPE,393.381,Soliloquy,P-ace0c6b4dcb42bd6,11,2074408.0,383.739,97.55,0.0,0.0,4979.0,0.0,Stellar Implosion,1266903,106.0,inv_12_voiddh_ability_voidnova.jpg,305,False,436681.0,147060.0,588720.0,0.0
wqVm27KgQbYRd8pn,6,Midnight Falls,3183,WIPE,393.381,Primeval,P-d2cfbf0e9385c81d,3,2080815.0,390.146,99.18,0.0,0.0,15020729.0,0.0,The Dark Archangel,1251080,106.0,ability_priest_darkarchangel.jpg,305,False,431700.0,5152753.0,20605182.0,0.0
wqVm27KgQbYRd8pn,6,Midnight Falls,3183,WIPE,393.381,Ilidank,P-4b25ba747f972b89,7,2080816.0,390.147,99.18,0.0,0.0,10179194.0,0.0,The Dark Archangel,1251080,106.0,ability_priest_darkarchangel.jpg,305,False,419290.0,10006698.0,20605182.0,0.0
wqVm27KgQbYRd8pn,6,Midnight Falls,3183,WIPE,393.381,Dystrophee,P-14b92b7f6709320a,14,2080817.0,390.148,99.18,0.0,0.0,6296988.0,0.0,The Dark Archangel,1251080,106.0,ability_priest_darkarchangel.jpg,305,False,512434.0,7195646.0,17479788.0,3474720.0
wqVm27KgQbYRd8pn,6,Midnight Falls,3183,WIPE,393.381,Mannarchy,P-074ea59fb89e97f7,4,2080818.0,390.149,99.18,0.0,0.0,11814053.0,0.0,The Dark Archangel,1251080,106.0,ability_priest_darkarchangel.jpg,305,False,547585.0,6994003.0,19574922.0,219281.0
wqVm27KgQbYRd8pn,6,Midnight Falls,3183,WIPE,393.381,Meowrawrxo,P-cae9f2bae0773bc9,8,2080820.0,390.151,99.18,0.0,0.0,12117342.0,0.0,The Dark Archangel,1251080,106.0,ability_priest_darkarchangel.jpg,305,False,434135.0,8053705.0,20605182.0,0.0
wqVm27KgQbYRd8pn,6,Midnight Falls,3183,WIPE,393.381,Decayed,P-584cf7139227dcac,1,2083779.0,393.11,99.93,0.0,0.0,0.0,9459.0,The Dark Archangel,1251080,106.0,ability_priest_darkarchangel.jpg,,,,,,
wqVm27KgQbYRd8pn,7,Midnight Falls,3183,WIPE,401.731,Whilton,P-04eb4efde7a37b62,10,2599732.0,321.09,79.93,0.0,0.0,21632.0,6951.0,Core Harvest,1282425,106.0,inv_112_raiddimensius_crushinggravity.jpg,305,False,4146.0,9545.0,35323.0,0.0
wqVm27KgQbYRd8pn,7,Midnight Falls,3183,WIPE,401.731,Meowrawrxo,P-cae9f2bae0773bc9,8,2599733.0,321.091,79.93,0.0,0.0,17976.0,4963.0,Core Harvest,1282425,106.0,inv_112_raiddimensius_crushinggravity.jpg,305,False,8305.0,9042.0,35323.0,0.0
wqVm27KgQbYRd8pn,7,Midnight Falls,3183,WIPE,401.731,Maztajake,P-dc96b65209ad25d3,304,2630849.0,352.207,87.67,0.0,0.0,16502897.0,0.0,The Dark Archangel,1251080,106.0,ability_priest_darkarchangel.jpg,305,False,471749.0,3630536.0,20605182.0,0.0
wqVm27KgQbYRd8pn,7,Midnight Falls,3183,WIPE,401.731,Mannarchy,P-074ea59fb89e97f7,4,2654060.0,375.418,93.45,0.0,0.0,99249.0,1368.0,Heaven's Lance,1253878,106.0,inv_chest_armor_voidelf_d_01.jpg,305,False,177722.0,0.0,88308.0,0.0
wqVm27KgQbYRd8pn,7,Midnight Falls,3183,WIPE,401.731,Maztajake,P-dc96b65209ad25d3,304,2660264.0,381.622,94.99,0.0,0.0,8760.0,5528.0,Midnight,1263514,32.0,ability_demonhunter_darkness.jpg,305,False,157514.0,45664.0,211938.0,0.0
wqVm27KgQbYRd8pn,7,Midnight Falls,3183,WIPE,401.731,Ilidank,P-4b25ba747f972b89,7,2674310.0,395.668,98.49,0.0,0.0,46180.0,5579.0,Midnight,1263514,32.0,ability_demonhunter_darkness.jpg,305,False,103220.0,62538.0,211938.0,0.0
wqVm27KgQbYRd8pn,7,Midnight Falls,3183,WIPE,401.731,Aurëus,P-f95b1f39aecd9371,9,2674312.0,395.67,98.49,0.0,0.0,17280.0,5577.0,Midnight,1263514,32.0,ability_demonhunter_darkness.jpg,305,False,138528.0,45533.0,201341.0,0.0
wqVm27KgQbYRd8pn,7,Midnight Falls,3183,WIPE,401.731,Siare,P-386d8566043e1cef,21,2674312.0,395.67,98.49,0.0,0.0,73882.0,5580.0,Midnight,1263514,32.0,ability_demonhunter_darkness.jpg,305,False,98241.0,20691.0,211938.0,19124.0
wqVm27KgQbYRd8pn,7,Midnight Falls,3183,WIPE,401.731,Averlis,P-77b140a1e9d7fba2,12,2674317.0,395.675,98.49,0.0,0.0,12485.0,5617.0,Midnight,1263514,32.0,ability_demonhunter_darkness.jpg,305,False,166779.0,32674.0,211938.0,0.0
wqVm27KgQbYRd8pn,7,Midnight Falls,3183,WIPE,401.731,Dahlela,P-6361fdb34c226d87,15,2674318.0,395.676,98.49,0.0,0.0,57538.0,5578.0,Midnight,1263514,32.0,ability_demonhunter_darkness.jpg,305,False,124298.0,30102.0,211938.0,0.0
wqVm27KgQbYRd8pn,7,Midnight Falls,3183,WIPE,401.731,Meowrawrxo,P-cae9f2bae0773bc9,8,2674318.0,395.676,98.49,0.0,0.0,45999.0,3574.0,Midnight,1263514,32.0,ability_demonhunter_darkness.jpg,305,False,140450.0,25489.0,211938.0,0.0
wqVm27KgQbYRd8pn,7,Midnight Falls,3183,WIPE,401.731,Soliloquy,P-ace0c6b4dcb42bd6,11,2674319.0,395.677,98.49,0.0,0.0,69838.0,3574.0,Midnight,1263514,32.0,ability_demonhunter_darkness.jpg,305,False,8583.0,25977.0,211938.0,107540.0
wqVm27KgQbYRd8pn,7,Midnight Falls,3183,WIPE,401.731,Primeval,P-d2cfbf0e9385c81d,3,2674800.0,396.158,98.61,0.0,0.0,169824.0,6106.0,Black Tide,1263255,106.0,inv_cosmicvoid_wave.jpg,305,False,185433.0,351206.0,706463.0,0.0
wqVm27KgQbYRd8pn,7,Midnight Falls,3183,WIPE,401.731,Tavendar,P-dd48d38ee5e5c55c,2,2674801.0,396.159,98.61,0.0,0.0,383993.0,3947.0,Black Tide,1263255,106.0,inv_cosmicvoid_wave.jpg,305,False,18042.0,203906.0,706463.0,100522.0
wqVm27KgQbYRd8pn,7,Midnight Falls,3183,WIPE,401.731,Dystrophee,P-14b92b7f6709320a,14,2674804.0,396.162,98.61,0.0,0.0,127109.0,6101.0,Black Tide,1263255,106.0,inv_cosmicvoid_wave.jpg,305,False,101980.0,248321.0,681030.0,203620.0
wqVm27KgQbYRd8pn,7,Midnight Falls,3183,WIPE,401.731,Chontosh,P-81cad9c290ac9716,6,2674807.0,396.165,98.61,0.0,0.0,519355.0,0.0,Black Tide,1263255,106.0,inv_cosmicvoid_wave.jpg,305,False,93921.0,93187.0,706463.0,0.0
wqVm27KgQbYRd8pn,7,Midnight Falls,3183,WIPE,401.731,Sinfxl,P-59860c89738c2525,19,2674821.0,396.179,98.62,0.0,0.0,32198.0,4957.0,Black Tide,1263255,106.0,inv_cosmicvoid_wave.jpg,305,False,141559.0,525522.0,706463.0,7184.0
wqVm27KgQbYRd8pn,7,Midnight Falls,3183,WIPE,401.731,Decayed,P-584cf7139227dcac,1,2680218.0,401.576,99.96,0.0,0.0,59019.0,11509.0,Midnight,1263514,32.0,ability_demonhunter_darkness.jpg,305,False,103708.0,173527.0,423876.0,87622.0
wqVm27KgQbYRd8pn,8,Midnight Falls,3183,KILL,376.215,Chontosh,P-81cad9c290ac9716,6,3069782.0,219.593,58.37,0.0,0.0,100365.0,0.0,Starsplinter,1279581,106.0,inv_12_profession_enchanting_spellboundshatterer.jpg,305,False,398931.0,30552.0,529848.0,0.0
wqVm27KgQbYRd8pn,8,Midnight Falls,3183,KILL,376.215,Dahlela,P-6361fdb34c226d87,15,3224851.0,374.662,99.59,0.0,0.0,98100.0,5455.0,Midnight,1263514,32.0,ability_demonhunter_darkness.jpg,305,False,72881.0,35669.0,211938.0,5288.0
wqVm27KgQbYRd8pn,13,Rotmire,3159,WIPE,71.451,Mannarchy,P-074ea59fb89e97f7,4,4150696.0,38.043,53.24,0.0,0.0,157750.0,0.0,Putrid Fist,1221781,1.0,inv_misc_herb_ancientlichen.jpg,28,False,651642.0,1134633.0,1981484.0,37459.0
wqVm27KgQbYRd8pn,13,Rotmire,3159,WIPE,71.451,Soliloquy,P-ace0c6b4dcb42bd6,11,4165789.0,53.136,74.37,0.0,0.0,103330.0,9124.0,Writhing Vines,1222129,8.0,inv_misc_herb_nightmarevine_stem.jpg,28,False,42648.0,27402.0,173380.0,0.0
wqVm27KgQbYRd8pn,13,Rotmire,3159,WIPE,71.451,Meowrawrxo,P-cae9f2bae0773bc9,8,4179665.0,67.012,93.79,0.0,0.0,1087236.0,0.0,Bursting Doom Shroom,1222495,8.0,inv_misc_herb_bloodcup.jpg,634,False,477070.0,417178.0,1981484.0,0.0
wqVm27KgQbYRd8pn,13,Rotmire,3159,WIPE,71.451,Whilton,P-04eb4efde7a37b62,10,4179666.0,67.013,93.79,0.0,0.0,1112471.0,0.0,Bursting Doom Shroom,1222495,8.0,inv_misc_herb_bloodcup.jpg,634,False,447282.0,421731.0,1981484.0,0.0
wqVm27KgQbYRd8pn,13,Rotmire,3159,WIPE,71.451,Averlis,P-77b140a1e9d7fba2,12,4179667.0,67.014,93.79,0.0,0.0,960572.0,0.0,Bursting Doom Shroom,1222495,8.0,inv_misc_herb_bloodcup.jpg,634,False,455918.0,564994.0,1981484.0,0.0
wqVm27KgQbYRd8pn,13,Rotmire,3159,WIPE,71.451,Primeval,P-d2cfbf0e9385c81d,3,4179668.0,67.015,93.79,0.0,0.0,846981.0,0.0,Bursting Doom Shroom,1222495,8.0,inv_misc_herb_bloodcup.jpg,634,False,528631.0,605872.0,1981484.0,0.0
wqVm27KgQbYRd8pn,13,Rotmire,3159,WIPE,71.451,Maztajake,P-dc96b65209ad25d3,304,4179669.0,67.016,93.79,0.0,0.0,933335.0,0.0,Bursting Doom Shroom,1222495,8.0,inv_misc_herb_bloodcup.jpg,634,False,459451.0,588698.0,1981484.0,0.0
wqVm27KgQbYRd8pn,13,Rotmire,3159,WIPE,71.451,Lìllith,P-093da9358d901c39,600,4179670.0,67.017,93.79,0.0,0.0,976756.0,0.0,Bursting Doom Shroom,1222495,8.0,inv_misc_herb_bloodcup.jpg,634,False,449375.0,396895.0,1981484.0,158458.0
wqVm27KgQbYRd8pn,13,Rotmire,3159,WIPE,71.451,Sinfxl,P-59860c89738c2525,19,4179671.0,67.018,93.8,0.0,0.0,1079112.0,0.0,Bursting Doom Shroom,1222495,8.0,inv_misc_herb_bloodcup.jpg,634,False,431600.0,446698.0,1981484.0,24074.0
wqVm27KgQbYRd8pn,13,Rotmire,3159,WIPE,71.451,Dystrophee,P-14b92b7f6709320a,14,4179672.0,67.019,93.8,0.0,0.0,490304.0,0.0,Bursting Doom Shroom,1222495,8.0,inv_misc_herb_bloodcup.jpg,634,False,491276.0,464938.0,1957706.0,511188.0
wqVm27KgQbYRd8pn,13,Rotmire,3159,WIPE,71.451,Chontosh,P-81cad9c290ac9716,6,4179674.0,67.021,93.8,0.0,0.0,795788.0,0.0,Bursting Doom Shroom,1222495,8.0,inv_misc_herb_bloodcup.jpg,634,False,452777.0,732919.0,1981484.0,0.0
wqVm27KgQbYRd8pn,13,Rotmire,3159,WIPE,71.451,Aurëus,P-f95b1f39aecd9371,9,4179687.0,67.034,93.82,0.0,0.0,949575.0,0.0,Bursting Doom Shroom,1222495,8.0,inv_misc_herb_bloodcup.jpg,634,False,500440.0,432394.0,1882409.0,0.0
wqVm27KgQbYRd8pn,13,Rotmire,3159,WIPE,71.451,Ilidank,P-4b25ba747f972b89,7,4179688.0,67.035,93.82,0.0,0.0,735824.0,0.0,Bursting Doom Shroom,1222495,8.0,inv_misc_herb_bloodcup.jpg,634,False,478266.0,767394.0,1981484.0,0.0
wqVm27KgQbYRd8pn,13,Rotmire,3159,WIPE,71.451,Tavendar,P-dd48d38ee5e5c55c,2,4179688.0,67.035,93.82,0.0,0.0,979654.0,0.0,Bursting Doom Shroom,1222495,8.0,inv_misc_herb_bloodcup.jpg,634,False,454806.0,447949.0,1882409.0,0.0
wqVm27KgQbYRd8pn,13,Rotmire,3159,WIPE,71.451,Siare,P-386d8566043e1cef,21,4179689.0,67.036,93.82,0.0,0.0,958210.0,0.0,Bursting Doom Shroom,1222495,8.0,inv_misc_herb_bloodcup.jpg,634,False,515788.0,342796.0,1981484.0,164690.0
wqVm27KgQbYRd8pn,13,Rotmire,3159,WIPE,71.451,Mannarchy,P-074ea59fb89e97f7,4,4179690.0,67.037,93.82,0.0,0.0,108877.0,0.0,Bursting Doom Shroom,1222495,8.0,inv_misc_herb_bloodcup.jpg,634,False,690363.0,1182244.0,1981484.0,0.0
wqVm27KgQbYRd8pn,13,Rotmire,3159,WIPE,71.451,Decayed,P-584cf7139227dcac,1,4183652.0,70.999,99.37,0.0,0.0,3775.0,4004.0,Bursting Doom Shroom,1222495,8.0,inv_misc_herb_bloodcup.jpg,634,False,92637.0,49822.0,198148.0,51914.0
wqVm27KgQbYRd8pn,14,Rotmire,3159,WIPE,62.185,Meowrawrxo,P-cae9f2bae0773bc9,8,4391246.0,53.953,86.76,0.0,0.0,1221056.0,0.0,Bursting Doom Shroom,1222495,8.0,inv_misc_herb_bloodcup.jpg,634,False,503236.0,257192.0,1981484.0,0.0
wqVm27KgQbYRd8pn,14,Rotmire,3159,WIPE,62.185,Whilton,P-04eb4efde7a37b62,10,4391247.0,53.954,86.76,0.0,0.0,1273726.0,0.0,Bursting Doom Shroom,1222495,8.0,inv_misc_herb_bloodcup.jpg,634,False,445547.0,262211.0,1981484.0,0.0
wqVm27KgQbYRd8pn,14,Rotmire,3159,WIPE,62.185,Averlis,P-77b140a1e9d7fba2,12,4391248.0,53.955,86.77,0.0,0.0,1145329.0,0.0,Bursting Doom Shroom,1222495,8.0,inv_misc_herb_bloodcup.jpg,634,False,480080.0,353686.0,1981484.0,2389.0
wqVm27KgQbYRd8pn,14,Rotmire,3159,WIPE,62.185,Primeval,P-d2cfbf0e9385c81d,3,4391249.0,53.956,86.77,0.0,0.0,1061398.0,0.0,Bursting Doom Shroom,1222495,8.0,inv_misc_herb_bloodcup.jpg,634,False,424575.0,495511.0,1981484.0,0.0
wqVm27KgQbYRd8pn,14,Rotmire,3159,WIPE,62.185,Lìllith,P-093da9358d901c39,600,4391251.0,53.958,86.77,0.0,0.0,1049760.0,0.0,Bursting Doom Shroom,1222495,8.0,inv_misc_herb_bloodcup.jpg,634,False,520222.0,234835.0,1981484.0,176667.0
wqVm27KgQbYRd8pn,14,Rotmire,3159,WIPE,62.185,Maztajake,P-dc96b65209ad25d3,304,4391251.0,53.958,86.77,0.0,0.0,1148825.0,0.0,Bursting Doom Shroom,1222495,8.0,inv_misc_herb_bloodcup.jpg,634,False,467207.0,365452.0,1981484.0,0.0
wqVm27KgQbYRd8pn,14,Rotmire,3159,WIPE,62.185,Dystrophee,P-14b92b7f6709320a,14,4391252.0,53.959,86.77,0.0,0.0,280839.0,0.0,Bursting Doom Shroom,1222495,8.0,inv_misc_herb_bloodcup.jpg,634,False,505086.0,805900.0,1957706.0,365881.0
wqVm27KgQbYRd8pn,14,Rotmire,3159,WIPE,62.185,Sinfxl,P-59860c89738c2525,19,4391252.0,53.959,86.77,0.0,0.0,1337311.0,0.0,Bursting Doom Shroom,1222495,8.0,inv_misc_herb_bloodcup.jpg,634,False,320608.0,323565.0,1981484.0,0.0
wqVm27KgQbYRd8pn,14,Rotmire,3159,WIPE,62.185,Chontosh,P-81cad9c290ac9716,6,4391255.0,53.962,86.78,0.0,0.0,782492.0,0.0,Bursting Doom Shroom,1222495,8.0,inv_misc_herb_bloodcup.jpg,634,False,485320.0,396720.0,1981484.0,316952.0
wqVm27KgQbYRd8pn,14,Rotmire,3159,WIPE,62.185,Aurëus,P-f95b1f39aecd9371,9,4391268.0,53.975,86.8,0.0,0.0,1093635.0,0.0,Bursting Doom Shroom,1222495,8.0,inv_misc_herb_bloodcup.jpg,634,False,504677.0,284097.0,1882409.0,0.0
wqVm27KgQbYRd8pn,14,Rotmire,3159,WIPE,62.185,Ilidank,P-4b25ba747f972b89,7,4391272.0,53.979,86.8,0.0,0.0,813419.0,0.0,Bursting Doom Shroom,1222495,8.0,inv_misc_herb_bloodcup.jpg,634,False,498073.0,669992.0,1981484.0,0.0
wqVm27KgQbYRd8pn,14,Rotmire,3159,WIPE,62.185,Soliloquy,P-ace0c6b4dcb42bd6,11,4391273.0,53.98,86.81,0.0,0.0,728880.0,0.0,Bursting Doom Shroom,1222495,8.0,inv_misc_herb_bloodcup.jpg,634,False,438942.0,813662.0,1981484.0,0.0
wqVm27KgQbYRd8pn,14,Rotmire,3159,WIPE,62.185,Mannarchy,P-074ea59fb89e97f7,4,4391274.0,53.981,86.81,0.0,0.0,819732.0,0.0,Bursting Doom Shroom,1222495,8.0,inv_misc_herb_bloodcup.jpg,634,False,393284.0,768468.0,1981484.0,0.0
wqVm27KgQbYRd8pn,14,Rotmire,3159,WIPE,62.185,Siare,P-386d8566043e1cef,21,4391274.0,53.981,86.81,0.0,0.0,1053548.0,0.0,Bursting Doom Shroom,1222495,8.0,inv_misc_herb_bloodcup.jpg,634,False,487606.0,265516.0,1981484.0,174814.0
wqVm27KgQbYRd8pn,14,Rotmire,3159,WIPE,62.185,Decayed,P-584cf7139227dcac,1,4394106.0,56.813,91.36,0.0,0.0,0.0,3114.0,Bursting Doom Shroom,1222495,8.0,inv_misc_herb_bloodcup.jpg,634,False,0.0,74666.0,198148.0,123482.0
wqVm27KgQbYRd8pn,14,Rotmire,3159,WIPE,62.185,Tavendar,P-dd48d38ee5e5c55c,2,4399326.0,62.033,99.76,0.0,0.0,799926.0,0.0,Putrid Fist,1221781,1.0,inv_misc_herb_ancientlichen.jpg,28,False,381706.0,700777.0,1882409.0,0.0
wqVm27KgQbYRd8pn,15,Rotmire,3159,WIPE,170.35,Meowrawrxo,P-cae9f2bae0773bc9,8,4604993.0,136.478,80.12,0.0,0.0,171662.0,6.0,Bursting Shroom,1221965,8.0,inv_misc_starspecklemushroom.jpg,70,False,166299.0,58336.0,396297.0,0.0
wqVm27KgQbYRd8pn,15,Rotmire,3159,WIPE,170.35,Whilton,P-04eb4efde7a37b62,10,4604994.0,136.479,80.12,0.0,0.0,3517.0,50.0,Bursting Shroom,1221965,8.0,inv_misc_starspecklemushroom.jpg,70,False,237181.0,155599.0,396297.0,0.0
wqVm27KgQbYRd8pn,15,Rotmire,3159,WIPE,170.35,Averlis,P-77b140a1e9d7fba2,12,4604995.0,136.48,80.12,0.0,0.0,263371.0,18429.0,Bursting Shroom,1221965,8.0,inv_misc_starspecklemushroom.jpg,70,False,62189.0,70737.0,396297.0,0.0
wqVm27KgQbYRd8pn,15,Rotmire,3159,WIPE,170.35,Primeval,P-d2cfbf0e9385c81d,3,4604996.0,136.481,80.12,0.0,0.0,36687.0,9376.0,Bursting Shroom,1221965,8.0,inv_misc_starspecklemushroom.jpg,70,False,205921.0,153689.0,396297.0,0.0
wqVm27KgQbYRd8pn,15,Rotmire,3159,WIPE,170.35,Maztajake,P-dc96b65209ad25d3,304,4604997.0,136.482,80.12,0.0,0.0,118440.0,27423.0,Bursting Shroom,1221965,8.0,inv_misc_starspecklemushroom.jpg,70,False,51696.0,226161.0,396297.0,0.0
wqVm27KgQbYRd8pn,15,Rotmire,3159,WIPE,170.35,Lìllith,P-093da9358d901c39,600,4604998.0,136.483,80.12,0.0,0.0,66514.0,11381.0,Bursting Shroom,1221965,8.0,inv_misc_starspecklemushroom.jpg,70,False,242730.0,52693.0,396297.0,34360.0
wqVm27KgQbYRd8pn,15,Rotmire,3159,WIPE,170.35,Sinfxl,P-59860c89738c2525,19,4604998.0,136.483,80.12,0.0,0.0,123628.0,28390.0,Bursting Shroom,1221965,8.0,inv_misc_starspecklemushroom.jpg,70,False,113256.0,159413.0,396297.0,0.0
wqVm27KgQbYRd8pn,15,Rotmire,3159,WIPE,170.35,Dystrophee,P-14b92b7f6709320a,14,4604999.0,136.484,80.12,0.0,0.0,87469.0,38434.0,Bursting Shroom,1221965,8.0,inv_misc_starspecklemushroom.jpg,70,False,74981.0,89459.0,396297.0,144388.0
wqVm27KgQbYRd8pn,15,Rotmire,3159,WIPE,170.35,Chontosh,P-81cad9c290ac9716,6,4605002.0,136.487,80.12,0.0,0.0,95875.0,1376.0,Bursting Shroom,1221965,8.0,inv_misc_starspecklemushroom.jpg,70,False,179377.0,121045.0,396297.0,0.0
wqVm27KgQbYRd8pn,15,Rotmire,3159,WIPE,170.35,Aurëus,P-f95b1f39aecd9371,9,4605021.0,136.506,80.13,0.0,0.0,45897.0,8350.0,Bursting Shroom,1221965,8.0,inv_misc_starspecklemushroom.jpg,70,False,267372.0,83028.0,396297.0,0.0
wqVm27KgQbYRd8pn,15,Rotmire,3159,WIPE,170.35,Ilidank,P-4b25ba747f972b89,7,4605027.0,136.512,80.14,0.0,0.0,46078.0,1424.0,Bursting Shroom,1221965,8.0,inv_misc_starspecklemushroom.jpg,70,False,118726.0,231493.0,396297.0,0.0
wqVm27KgQbYRd8pn,15,Rotmire,3159,WIPE,170.35,Soliloquy,P-ace0c6b4dcb42bd6,11,4605028.0,136.513,80.14,0.0,0.0,14438.0,1422.0,Bursting Shroom,1221965,8.0,inv_misc_starspecklemushroom.jpg,70,False,119028.0,262831.0,396297.0,0.0
wqVm27KgQbYRd8pn,15,Rotmire,3159,WIPE,170.35,Siare,P-386d8566043e1cef,21,4605030.0,136.515,80.14,0.0,0.0,121862.0,2399.0,Bursting Shroom,1221965,8.0,inv_misc_starspecklemushroom.jpg,70,False,34201.0,222894.0,396297.0,17340.0
wqVm27KgQbYRd8pn,15,Rotmire,3159,WIPE,170.35,Mannarchy,P-074ea59fb89e97f7,4,4605031.0,136.516,80.14,0.0,0.0,90944.0,53.0,Bursting Shroom,1221965,8.0,inv_misc_starspecklemushroom.jpg,70,False,111670.0,173868.0,376482.0,0.0
wqVm27KgQbYRd8pn,15,Rotmire,3159,WIPE,170.35,Tavendar,P-dd48d38ee5e5c55c,2,4636040.0,167.525,98.34,0.0,0.0,228043.0,43459.0,Poison Burst,1221714,8.0,spell_nature_elementalshields.jpg,59,False,9132.0,60048.0,297223.0,0.0
wqVm27KgQbYRd8pn,15,Rotmire,3159,WIPE,170.35,Decayed,P-584cf7139227dcac,1,4638066.0,169.551,99.53,0.0,0.0,197030.0,33131.0,Melee,1,1.0,inv_axe_02.jpg,28,False,103298.0,386416.0,848458.0,161714.0
wqVm27KgQbYRd8pn,16,Rotmire,3159,WIPE,47.272,Whilton,P-04eb4efde7a37b62,10,5015854.0,32.085,67.87,0.0,0.0,51422.0,1064.0,Poison Burst,1221714,8.0,spell_nature_elementalshields.jpg,59,False,13051.0,9833.0,74306.0,0.0
wqVm27KgQbYRd8pn,16,Rotmire,3159,WIPE,47.272,Sinfxl,P-59860c89738c2525,19,5015855.0,32.086,67.88,0.0,0.0,56978.0,1065.0,Poison Burst,1221714,8.0,spell_nature_elementalshields.jpg,59,False,3291.0,14037.0,74306.0,0.0
wqVm27KgQbYRd8pn,16,Rotmire,3159,WIPE,47.272,Lìllith,P-093da9358d901c39,600,5016075.0,32.306,68.34,0.0,0.0,26838.0,4867.0,Bursting Pustules,1222278,8.0,inv_misc_herb_zoanthid.jpg,28,False,36904.0,9227.0,80051.0,7082.0
wqVm27KgQbYRd8pn,16,Rotmire,3159,WIPE,47.272,Chontosh,P-81cad9c290ac9716,6,5016078.0,32.309,68.35,0.0,0.0,9577.0,7225.0,Bursting Pustules,1222278,8.0,inv_misc_herb_zoanthid.jpg,28,False,27790.0,29779.0,80051.0,12905.0
wqVm27KgQbYRd8pn,16,Rotmire,3159,WIPE,47.272,Ilidank,P-4b25ba747f972b89,7,5016093.0,32.324,68.38,0.0,0.0,7333.0,1249.0,Bursting Pustules,1222278,8.0,inv_misc_herb_zoanthid.jpg,28,False,48985.0,23733.0,80051.0,0.0
wqVm27KgQbYRd8pn,16,Rotmire,3159,WIPE,47.272,Siare,P-386d8566043e1cef,21,5016094.0,32.325,68.38,0.0,0.0,5979.0,3235.0,Bursting Pustules,1222278,8.0,inv_misc_herb_zoanthid.jpg,28,False,54358.0,11456.0,80051.0,8258.0
wqVm27KgQbYRd8pn,16,Rotmire,3159,WIPE,47.272,Tavendar,P-dd48d38ee5e5c55c,2,5016094.0,32.325,68.38,0.0,0.0,37183.0,3232.0,Bursting Pustules,1222278,8.0,inv_misc_herb_zoanthid.jpg,28,False,26024.0,16844.0,80051.0,0.0
wqVm27KgQbYRd8pn,16,Rotmire,3159,WIPE,47.272,Meowrawrxo,P-cae9f2bae0773bc9,8,5016869.0,33.1,70.02,0.0,0.0,59961.0,2078.0,Poison Burst,1221714,8.0,spell_nature_elementalshields.jpg,59,False,4700.0,9645.0,74306.0,0.0
wqVm27KgQbYRd8pn,16,Rotmire,3159,WIPE,47.272,Averlis,P-77b140a1e9d7fba2,12,5016870.0,33.101,70.02,0.0,0.0,45038.0,6079.0,Poison Burst,1221714,8.0,spell_nature_elementalshields.jpg,59,False,17250.0,12018.0,74306.0,0.0
wqVm27KgQbYRd8pn,16,Rotmire,3159,WIPE,47.272,Aurëus,P-f95b1f39aecd9371,9,5016871.0,33.102,70.02,0.0,0.0,24276.0,4040.0,Poison Burst,1221714,8.0,spell_nature_elementalshields.jpg,59,False,32507.0,17523.0,74306.0,0.0
wqVm27KgQbYRd8pn,16,Rotmire,3159,WIPE,47.272,Dystrophee,P-14b92b7f6709320a,14,5016871.0,33.102,70.02,0.0,0.0,26732.0,5072.0,Poison Burst,1221714,8.0,spell_nature_elementalshields.jpg,59,False,11834.0,11853.0,74306.0,23887.0
wqVm27KgQbYRd8pn,16,Rotmire,3159,WIPE,47.272,Soliloquy,P-ace0c6b4dcb42bd6,11,5017835.0,34.066,72.06,0.0,0.0,38675.0,3048.0,Poison Burst,1221714,8.0,spell_nature_elementalshields.jpg,59,False,6013.0,29618.0,74306.0,0.0
wqVm27KgQbYRd8pn,16,Rotmire,3159,WIPE,47.272,Maztajake,P-dc96b65209ad25d3,304,5020860.0,37.091,78.46,0.0,0.0,22609.0,7078.0,Poison Burst,1221714,8.0,spell_nature_elementalshields.jpg,59,False,16418.0,35279.0,74306.0,0.0
wqVm27KgQbYRd8pn,16,Rotmire,3159,WIPE,47.272,Primeval,P-d2cfbf0e9385c81d,3,5022849.0,39.08,82.67,0.0,0.0,50364.0,9067.0,Poison Burst,1221714,8.0,spell_nature_elementalshields.jpg,59,False,3086.0,20856.0,74306.0,0.0
wqVm27KgQbYRd8pn,16,Rotmire,3159,WIPE,47.272,Decayed,P-584cf7139227dcac,1,5024964.0,41.195,87.14,0.0,0.0,45036.0,10176.0,Melee,1,1.0,inv_axe_02.jpg,633,False,0.0,3924.0,39404.0,35480.0
wqVm27KgQbYRd8pn,16,Rotmire,3159,WIPE,47.272,Mannarchy,P-074ea59fb89e97f7,4,5030250.0,46.481,98.33,0.0,0.0,217649.0,15440.0,Melee,1,1.0,inv_axe_02.jpg,28,False,59253.0,581851.0,858753.0,0.0
wqVm27KgQbYRd8pn,17,Rotmire,3159,WIPE,235.289,Mannarchy,P-074ea59fb89e97f7,4,5258099.0,87.029,36.99,0.0,0.0,67875.0,0.0,Putrid Fist,1221781,1.0,inv_misc_herb_ancientlichen.jpg,28,False,740840.0,996865.0,1882409.0,76829.0
wqVm27KgQbYRd8pn,17,Rotmire,3159,WIPE,235.289,Meowrawrxo,P-cae9f2bae0773bc9,8,5307395.0,136.325,57.94,0.0,0.0,18265.0,16300.0,Bursting Shroom,1221965,8.0,inv_misc_starspecklemushroom.jpg,70,False,299419.0,78613.0,396297.0,0.0
wqVm27KgQbYRd8pn,17,Rotmire,3159,WIPE,235.289,Whilton,P-04eb4efde7a37b62,10,5307396.0,136.326,57.94,0.0,0.0,21071.0,16300.0,Bursting Shroom,1221965,8.0,inv_misc_starspecklemushroom.jpg,70,False,279850.0,95376.0,396297.0,0.0
wqVm27KgQbYRd8pn,17,Rotmire,3159,WIPE,235.289,Lìllith,P-093da9358d901c39,600,5307398.0,136.328,57.94,0.0,0.0,150247.0,9301.0,Bursting Shroom,1221965,8.0,inv_misc_starspecklemushroom.jpg,70,False,164150.0,46967.0,396297.0,34933.0
wqVm27KgQbYRd8pn,17,Rotmire,3159,WIPE,235.289,Chontosh,P-81cad9c290ac9716,6,5307402.0,136.332,57.94,0.0,0.0,55856.0,6275.0,Bursting Shroom,1221965,8.0,inv_misc_starspecklemushroom.jpg,70,False,271212.0,69229.0,396297.0,0.0
wqVm27KgQbYRd8pn,17,Rotmire,3159,WIPE,235.289,Tavendar,P-dd48d38ee5e5c55c,2,5307418.0,136.348,57.95,0.0,0.0,137341.0,16303.0,Bursting Shroom,1221965,8.0,inv_misc_starspecklemushroom.jpg,70,False,175563.0,83393.0,396297.0,0.0
wqVm27KgQbYRd8pn,17,Rotmire,3159,WIPE,235.289,Sinfxl,P-59860c89738c2525,19,5339091.0,168.021,71.41,0.0,0.0,2117.0,17001.0,Rotting Pustules,1222284,8.0,ability_creature_poison_06.jpg,28,False,23080.0,4918.0,30115.0,0.0
wqVm27KgQbYRd8pn,17,Rotmire,3159,WIPE,235.289,Averlis,P-77b140a1e9d7fba2,12,5340080.0,169.01,71.83,0.0,0.0,15859.0,13010.0,Rotting Pustules,1222284,8.0,ability_creature_poison_06.jpg,28,False,8620.0,7221.0,31700.0,0.0
wqVm27KgQbYRd8pn,17,Rotmire,3159,WIPE,235.289,Maztajake,P-dc96b65209ad25d3,304,5357121.0,186.051,79.07,0.0,0.0,64188.0,27058.0,Festering Vines,1222088,8.0,ability_creature_poison_04.jpg,28,False,744.0,16308.0,81240.0,0.0
wqVm27KgQbYRd8pn,17,Rotmire,3159,WIPE,235.289,Siare,P-386d8566043e1cef,21,5358556.0,187.486,79.68,0.0,0.0,185842.0,38441.0,Poison Burst,1221714,8.0,spell_nature_elementalshields.jpg,59,False,43376.0,42537.0,297223.0,25468.0
wqVm27KgQbYRd8pn,17,Rotmire,3159,WIPE,235.289,Aurëus,P-f95b1f39aecd9371,9,5359272.0,188.202,79.99,0.0,0.0,14968.0,2204.0,Writhing Vines,1222129,8.0,inv_misc_herb_nightmarevine_stem.jpg,28,False,136173.0,13570.0,164711.0,0.0
wqVm27KgQbYRd8pn,17,Rotmire,3159,WIPE,235.289,Primeval,P-d2cfbf0e9385c81d,3,5369113.0,198.043,84.17,0.0,0.0,543.0,44010.0,Rotting Pustules,1222284,8.0,ability_creature_poison_06.jpg,28,False,23229.0,7928.0,31700.0,0.0
wqVm27KgQbYRd8pn,17,Rotmire,3159,WIPE,235.289,Dystrophee,P-14b92b7f6709320a,14,5370572.0,199.502,84.79,0.0,0.0,7926.0,38495.0,Poison Burst,1221714,8.0,spell_nature_elementalshields.jpg,59,False,26822.0,13101.0,74306.0,26457.0
wqVm27KgQbYRd8pn,17,Rotmire,3159,WIPE,235.289,Soliloquy,P-ace0c6b4dcb42bd6,11,5370573.0,199.503,84.79,0.0,0.0,11774.0,12924.0,Poison Burst,1221714,8.0,spell_nature_elementalshields.jpg,59,False,32019.0,30513.0,74306.0,0.0
wqVm27KgQbYRd8pn,17,Rotmire,3159,WIPE,235.289,Ilidank,P-4b25ba747f972b89,7,5374551.0,203.481,86.48,0.0,0.0,3759.0,38852.0,Poison Burst,1221714,8.0,spell_nature_elementalshields.jpg,59,False,47471.0,23076.0,74306.0,0.0
wqVm27KgQbYRd8pn,17,Rotmire,3159,WIPE,235.289,Mannarchy,P-074ea59fb89e97f7,4,5384526.0,213.456,90.72,0.0,0.0,214171.0,4800.0,Melee,1,1.0,inv_axe_02.jpg,28,False,64392.0,571794.0,854116.0,3759.0
wqVm27KgQbYRd8pn,17,Rotmire,3159,WIPE,235.289,Decayed,P-584cf7139227dcac,1,5406125.0,235.055,99.9,0.0,0.0,635814.0,6802.0,Putrid Fist,1221781,1.0,inv_misc_herb_ancientlichen.jpg,28,False,69482.0,896414.0,1981484.0,379774.0
wqVm27KgQbYRd8pn,18,Rotmire,3159,WIPE,139.325,Whilton,P-04eb4efde7a37b62,10,5614515.0,96.789,69.47,0.0,0.0,48771.0,11762.0,Poison Burst,1221714,8.0,spell_nature_elementalshields.jpg,59,False,209120.0,39332.0,297223.0,0.0
wqVm27KgQbYRd8pn,18,Rotmire,3159,WIPE,139.325,Maztajake,P-dc96b65209ad25d3,304,5616792.0,99.066,71.1,0.0,0.0,6160.0,2279.0,Festering Vines,1222088,8.0,ability_creature_poison_04.jpg,28,False,60780.0,14300.0,81240.0,0.0
wqVm27KgQbYRd8pn,18,Rotmire,3159,WIPE,139.325,Sinfxl,P-59860c89738c2525,19,5617221.0,99.495,71.41,0.0,0.0,25429.0,5449.0,Blightshot,1221717,8.0,inv_ability_poison_missile.jpg,59,False,37375.0,11502.0,74306.0,0.0
wqVm27KgQbYRd8pn,18,Rotmire,3159,WIPE,139.325,Meowrawrxo,P-cae9f2bae0773bc9,8,5617549.0,99.823,71.65,0.0,0.0,47827.0,3038.0,Poison Burst,1221714,8.0,spell_nature_elementalshields.jpg,59,False,16834.0,9645.0,74306.0,0.0
wqVm27KgQbYRd8pn,18,Rotmire,3159,WIPE,139.325,Averlis,P-77b140a1e9d7fba2,12,5645714.0,127.988,91.86,0.0,0.0,226233.0,5953.0,Poison Burst,1221714,8.0,spell_nature_elementalshields.jpg,59,False,216797.0,151416.0,594446.0,0.0
wqVm27KgQbYRd8pn,18,Rotmire,3159,WIPE,139.325,Lìllith,P-093da9358d901c39,600,5645715.0,127.989,91.86,0.0,0.0,56443.0,8438.0,Poison Burst,1221714,8.0,spell_nature_elementalshields.jpg,59,False,240878.0,128576.0,594446.0,168549.0
wqVm27KgQbYRd8pn,18,Rotmire,3159,WIPE,139.325,Aurëus,P-f95b1f39aecd9371,9,5645716.0,127.99,91.86,0.0,0.0,197534.0,6977.0,Poison Burst,1221714,8.0,spell_nature_elementalshields.jpg,59,False,228771.0,168141.0,594446.0,0.0
wqVm27KgQbYRd8pn,18,Rotmire,3159,WIPE,139.325,Siare,P-386d8566043e1cef,21,5645716.0,127.99,91.86,0.0,0.0,25325.0,28950.0,Poison Burst,1221714,8.0,spell_nature_elementalshields.jpg,59,False,386594.0,136759.0,594446.0,45768.0
wqVm27KgQbYRd8pn,18,Rotmire,3159,WIPE,139.325,Soliloquy,P-ace0c6b4dcb42bd6,11,5645782.0,128.056,91.91,0.0,0.0,19616.0,4009.0,Fungal Bloom,1221637,8.0,inv_misc_herb_plaguebloom.jpg,28,False,27419.0,25778.0,74306.0,1493.0
wqVm27KgQbYRd8pn,18,Rotmire,3159,WIPE,139.325,Primeval,P-d2cfbf0e9385c81d,3,5654069.0,136.343,97.86,0.0,0.0,52975.0,2362.0,Bursting Shroom,1221965,8.0,inv_misc_starspecklemushroom.jpg,70,False,226388.0,116934.0,396297.0,0.0
wqVm27KgQbYRd8pn,18,Rotmire,3159,WIPE,139.325,Dystrophee,P-14b92b7f6709320a,14,5654071.0,136.345,97.86,0.0,0.0,59599.0,330.0,Bursting Shroom,1221965,8.0,inv_misc_starspecklemushroom.jpg,70,False,50023.0,174976.0,382030.0,97432.0
wqVm27KgQbYRd8pn,18,Rotmire,3159,WIPE,139.325,Chontosh,P-81cad9c290ac9716,6,5654076.0,136.35,97.86,0.0,0.0,95464.0,325.0,Bursting Shroom,1221965,8.0,inv_misc_starspecklemushroom.jpg,70,False,160796.0,75972.0,396297.0,64065.0
wqVm27KgQbYRd8pn,18,Rotmire,3159,WIPE,139.325,Ilidank,P-4b25ba747f972b89,7,5654092.0,136.366,97.88,0.0,0.0,78604.0,327.0,Bursting Shroom,1221965,8.0,inv_misc_starspecklemushroom.jpg,70,False,110090.0,207603.0,396297.0,0.0
wqVm27KgQbYRd8pn,18,Rotmire,3159,WIPE,139.325,Tavendar,P-dd48d38ee5e5c55c,2,5654093.0,136.367,97.88,0.0,0.0,115409.0,326.0,Bursting Shroom,1221965,8.0,inv_misc_starspecklemushroom.jpg,70,False,217468.0,63420.0,396297.0,0.0
wqVm27KgQbYRd8pn,18,Rotmire,3159,WIPE,139.325,Decayed,P-584cf7139227dcac,1,5654094.0,136.368,97.88,0.0,0.0,19484.0,361.0,Bursting Shroom,1221965,8.0,inv_misc_starspecklemushroom.jpg,70,False,163367.0,114989.0,396297.0,98457.0
wqVm27KgQbYRd8pn,18,Rotmire,3159,WIPE,139.325,Mannarchy,P-074ea59fb89e97f7,4,5656698.0,138.972,99.75,0.0,0.0,33400.0,2995.0,Poison Burst,1221714,8.0,spell_nature_elementalshields.jpg,59,False,18657.0,68632.0,148612.0,27923.0
wqVm27KgQbYRd8pn,19,Rotmire,3159,WIPE,183.862,Sinfxl,P-59860c89738c2525,19,5910750.0,124.093,67.49,0.0,0.0,1918.0,4009.0,Fungal Bloom,1221637,8.0,inv_misc_herb_plaguebloom.jpg,28,False,60255.0,12133.0,74306.0,0.0
wqVm27KgQbYRd8pn,19,Rotmire,3159,WIPE,183.862,Whilton,P-04eb4efde7a37b62,10,5912756.0,126.099,68.58,0.0,0.0,32002.0,8032.0,Fungal Bloom,1221637,8.0,inv_misc_herb_plaguebloom.jpg,28,False,31182.0,11122.0,74306.0,0.0
wqVm27KgQbYRd8pn,19,Rotmire,3159,WIPE,183.862,Aurëus,P-f95b1f39aecd9371,9,5913730.0,127.073,69.11,0.0,0.0,33262.0,11017.0,Fungal Bloom,1221637,8.0,inv_misc_herb_plaguebloom.jpg,28,False,20682.0,16646.0,70590.0,0.0
wqVm27KgQbYRd8pn,19,Rotmire,3159,WIPE,183.862,Primeval,P-d2cfbf0e9385c81d,3,5923035.0,136.378,74.17,0.0,0.0,55719.0,313.0,Bursting Shroom,1221965,8.0,inv_misc_starspecklemushroom.jpg,70,False,213901.0,126677.0,396297.0,0.0
wqVm27KgQbYRd8pn,19,Rotmire,3159,WIPE,183.862,Lìllith,P-093da9358d901c39,600,5923038.0,136.381,74.18,0.0,0.0,92144.0,17302.0,Bursting Shroom,1221965,8.0,inv_misc_starspecklemushroom.jpg,70,False,173819.0,100783.0,396297.0,29551.0
wqVm27KgQbYRd8pn,19,Rotmire,3159,WIPE,183.862,Chontosh,P-81cad9c290ac9716,6,5923043.0,136.386,74.18,0.0,0.0,61015.0,2308.0,Bursting Shroom,1221965,8.0,inv_misc_starspecklemushroom.jpg,70,False,209421.0,125861.0,396297.0,0.0
wqVm27KgQbYRd8pn,19,Rotmire,3159,WIPE,183.862,Soliloquy,P-ace0c6b4dcb42bd6,11,5923062.0,136.405,74.19,0.0,0.0,11355.0,1309.0,Bursting Shroom,1221965,8.0,inv_misc_starspecklemushroom.jpg,70,False,244734.0,140208.0,396297.0,0.0
wqVm27KgQbYRd8pn,19,Rotmire,3159,WIPE,183.862,Tavendar,P-dd48d38ee5e5c55c,2,5933925.0,147.268,80.1,0.0,0.0,34603.0,10903.0,Bursting Pustules,1222278,8.0,inv_misc_herb_zoanthid.jpg,28,False,22888.0,18558.0,76049.0,0.0
wqVm27KgQbYRd8pn,19,Rotmire,3159,WIPE,183.862,Averlis,P-77b140a1e9d7fba2,12,5954543.0,167.886,91.31,0.0,0.0,10319.0,31797.0,Bursting Pustules,1222278,8.0,inv_misc_herb_zoanthid.jpg,28,False,56786.0,12946.0,80051.0,0.0
wqVm27KgQbYRd8pn,19,Rotmire,3159,WIPE,183.862,Maztajake,P-dc96b65209ad25d3,304,5954544.0,167.887,91.31,0.0,0.0,40430.0,23809.0,Bursting Pustules,1222278,8.0,inv_misc_herb_zoanthid.jpg,28,False,24857.0,14764.0,80051.0,0.0
wqVm27KgQbYRd8pn,19,Rotmire,3159,WIPE,183.862,Meowrawrxo,P-cae9f2bae0773bc9,8,5954725.0,168.068,91.41,0.0,0.0,7357.0,31683.0,Rotting Pustules,1222284,8.0,ability_creature_poison_06.jpg,28,False,18849.0,3909.0,30115.0,0.0
wqVm27KgQbYRd8pn,19,Rotmire,3159,WIPE,183.862,Ilidank,P-4b25ba747f972b89,7,5955725.0,169.068,91.95,0.0,0.0,8072.0,33000.0,Rotting Pustules,1222284,8.0,ability_creature_poison_06.jpg,28,False,14249.0,9379.0,31700.0,0.0
wqVm27KgQbYRd8pn,19,Rotmire,3159,WIPE,183.862,Mannarchy,P-074ea59fb89e97f7,4,5956329.0,169.672,92.28,0.0,0.0,58776.0,33294.0,Writhing Vines,1222129,8.0,inv_misc_herb_nightmarevine_stem.jpg,28,False,21727.0,49695.0,173380.0,43182.0
wqVm27KgQbYRd8pn,19,Rotmire,3159,WIPE,183.862,Siare,P-386d8566043e1cef,21,5959455.0,172.798,93.98,0.0,0.0,29470.0,36747.0,Melee,1,1.0,inv_axe_02.jpg,58,False,10017.0,9040.0,37948.0,4156.0
wqVm27KgQbYRd8pn,19,Rotmire,3159,WIPE,183.862,Dystrophee,P-14b92b7f6709320a,14,5964418.0,177.761,96.68,0.0,0.0,12396.0,32725.0,Poison Burst,1221714,8.0,spell_nature_elementalshields.jpg,59,False,128876.0,45702.0,286522.0,99548.0
wqVm27KgQbYRd8pn,19,Rotmire,3159,WIPE,183.862,Decayed,P-584cf7139227dcac,1,5970490.0,183.833,99.98,0.0,0.0,259015.0,21799.0,Melee,1,1.0,inv_axe_02.jpg,28,False,207717.0,174686.0,845755.0,234874.0
wqVm27KgQbYRd8pn,20,Rotmire,3159,WIPE,205.221,Meowrawrxo,P-cae9f2bae0773bc9,8,6289487.0,183.069,89.21,0.0,0.0,10202.0,18017.0,Festering Vines,1222088,8.0,ability_creature_poison_04.jpg,28,False,60493.0,10545.0,81240.0,0.0
wqVm27KgQbYRd8pn,20,Rotmire,3159,WIPE,205.221,Tavendar,P-dd48d38ee5e5c55c,2,6293355.0,186.937,91.09,0.0,0.0,83132.0,12613.0,Writhing Vines,1222129,8.0,inv_misc_herb_nightmarevine_stem.jpg,28,False,50335.0,31244.0,164711.0,0.0
wqVm27KgQbYRd8pn,20,Rotmire,3159,WIPE,205.221,Siare,P-386d8566043e1cef,21,6293493.0,187.075,91.16,0.0,0.0,7763.0,6011.0,Festering Vines,1222122,8.0,ability_creature_poison_04.jpg,28,False,135904.0,15483.0,175113.0,15963.0
wqVm27KgQbYRd8pn,20,Rotmire,3159,WIPE,205.221,Mannarchy,P-074ea59fb89e97f7,4,6304507.0,198.089,96.52,0.0,0.0,1114946.0,0.0,Putrid Fist,1221781,1.0,inv_misc_herb_ancientlichen.jpg,28,False,717350.0,44348.0,1981484.0,104840.0
wqVm27KgQbYRd8pn,20,Rotmire,3159,WIPE,205.221,Whilton,P-04eb4efde7a37b62,10,6308528.0,202.11,98.48,0.0,0.0,1096542.0,0.0,Bursting Doom Shroom,1222495,8.0,inv_misc_herb_bloodcup.jpg,634,False,471945.0,397689.0,1981484.0,15308.0
wqVm27KgQbYRd8pn,20,Rotmire,3159,WIPE,205.221,Averlis,P-77b140a1e9d7fba2,12,6308529.0,202.111,98.48,0.0,0.0,1050050.0,0.0,Bursting Doom Shroom,1222495,8.0,inv_misc_herb_bloodcup.jpg,634,False,480080.0,451354.0,1981484.0,0.0
wqVm27KgQbYRd8pn,20,Rotmire,3159,WIPE,205.221,Primeval,P-d2cfbf0e9385c81d,3,6308530.0,202.112,98.49,0.0,0.0,926204.0,0.0,Bursting Doom Shroom,1222495,8.0,inv_misc_herb_bloodcup.jpg,634,False,543080.0,495511.0,1981484.0,16689.0
wqVm27KgQbYRd8pn,20,Rotmire,3159,WIPE,205.221,Maztajake,P-dc96b65209ad25d3,304,6308531.0,202.113,98.49,0.0,0.0,350317.0,0.0,Bursting Doom Shroom,1222495,8.0,inv_misc_herb_bloodcup.jpg,634,False,486520.0,1033632.0,1981484.0,111015.0
wqVm27KgQbYRd8pn,20,Rotmire,3159,WIPE,205.221,Lìllith,P-093da9358d901c39,600,6308532.0,202.114,98.49,0.0,0.0,931548.0,0.0,Bursting Doom Shroom,1222495,8.0,inv_misc_herb_bloodcup.jpg,634,False,513303.0,372470.0,1981484.0,164163.0
wqVm27KgQbYRd8pn,20,Rotmire,3159,WIPE,205.221,Sinfxl,P-59860c89738c2525,19,6308533.0,202.115,98.49,0.0,0.0,1139058.0,0.0,Bursting Doom Shroom,1222495,8.0,inv_misc_herb_bloodcup.jpg,634,False,419385.0,423041.0,1981484.0,0.0
wqVm27KgQbYRd8pn,20,Rotmire,3159,WIPE,205.221,Dystrophee,P-14b92b7f6709320a,14,6308534.0,202.116,98.49,0.0,0.0,538498.0,0.0,Bursting Doom Shroom,1222495,8.0,inv_misc_herb_bloodcup.jpg,634,False,515402.0,441929.0,1957706.0,461877.0
wqVm27KgQbYRd8pn,20,Rotmire,3159,WIPE,205.221,Chontosh,P-81cad9c290ac9716,6,6308538.0,202.12,98.49,0.0,0.0,876488.0,0.0,Bursting Doom Shroom,1222495,8.0,inv_misc_herb_bloodcup.jpg,634,False,472247.0,295566.0,1981484.0,337183.0
wqVm27KgQbYRd8pn,20,Rotmire,3159,WIPE,205.221,Aurëus,P-f95b1f39aecd9371,9,6308551.0,202.133,98.5,0.0,0.0,1002394.0,0.0,Bursting Doom Shroom,1222495,8.0,inv_misc_herb_bloodcup.jpg,634,False,521020.0,316064.0,1882409.0,42931.0
wqVm27KgQbYRd8pn,20,Rotmire,3159,WIPE,205.221,Ilidank,P-4b25ba747f972b89,7,6308552.0,202.134,98.5,0.0,0.0,616695.0,0.0,Bursting Doom Shroom,1222495,8.0,inv_misc_herb_bloodcup.jpg,634,False,498073.0,866716.0,1981484.0,0.0
wqVm27KgQbYRd8pn,20,Rotmire,3159,WIPE,205.221,Soliloquy,P-ace0c6b4dcb42bd6,11,6308553.0,202.135,98.5,0.0,0.0,883223.0,0.0,Bursting Doom Shroom,1222495,8.0,inv_misc_herb_bloodcup.jpg,634,False,441580.0,479999.0,1981484.0,176682.0
wqVm27KgQbYRd8pn,20,Rotmire,3159,WIPE,205.221,Decayed,P-584cf7139227dcac,1,6311447.0,205.029,99.91,0.0,0.0,0.0,2917.0,Bursting Doom Shroom,1222495,8.0,inv_misc_herb_bloodcup.jpg,634,False,0.0,72295.0,198148.0,125853.0
yFTfaACXnD61KtLY,1,The Lost Explorers,3497,WIPE,255.68,Stellanoova,P-6168b2209e9e02a1,12,307667.0,156.404,61.17,0.0,0.0,156229.0,1020.0,Shredding Shards,1310616,16.0,spell_frost_iceshard.jpg,27,False,359451.0,0.0,123591.0,368652.0
yFTfaACXnD61KtLY,1,The Lost Explorers,3497,WIPE,255.68,Decayed,P-584cf7139227dcac,21,369539.0,218.276,85.37,0.0,0.0,90674.0,33153.0,Shredding Shards,1310616,16.0,spell_frost_iceshard.jpg,27,False,235131.0,0.0,123591.0,175432.0
yFTfaACXnD61KtLY,1,The Lost Explorers,3497,WIPE,255.68,Stellanoova,P-6168b2209e9e02a1,12,376456.0,225.193,88.08,0.0,0.0,112525.0,5677.0,Melee,1,1.0,inv_axe_02.jpg,28,False,1486.0,36928.0,362130.0,243631.0
yFTfaACXnD61KtLY,1,The Lost Explorers,3497,WIPE,255.68,Asharia,P-baca25d85259e955,17,379047.0,227.784,89.09,0.0,0.0,73688.0,3766.0,Melee,1,1.0,inv_axe_02.jpg,28,False,194639.0,100510.0,368837.0,0.0
yFTfaACXnD61KtLY,1,The Lost Explorers,3497,WIPE,255.68,Soliloquy,P-ace0c6b4dcb42bd6,1,379790.0,228.527,89.38,0.0,0.0,35649.0,15256.0,Relic Rupture,1310027,32.0,spell_necro_chillofdeath.jpg,71,False,159322.0,52205.0,247176.0,0.0
yFTfaACXnD61KtLY,1,The Lost Explorers,3497,WIPE,255.68,Spàdes,P-4b77dd2f26623c73,2,379791.0,228.528,89.38,0.0,0.0,100763.0,15258.0,Relic Rupture,1310027,32.0,spell_necro_chillofdeath.jpg,71,False,100389.0,46024.0,247176.0,0.0
yFTfaACXnD61KtLY,1,The Lost Explorers,3497,WIPE,255.68,Zeleria,P-abdfad2d93a43a81,5,379792.0,228.529,89.38,0.0,0.0,80216.0,8514.0,Relic Rupture,1310027,32.0,spell_necro_chillofdeath.jpg,71,False,110471.0,54074.0,247176.0,2415.0
yFTfaACXnD61KtLY,1,The Lost Explorers,3497,WIPE,255.68,Chontosh,P-81cad9c290ac9716,7,379795.0,228.532,89.38,0.0,0.0,16855.0,10499.0,Relic Rupture,1310027,32.0,spell_necro_chillofdeath.jpg,71,False,146404.0,43103.0,247176.0,40814.0
yFTfaACXnD61KtLY,1,The Lost Explorers,3497,WIPE,255.68,Grapeinator,P-e9906bf4e7d251b8,6,381293.0,230.03,89.97,0.0,0.0,745.0,6011.0,Malevolent Presence,1295450,32.0,ability_revendreth_priest.jpg,25,False,22727.0,19281.0,61795.0,19042.0
yFTfaACXnD61KtLY,1,The Lost Explorers,3497,WIPE,255.68,Littlejohn,P-fe200ff8c0c12962,11,381956.0,230.693,90.23,0.0,0.0,279770.0,29842.0,Melee,1,1.0,inv_axe_02.jpg,27,False,116471.0,479827.0,1089744.0,213676.0
yFTfaACXnD61KtLY,1,The Lost Explorers,3497,WIPE,255.68,Sinfxl,P-59860c89738c2525,4,383491.0,232.228,90.83,0.0,0.0,13749.0,7164.0,Melee,1,1.0,inv_axe_02.jpg,28,False,516066.0,153268.0,741951.0,58868.0
yFTfaACXnD61KtLY,1,The Lost Explorers,3497,WIPE,255.68,Ämon,P-26f181f915fe34c3,13,387541.0,236.278,92.41,0.0,0.0,42486.0,8266.0,Melee,1,1.0,inv_axe_02.jpg,28,False,391347.0,294935.0,728768.0,0.0
yFTfaACXnD61KtLY,1,The Lost Explorers,3497,WIPE,255.68,Lìllith,P-093da9358d901c39,14,389302.0,238.039,93.1,0.0,0.0,2649.0,18003.0,Malevolent Presence,1295450,32.0,ability_revendreth_priest.jpg,25,False,20110.0,11221.0,61795.0,27815.0
yFTfaACXnD61KtLY,1,The Lost Explorers,3497,WIPE,255.68,Boomchicky,P-df9f05cc370f53e8,22,390807.0,239.544,93.69,0.0,0.0,51798.0,43511.0,Splinters,1308853,1.0,inv_artifact_bloodoftheassassinated.jpg,39,False,34363.0,31598.0,203919.0,86160.0
yFTfaACXnD61KtLY,1,The Lost Explorers,3497,WIPE,255.68,Shinier,P-fa0288594047c1a1,9,391010.0,239.747,93.77,0.0,0.0,0.0,0.0,,,,,,,,,,
yFTfaACXnD61KtLY,1,The Lost Explorers,3497,WIPE,255.68,Maztajake,P-dc96b65209ad25d3,16,391150.0,239.887,93.82,0.0,0.0,519311.0,15871.0,Melee,1,1.0,inv_axe_02.jpg,27,False,140841.0,474871.0,1135023.0,0.0
yFTfaACXnD61KtLY,1,The Lost Explorers,3497,WIPE,255.68,Novachronos,P-d8e2e25f74d6a935,15,391185.0,239.922,93.84,0.0,0.0,76984.0,15906.0,Melee,1,1.0,inv_axe_02.jpg,28,False,467309.0,112749.0,741989.0,84947.0
yFTfaACXnD61KtLY,1,The Lost Explorers,3497,WIPE,255.68,Averlis,P-77b140a1e9d7fba2,3,391766.0,240.503,94.06,0.0,0.0,1763.0,16488.0,Splinters,1308853,1.0,inv_artifact_bloodoftheassassinated.jpg,39,False,78765.0,55418.0,135946.0,0.0
yFTfaACXnD61KtLY,1,The Lost Explorers,3497,WIPE,255.68,Sälazar,P-448597313370c1df,10,396852.0,245.589,96.05,0.0,0.0,219945.0,2008.0,Melee,1,1.0,inv_axe_02.jpg,28,False,343474.0,108401.0,734422.0,62602.0
yFTfaACXnD61KtLY,1,The Lost Explorers,3497,WIPE,255.68,Tavendar,P-dd48d38ee5e5c55c,24,399295.0,248.032,97.01,0.0,0.0,391.0,13503.0,Malevolent Presence,1295450,32.0,ability_revendreth_priest.jpg,25,False,45649.0,15755.0,61795.0,0.0
yFTfaACXnD61KtLY,1,The Lost Explorers,3497,WIPE,255.68,Cainz,P-92aaa9e9d4ac9a58,18,401175.0,249.912,97.74,0.0,0.0,192371.0,21866.0,Melee,1,1.0,inv_axe_02.jpg,27,False,365362.0,293152.0,1067780.0,216895.0
yFTfaACXnD61KtLY,1,The Lost Explorers,3497,WIPE,255.68,Monfro,P-930377bb7fd85d97,20,401947.0,250.684,98.05,0.0,0.0,0.0,30661.0,Falling,3,1.0,inv_axe_02.jpg,,False,392314.0,0.0,392314.0,0.0
yFTfaACXnD61KtLY,2,The Lost Explorers,3497,KILL,320.192,Stellanoova,P-6168b2209e9e02a1,12,584528.0,98.516,30.77,0.0,0.0,262144.0,4484.0,Shredding Shards,1310616,16.0,spell_frost_iceshard.jpg,27,False,44490.0,0.0,123591.0,233791.0
yFTfaACXnD61KtLY,2,The Lost Explorers,3497,KILL,320.192,Decayed,P-584cf7139227dcac,21,766336.0,280.324,87.55,0.0,0.0,64278.0,2257.0,Shredding Shards,1310616,16.0,spell_frost_iceshard.jpg,27,False,236733.0,0.0,123591.0,188864.0
yFTfaACXnD61KtLY,4,Sszorak,3420,WIPE,184.306,Tavendar,P-dd48d38ee5e5c55c,24,1770963.0,62.008,33.64,0.0,0.0,20775.0,20018.0,Ula'tek's Presence,1285965,8.0,achievement_dungeon_templeofsethraliss.jpg,,False,25265.0,15754.0,61794.0,0.0
yFTfaACXnD61KtLY,4,Sszorak,3420,WIPE,184.306,Asharia,P-baca25d85259e955,17,1773747.0,64.792,35.15,0.0,0.0,463282.0,0.0,Ravage,1277101,1.0,inv_10_specialreagentfoozles_tuskclaw-black.jpg,110,False,789471.0,858884.0,2162786.0,51149.0
yFTfaACXnD61KtLY,4,Sszorak,3420,WIPE,184.306,Averlis,P-77b140a1e9d7fba2,3,1808479.0,99.524,54.0,0.0,0.0,25847.0,14044.0,Venomous Surge,1306120,8.0,ability_creature_poison_06.jpg,110,False,86349.0,33075.0,148305.0,3034.0
yFTfaACXnD61KtLY,4,Sszorak,3420,WIPE,184.306,Ämon,P-26f181f915fe34c3,13,1819864.0,110.909,60.18,0.0,0.0,0.0,3651.0,,,,,,,,,,
yFTfaACXnD61KtLY,4,Sszorak,3420,WIPE,184.306,Maztajake,P-dc96b65209ad25d3,16,1826193.0,117.238,63.61,0.0,0.0,0.0,40841.0,,,,,,,,,,
yFTfaACXnD61KtLY,4,Sszorak,3420,WIPE,184.306,Tavendar,P-dd48d38ee5e5c55c,24,1842975.0,134.02,72.72,0.0,0.0,28878.0,10787.0,Ula'tek's Presence,1285965,8.0,achievement_dungeon_templeofsethraliss.jpg,,False,17891.0,15025.0,61794.0,0.0
yFTfaACXnD61KtLY,4,Sszorak,3420,WIPE,184.306,Sälazar,P-448597313370c1df,10,1855681.0,146.726,79.61,0.0,0.0,696405.0,0.0,Ravage,1277101,1.0,inv_10_specialreagentfoozles_tuskclaw-black.jpg,110,False,498494.0,455788.0,2162786.0,512099.0
yFTfaACXnD61KtLY,4,Sszorak,3420,WIPE,184.306,Greyseer,P-146fcdef511d70d4,19,1855683.0,146.728,79.61,0.0,0.0,779833.0,0.0,Ravage,1277101,1.0,inv_10_specialreagentfoozles_tuskclaw-black.jpg,110,False,633640.0,749313.0,2162786.0,0.0
yFTfaACXnD61KtLY,4,Sszorak,3420,WIPE,184.306,Grapeinator,P-e9906bf4e7d251b8,6,1864186.0,155.231,84.22,0.0,0.0,539570.0,0.0,Ravage,1277101,1.0,inv_10_specialreagentfoozles_tuskclaw-black.jpg,110,False,617449.0,890839.0,2162786.0,114928.0
yFTfaACXnD61KtLY,4,Sszorak,3420,WIPE,184.306,Decayed,P-584cf7139227dcac,21,1867174.0,158.219,85.85,0.0,0.0,0.0,11495.0,Ravage,1277101,1.0,inv_10_specialreagentfoozles_tuskclaw-black.jpg,,,,,,
yFTfaACXnD61KtLY,4,Sszorak,3420,WIPE,184.306,Mets,P-0535c10c91d1eeda,23,1868205.0,159.25,86.41,0.0,0.0,2097626.0,0.0,Mutilate,1285999,8.0,inv_ability_poison_missile.jpg,110,False,915766.0,811684.0,4018920.0,193844.0
yFTfaACXnD61KtLY,4,Sszorak,3420,WIPE,184.306,Sinfxl,P-59860c89738c2525,4,1868206.0,159.251,86.41,0.0,0.0,1898090.0,0.0,Mutilate,1285999,8.0,inv_ability_poison_missile.jpg,110,False,712281.0,1084187.0,4018920.0,324362.0
yFTfaACXnD61KtLY,4,Sszorak,3420,WIPE,184.306,Stellanoova,P-6168b2209e9e02a1,12,1868206.0,159.251,86.41,0.0,0.0,842673.0,0.0,Mutilate,1285999,8.0,inv_ability_poison_missile.jpg,110,False,556414.0,1054863.0,4018920.0,1564970.0
yFTfaACXnD61KtLY,4,Sszorak,3420,WIPE,184.306,Shinier,P-fa0288594047c1a1,9,1872173.0,163.218,88.56,0.0,0.0,2722281.0,0.0,Mutilate,1285999,8.0,inv_ability_poison_missile.jpg,110,False,843400.0,1025465.0,6028380.0,1437234.0
yFTfaACXnD61KtLY,4,Sszorak,3420,WIPE,184.306,Littlejohn,P-fe200ff8c0c12962,11,1872174.0,163.219,88.56,0.0,0.0,1656750.0,0.0,Mutilate,1285999,8.0,inv_ability_poison_missile.jpg,110,False,900520.0,1746844.0,6028380.0,1724266.0
yFTfaACXnD61KtLY,4,Sszorak,3420,WIPE,184.306,Novachronos,P-d8e2e25f74d6a935,15,1877164.0,168.209,91.27,0.0,0.0,1552394.0,0.0,Melee,1,1.0,inv_axe_02.jpg,110,False,231687.0,0.0,1271160.0,201057.0
yFTfaACXnD61KtLY,4,Sszorak,3420,WIPE,184.306,Spàdes,P-4b77dd2f26623c73,2,1881281.0,172.326,93.5,0.0,0.0,0.0,3992.0,,,,,,,,,,
yFTfaACXnD61KtLY,4,Sszorak,3420,WIPE,184.306,Chontosh,P-81cad9c290ac9716,7,1882702.0,173.747,94.27,0.0,0.0,0.0,5997.0,,,,,,,,,,
yFTfaACXnD61KtLY,4,Sszorak,3420,WIPE,184.306,Cainz,P-92aaa9e9d4ac9a58,18,1885821.0,176.866,95.96,0.0,0.0,0.0,4006.0,,,,,,,,,,
yFTfaACXnD61KtLY,4,Sszorak,3420,WIPE,184.306,Lìllith,P-093da9358d901c39,14,1886243.0,177.288,96.19,0.0,0.0,0.0,9018.0,,,,,,,,,,
yFTfaACXnD61KtLY,4,Sszorak,3420,WIPE,184.306,Soliloquy,P-ace0c6b4dcb42bd6,1,1887233.0,178.278,96.73,0.0,0.0,484522.0,0.0,Melee,1,1.0,inv_axe_02.jpg,110,False,601022.0,210406.0,1295950.0,0.0
yFTfaACXnD61KtLY,4,Sszorak,3420,WIPE,184.306,Boomchicky,P-df9f05cc370f53e8,22,1892088.0,183.133,99.36,0.0,0.0,374004.0,0.0,Melee,1,1.0,inv_axe_02.jpg,110,False,591756.0,388509.0,1354269.0,0.0
yFTfaACXnD61KtLY,5,Sszorak,3420,WIPE,147.377,Lìllith,P-093da9358d901c39,14,2101440.0,69.562,47.2,0.0,0.0,48849.0,2924.0,Tempest,1287083,8.0,inv_ability_poison_beam.jpg,110,False,60764.0,46880.0,185382.0,28889.0
yFTfaACXnD61KtLY,5,Sszorak,3420,WIPE,147.377,Greyseer,P-146fcdef511d70d4,19,2103201.0,71.323,48.39,0.0,0.0,25162.0,5265.0,Mutilated Gash,1285998,8.0,ability_rogue_venomouswounds.jpg,110,False,91962.0,29018.0,146142.0,0.0
yFTfaACXnD61KtLY,5,Sszorak,3420,WIPE,147.377,Maztajake,P-dc96b65209ad25d3,16,2136570.0,104.692,71.04,0.0,0.0,47724.0,7208.0,Tempest,1287083,8.0,inv_ability_poison_beam.jpg,110,False,58505.0,17359.0,123588.0,0.0
yFTfaACXnD61KtLY,5,Sszorak,3420,WIPE,147.377,Lìllith,P-093da9358d901c39,14,2141418.0,109.54,74.33,0.0,0.0,0.0,25515.0,,,,,,,,,,
yFTfaACXnD61KtLY,5,Sszorak,3420,WIPE,147.377,Averlis,P-77b140a1e9d7fba2,3,2141934.0,110.056,74.68,0.0,0.0,0.0,4012.0,,,,,,,,,,
yFTfaACXnD61KtLY,5,Sszorak,3420,WIPE,147.377,Tavendar,P-dd48d38ee5e5c55c,24,2159592.0,127.714,86.66,0.0,0.0,0.0,993.0,,,,,,,,,,
yFTfaACXnD61KtLY,5,Sszorak,3420,WIPE,147.377,Sinfxl,P-59860c89738c2525,4,2159699.0,127.821,86.73,0.0,0.0,0.0,0.0,,,,,,,,,,
yFTfaACXnD61KtLY,5,Sszorak,3420,WIPE,147.377,Mets,P-0535c10c91d1eeda,23,2159984.0,128.106,86.92,0.0,0.0,0.0,2020.0,,,,,,,,,,
yFTfaACXnD61KtLY,5,Sszorak,3420,WIPE,147.377,Shinier,P-fa0288594047c1a1,9,2160144.0,128.266,87.03,0.0,0.0,0.0,3706.0,,,,,,,,,,
yFTfaACXnD61KtLY,5,Sszorak,3420,WIPE,147.377,Mypriiest,P-78c2f253b8a33ced,8,2160290.0,128.412,87.13,0.0,0.0,0.0,3705.0,,,,,,,,,,
yFTfaACXnD61KtLY,5,Sszorak,3420,WIPE,147.377,Stellanoova,P-6168b2209e9e02a1,12,2160291.0,128.413,87.13,0.0,0.0,0.0,4003.0,,,,,,,,,,
yFTfaACXnD61KtLY,5,Sszorak,3420,WIPE,147.377,Soliloquy,P-ace0c6b4dcb42bd6,1,2160292.0,128.414,87.13,0.0,0.0,0.0,2022.0,,,,,,,,,,
yFTfaACXnD61KtLY,5,Sszorak,3420,WIPE,147.377,Grapeinator,P-e9906bf4e7d251b8,6,2160363.0,128.485,87.18,0.0,0.0,0.0,12441.0,,,,,,,,,,
yFTfaACXnD61KtLY,5,Sszorak,3420,WIPE,147.377,Cainz,P-92aaa9e9d4ac9a58,18,2160479.0,128.601,87.26,0.0,0.0,0.0,0.0,,,,,,,,,,
yFTfaACXnD61KtLY,5,Sszorak,3420,WIPE,147.377,Novachronos,P-d8e2e25f74d6a935,15,2160612.0,128.734,87.35,0.0,0.0,0.0,4699.0,,,,,,,,,,
yFTfaACXnD61KtLY,5,Sszorak,3420,WIPE,147.377,Ämon,P-26f181f915fe34c3,13,2160612.0,128.734,87.35,0.0,0.0,0.0,3016.0,,,,,,,,,,
yFTfaACXnD61KtLY,5,Sszorak,3420,WIPE,147.377,Monfro,P-930377bb7fd85d97,20,2160613.0,128.735,87.35,0.0,0.0,0.0,3014.0,,,,,,,,,,
yFTfaACXnD61KtLY,5,Sszorak,3420,WIPE,147.377,Chontosh,P-81cad9c290ac9716,7,2160615.0,128.737,87.35,0.0,0.0,0.0,3015.0,,,,,,,,,,
yFTfaACXnD61KtLY,5,Sszorak,3420,WIPE,147.377,Boomchicky,P-df9f05cc370f53e8,22,2166390.0,134.512,91.27,0.0,0.0,0.0,7999.0,,,,,,,,,,
yFTfaACXnD61KtLY,5,Sszorak,3420,WIPE,147.377,Sälazar,P-448597313370c1df,10,2167984.0,136.106,92.35,0.0,0.0,0.0,10311.0,,,,,,,,,,
yFTfaACXnD61KtLY,5,Sszorak,3420,WIPE,147.377,Spàdes,P-4b77dd2f26623c73,2,2168402.0,136.524,92.64,0.0,0.0,0.0,18742.0,,,,,,,,,,
yFTfaACXnD61KtLY,5,Sszorak,3420,WIPE,147.377,Decayed,P-584cf7139227dcac,21,2174365.0,142.487,96.68,0.0,0.0,0.0,14290.0,,,,,,,,,,
yFTfaACXnD61KtLY,5,Sszorak,3420,WIPE,147.377,Asharia,P-baca25d85259e955,17,2174391.0,142.513,96.7,0.0,0.0,0.0,14500.0,,,,,,,,,,
yFTfaACXnD61KtLY,5,Sszorak,3420,WIPE,147.377,Littlejohn,P-fe200ff8c0c12962,11,2178640.0,146.762,99.58,0.0,0.0,514077.0,21055.0,Ravage,1277101,1.0,inv_10_specialreagentfoozles_tuskclaw-black.jpg,110,False,307795.0,895566.0,2162786.0,445348.0
yFTfaACXnD61KtLY,7,Sszorak,3420,WIPE,102.384,Chontosh,P-81cad9c290ac9716,7,2419444.0,45.335,44.28,0.0,0.0,51162.0,9272.0,Venomous Surge,1306120,8.0,ability_creature_poison_06.jpg,110,False,68704.0,28439.0,148305.0,0.0
yFTfaACXnD61KtLY,7,Sszorak,3420,WIPE,102.384,Tavendar,P-dd48d38ee5e5c55c,24,2432260.0,58.151,56.8,0.0,0.0,0.0,4001.0,,,,,,,,,,
yFTfaACXnD61KtLY,7,Sszorak,3420,WIPE,102.384,Soliloquy,P-ace0c6b4dcb42bd6,1,2434892.0,60.783,59.37,0.0,0.0,1108815.0,0.0,Ravage,1277101,1.0,inv_10_specialreagentfoozles_tuskclaw-black.jpg,110,False,720276.0,333695.0,2162786.0,0.0
yFTfaACXnD61KtLY,7,Sszorak,3420,WIPE,102.384,Stellanoova,P-6168b2209e9e02a1,12,2447420.0,73.311,71.6,0.0,0.0,4610185.0,0.0,Mutilate,1285999,8.0,inv_ability_poison_missile.jpg,110,False,871346.0,3164592.0,12056762.0,3410639.0
yFTfaACXnD61KtLY,7,Sszorak,3420,WIPE,102.384,Maztajake,P-dc96b65209ad25d3,16,2454505.0,80.396,78.52,0.0,0.0,0.0,16027.0,,,,,,,,,,
yFTfaACXnD61KtLY,7,Sszorak,3420,WIPE,102.384,Mets,P-0535c10c91d1eeda,23,2459841.0,85.732,83.74,0.0,0.0,0.0,25989.0,,,,,,,,,,
yFTfaACXnD61KtLY,7,Sszorak,3420,WIPE,102.384,Asharia,P-baca25d85259e955,17,2460481.0,86.372,84.36,0.0,0.0,80103.0,5080.0,Tempest,1287083,8.0,inv_ability_poison_beam.jpg,110,False,68423.0,95861.0,247176.0,2789.0
yFTfaACXnD61KtLY,7,Sszorak,3420,WIPE,102.384,Novachronos,P-d8e2e25f74d6a935,15,2462964.0,88.855,86.79,0.0,0.0,0.0,2692.0,,,,,,,,,,
yFTfaACXnD61KtLY,7,Sszorak,3420,WIPE,102.384,Spàdes,P-4b77dd2f26623c73,2,2463286.0,89.177,87.1,0.0,0.0,0.0,6702.0,,,,,,,,,,
yFTfaACXnD61KtLY,7,Sszorak,3420,WIPE,102.384,Boomchicky,P-df9f05cc370f53e8,22,2463453.0,89.344,87.26,0.0,0.0,0.0,6985.0,,,,,,,,,,
yFTfaACXnD61KtLY,7,Sszorak,3420,WIPE,102.384,Shinier,P-fa0288594047c1a1,9,2463883.0,89.774,87.68,0.0,0.0,0.0,3218.0,,,,,,,,,,
yFTfaACXnD61KtLY,7,Sszorak,3420,WIPE,102.384,Grapeinator,P-e9906bf4e7d251b8,6,2465347.0,91.238,89.11,0.0,0.0,0.0,11969.0,,,,,,,,,,
yFTfaACXnD61KtLY,7,Sszorak,3420,WIPE,102.384,Tavendar,P-dd48d38ee5e5c55c,24,2465347.0,91.238,89.11,0.0,0.0,0.0,5996.0,,,,,,,,,,
yFTfaACXnD61KtLY,7,Sszorak,3420,WIPE,102.384,Decayed,P-584cf7139227dcac,21,2466941.0,92.832,90.67,0.0,0.0,0.0,5985.0,,,,,,,,,,
yFTfaACXnD61KtLY,7,Sszorak,3420,WIPE,102.384,Averlis,P-77b140a1e9d7fba2,3,2466964.0,92.855,90.69,0.0,0.0,0.0,4989.0,,,,,,,,,,
yFTfaACXnD61KtLY,7,Sszorak,3420,WIPE,102.384,Littlejohn,P-fe200ff8c0c12962,11,2468012.0,93.903,91.72,0.0,0.0,0.0,14703.0,,,,,,,,,,
yFTfaACXnD61KtLY,7,Sszorak,3420,WIPE,102.384,Sinfxl,P-59860c89738c2525,4,2469051.0,94.942,92.73,0.0,0.0,0.0,10985.0,,,,,,,,,,
yFTfaACXnD61KtLY,7,Sszorak,3420,WIPE,102.384,Ämon,P-26f181f915fe34c3,13,2471028.0,96.919,94.66,0.0,0.0,273021.0,2958.0,Melee,1,1.0,inv_axe_02.jpg,110,False,503834.0,556807.0,1333662.0,0.0
yFTfaACXnD61KtLY,7,Sszorak,3420,WIPE,102.384,Lìllith,P-093da9358d901c39,14,2471264.0,97.155,94.89,0.0,0.0,0.0,10978.0,,,,,,,,,,
yFTfaACXnD61KtLY,7,Sszorak,3420,WIPE,102.384,Cainz,P-92aaa9e9d4ac9a58,18,2472883.0,98.774,96.47,0.0,0.0,0.0,29522.0,,,,,,,,,,
yFTfaACXnD61KtLY,7,Sszorak,3420,WIPE,102.384,Sälazar,P-448597313370c1df,10,2472884.0,98.775,96.48,0.0,0.0,657108.0,0.0,Melee,1,1.0,inv_axe_02.jpg,110,False,320376.0,221193.0,1307286.0,108609.0
yFTfaACXnD61KtLY,7,Sszorak,3420,WIPE,102.384,Greyseer,P-146fcdef511d70d4,19,2474085.0,99.976,97.65,0.0,0.0,46957.0,13375.0,Ula'tek's Presence,1285965,8.0,achievement_dungeon_templeofsethraliss.jpg,,False,2567.0,12270.0,61794.0,0.0
yFTfaACXnD61KtLY,7,Sszorak,3420,WIPE,102.384,Monfro,P-930377bb7fd85d97,20,2474086.0,99.977,97.65,0.0,0.0,32610.0,0.0,Ula'tek's Presence,1285965,8.0,achievement_dungeon_templeofsethraliss.jpg,,False,20136.0,9048.0,61794.0,0.0
yFTfaACXnD61KtLY,8,Sszorak,3420,WIPE,120.08,Stellanoova,P-6168b2209e9e02a1,12,2657200.0,64.806,53.97,0.0,0.0,4240225.0,0.0,Mutilate,1285999,8.0,inv_ability_poison_missile.jpg,110,False,1097056.0,3164592.0,12056762.0,3554889.0
yFTfaACXnD61KtLY,8,Sszorak,3420,WIPE,120.08,Ämon,P-26f181f915fe34c3,13,2692962.0,100.568,83.75,0.0,0.0,962.0,4587.0,Viscous Cyst,1287205,8.0,inv_ability_poison_nova.jpg,110,False,283425.0,55479.0,339866.0,0.0
yFTfaACXnD61KtLY,8,Sszorak,3420,WIPE,120.08,Sinfxl,P-59860c89738c2525,4,2692964.0,100.57,83.75,0.0,0.0,64945.0,6575.0,Viscous Cyst,1287205,8.0,inv_ability_poison_nova.jpg,110,False,158417.0,91686.0,339866.0,24818.0
yFTfaACXnD61KtLY,8,Sszorak,3420,WIPE,120.08,Averlis,P-77b140a1e9d7fba2,3,2694129.0,101.735,84.72,0.0,0.0,130183.0,9728.0,Viscous Cyst,1287205,8.0,inv_ability_poison_nova.jpg,110,False,137903.0,71780.0,339866.0,0.0
yFTfaACXnD61KtLY,8,Sszorak,3420,WIPE,120.08,Novachronos,P-d8e2e25f74d6a935,15,2694130.0,101.736,84.72,0.0,0.0,8322.0,23752.0,Viscous Cyst,1287205,8.0,inv_ability_poison_nova.jpg,110,False,188531.0,58648.0,339866.0,84365.0
yFTfaACXnD61KtLY,8,Sszorak,3420,WIPE,120.08,Mets,P-0535c10c91d1eeda,23,2694131.0,101.737,84.72,0.0,0.0,70783.0,13442.0,Viscous Cyst,1287205,8.0,inv_ability_poison_nova.jpg,110,False,64829.0,68642.0,339866.0,135612.0
yFTfaACXnD61KtLY,8,Sszorak,3420,WIPE,120.08,Spàdes,P-4b77dd2f26623c73,2,2694133.0,101.739,84.73,0.0,0.0,3349.0,5756.0,Viscous Cyst,1287205,8.0,inv_ability_poison_nova.jpg,110,False,249400.0,87117.0,339866.0,0.0
yFTfaACXnD61KtLY,8,Sszorak,3420,WIPE,120.08,Maztajake,P-dc96b65209ad25d3,16,2694134.0,101.74,84.73,0.0,0.0,237917.0,45744.0,Viscous Cyst,1287205,8.0,inv_ability_poison_nova.jpg,110,False,40954.0,60995.0,339866.0,0.0
yFTfaACXnD61KtLY,8,Sszorak,3420,WIPE,120.08,Greyseer,P-146fcdef511d70d4,19,2694388.0,101.994,84.94,0.0,0.0,35142.0,11706.0,Ula'tek's Presence,1285965,8.0,achievement_dungeon_templeofsethraliss.jpg,,False,9787.0,16865.0,61794.0,0.0
yFTfaACXnD61KtLY,8,Sszorak,3420,WIPE,120.08,Asharia,P-baca25d85259e955,17,2695153.0,102.759,85.58,0.0,0.0,161549.0,5418.0,Viscous Cyst,1287205,8.0,inv_ability_poison_nova.jpg,110,False,41681.0,120858.0,339866.0,15778.0
yFTfaACXnD61KtLY,8,Sszorak,3420,WIPE,120.08,Cainz,P-92aaa9e9d4ac9a58,18,2695153.0,102.759,85.58,0.0,0.0,36222.0,7432.0,Viscous Cyst,1287205,8.0,inv_ability_poison_nova.jpg,110,False,5676.0,297968.0,339866.0,0.0
yFTfaACXnD61KtLY,8,Sszorak,3420,WIPE,120.08,Boomchicky,P-df9f05cc370f53e8,22,2695154.0,102.76,85.58,0.0,0.0,186284.0,16766.0,Viscous Cyst,1287205,8.0,inv_ability_poison_nova.jpg,110,False,51758.0,101824.0,339866.0,0.0
yFTfaACXnD61KtLY,8,Sszorak,3420,WIPE,120.08,Chontosh,P-81cad9c290ac9716,7,2695159.0,102.765,85.58,0.0,0.0,71917.0,2192.0,Viscous Cyst,1287205,8.0,inv_ability_poison_nova.jpg,110,False,179968.0,87981.0,339866.0,0.0
yFTfaACXnD61KtLY,8,Sszorak,3420,WIPE,120.08,Tavendar,P-dd48d38ee5e5c55c,24,2695950.0,103.556,86.24,0.0,0.0,34777.0,11556.0,Viscous Cyst,1287205,8.0,inv_ability_poison_nova.jpg,110,False,12981.0,45352.0,111228.0,18118.0
yFTfaACXnD61KtLY,8,Sszorak,3420,WIPE,120.08,Lìllith,P-093da9358d901c39,14,2696141.0,103.747,86.4,0.0,0.0,0.0,6258.0,,,,,,,,,,
yFTfaACXnD61KtLY,8,Sszorak,3420,WIPE,120.08,Sälazar,P-448597313370c1df,10,2696697.0,104.303,86.86,0.0,0.0,9234.0,24301.0,Raging Crosswinds,1285616,8.0,ability_skyreach_wind.jpg,110,False,146043.0,136440.0,308969.0,17252.0
yFTfaACXnD61KtLY,8,Sszorak,3420,WIPE,120.08,Grapeinator,P-e9906bf4e7d251b8,6,2698516.0,106.122,88.38,0.0,0.0,0.0,29562.0,,,,,,,,,,
yFTfaACXnD61KtLY,8,Sszorak,3420,WIPE,120.08,Littlejohn,P-fe200ff8c0c12962,11,2704896.0,112.502,93.69,0.0,0.0,0.0,7978.0,,,,,,,,,,
yFTfaACXnD61KtLY,8,Sszorak,3420,WIPE,120.08,Stellanoova,P-6168b2209e9e02a1,12,2705152.0,112.758,93.9,0.0,0.0,0.0,9982.0,,,,,,,,,,
yFTfaACXnD61KtLY,8,Sszorak,3420,WIPE,120.08,Shinier,P-fa0288594047c1a1,9,2705848.0,113.454,94.48,0.0,0.0,0.0,14455.0,,,,,,,,,,
yFTfaACXnD61KtLY,8,Sszorak,3420,WIPE,120.08,Soliloquy,P-ace0c6b4dcb42bd6,1,2708318.0,115.924,96.54,0.0,0.0,0.0,23706.0,,,,,,,,,,
yFTfaACXnD61KtLY,8,Sszorak,3420,WIPE,120.08,Monfro,P-930377bb7fd85d97,20,2709324.0,116.93,97.38,0.0,0.0,0.0,20464.0,,,,,,,,,,
yFTfaACXnD61KtLY,9,Sszorak,3420,WIPE,155.587,Littlejohn,P-fe200ff8c0c12962,11,2887177.0,52.672,33.85,0.0,0.0,6042.0,7529.0,Tempest,1287083,8.0,inv_ability_poison_beam.jpg,110,False,74046.0,25093.0,148305.0,43124.0
yFTfaACXnD61KtLY,9,Sszorak,3420,WIPE,155.587,Novachronos,P-d8e2e25f74d6a935,15,2892813.0,58.308,37.48,0.0,0.0,0.0,29374.0,,,,,,,,,,
yFTfaACXnD61KtLY,9,Sszorak,3420,WIPE,155.587,Monfro,P-930377bb7fd85d97,20,2892814.0,58.309,37.48,0.0,0.0,0.0,7999.0,,,,,,,,,,
yFTfaACXnD61KtLY,9,Sszorak,3420,WIPE,155.587,Lìllith,P-093da9358d901c39,14,2893291.0,58.786,37.78,0.0,0.0,0.0,13236.0,,,,,,,,,,
yFTfaACXnD61KtLY,9,Sszorak,3420,WIPE,155.587,Sälazar,P-448597313370c1df,10,2897120.0,62.615,40.24,0.0,0.0,0.0,28996.0,,,,,,,,,,
yFTfaACXnD61KtLY,9,Sszorak,3420,WIPE,155.587,Averlis,P-77b140a1e9d7fba2,3,2952328.0,117.823,75.73,0.0,0.0,43771.0,7841.0,Viscous Cyst,1287205,8.0,inv_ability_poison_nova.jpg,110,False,14721.0,15660.0,74152.0,0.0
yFTfaACXnD61KtLY,9,Sszorak,3420,WIPE,155.587,Maztajake,P-dc96b65209ad25d3,16,2952495.0,117.99,75.84,0.0,0.0,10595.0,6034.0,Ula'tek's Presence,1285965,8.0,achievement_dungeon_templeofsethraliss.jpg,,False,40109.0,11090.0,61794.0,0.0
yFTfaACXnD61KtLY,9,Sszorak,3420,WIPE,155.587,Sinfxl,P-59860c89738c2525,4,2961270.0,126.765,81.48,0.0,0.0,0.0,6872.0,,,,,,,,,,
yFTfaACXnD61KtLY,9,Sszorak,3420,WIPE,155.587,Mets,P-0535c10c91d1eeda,23,2961680.0,127.175,81.74,0.0,0.0,0.0,1028.0,,,,,,,,,,
yFTfaACXnD61KtLY,9,Sszorak,3420,WIPE,155.587,Greyseer,P-146fcdef511d70d4,19,2961893.0,127.388,81.88,0.0,0.0,0.0,2008.0,,,,,,,,,,
yFTfaACXnD61KtLY,9,Sszorak,3420,WIPE,155.587,Grapeinator,P-e9906bf4e7d251b8,6,2962011.0,127.506,81.95,0.0,0.0,0.0,2007.0,,,,,,,,,,
yFTfaACXnD61KtLY,9,Sszorak,3420,WIPE,155.587,Stellanoova,P-6168b2209e9e02a1,12,2981575.0,147.07,94.53,0.0,0.0,0.0,5476.0,,,,,,,,,,
yFTfaACXnD61KtLY,9,Sszorak,3420,WIPE,155.587,Asharia,P-baca25d85259e955,17,2981669.0,147.164,94.59,0.0,0.0,0.0,0.0,,,,,,,,,,
yFTfaACXnD61KtLY,9,Sszorak,3420,WIPE,155.587,Boomchicky,P-df9f05cc370f53e8,22,2981903.0,147.398,94.74,0.0,0.0,0.0,0.0,,,,,,,,,,
yFTfaACXnD61KtLY,9,Sszorak,3420,WIPE,155.587,Cainz,P-92aaa9e9d4ac9a58,18,2982768.0,148.263,95.29,0.0,0.0,0.0,0.0,,,,,,,,,,
yFTfaACXnD61KtLY,9,Sszorak,3420,WIPE,155.587,Shinier,P-fa0288594047c1a1,9,2983679.0,149.174,95.88,0.0,0.0,0.0,5022.0,,,,,,,,,,
yFTfaACXnD61KtLY,9,Sszorak,3420,WIPE,155.587,Soliloquy,P-ace0c6b4dcb42bd6,1,2984660.0,150.155,96.51,0.0,0.0,0.0,4003.0,,,,,,,,,,
yFTfaACXnD61KtLY,9,Sszorak,3420,WIPE,155.587,Decayed,P-584cf7139227dcac,21,2985155.0,150.65,96.83,0.0,0.0,0.0,4003.0,,,,,,,,,,
yFTfaACXnD61KtLY,9,Sszorak,3420,WIPE,155.587,Chontosh,P-81cad9c290ac9716,7,2986090.0,151.585,97.43,0.0,0.0,0.0,5993.0,,,,,,,,,,
yFTfaACXnD61KtLY,9,Sszorak,3420,WIPE,155.587,Spàdes,P-4b77dd2f26623c73,2,2986437.0,151.932,97.65,0.0,0.0,0.0,7958.0,,,,,,,,,,
yFTfaACXnD61KtLY,9,Sszorak,3420,WIPE,155.587,Tavendar,P-dd48d38ee5e5c55c,24,2987088.0,152.583,98.07,0.0,0.0,0.0,5992.0,,,,,,,,,,
yFTfaACXnD61KtLY,9,Sszorak,3420,WIPE,155.587,Ämon,P-26f181f915fe34c3,13,2987745.0,153.24,98.49,0.0,0.0,0.0,8018.0,,,,,,,,,,
yFTfaACXnD61KtLY,10,Sszorak,3420,WIPE,83.675,Ämon,P-26f181f915fe34c3,13,3248874.0,52.148,62.32,0.0,0.0,89828.0,6975.0,Raging Crosswinds,1285616,8.0,ability_skyreach_wind.jpg,110,False,168706.0,50435.0,308969.0,0.0
yFTfaACXnD61KtLY,10,Sszorak,3420,WIPE,83.675,Greyseer,P-146fcdef511d70d4,19,3248875.0,52.149,62.32,0.0,0.0,96454.0,7065.0,Raging Crosswinds,1285616,8.0,ability_skyreach_wind.jpg,110,False,151165.0,61350.0,308969.0,0.0
yFTfaACXnD61KtLY,10,Sszorak,3420,WIPE,83.675,Lìllith,P-093da9358d901c39,14,3254873.0,58.147,69.49,0.0,0.0,0.0,13017.0,,,,,,,,,,
yFTfaACXnD61KtLY,10,Sszorak,3420,WIPE,83.675,Decayed,P-584cf7139227dcac,21,3255104.0,58.378,69.77,0.0,0.0,0.0,2000.0,,,,,,,,,,
yFTfaACXnD61KtLY,10,Sszorak,3420,WIPE,83.675,Soliloquy,P-ace0c6b4dcb42bd6,1,3255595.0,58.869,70.35,0.0,0.0,0.0,0.0,,,,,,,,,,
yFTfaACXnD61KtLY,10,Sszorak,3420,WIPE,83.675,Cainz,P-92aaa9e9d4ac9a58,18,3257552.0,60.826,72.69,0.0,0.0,637395.0,0.0,Mutilate,1285999,8.0,inv_ability_poison_missile.jpg,110,False,769220.0,567138.0,3840490.0,1866737.0
yFTfaACXnD61KtLY,10,Sszorak,3420,WIPE,83.675,Stellanoova,P-6168b2209e9e02a1,12,3257553.0,60.827,72.69,0.0,0.0,411934.0,0.0,Mutilate,1285999,8.0,inv_ability_poison_missile.jpg,110,False,1102200.0,858953.0,3840490.0,1467403.0
yFTfaACXnD61KtLY,10,Sszorak,3420,WIPE,83.675,Boomchicky,P-df9f05cc370f53e8,22,3257554.0,60.828,72.7,0.0,0.0,1981029.0,0.0,Mutilate,1285999,8.0,inv_ability_poison_missile.jpg,110,False,835707.0,1023754.0,3840490.0,0.0
yFTfaACXnD61KtLY,10,Sszorak,3420,WIPE,83.675,Littlejohn,P-fe200ff8c0c12962,11,3261519.0,64.793,77.43,0.0,0.0,255245.0,19555.0,Ravage,1277101,1.0,inv_10_specialreagentfoozles_tuskclaw-black.jpg,110,False,483119.0,792819.0,2162786.0,631603.0
yFTfaACXnD61KtLY,10,Sszorak,3420,WIPE,83.675,Grapeinator,P-e9906bf4e7d251b8,6,3261520.0,64.794,77.44,0.0,0.0,799081.0,0.0,Ravage,1277101,1.0,inv_10_specialreagentfoozles_tuskclaw-black.jpg,110,False,440846.0,903817.0,2162786.0,19042.0
yFTfaACXnD61KtLY,10,Sszorak,3420,WIPE,83.675,Chontosh,P-81cad9c290ac9716,7,3261521.0,64.795,77.44,0.0,0.0,365727.0,0.0,Ravage,1277101,1.0,inv_10_specialreagentfoozles_tuskclaw-black.jpg,110,False,454031.0,1017079.0,2162786.0,325949.0
yFTfaACXnD61KtLY,10,Sszorak,3420,WIPE,83.675,Asharia,P-baca25d85259e955,17,3263795.0,67.069,80.15,0.0,0.0,11569.0,23084.0,Tempest,1287083,8.0,inv_ability_poison_beam.jpg,110,False,125686.0,48127.0,185382.0,0.0
yFTfaACXnD61KtLY,10,Sszorak,3420,WIPE,83.675,Sinfxl,P-59860c89738c2525,4,3265525.0,68.799,82.22,0.0,0.0,5791343.0,0.0,Mutilate,1285999,8.0,inv_ability_poison_missile.jpg,110,False,582898.0,4308105.0,11521471.0,839125.0
yFTfaACXnD61KtLY,10,Sszorak,3420,WIPE,83.675,Mets,P-0535c10c91d1eeda,23,3266328.0,69.602,83.18,0.0,0.0,0.0,25979.0,,,,,,,,,,
yFTfaACXnD61KtLY,10,Sszorak,3420,WIPE,83.675,Spàdes,P-4b77dd2f26623c73,2,3267444.0,70.718,84.52,0.0,0.0,0.0,8017.0,,,,,,,,,,
yFTfaACXnD61KtLY,10,Sszorak,3420,WIPE,83.675,Shinier,P-fa0288594047c1a1,9,3267622.0,70.896,84.73,0.0,0.0,0.0,0.0,,,,,,,,,,
yFTfaACXnD61KtLY,10,Sszorak,3420,WIPE,83.675,Tavendar,P-dd48d38ee5e5c55c,24,3269358.0,72.632,86.8,0.0,0.0,0.0,25981.0,,,,,,,,,,
yFTfaACXnD61KtLY,10,Sszorak,3420,WIPE,83.675,Sälazar,P-448597313370c1df,10,3273526.0,76.8,91.78,0.0,0.0,0.0,17998.0,,,,,,,,,,
yFTfaACXnD61KtLY,10,Sszorak,3420,WIPE,83.675,Averlis,P-77b140a1e9d7fba2,3,3273985.0,77.259,92.33,0.0,0.0,74464.0,0.0,Ravage,1277101,1.0,inv_10_specialreagentfoozles_tuskclaw-black.jpg,110,False,796717.0,907068.0,2162786.0,384537.0
yFTfaACXnD61KtLY,10,Sszorak,3420,WIPE,83.675,Monfro,P-930377bb7fd85d97,20,3274766.0,78.04,93.27,0.0,0.0,0.0,11990.0,,,,,,,,,,
yFTfaACXnD61KtLY,10,Sszorak,3420,WIPE,83.675,Novachronos,P-d8e2e25f74d6a935,15,3275298.0,78.572,93.9,0.0,0.0,0.0,4014.0,,,,,,,,,,
yFTfaACXnD61KtLY,11,Sszorak,3420,WIPE,114.192,Greyseer,P-146fcdef511d70d4,19,3502821.0,87.999,77.06,0.0,0.0,17607.0,9996.0,Ula'tek's Presence,1285965,8.0,achievement_dungeon_templeofsethraliss.jpg,,False,8287.0,16865.0,61794.0,19035.0
yFTfaACXnD61KtLY,11,Sszorak,3420,WIPE,114.192,Soliloquy,P-ace0c6b4dcb42bd6,1,3504992.0,90.17,78.96,0.0,0.0,13639.0,12843.0,Tempest,1287083,8.0,inv_ability_poison_beam.jpg,110,False,81566.0,28383.0,123588.0,0.0
yFTfaACXnD61KtLY,11,Sszorak,3420,WIPE,114.192,Mets,P-0535c10c91d1eeda,23,3521008.0,106.186,92.99,0.0,0.0,98972.0,8524.0,Viscous Cyst,1287205,8.0,inv_ability_poison_nova.jpg,110,False,172253.0,68641.0,339866.0,0.0
yFTfaACXnD61KtLY,11,Sszorak,3420,WIPE,114.192,Shinier,P-fa0288594047c1a1,9,3521008.0,106.186,92.99,0.0,0.0,30636.0,4145.0,Viscous Cyst,1287205,8.0,inv_ability_poison_nova.jpg,110,False,250666.0,58564.0,339866.0,0.0
yFTfaACXnD61KtLY,11,Sszorak,3420,WIPE,114.192,Asharia,P-baca25d85259e955,17,3522295.0,107.473,94.12,0.0,0.0,85958.0,9483.0,Viscous Cyst,1287205,8.0,inv_ability_poison_nova.jpg,110,False,100717.0,98459.0,339866.0,54732.0
yFTfaACXnD61KtLY,11,Sszorak,3420,WIPE,114.192,Sinfxl,P-59860c89738c2525,4,3522296.0,107.474,94.12,0.0,0.0,97207.0,8477.0,Viscous Cyst,1287205,8.0,inv_ability_poison_nova.jpg,110,False,114987.0,104095.0,339866.0,23577.0
yFTfaACXnD61KtLY,11,Sszorak,3420,WIPE,114.192,Cainz,P-92aaa9e9d4ac9a58,18,3522841.0,108.019,94.59,0.0,0.0,39457.0,1985.0,Ula'tek's Presence,1285965,8.0,achievement_dungeon_templeofsethraliss.jpg,,False,15984.0,6353.0,61794.0,0.0
yFTfaACXnD61KtLY,11,Sszorak,3420,WIPE,114.192,Ämon,P-26f181f915fe34c3,13,3523591.0,108.769,95.25,0.0,0.0,0.0,6150.0,,,,,,,,,,
yFTfaACXnD61KtLY,11,Sszorak,3420,WIPE,114.192,Mypriiest,P-78c2f253b8a33ced,8,3523592.0,108.77,95.25,0.0,0.0,0.0,2143.0,,,,,,,,,,
yFTfaACXnD61KtLY,11,Sszorak,3420,WIPE,114.192,Tavendar,P-dd48d38ee5e5c55c,24,3523856.0,109.034,95.48,0.0,0.0,0.0,4154.0,,,,,,,,,,
yFTfaACXnD61KtLY,11,Sszorak,3420,WIPE,114.192,Lìllith,P-093da9358d901c39,14,3523899.0,109.077,95.52,0.0,0.0,0.0,11009.0,,,,,,,,,,
yFTfaACXnD61KtLY,11,Sszorak,3420,WIPE,114.192,Spàdes,P-4b77dd2f26623c73,2,3523900.0,109.078,95.52,0.0,0.0,0.0,4153.0,,,,,,,,,,
yFTfaACXnD61KtLY,11,Sszorak,3420,WIPE,114.192,Chontosh,P-81cad9c290ac9716,7,3523994.0,109.172,95.6,0.0,0.0,38976.0,9169.0,Viscous Cyst,1287205,8.0,inv_ability_poison_nova.jpg,110,False,13241.0,19053.0,74152.0,2882.0
yFTfaACXnD61KtLY,11,Sszorak,3420,WIPE,114.192,Novachronos,P-d8e2e25f74d6a935,15,3524077.0,109.255,95.68,0.0,0.0,0.0,3137.0,,,,,,,,,,
yFTfaACXnD61KtLY,11,Sszorak,3420,WIPE,114.192,Grapeinator,P-e9906bf4e7d251b8,6,3524739.0,109.917,96.26,0.0,0.0,0.0,7617.0,,,,,,,,,,
yFTfaACXnD61KtLY,11,Sszorak,3420,WIPE,114.192,Sälazar,P-448597313370c1df,10,3524965.0,110.143,96.45,0.0,0.0,40223.0,5139.0,Viscous Cyst,1287205,8.0,inv_ability_poison_nova.jpg,110,False,13826.0,14098.0,74152.0,6005.0
yFTfaACXnD61KtLY,11,Sszorak,3420,WIPE,114.192,Monfro,P-930377bb7fd85d97,20,3525001.0,110.179,96.49,0.0,0.0,0.0,10685.0,,,,,,,,,,
yFTfaACXnD61KtLY,11,Sszorak,3420,WIPE,114.192,Decayed,P-584cf7139227dcac,21,3525085.0,110.263,96.56,0.0,0.0,0.0,4146.0,,,,,,,,,,
yFTfaACXnD61KtLY,11,Sszorak,3420,WIPE,114.192,Averlis,P-77b140a1e9d7fba2,3,3525162.0,110.34,96.63,0.0,0.0,0.0,4147.0,,,,,,,,,,
yFTfaACXnD61KtLY,11,Sszorak,3420,WIPE,114.192,Stellanoova,P-6168b2209e9e02a1,12,3525279.0,110.457,96.73,0.0,0.0,0.0,10685.0,,,,,,,,,,
yFTfaACXnD61KtLY,11,Sszorak,3420,WIPE,114.192,Boomchicky,P-df9f05cc370f53e8,22,3525370.0,110.548,96.81,0.0,0.0,0.0,10172.0,,,,,,,,,,
yFTfaACXnD61KtLY,11,Sszorak,3420,WIPE,114.192,Littlejohn,P-fe200ff8c0c12962,11,3528824.0,114.002,99.83,0.0,0.0,1856.0,11971.0,Ula'tek's Presence,1285965,8.0,achievement_dungeon_templeofsethraliss.jpg,,False,30430.0,12124.0,61794.0,17384.0
yFTfaACXnD61KtLY,12,Sszorak,3420,WIPE,138.231,Mets,P-0535c10c91d1eeda,23,3746956.0,104.335,75.48,0.0,0.0,44682.0,10330.0,Raging Crosswinds,1285616,8.0,ability_skyreach_wind.jpg,110,False,201886.0,62401.0,308969.0,0.0
yFTfaACXnD61KtLY,12,Sszorak,3420,WIPE,138.231,Asharia,P-baca25d85259e955,17,3750285.0,107.664,77.89,0.0,0.0,74242.0,10191.0,Tempest,1287083,8.0,inv_ability_poison_beam.jpg,110,False,26355.0,47708.0,148305.0,0.0
yFTfaACXnD61KtLY,12,Sszorak,3420,WIPE,138.231,Averlis,P-77b140a1e9d7fba2,3,3750881.0,108.26,78.32,0.0,0.0,23520.0,14253.0,Viscous Cyst,1287205,8.0,inv_ability_poison_nova.jpg,110,False,221091.0,95255.0,339866.0,0.0
yFTfaACXnD61KtLY,12,Sszorak,3420,WIPE,138.231,Ämon,P-26f181f915fe34c3,13,3751962.0,109.341,79.1,0.0,0.0,169512.0,12011.0,Viscous Cyst,1287205,8.0,inv_ability_poison_nova.jpg,110,False,88489.0,81865.0,339866.0,0.0
yFTfaACXnD61KtLY,12,Sszorak,3420,WIPE,138.231,Sälazar,P-448597313370c1df,10,3751963.0,109.342,79.1,0.0,0.0,104851.0,8358.0,Viscous Cyst,1287205,8.0,inv_ability_poison_nova.jpg,110,False,49914.0,114500.0,339866.0,70601.0
yFTfaACXnD61KtLY,12,Sszorak,3420,WIPE,138.231,Greyseer,P-146fcdef511d70d4,19,3751964.0,109.343,79.1,0.0,0.0,108835.0,15332.0,Viscous Cyst,1287205,8.0,inv_ability_poison_nova.jpg,110,False,128840.0,102191.0,339866.0,0.0
yFTfaACXnD61KtLY,12,Sszorak,3420,WIPE,138.231,Boomchicky,P-df9f05cc370f53e8,22,3751967.0,109.346,79.1,0.0,0.0,65780.0,23357.0,Viscous Cyst,1287205,8.0,inv_ability_poison_nova.jpg,110,False,172263.0,101823.0,339866.0,0.0
yFTfaACXnD61KtLY,12,Sszorak,3420,WIPE,138.231,Soliloquy,P-ace0c6b4dcb42bd6,1,3751968.0,109.347,79.1,0.0,0.0,68986.0,9860.0,Viscous Cyst,1287205,8.0,inv_ability_poison_nova.jpg,110,False,206607.0,64273.0,339866.0,0.0
yFTfaACXnD61KtLY,12,Sszorak,3420,WIPE,138.231,Lìllith,P-093da9358d901c39,14,3752239.0,109.618,79.3,0.0,0.0,39894.0,12120.0,Tempest,1287083,8.0,inv_ability_poison_beam.jpg,110,False,4916.0,12006.0,61794.0,4978.0
yFTfaACXnD61KtLY,12,Sszorak,3420,WIPE,138.231,Littlejohn,P-fe200ff8c0c12962,11,3753563.0,110.942,80.26,0.0,0.0,0.0,3370.0,Falling,3,1.0,inv_axe_02.jpg,,,,,,
yFTfaACXnD61KtLY,12,Sszorak,3420,WIPE,138.231,Novachronos,P-d8e2e25f74d6a935,15,3753671.0,111.05,80.34,0.0,0.0,33158.0,15060.0,Viscous Cyst,1287205,8.0,inv_ability_poison_nova.jpg,110,False,1.0,27733.0,111228.0,54271.0
yFTfaACXnD61KtLY,12,Sszorak,3420,WIPE,138.231,Spàdes,P-4b77dd2f26623c73,2,3753672.0,111.051,80.34,0.0,0.0,52167.0,4022.0,Viscous Cyst,1287205,8.0,inv_ability_poison_nova.jpg,110,False,19460.0,36576.0,111228.0,3025.0
yFTfaACXnD61KtLY,12,Sszorak,3420,WIPE,138.231,Monfro,P-930377bb7fd85d97,20,3754791.0,112.17,81.15,0.0,0.0,0.0,22036.0,,,,,,,,,,
yFTfaACXnD61KtLY,12,Sszorak,3420,WIPE,138.231,Sinfxl,P-59860c89738c2525,4,3754863.0,112.242,81.2,0.0,0.0,0.0,3769.0,,,,,,,,,,
yFTfaACXnD61KtLY,12,Sszorak,3420,WIPE,138.231,Chontosh,P-81cad9c290ac9716,7,3754866.0,112.245,81.2,0.0,0.0,0.0,14553.0,,,,,,,,,,
yFTfaACXnD61KtLY,12,Sszorak,3420,WIPE,138.231,Decayed,P-584cf7139227dcac,21,3754968.0,112.347,81.27,0.0,0.0,0.0,6053.0,,,,,,,,,,
yFTfaACXnD61KtLY,12,Sszorak,3420,WIPE,138.231,Cainz,P-92aaa9e9d4ac9a58,18,3755155.0,112.534,81.41,0.0,0.0,0.0,4998.0,,,,,,,,,,
yFTfaACXnD61KtLY,12,Sszorak,3420,WIPE,138.231,Stellanoova,P-6168b2209e9e02a1,12,3755234.0,112.613,81.47,0.0,0.0,0.0,14481.0,,,,,,,,,,
yFTfaACXnD61KtLY,12,Sszorak,3420,WIPE,138.231,Shinier,P-fa0288594047c1a1,9,3762588.0,119.967,86.79,0.0,0.0,0.0,0.0,,,,,,,,,,
yFTfaACXnD61KtLY,12,Sszorak,3420,WIPE,138.231,Grapeinator,P-e9906bf4e7d251b8,6,3764192.0,121.571,87.95,0.0,0.0,0.0,0.0,,,,,,,,,,
yFTfaACXnD61KtLY,12,Sszorak,3420,WIPE,138.231,Tavendar,P-dd48d38ee5e5c55c,24,3769614.0,126.993,91.87,0.0,0.0,0.0,29222.0,,,,,,,,,,
yFTfaACXnD61KtLY,12,Sszorak,3420,WIPE,138.231,Mypriiest,P-78c2f253b8a33ced,8,3780676.0,138.055,99.87,0.0,0.0,0.0,16006.0,,,,,,,,,,
yFTfaACXnD61KtLY,13,Sszorak,3420,WIPE,438.41,Chontosh,P-81cad9c290ac9716,7,4075719.0,146.742,33.47,0.0,0.0,446396.0,0.0,Ravage,1277101,1.0,inv_10_specialreagentfoozles_tuskclaw-black.jpg,110,False,734745.0,981645.0,2162786.0,0.0
yFTfaACXnD61KtLY,13,Sszorak,3420,WIPE,438.41,Greyseer,P-146fcdef511d70d4,19,4088202.0,159.225,36.32,0.0,0.0,120264.0,5824.0,Mutilate,1285999,8.0,inv_ability_poison_missile.jpg,110,False,221726.0,84731.0,426721.0,0.0
yFTfaACXnD61KtLY,13,Sszorak,3420,WIPE,438.41,Spàdes,P-4b77dd2f26623c73,2,4088203.0,159.226,36.32,0.0,0.0,8854.0,23790.0,Mutilate,1285999,8.0,inv_ability_poison_missile.jpg,110,False,306837.0,111030.0,426721.0,0.0
yFTfaACXnD61KtLY,13,Sszorak,3420,WIPE,438.41,Ämon,P-26f181f915fe34c3,13,4119794.0,190.817,43.52,0.0,0.0,14244.0,7602.0,Tempest,1287083,8.0,inv_ability_poison_beam.jpg,110,False,87596.0,21748.0,123588.0,0.0
yFTfaACXnD61KtLY,13,Sszorak,3420,WIPE,438.41,Novachronos,P-d8e2e25f74d6a935,15,4119868.0,190.891,43.54,0.0,0.0,38383.0,10918.0,Tempest,1287083,8.0,inv_ability_poison_beam.jpg,110,False,59390.0,14952.0,123588.0,10863.0
yFTfaACXnD61KtLY,13,Sszorak,3420,WIPE,438.41,Soliloquy,P-ace0c6b4dcb42bd6,1,4127934.0,198.957,45.38,0.0,0.0,226831.0,0.0,Ravage,1277101,1.0,inv_10_specialreagentfoozles_tuskclaw-black.jpg,110,False,881760.0,885892.0,2162786.0,168303.0
yFTfaACXnD61KtLY,13,Sszorak,3420,WIPE,438.41,Averlis,P-77b140a1e9d7fba2,3,4184856.0,255.879,58.37,0.0,0.0,0.0,3054.0,,,,,,,,,,
yFTfaACXnD61KtLY,13,Sszorak,3420,WIPE,438.41,Littlejohn,P-fe200ff8c0c12962,11,4197915.0,268.938,61.34,0.0,0.0,0.0,0.0,,,,,,,,,,
yFTfaACXnD61KtLY,13,Sszorak,3420,WIPE,438.41,Mets,P-0535c10c91d1eeda,23,4278560.0,349.583,79.74,0.0,0.0,514563.0,0.0,Ravage,1277101,1.0,inv_10_specialreagentfoozles_tuskclaw-black.jpg,110,False,948990.0,699233.0,2162786.0,0.0
yFTfaACXnD61KtLY,13,Sszorak,3420,WIPE,438.41,Cainz,P-92aaa9e9d4ac9a58,18,4278562.0,349.585,79.74,0.0,0.0,747727.0,0.0,Ravage,1277101,1.0,inv_10_specialreagentfoozles_tuskclaw-black.jpg,110,False,769220.0,645839.0,2162786.0,0.0
yFTfaACXnD61KtLY,13,Sszorak,3420,WIPE,438.41,Chontosh,P-81cad9c290ac9716,7,4278566.0,349.589,79.74,0.0,0.0,443381.0,0.0,Ravage,1277101,1.0,inv_10_specialreagentfoozles_tuskclaw-black.jpg,110,False,695790.0,1023615.0,2162786.0,0.0
yFTfaACXnD61KtLY,13,Sszorak,3420,WIPE,438.41,Sinfxl,P-59860c89738c2525,4,4282544.0,353.567,80.65,0.0,0.0,1160816.0,0.0,Mutilate,1285999,8.0,inv_ability_poison_missile.jpg,110,False,757420.0,1709117.0,3840490.0,213137.0
yFTfaACXnD61KtLY,13,Sszorak,3420,WIPE,438.41,Lìllith,P-093da9358d901c39,14,4282545.0,353.568,80.65,0.0,0.0,1587870.0,0.0,Mutilate,1285999,8.0,inv_ability_poison_missile.jpg,110,False,697034.0,895161.0,3840490.0,660425.0
yFTfaACXnD61KtLY,13,Sszorak,3420,WIPE,438.41,Stellanoova,P-6168b2209e9e02a1,12,4282545.0,353.568,80.65,0.0,0.0,753687.0,0.0,Mutilate,1285999,8.0,inv_ability_poison_missile.jpg,110,False,1102200.0,905029.0,3840490.0,1079574.0
yFTfaACXnD61KtLY,13,Sszorak,3420,WIPE,438.41,Shinier,P-fa0288594047c1a1,9,4316508.0,387.531,88.39,0.0,0.0,0.0,6215.0,,,,,,,,,,
yFTfaACXnD61KtLY,13,Sszorak,3420,WIPE,438.41,Littlejohn,P-fe200ff8c0c12962,11,4344008.0,415.031,94.67,0.0,0.0,0.0,0.0,,,,,,,,,,
yFTfaACXnD61KtLY,13,Sszorak,3420,WIPE,438.41,Decayed,P-584cf7139227dcac,21,4344873.0,415.896,94.86,0.0,0.0,513255.0,0.0,Melee,1,1.0,inv_axe_02.jpg,110,False,1460960.0,5021298.0,7667331.0,671818.0
yFTfaACXnD61KtLY,13,Sszorak,3420,WIPE,438.41,Asharia,P-baca25d85259e955,17,4347126.0,418.149,95.38,0.0,0.0,4059937.0,0.0,Melee,1,1.0,inv_axe_02.jpg,110,False,621367.0,2696128.0,7378791.0,1359.0
yFTfaACXnD61KtLY,13,Sszorak,3420,WIPE,438.41,Grapeinator,P-e9906bf4e7d251b8,6,4347261.0,418.284,95.41,0.0,0.0,3241129.0,0.0,Melee,1,1.0,inv_axe_02.jpg,110,False,475014.0,3874484.0,7592518.0,1891.0
yFTfaACXnD61KtLY,13,Sszorak,3420,WIPE,438.41,Mypriiest,P-78c2f253b8a33ced,8,4351917.0,422.94,96.47,0.0,0.0,3241564.0,0.0,Mutilate,1285999,8.0,inv_ability_poison_missile.jpg,110,False,853668.0,1665503.0,5760735.0,0.0
yFTfaACXnD61KtLY,13,Sszorak,3420,WIPE,438.41,Boomchicky,P-df9f05cc370f53e8,22,4351918.0,422.941,96.47,0.0,0.0,3325830.0,0.0,Mutilate,1285999,8.0,inv_ability_poison_missile.jpg,110,False,708995.0,1725910.0,5760735.0,0.0
yFTfaACXnD61KtLY,13,Sszorak,3420,WIPE,438.41,Sälazar,P-448597313370c1df,10,4351918.0,422.941,96.47,0.0,0.0,2411970.0,0.0,Mutilate,1285999,8.0,inv_ability_poison_missile.jpg,110,False,605882.0,2407567.0,5760735.0,335316.0
yFTfaACXnD61KtLY,13,Sszorak,3420,WIPE,438.41,Tavendar,P-dd48d38ee5e5c55c,24,4359925.0,430.948,98.3,0.0,0.0,266599728.0,0.0,Mutilate,1285999,8.0,inv_ability_poison_missile.jpg,110,False,826672.0,0.0,69128824.0,66867428.0
yFTfaACXnD61KtLY,13,Sszorak,3420,WIPE,438.41,Monfro,P-930377bb7fd85d97,20,4366919.0,437.942,99.89,0.0,0.0,208325.0,11265.0,Ula'tek's Presence,1285965,8.0,achievement_dungeon_templeofsethraliss.jpg,,False,80513.0,81926.0,370764.0,0.0
yFTfaACXnD61KtLY,15,Sszorak,3420,WIPE,74.141,Spàdes,P-4b77dd2f26623c73,2,4567383.0,33.157,44.72,0.0,0.0,152992.0,4018.0,Tempest,1287083,8.0,inv_ability_poison_beam.jpg,110,False,57930.0,36254.0,247176.0,0.0
yFTfaACXnD61KtLY,15,Sszorak,3420,WIPE,74.141,Lìllith,P-093da9358d901c39,14,4574057.0,39.831,53.72,0.0,0.0,35282.0,5824.0,Tempest,1287083,8.0,inv_ability_poison_beam.jpg,110,False,55596.0,18099.0,123588.0,14611.0
yFTfaACXnD61KtLY,15,Sszorak,3420,WIPE,74.141,Soliloquy,P-ace0c6b4dcb42bd6,1,4574350.0,40.124,54.12,0.0,0.0,16998.0,11019.0,Mutilated Gash,1285998,8.0,ability_rogue_venomouswounds.jpg,110,False,51088.0,8088.0,76174.0,0.0
yFTfaACXnD61KtLY,15,Sszorak,3420,WIPE,74.141,Cainz,P-92aaa9e9d4ac9a58,18,4586369.0,52.143,70.33,0.0,0.0,209497.0,2167.0,Raging Crosswinds,1285616,8.0,ability_skyreach_wind.jpg,110,False,53845.0,45627.0,308969.0,0.0
yFTfaACXnD61KtLY,15,Sszorak,3420,WIPE,74.141,Boomchicky,P-df9f05cc370f53e8,22,4586370.0,52.144,70.33,0.0,0.0,127123.0,29032.0,Raging Crosswinds,1285616,8.0,ability_skyreach_wind.jpg,110,False,99484.0,82362.0,308969.0,0.0
yFTfaACXnD61KtLY,15,Sszorak,3420,WIPE,74.141,Sinfxl,P-59860c89738c2525,4,4586370.0,52.144,70.33,0.0,0.0,169048.0,19303.0,Raging Crosswinds,1285616,8.0,ability_skyreach_wind.jpg,110,False,23856.0,94632.0,308969.0,21433.0
yFTfaACXnD61KtLY,15,Sszorak,3420,WIPE,74.141,Grapeinator,P-e9906bf4e7d251b8,6,4586371.0,52.145,70.33,0.0,0.0,4093.0,2168.0,Raging Crosswinds,1285616,8.0,ability_skyreach_wind.jpg,110,False,224368.0,80508.0,308969.0,0.0
yFTfaACXnD61KtLY,15,Sszorak,3420,WIPE,74.141,Novachronos,P-d8e2e25f74d6a935,15,4586865.0,52.639,71.0,0.0,0.0,0.0,8334.0,,,,,,,,,,
yFTfaACXnD61KtLY,15,Sszorak,3420,WIPE,74.141,Ämon,P-26f181f915fe34c3,13,4587585.0,53.359,71.97,0.0,0.0,33854.0,6117.0,Viscous Cyst,1287205,8.0,inv_ability_poison_nova.jpg,110,False,30113.0,10185.0,74152.0,0.0
yFTfaACXnD61KtLY,15,Sszorak,3420,WIPE,74.141,Mets,P-0535c10c91d1eeda,23,4587586.0,53.36,71.97,0.0,0.0,6274.0,17333.0,Viscous Cyst,1287205,8.0,inv_ability_poison_nova.jpg,110,False,54732.0,13146.0,74152.0,0.0
yFTfaACXnD61KtLY,15,Sszorak,3420,WIPE,74.141,Greyseer,P-146fcdef511d70d4,19,4588124.0,53.898,72.7,0.0,0.0,0.0,7384.0,,,,,,,,,,
yFTfaACXnD61KtLY,15,Sszorak,3420,WIPE,74.141,Monfro,P-930377bb7fd85d97,20,4588848.0,54.622,73.67,0.0,0.0,0.0,7094.0,,,,,,,,,,
yFTfaACXnD61KtLY,15,Sszorak,3420,WIPE,74.141,Asharia,P-baca25d85259e955,17,4589196.0,54.97,74.14,0.0,0.0,8764.0,4649.0,Tempest,1287083,8.0,inv_ability_poison_beam.jpg,110,False,38868.0,14162.0,61794.0,0.0
yFTfaACXnD61KtLY,15,Sszorak,3420,WIPE,74.141,Stellanoova,P-6168b2209e9e02a1,12,4590948.0,56.722,76.51,0.0,0.0,0.0,7485.0,,,,,,,,,,
yFTfaACXnD61KtLY,15,Sszorak,3420,WIPE,74.141,Shinier,P-fa0288594047c1a1,9,4593350.0,59.124,79.75,0.0,0.0,0.0,10741.0,,,,,,,,,,
yFTfaACXnD61KtLY,15,Sszorak,3420,WIPE,74.141,Tavendar,P-dd48d38ee5e5c55c,24,4594994.0,60.768,81.96,0.0,0.0,0.0,0.0,,,,,,,,,,
yFTfaACXnD61KtLY,15,Sszorak,3420,WIPE,74.141,Littlejohn,P-fe200ff8c0c12962,11,4595089.0,60.863,82.09,0.0,0.0,0.0,10016.0,,,,,,,,,,
yFTfaACXnD61KtLY,15,Sszorak,3420,WIPE,74.141,Decayed,P-584cf7139227dcac,21,4595584.0,61.358,82.76,0.0,0.0,0.0,10000.0,,,,,,,,,,
yFTfaACXnD61KtLY,15,Sszorak,3420,WIPE,74.141,Sälazar,P-448597313370c1df,10,4599036.0,64.81,87.41,0.0,0.0,7806970.0,0.0,Mutilate,1285999,8.0,inv_ability_poison_missile.jpg,110,False,616509.0,2190404.0,11521471.0,907588.0
yFTfaACXnD61KtLY,15,Sszorak,3420,WIPE,74.141,Chontosh,P-81cad9c290ac9716,7,4600602.0,66.376,89.53,0.0,0.0,0.0,0.0,,,,,,,,,,
yFTfaACXnD61KtLY,15,Sszorak,3420,WIPE,74.141,Spàdes,P-4b77dd2f26623c73,2,4603034.0,68.808,92.81,0.0,0.0,0.0,6020.0,,,,,,,,,,
yFTfaACXnD61KtLY,15,Sszorak,3420,WIPE,74.141,Averlis,P-77b140a1e9d7fba2,3,4607505.0,73.279,98.84,0.0,0.0,609894.0,23971.0,Ravage,1277101,1.0,inv_10_specialreagentfoozles_tuskclaw-black.jpg,110,False,172769.0,980259.0,2162786.0,399864.0
yFTfaACXnD61KtLY,16,Sszorak,3420,WIPE,132.377,Spàdes,P-4b77dd2f26623c73,2,4775979.0,52.181,39.42,0.0,0.0,136577.0,8620.0,Raging Crosswinds,1285616,8.0,ability_skyreach_wind.jpg,110,False,116694.0,55698.0,308969.0,0.0
yFTfaACXnD61KtLY,16,Sszorak,3420,WIPE,132.377,Sinfxl,P-59860c89738c2525,4,4797154.0,73.356,55.41,0.0,0.0,1052391.0,0.0,Ravage,1277101,1.0,inv_10_specialreagentfoozles_tuskclaw-black.jpg,110,False,517272.0,418717.0,2162786.0,174406.0
yFTfaACXnD61KtLY,16,Sszorak,3420,WIPE,132.377,Greyseer,P-146fcdef511d70d4,19,4797156.0,73.358,55.42,0.0,0.0,593588.0,0.0,Ravage,1277101,1.0,inv_10_specialreagentfoozles_tuskclaw-black.jpg,110,False,819884.0,749314.0,2162786.0,0.0
yFTfaACXnD61KtLY,16,Sszorak,3420,WIPE,132.377,Stellanoova,P-6168b2209e9e02a1,12,4842692.0,118.894,89.81,0.0,0.0,0.0,2464.0,,,,,,,,,,
yFTfaACXnD61KtLY,16,Sszorak,3420,WIPE,132.377,Soliloquy,P-ace0c6b4dcb42bd6,1,4843237.0,119.439,90.23,0.0,0.0,0.0,0.0,,,,,,,,,,
yFTfaACXnD61KtLY,16,Sszorak,3420,WIPE,132.377,Tavendar,P-dd48d38ee5e5c55c,24,4843536.0,119.738,90.45,0.0,0.0,0.0,3992.0,,,,,,,,,,
yFTfaACXnD61KtLY,16,Sszorak,3420,WIPE,132.377,Mets,P-0535c10c91d1eeda,23,4843709.0,119.911,90.58,0.0,0.0,0.0,1980.0,,,,,,,,,,
yFTfaACXnD61KtLY,16,Sszorak,3420,WIPE,132.377,Ämon,P-26f181f915fe34c3,13,4844371.0,120.573,91.08,0.0,0.0,0.0,1980.0,,,,,,,,,,
yFTfaACXnD61KtLY,16,Sszorak,3420,WIPE,132.377,Averlis,P-77b140a1e9d7fba2,3,4844450.0,120.652,91.14,0.0,0.0,0.0,0.0,,,,,,,,,,
yFTfaACXnD61KtLY,16,Sszorak,3420,WIPE,132.377,Novachronos,P-d8e2e25f74d6a935,15,4844770.0,120.972,91.38,0.0,0.0,0.0,1995.0,,,,,,,,,,
yFTfaACXnD61KtLY,16,Sszorak,3420,WIPE,132.377,Chontosh,P-81cad9c290ac9716,7,4844804.0,121.006,91.41,0.0,0.0,0.0,0.0,,,,,,,,,,
yFTfaACXnD61KtLY,16,Sszorak,3420,WIPE,132.377,Lìllith,P-093da9358d901c39,14,4845080.0,121.282,91.62,0.0,0.0,0.0,4961.0,,,,,,,,,,
yFTfaACXnD61KtLY,16,Sszorak,3420,WIPE,132.377,Boomchicky,P-df9f05cc370f53e8,22,4846724.0,122.926,92.86,0.0,0.0,0.0,4555.0,,,,,,,,,,
yFTfaACXnD61KtLY,16,Sszorak,3420,WIPE,132.377,Shinier,P-fa0288594047c1a1,9,4846955.0,123.157,93.04,0.0,0.0,0.0,2561.0,,,,,,,,,,
yFTfaACXnD61KtLY,16,Sszorak,3420,WIPE,132.377,Mypriiest,P-78c2f253b8a33ced,8,4846956.0,123.158,93.04,0.0,0.0,0.0,4555.0,,,,,,,,,,
yFTfaACXnD61KtLY,16,Sszorak,3420,WIPE,132.377,Grapeinator,P-e9906bf4e7d251b8,6,4846957.0,123.159,93.04,0.0,0.0,0.0,2562.0,,,,,,,,,,
yFTfaACXnD61KtLY,16,Sszorak,3420,WIPE,132.377,Cainz,P-92aaa9e9d4ac9a58,18,4847490.0,123.692,93.44,0.0,0.0,0.0,7516.0,,,,,,,,,,
yFTfaACXnD61KtLY,16,Sszorak,3420,WIPE,132.377,Sälazar,P-448597313370c1df,10,4847586.0,123.788,93.51,0.0,0.0,0.0,7519.0,,,,,,,,,,
yFTfaACXnD61KtLY,16,Sszorak,3420,WIPE,132.377,Monfro,P-930377bb7fd85d97,20,4847700.0,123.902,93.6,0.0,0.0,0.0,5537.0,,,,,,,,,,
yFTfaACXnD61KtLY,16,Sszorak,3420,WIPE,132.377,Littlejohn,P-fe200ff8c0c12962,11,4850900.0,127.102,96.02,0.0,0.0,0.0,35986.0,,,,,,,,,,
yFTfaACXnD61KtLY,16,Sszorak,3420,WIPE,132.377,Asharia,P-baca25d85259e955,17,4852910.0,129.112,97.53,0.0,0.0,0.0,8544.0,,,,,,,,,,
